concept_id,display_label,source_type,source_table,source_row_id,primary_url,aliases,status,deprecated_at,deprecated_reason
concept_only:pkcs-11-cryptographic-token-interface-base-specification-version-3-0,PKCS #11 Cryptographic Token Interface Base Specification Version 3.0,concept_only,,,,,active,,
guidance:3gpp-pqc,3GPP PQC for 5G/6G,guidance,compliance,3GPP-PQC,https://www.3gpp.org/,,active,,
guidance:3gpp-rel19-pqc-study,3GPP Release 19 SA3: Quantum-Safe Protocol Inventory,guidance,compliance,3gpp-rel19-pqc-study,https://www.3gpp.org/specifications-technologies/releases/release-19,,active,,
guidance:3gpp-rel20-pqc,3GPP Release 20 SA3: PQC Transition Work Item (Normative),guidance,compliance,3gpp-rel20-pqc,https://www.3gpp.org/specifications-technologies/releases/release-20,,active,,
guidance:3gpp-sa3,3GPP Security Working Group,guidance,compliance,3GPP-SA3,https://www.3gpp.org/specifications-groups/sa-plenary/sa3-security,,active,,
guidance:acpr,ACPR (French Banking & Insurance Regulator),guidance,compliance,ACPR,https://acpr.banque-france.fr,,active,,
guidance:acsc-essential-eight,ACSC Essential Eight,guidance,compliance,ACSC-ESSENTIAL-EIGHT,https://www.cyber.gov.au/business-government/asds-cyber-security-frameworks/essential-eight/essential-eight-maturity-model,,active,,
guidance:acvp,NIST ACVP (Algorithm Validation),guidance,compliance,ACVP,https://csrc.nist.gov/projects/cryptographic-algorithm-validation-program,,active,,
guidance:aisep-australian-information-s,AISEP — Australian Information Security Evaluation Program,guidance,compliance,AISEP-AUSTRALIAN-INFORMATION-S,https://www.cyber.gov.au/business-government/protecting-devices-systems/assessment-evaluation-programs/australian-information-security-evaluation-program,,active,,
guidance:amf-fr,AMF (French Securities Regulator),guidance,compliance,AMF-FR,https://www.amf-france.org,,active,,
guidance:anssi,ANSSI,guidance,compliance,ANSSI,https://www.ssi.gouv.fr,,active,,
guidance:anssi-body,ANSSI,guidance,compliance,ANSSI-BODY,https://cyber.gouv.fr/en/technological-and-cybersecurity-challenges/post-quantum-cryptography/,,active,,
guidance:anssi-cert,ANSSI Security Certification,guidance,compliance,ANSSI-CERT,https://cyber.gouv.fr/offre-de-service/solutions-certifiees-et-qualifiees/,,active,,
guidance:anssi-common-criteria-certific,ANSSI Common Criteria Certification,guidance,compliance,ANSSI-COMMON-CRITERIA-CERTIFIC,https://cyber.gouv.fr/offre-de-service/solutions-certifiees-et-qualifiees/comprendre-levaluation-de-securite/certification-de-produits/comprendre-la-certification/,,active,,
guidance:apra-cps-234,APRA CPS 234,guidance,compliance,APRA-CPS-234,https://www.apra.gov.au/information-security,,active,,
guidance:argentina-onti,Argentina ONTI Cyber Baseline (Secretaría de Innovación Pública),guidance,compliance,ARGENTINA-ONTI,https://www.argentina.gob.ar/jefatura/innovacion-publica,,active,,
guidance:asc-x9,ASC X9 Financial PKI & PQC Standards,guidance,compliance,ASC-X9,https://x9.org/pki-home/,,active,,
guidance:asd-ism,ASD ISM,guidance,compliance,ASD-ISM,https://www.cyber.gov.au/business-government/asds-cyber-security-frameworks/ism,,active,,
guidance:at-nis2,Austria NIS2 Transposition + A-SIT Guidance,guidance,compliance,AT-NIS2,https://www.a-sit.at,,active,,
guidance:au-malabo,African Union Malabo Convention,guidance,compliance,AU-MALABO,https://au.int/en/treaties/african-union-convention-cyber-security-and-personal-data-protection,,active,,
guidance:au-privacy-act,Australian Privacy Act (APPs),guidance,compliance,AU-PRIVACY-ACT,https://www.oaic.gov.au/privacy/australian-privacy-principles,AU-PRIVACY-ACT,active,,
guidance:austrac-aml-ctf,AUSTRAC AML/CTF Act,guidance,compliance,AUSTRAC-AML-CTF,https://www.austrac.gov.au/amlctf-reform,AUSTRAC-AML-CTF,active,,
guidance:bahrain-ncsc-pqc,Bahrain Quantum-Safe Deployment,guidance,compliance,BAHRAIN-NCSC-PQC,https://www.ncsc.gov.bh/en/index.html,,active,,
guidance:be-nis2,Belgium NIS2 Transposition + CCB Cybersecurity Strategy,guidance,compliance,BE-NIS2,https://ccb.belgium.be,,active,,
guidance:bis-158-pqc,BIS Paper 158 Quantum Roadmap,guidance,compliance,BIS-158-PQC,https://www.bis.org/publ/bppdf/bispap158.htm,,active,,
guidance:bnm-rmit-risk-management-in-te,BNM RMiT — Risk Management in Technology (Malaysia),guidance,compliance,BNM-RMIT-RISK-MANAGEMENT-IN-TE,https://www.bnm.gov.my/documents/20124/938039/pd-rmit-nov25.pdf,,active,,
guidance:boi-pqc,BOI Quantum Risk Directive,guidance,compliance,BOI-PQC,https://boi.org.il/media/sm4f1ssu/202501en.pdf,,active,,
guidance:brazil-anpd-pqc,Brazil LGPD/ANPD PQC Guidance,guidance,compliance,BRAZIL-ANPD-PQC,https://www.gov.br/anpd/pt-br,,active,,
guidance:brazil-bacen-4893,BACEN Resolution 4.893 (Brazil FS Cyber),guidance,compliance,BRAZIL-BACEN-4893,https://www.bcb.gov.br/estabilidadefinanceira/seguranca_cibernetica,,active,,
guidance:bsi,BSI,guidance,compliance,BSI,https://www.bsi.bund.de/EN/Themen/Unternehmen-und-Organisationen/Standards-und-Zertifizierung/Technische-Richtlinien/TR-nach-Thema-sortiert/tr02102/tr02102_node.html,,active,,
guidance:bsi-cc-certification,BSI Common Criteria Certification,guidance,compliance,bsi-cc-certification,https://www.bsi.bund.de/EN/Themen/Unternehmen-und-Organisationen/Standards-und-Zertifizierung/Zertifizierung-und-Anerkennung/Zertifizierung-von-Produkten/Zertifizierung-nach-CC/zertifizierung-nach-cc_node.html,,active,,
guidance:bsi-common-criteria-certificat,BSI Common Criteria Certification Scheme,guidance,compliance,BSI-COMMON-CRITERIA-CERTIFICAT,https://www.bsi.bund.de/EN/Themen/Unternehmen-und-Organisationen/Standards-und-Zertifizierung/Zertifizierung-und-Anerkennung/Zertifizierung-von-Produkten/Zertifizierung-nach-CC/zertifizierung-nach-cc_node.html,,active,,
guidance:bsi-pqc-advisory,BSI Post-Quantum Standardization Advisory,guidance,compliance,BSI-PQC-ADVISORY,https://www.bsi.bund.de/EN/Themen/Unternehmen-und-Organisationen/Informationen-und-Empfehlungen/Quantentechnologien-und-Post-Quanten-Kryptografie/quantentechnologien-und-post-quanten-kryptografie_node.html,BSI-PQC-ADVISORY,active,,
guidance:bsi-tr-02102,BSI TR-02102,guidance,compliance,BSI-TR-02102,https://www.bsi.bund.de/EN/Themen/Unternehmen-und-Organisationen/Standards-und-Zertifizierung/Technische-Richtlinien/TR-nach-Thema-sortiert/tr02102/tr02102_node.html,BSI-TR-02102,active,,
guidance:cab-forum-smc013,CA/Browser Forum Ballot SMC013,guidance,compliance,CAB-FORUM-SMC013,https://cabforum.org/,,active,,
guidance:canadian-common-criteria-schem,Canadian Common Criteria Scheme,guidance,compliance,CANADIAN-COMMON-CRITERIA-SCHEM,https://www.cyber.gc.ca/en/tools-services/common-criteria,,active,,
guidance:cccs-itsm,CCCS ITSM.40.001,guidance,compliance,CCCS-ITSM,https://www.cyber.gc.ca/en/guidance/preparing-your-organization-quantum-threat-cryptography-itsap00017,CCCS-ITSM,active,,
guidance:cccs-itsp-40-111-cryptographic,CCCS ITSP.40.111 — Cryptographic Algorithms for UNCLASSIFIED/PROTECTED A/B (Canada),guidance,compliance,CCCS-ITSP-40-111-CRYPTOGRAPHIC,https://www.cyber.gc.ca/en/guidance/cryptographic-algorithms-unclassified-protected-protected-b-information-itsp40111,,active,,
guidance:cert-in-directions-70b-2022,CERT-In Directions on Cyber Incident Reporting and Security Practices,guidance,compliance,cert-in-directions-70b-2022,https://www.cert-in.org.in/PDF/CERT-In_Directions_70B_28.04.2022.pdf,,active,,
guidance:cfdir-qr-2023,Canada CFDIR Quantum-Readiness Best Practices,guidance,compliance,CFDIR-QR-2023,https://ised-isde.canada.ca,,active,,
guidance:chile-anci,Chile ANCI Cybersecurity Standards (Ley 21.663),guidance,compliance,CHILE-ANCI,https://www.anci.gob.cl/,,active,,
guidance:cisa-pqc-initiative,CISA Post-Quantum Cryptography Initiative,guidance,compliance,cisa-pqc-initiative,https://www.cisa.gov/quantum,,active,,
guidance:cisa-pqc-procurement,CISA PQC Federal Buying Guidance,guidance,compliance,CISA-PQC-PROCUREMENT,https://www.cisa.gov/quantum,,active,,
guidance:cjis-security-policy-fbi,CJIS Security Policy (FBI),guidance,compliance,CJIS-SECURITY-POLICY-FBI,https://le.fbi.gov/file-repository/cjis_security_policy_v6-1_20260625.pdf,,active,,
guidance:cmmc,CMMC,guidance,compliance,CMMC,https://dodcio.defense.gov/CMMC/,,active,,
guidance:cnsa-2,CNSA 2.0,guidance,compliance,CNSA-2,https://www.nsa.gov/Cybersecurity/CNSA-2-0/,,active,,
guidance:co-ley1581,Colombia Habeas Data Law 1581/2012,guidance,compliance,CO-LEY1581,https://www.sic.gov.co,,active,,
guidance:common-criteria,Common Criteria,guidance,compliance,COMMON-CRITERIA,https://www.commoncriteriaportal.org,,active,,
guidance:common-criteria-v3-1r5-part1,Common Criteria for Information Technology Security Evaluation (CC v3.1),guidance,compliance,common-criteria-v3.1r5-part1,https://www.commoncriteriaportal.org/files/ccfiles/CCPART1V3.1R5.pdf,,active,,
guidance:coppa,COPPA,guidance,compliance,COPPA,https://www.ftc.gov/legal-library/browse/rules/childrens-online-privacy-protection-rule-coppa,,active,,
guidance:cri-profile-cyber-risk-institu,CRI Profile (Cyber Risk Institute),guidance,compliance,CRI-PROFILE-CYBER-RISK-INSTITU,https://cyberriskinstitute.org/the-profile/,,active,,
guidance:cryptrec,CRYPTREC,guidance,compliance,CRYPTREC,https://www.cryptrec.go.jp/en/,,active,,
guidance:cryptrec-body,CRYPTREC,guidance,compliance,CRYPTREC-BODY,https://www.cryptrec.go.jp/en/,CRYPTREC-BODY,active,,
guidance:csa-qsc,Cloud Security Alliance,guidance,compliance,CSA-QSC,https://cloudsecurityalliance.org/,,active,,
guidance:csec-swedish-certification-bod,CSEC — Swedish Certification Body for IT Security,guidance,compliance,CSEC-SWEDISH-CERTIFICATION-BOD,https://www.fmv.se/english/supplier-information/csec/,,active,,
guidance:cyber-resilience-act-2024-2847,Cyber Resilience Act (CRA),guidance,compliance,cyber-resilience-act-2024-2847,https://eur-lex.europa.eu/legal-content/EN/TXT/PDF/?uri=CELEX:32024R2847,,active,,
guidance:cybersakerhetslag-sweden-cyber,"Cybersakerhetslag (Sweden Cybersecurity Act, SFS 2025:1506)",guidance,compliance,CYBERSAKERHETSLAG-SWEDEN-CYBER,https://www.riksdagen.se/sv/dokument-och-lagar/dokument/svensk-forfattningssamling/cybersakerhetslag-20251506_sfs-2025-1506/,,active,,
guidance:cz-nukib-min-crypto-reqs,NÚKIB Minimum Requirements for Cryptographic Algorithms,guidance,compliance,CZ-NUKIB-MIN-CRYPTO-REQS,https://nukib.gov.cz/download/publications_en/Minimum%20Requirements%20for%20Cryptographic%20Algorithms.pdf,,active,,
guidance:denmark-cfcs-pqc,Denmark CFCS PQC Guidance,guidance,compliance,DENMARK-CFCS-PQC,https://cfcs.dk/,,active,,
guidance:dfs-nycrr-500,NY DFS 23 NYCRR 500,guidance,compliance,DFS-NYCRR-500,https://www.dfs.ny.gov/industry_guidance/cybersecurity,,active,,
guidance:disa-stig,DISA STIGs,guidance,compliance,DISA-STIG,https://public.cyber.mil/stigs/,,active,,
guidance:do-326a,DO-326A / ED-202A,guidance,compliance,DO-326A,https://www.rtca.org/products/do-326a-electronic/,,active,,
guidance:dora,DORA (EU Digital Operational Resilience),guidance,compliance,DORA,https://www.eiopa.europa.eu/digital-operational-resilience-act-dora_en,,active,,
guidance:dspf-pqc,DSPF (Defence),guidance,compliance,DSPF-PQC,https://www.defence.gov.au/business-industry/industry-governance/defence-security-principles-framework,,active,,
guidance:e-its-estonian-information-sec,E-ITS (Estonian Information Security Standard),guidance,compliance,E-ITS-ESTONIAN-INFORMATION-SEC,https://www.ria.ee/en/cyber-security/management-state-information-security-measures,,active,,
guidance:ee-csa,Estonia Cybersecurity Act + RIA PQC Guidance,guidance,compliance,EE-CSA,https://www.ria.ee,,active,,
guidance:eg-pdpl,Egypt Personal Data Protection Law,guidance,compliance,EG-PDPL,https://mcit.gov.eg,,active,,
guidance:eidas,eIDAS 2.0,guidance,compliance,EIDAS,https://digital-strategy.ec.europa.eu/en/policies/eidas-regulation,,active,,
guidance:enisa,ENISA,guidance,compliance,ENISA,https://www.enisa.europa.eu/,,active,,
guidance:eo-14412,EO 14412,guidance,compliance,EO-14412,https://www.whitehouse.gov/presidential-actions/2026/06/securing-the-nation-against-advanced-cryptographic-attacks/,,active,,
guidance:etsi,ETSI,guidance,compliance,ETSI,https://www.etsi.org/technologies/quantum-safe-cryptography,,active,,
guidance:etsi-en-303645,ETSI EN 303 645 (IoT Security),guidance,compliance,ETSI-EN-303645,https://www.etsi.org/deliver/etsi_en/303600_303699/303645/,,active,,
guidance:etsi-qkd-series,ETSI GS QKD Series,guidance,compliance,ETSI-QKD-SERIES,https://www.etsi.org/committee/1430-qkd,,active,,
guidance:etsi-tr-103949-qsc-migration,ETSI TR 103 949 QSC Migration Study,guidance,compliance,etsi-tr-103949-qsc-migration,https://www.etsi.org/deliver/etsi_tr/103900_103999/103949/01.01.01_60/tr_103949v010101p.pdf,,active,,
guidance:etsi-ts-104-015-qsc-hybrid-key-exchange,ETSI TS 104 015: Quantum-Safe Hybrid Key Exchanges,guidance,compliance,etsi-ts-104-015-qsc-hybrid-key-exchange,https://www.etsi.org/deliver/etsi_ts/104000_104099/104015/01.01.01_60/ts_104015v010101p.pdf,,active,,
guidance:etsi-ts103744,ETSI TS 103 744,guidance,compliance,ETSI-TS103744,https://www.etsi.org/committee/cyber,,active,,
guidance:eu-2022-2554-cyber-resilience-act,EU Cyber Resilience Act,guidance,compliance,eu-2022-2554-cyber-resilience-act,https://eur-lex.europa.eu/legal-content/EN/TXT/PDF/?uri=CELEX:32022R2554,,active,,
guidance:eu-cra,EU Cyber Resilience Act,guidance,compliance,EU-CRA,https://digital-strategy.ec.europa.eu/en/policies/cyber-resilience-act,,active,,
guidance:eu-cyber-resilience-act-2022,EU Cyber Resilience Act,guidance,compliance,eu-cyber-resilience-act-2022,https://eur-lex.europa.eu/legal-content/EN/TXT/PDF/?uri=CELEX:32022L2555,,active,,
guidance:eu-rec-2024-1101,EU Recommendation 2024/1101,guidance,compliance,EU-REC-2024-1101,https://eur-lex.europa.eu/legal-content/EN/TXT/?uri=CELEX%3A32024H1101,,active,,
guidance:eucc,EUCC,guidance,compliance,EUCC,https://certification.enisa.europa.eu,,active,,
guidance:eucc-v2,EUCC v2.0,guidance,compliance,EUCC-V2,https://certification.enisa.europa.eu/certification-library/eucc-certification-scheme_en,EUCC-V2,active,,
guidance:eur-lex-42021x0387-pqc,EU PQC Compliance Record (Invalid Source),guidance,compliance,eur-lex-42021x0387-pqc,https://eur-lex.europa.eu/legal-content/EN/TXT/PDF/?uri=CELEX:42021X0387,,active,,
guidance:europol-qsff,Europol Quantum Safe Financial Forum,guidance,compliance,EUROPOL-QSFF,https://www.europol.europa.eu/publications-events/publications/prioritising-post-quantum-cryptography-migration-activities-in-financial-services,,active,,
guidance:faa-ac-119-1-ansp,FAA AC 119-1: Aircraft Network Security Program,guidance,compliance,faa-ac-119-1-ansp,https://www.faa.gov/documentLibrary/media/Advisory_Circular/AC_119-1.pdf,,active,,
guidance:fca-operational-resilience-uk,FCA Operational Resilience Requirements,guidance,compliance,fca-operational-resilience-uk,https://www.fca.org.uk/firms/operational-resilience,,active,,
guidance:fda-21cfr11,FDA 21 CFR Part 11,guidance,compliance,FDA-21CFR11,https://www.fda.gov/regulatory-information/search-fda-guidance-documents/part-11-electronic-records-electronic-signatures-scope-and-application,,active,,
guidance:fda-pqc-compliance-framework,FDA Post-Quantum Cryptography Compliance,guidance,compliance,fda-pqc-compliance-framework,https://www.fda.gov/media/119933/download,,active,,
guidance:fedramp,FedRAMP,guidance,compliance,FEDRAMP,https://www.fedramp.gov,,active,,
guidance:ferpa,FERPA,guidance,compliance,FERPA,https://studentprivacy.ed.gov/ferpa,,active,,
guidance:ffiec-it-examination-handbook,FFIEC IT Examination Handbook — Information Security,guidance,compliance,FFIEC-IT-EXAMINATION-HANDBOOK-,https://ithandbook.ffiec.gov/it-booklets/information-security,,active,,
guidance:fips-140-3,FIPS 140-3,guidance,compliance,FIPS-140-3,https://csrc.nist.gov/projects/cryptographic-module-validation-program,,active,,
guidance:fips-203,FIPS 203 (ML-KEM),guidance,compliance,FIPS-203,https://csrc.nist.gov/pubs/fips/203/final,FIPS-203,active,,
guidance:fips-204,FIPS 204 (ML-DSA),guidance,compliance,FIPS-204,https://csrc.nist.gov/pubs/fips/204/final,FIPS-204,active,,
guidance:fips-205,FIPS 205 (SLH-DSA),guidance,compliance,FIPS-205,https://csrc.nist.gov/pubs/fips/205/final,FIPS-205,active,,
guidance:fisma,FISMA,guidance,compliance,FISMA,https://www.cisa.gov/topics/cyber-threats-and-advisories/federal-information-security-modernization-act,,active,,
guidance:fsisac-pqc,FS-ISAC PQC Migration Guidance,guidance,compliance,FSISAC-PQC,https://www.fsisac.com/,,active,,
guidance:g7-ceg-pqc,G7 Financial Sector PQC Roadmap,guidance,compliance,G7-CEG-PQC,https://home.treasury.gov/system/files/136/G7-CYBER-EXPERT-GROUP-STATEMENT-PLANNING-OPPORTUNITIES-RISKS-QUANTUM-COMPUTING.pdf,,active,,
guidance:gdpr,GDPR,guidance,compliance,GDPR,https://eur-lex.europa.eu/eli/reg/2016/679/oj,,active,,
guidance:gsma-ng116,GSMA NG.116 / FS.40,guidance,compliance,GSMA-NG116,https://www.gsma.com/solutions-and-impact/technologies/security/post-quantum-cryptography-documents/,,active,,
guidance:gsma-pq-01,GSMA PQ.01: Post-Quantum Telco Network Impact Assessment,guidance,compliance,gsma-pq-01,https://www.gsma.com/solutions-and-impact/technologies/security/gsma_resources/post-quantum-telco-network-impact-assessment-whitepaper-pq-01/,,active,,
guidance:gsma-pq-02,GSMA PQ.02: Guidelines for Quantum Risk Management for Telco,guidance,compliance,gsma-pq-02,https://www.gsma.com/solutions-and-impact/technologies/security/gsma_resources/guidelines-for-quantum-risk-management-for-telco-pq-02/,,active,,
guidance:gsma-pq-03,GSMA PQ.03 v2.0: Post Quantum Cryptography Guidelines for Telecom Use Cases,guidance,compliance,gsma-pq-03,https://www.gsma.com/newsroom/gsma_resources/pq-03-post-quantum-cryptography-guidelines-for-telecom-use-cases/,,active,,
guidance:hipaa,HIPAA,guidance,compliance,HIPAA,https://www.hhs.gov/hipaa,,active,,
guidance:hitech,HITECH Act,guidance,compliance,HITECH,https://www.hhs.gov/hipaa/for-professionals/special-topics/hitech-act-enforcement-interim-final-rule/index.html,,active,,
guidance:hkma-pqc,HKMA Fintech 2030 Quantum Preparedness,guidance,compliance,HKMA-PQC,https://www.hkma.gov.hk/,,active,,
guidance:ic3s-indian-common-criteria-ce,IC3S — Indian Common Criteria Certification Scheme,guidance,compliance,IC3S-INDIAN-COMMON-CRITERIA-CE,https://commoncriteria-india.gov.in/indian-common-criteria-certification-scheme-ic3s-overview,,active,,
guidance:ico-uk-enc,UK ICO Encryption Guidance (UK GDPR Art. 32),guidance,compliance,ICO-UK-ENC,https://ico.org.uk/for-organisations/uk-gdpr-guidance-and-resources/security/encryption/,,active,,
guidance:id-pdp,Indonesia Personal Data Protection Law (UU PDP),guidance,compliance,ID-PDP,https://www.bssn.go.id,,active,,
guidance:ie-ncsc,Ireland NCSC PQC Guidance + NIS2 Transposition,guidance,compliance,IE-NCSC,https://www.ncsc.gov.ie,,active,,
guidance:iec-62443,IEC 62443,guidance,compliance,IEC-62443,https://www.iec.ch/iecnorex/,,active,,
guidance:ieee-1609-pqc,IEEE 1609.2 PQC Amendment (V2X),guidance,compliance,IEEE-1609-PQC,https://standards.ieee.org/,,active,,
guidance:ietf,IETF,guidance,compliance,IETF,https://datatracker.ietf.org/wg/pquip/about/,,active,,
guidance:ietf-tls-mlkem,IETF Hybrid ML-KEM for TLS 1.3,guidance,compliance,IETF-TLS-MLKEM,https://datatracker.ietf.org/doc/draft-ietf-tls-ecdhe-mlkem/,IETF-TLS-MLKEM,active,,
guidance:il-boi-directive-364-quantum,Bank of Israel — Banking System Preparedness for Quantum Computing Cyber Risks,guidance,compliance,IL-BOI-DIRECTIVE-364-QUANTUM,https://www.boi.org.il/media/sm4f1ssu/202501en.pdf,,active,,
guidance:incd-pqc,INCD PQC Guidance,guidance,compliance,INCD-PQC,https://www.gov.il/BlobFolder/generalpage/quantum_computing/he/Best%20Practices%20-%20Organizational%20Cyber%20Readiness%20to%20the%20Post-Quantum%20Age%20v.1.85.pdf,,active,,
guidance:india-certin-cbom,India CERT-In CBOM/QBOM Guidelines,guidance,compliance,INDIA-CERTIN-CBOM,https://www.cert-in.org.in/,,active,,
guidance:india-dpdp-act-2023,India DPDP Act 2023,guidance,compliance,INDIA-DPDP-ACT-2023,https://www.meity.gov.in/static/uploads/2024/06/2bf1f0e9f04e6fb4f8fef35e82c42aa5.pdf,,active,,
guidance:india-dst-pqc,India DST/NQM PQC Roadmap,guidance,compliance,INDIA-DST-PQC,https://dst.gov.in/,,active,,
guidance:iso-19790,ISO/IEC 19790:2024,guidance,compliance,ISO-19790,https://www.iso.org/standard/82423.html,library:ISO-IEC-19790,active,,
guidance:iso-27001,ISO 27001,guidance,compliance,ISO-27001,https://www.iso.org/standard/27001,,active,,
guidance:iso-iec,ISO/IEC JTC 1/SC 27,guidance,compliance,ISO-IEC,https://www.iso.org/committee/45306.html,,active,,
guidance:iso-sae-21434,ISO/SAE 21434,guidance,compliance,ISO-SAE-21434,https://www.iso.org/standard/70918.html,,active,,
guidance:italy-acn-pqc,Italy ACN PQC Guidance,guidance,compliance,ITALY-ACN-PQC,https://www.acn.gov.it/,,active,,
guidance:itscc-it-security-certificatio,ITSCC — IT Security Certification Center Korea,guidance,compliance,ITSCC-IT-SECURITY-CERTIFICATIO,https://www.itscc.kr/main.do,,active,,
guidance:itu-t-sg17,ITU-T SG17,guidance,compliance,ITU-T-SG17,https://www.itu.int/en/ITU-T/studygroups/2022-2024/17/Pages/default.aspx,,active,,
guidance:jcmvp,JCMVP,guidance,compliance,JCMVP,https://www.ipa.go.jp/en/security/jcmvp/index.html,,active,,
guidance:jisec-japan-it-security-evalua,JISEC — Japan IT Security Evaluation and Certification Scheme,guidance,compliance,JISEC-JAPAN-IT-SECURITY-EVALUA,https://www.ipa.go.jp/en/security/jisec/index.html,,active,,
guidance:jisec-japan-it-security-evaluation,JISEC,guidance,compliance,jisec-japan-it-security-evaluation,https://www.ipa.go.jp/security/jisec/jisec_e/index.html,,active,,
guidance:jordan-cbj-pqc,Jordan Financial Sector PQC Roadmap,guidance,compliance,JORDAN-CBJ-PQC,https://www.cbj.gov.jo/,,active,,
guidance:kcmvp,KCMVP,guidance,compliance,KCMVP,https://www.nis.go.kr,,active,,
guidance:ke-dpa,Kenya Data Protection Act 2019,guidance,compliance,KE-DPA,https://www.odpc.go.ke,,active,,
guidance:kisa-body,KISA / NIS,guidance,compliance,KISA-BODY,https://www.kisa.or.kr/EN,,active,,
guidance:kpqc-std,KpqC Standardization,guidance,compliance,KPQC-STD,https://kpqc.or.kr,,active,,
guidance:malaysia-nacsa-pqc,Malaysia National PQC Migration,guidance,compliance,MALAYSIA-NACSA-PQC,https://www.nacsa.gov.my/,,active,,
guidance:mas-circular,MAS Circular,guidance,compliance,MAS-CIRCULAR,https://www.mas.gov.sg/regulation/circulars/advisory-on-addressing-the-cybersecurity-risks-associated-with-quantum,,active,,
guidance:mas-technology-risk-management-guidelines,MAS Guidelines on Risk Management Practices – Technology Risk,guidance,compliance,mas-technology-risk-management-guidelines,https://www.mas.gov.sg/regulation/guidelines/technology-risk-management-guidelines,,active,,
guidance:mexico-cnbv-cub,CNBV Circular Única de Bancos (Mexico),guidance,compliance,MEXICO-CNBV-CUB,https://www.cnbv.gob.mx/,,active,,
guidance:mica,MiCA,guidance,compliance,MICA,https://www.esma.europa.eu/esmas-activities/digital-finance-and-innovation/markets-crypto-assets-regulation-mica,,active,,
guidance:mica-eu-markets-in-crypto-asse,MiCA (EU Markets in Crypto-Assets Regulation),guidance,compliance,MICA-EU-MARKETS-IN-CRYPTO-ASSE,https://eur-lex.europa.eu/eli/reg/2023/1114/oj/eng,,active,,
guidance:msb-se-cyb,MSB Sweden Cyber Resilience Metodstöd,guidance,compliance,MSB-SE-CYB,https://www.ncsc.se/sv/aktuellt/kvantsaker-kryptografi/,,active,,
guidance:mycc-malaysian-common-criteria,MyCC — Malaysian Common Criteria Evaluation and Certification Scheme,guidance,compliance,MYCC-MALAYSIAN-COMMON-CRITERIA,https://www.cybersecurity.my/portal-main/services/malaysian-common-criteria-scheme-overview,,active,,
guidance:nask-common-criteria-certifica,NASK Common Criteria Certification Poland,guidance,compliance,NASK-COMMON-CRITERIA-CERTIFICA,https://certyfikacja.nask.pl/en/en-common-criteria/,,active,,
guidance:national-security-memorandum-2,National Security Memorandum 22 (NSM-22),guidance,compliance,NATIONAL-SECURITY-MEMORANDUM-2,https://bidenwhitehouse.archives.gov/briefing-room/presidential-actions/2024/04/30/national-security-memorandum-on-critical-infrastructure-security-and-resilience/,,active,,
guidance:nato-4774,NATO STANAG 4774,guidance,compliance,NATO-4774,https://www.nato.int/cps/en/natohq/topics_78170.htm,,active,,
guidance:nca-sa-404-error,NCA 404 Error Page,guidance,compliance,nca-sa-404-error,https://nca.gov.sa/en/regulations,,active,,
guidance:ncsa-qatar-common-criteria-sch,NCSA Qatar Common Criteria Scheme,guidance,compliance,NCSA-QATAR-COMMON-CRITERIA-SCH,https://ncsa.gov.qa/en/pages/qccs,,active,,
guidance:ncsc-ch,Swiss NCSC PQC Guidance,guidance,compliance,NCSC-CH,https://www.ncsc.admin.ch,,active,,
guidance:ncsc-fi-pqc,NCSC-FI / Traficom Finland Cyber Security Centre Bulletins,guidance,compliance,NCSC-FI-PQC,https://www.kyberturvallisuuskeskus.fi/fi/kvanttiturvalliset-algoritmit-ja-niihin-siirtyminen,,active,,
guidance:ncsc-nl,NCSC-NL PQC Guidance,guidance,compliance,NCSC-NL,https://www.ncsc.nl/en,,active,,
guidance:nerc-cip,NERC CIP,guidance,compliance,NERC-CIP,https://www.nerc.com/globalassets/standards/reliability-standards/cip/cip-005-7.pdf,,active,,
guidance:nerc-cip-005-7,NERC CIP-005-7,guidance,compliance,nerc-cip-005-7,https://www.nerc.com/pa/Stand/Reliability%20Standards/CIP-005-7.pdf,,active,,
guidance:ng-ndpr,NDPR / NDPA 2023,guidance,compliance,NG-NDPR,https://ndpc.gov.ng,,active,,
guidance:niap-national-information-assu,NIAP — National Information Assurance Partnership,guidance,compliance,NIAP-NATIONAL-INFORMATION-ASSU,https://www.niap-ccevs.org/protectionprofiles,,active,,
guidance:nis2,NIS2 Directive,guidance,compliance,NIS2,https://www.enisa.europa.eu/topics/cybersecurity-policy/nis2-directive,,active,,
guidance:nist,NIST,guidance,compliance,NIST,https://csrc.nist.gov/projects/post-quantum-cryptography,,active,,
guidance:nist-ir-8547,NIST IR 8547,guidance,compliance,NIST-IR-8547,https://csrc.nist.gov/pubs/ir/8547/ipd,,active,,
guidance:nist-nccoe-pqc,NIST NCCoE SP 1800-38 Migration Guide,guidance,compliance,NIST-NCCOE-PQC,https://www.nccoe.nist.gov/applied-cryptography/migration-to-pqc,NIST-NCCOE-PQC,active,,
guidance:nist-sp800-131a,NIST SP 800-131A Rev 3,guidance,compliance,NIST-SP800-131A,https://csrc.nist.gov/pubs/sp/800/131/a/r3/ipd,,active,,
guidance:nist-sp800-208,NIST SP 800-208,guidance,compliance,NIST-SP800-208,https://csrc.nist.gov/pubs/sp/800/208/final,,active,,
guidance:nsa,NSA,guidance,compliance,NSA,https://www.nsa.gov/Cybersecurity/CNSA-2-0/,,active,,
guidance:nscib-netherlands-scheme-for-c,NSCIB — Netherlands Scheme for Certification in the Area of IT Security,guidance,compliance,NSCIB-NETHERLANDS-SCHEME-FOR-C,https://trustcb.com/common-criteria/nscib/,,active,,
guidance:nsm-10,NSM-10,guidance,compliance,NSM-10,https://bidenwhitehouse.archives.gov/briefing-room/statements-releases/2022/05/04/national-security-memorandum-on-promoting-united-states-leadership-in-quantum-computing-while-mitigating-risks-to-vulnerable-cryptographic-systems/,compliance:NSM-10,active,,
guidance:nsm-no-gp,NSM Grunnprinsipper for IKT-sikkerhet (Norway),guidance,compliance,NSM-NO-GP,https://nsm.no/regelverk-og-hjelp/rad-og-anbefalinger/grunnprinsipper-for-ikt-sikkerhet/,,active,,
guidance:nzism,NZISM,guidance,compliance,NZISM,https://www.gcsb.govt.nz/our-work/ncsc/nzism/,,active,,
guidance:oasis-pkcs11,OASIS PKCS#11 Technical Committee,guidance,compliance,OASIS-PKCS11,https://www.oasis-open.org/committees/pkcs11/,OASIS-PKCS11,active,,
guidance:occ-bulletin-2024-23-pqc,OCC Bulletin 2024-23: Cybersecurity Risk Management Related to Post-Quantum Cryptography,guidance,compliance,occ-bulletin-2024-23-pqc,https://www.occ.gov/news-issuances/bulletins/2024/bulletin-2024-23.html,,active,,
guidance:ocsi-organismo-di-certificazio,OCSI — Organismo di Certificazione della Sicurezza Informatica,guidance,compliance,OCSI-ORGANISMO-DI-CERTIFICAZIO,https://www.ocsi.gov.it/index.php/organismo/lo-schema.html,,active,,
guidance:ojk-pojk-11-2022-it-implementa,OJK POJK 11/2022 — IT Implementation by Commercial Banks (Indonesia),guidance,compliance,OJK-POJK-11-2022-IT-IMPLEMENTA,https://ojk.go.id/id/regulasi/Documents/Pages/Penyelenggaraan-Teknologi-Informasi-Oleh-Bank-Umum/POJK%2011%20-%2003%20-%202022.pdf,,active,,
guidance:omb-m-23-02,OMB M-23-02,guidance,compliance,OMB-M-23-02,https://www.whitehouse.gov/wp-content/uploads/2022/11/M-23-02-M-Memo-on-Migrating-to-Post-Quantum-Cryptography.pdf,,active,,
guidance:omb-m-26-15,OMB M-26-15,guidance,compliance,OMB-M-26-15,https://www.whitehouse.gov/wp-content/uploads/2026/06/M-26-15-Execution-of-the-Migration-to-Post-Quantum-Cryptography.pdf,,active,,
guidance:omb-memorandum-m-19-03,OMB Memorandum M-19-03,guidance,compliance,OMB-MEMORANDUM-M-19-03,https://www.whitehouse.gov/wp-content/uploads/2018/12/M-19-03.pdf,,active,,
guidance:organismo-de-certificacion-oc,Organismo de Certificacion (OC-CCN) Spain,guidance,compliance,ORGANISMO-DE-CERTIFICACION-OC-,https://oc.ccn.cni.es/en/,,active,,
guidance:oscca-body,OSCCA / SCA,guidance,compliance,OSCCA-BODY,https://www.sca.gov.cn,,active,,
guidance:oscca-cryptographic-regulations-cn,China State Cryptography Administration Regulations,guidance,compliance,oscca-cryptographic-regulations-cn,http://www.oscca.gov.cn/,,active,,
guidance:oscca-ngcc,OSCCA NGCC Program,guidance,compliance,OSCCA-NGCC,https://www.sca.gov.cn,,active,,
guidance:osfi-b13-pqc,OSFI Guideline B-13 — Operational Risk and Resilience (Crypto Controls),guidance,compliance,OSFI-B13-PQC,https://www.osfi-bsif.gc.ca/en/risks/technology-cyber-risk-management,,active,,
guidance:pci-dss,PCI DSS,guidance,compliance,PCI-DSS,https://www.pcisecuritystandards.org,,active,,
guidance:pe-ldp,Peru Personal Data Protection Law (Law 29733),guidance,compliance,PE-LDP,https://www.gob.pe/anpd,,active,,
guidance:ph-dpa,Philippines Data Privacy Act (RA 10173),guidance,compliance,PH-DPA,https://www.privacy.gov.ph,,active,,
guidance:pkcs11-v32,PKCS#11 v3.2 (PQC HSM Interface),guidance,compliance,PKCS11-V32,https://docs.oasis-open.org/pkcs11/pkcs11-spec/v3.2/os/pkcs11-spec-v3.2-os.html,,active,,
guidance:pki-consortium,PKI Consortium,guidance,compliance,PKI-CONSORTIUM,https://pkic.org/,,active,,
guidance:pl-ncsc,Poland Cyber Security Act + NASK PQC Program,guidance,compliance,PL-NCSC,https://www.nask.pl,,active,,
guidance:popia-south-africa,Protection of Personal Information Act (POPIA),guidance,compliance,popia-south-africa,https://popia.co.za/,,active,,
guidance:pqc-coalition,PQC Coalition,guidance,compliance,PQC-COALITION,https://pqc-coalition.org,,active,,
guidance:pqca,PQCA,guidance,compliance,PQCA,https://pqca.org,,active,,
guidance:pqcc-roadmap,PQCC Migration Roadmap,guidance,compliance,PQCC-ROADMAP,https://pqcc.org/,,active,,
guidance:pra-ss2-21,PRA Operational Resilience (SS1/21 + cyber),guidance,compliance,PRA-SS2-21,https://www.bankofengland.co.uk/prudential-regulation,,active,,
guidance:psd2-revised-payment-services,PSD2 — Revised Payment Services Directive (EU),guidance,compliance,PSD2-REVISED-PAYMENT-SERVICES-,https://eur-lex.europa.eu/eli/dir/2015/2366/oj/eng,,active,,
guidance:qed-c,QED-C,guidance,compliance,QED-C,https://quantumconsortium.org/publication/a-guide-to-a-quantum-safe-organization/,,active,,
guidance:rbi-cyber-security-framework-2016,RBI Cyber Security Framework in Banks,guidance,compliance,rbi-cyber-security-framework-2016,https://www.rbi.org.in/scripts/NotificationUser.aspx?Id=10435,,active,,
guidance:rtca-do-355a,RTCA DO-355A,guidance,compliance,RTCA-DO-355A,https://www.rtca.org/products/do-355a-electronic/,,active,,
guidance:ru-tc26,Russia GOST Cryptography (TC 26),guidance,compliance,RU-TC26,https://tc26.ru/standarts/,,active,,
guidance:sama-cyber-security-framework,SAMA Cyber Security Framework (Saudi Arabia),guidance,compliance,SAMA-CYBER-SECURITY-FRAMEWORK-,https://rulebook.sama.gov.sa/en/cyber-security-framework-2,,active,,
guidance:saudi-nca-pqc,Saudi NCA Cybersecurity Controls,guidance,compliance,SAUDI-NCA-PQC,https://nca.gov.sa/en/,,active,,
guidance:sbs-resolucion-504-2021-inform,SBS Resolucion 504-2021 — Information Security and Cybersecurity Management (Peru),guidance,compliance,SBS-RESOLUCION-504-2021-INFORM,https://busquedas.elperuano.pe/normaslegales/aprueban-el-reglamento-para-la-gestion-de-la-seguridad-de-la-resolucion-no-504-2021-1929393-1/,,active,,
guidance:sccs-singapore-common-criteria,SCCS — Singapore Common Criteria Scheme,guidance,compliance,SCCS-SINGAPORE-COMMON-CRITERIA,https://www.csa.gov.sg/our-programmes/certification-and-labelling-schemes/singapore-common-criteria-scheme,,active,,
guidance:sertit-norwegian-certification,SERTIT — Norwegian Certification Authority for IT Security,guidance,compliance,SERTIT-NORWEGIAN-CERTIFICATION,https://sertit.no/the-norwegian-certification-scheme/about-the-certification-scheme/,,active,,
guidance:sfc-circular-externa-007-2018,SFC Circular Externa 007/2018 — Cybersecurity (Colombia),guidance,compliance,SFC-CIRCULAR-EXTERNA-007-2018-,https://www.fundacionmicrofinanzasbbva.org/revistaprogreso/wp-content/uploads/2018/05/Col-CE-007-ciberseguridad.pdf,,active,,
guidance:sg-csa-quantum,Singapore CSA Quantum-Safe Handbook,guidance,compliance,SG-CSA-QUANTUM,https://www.csa.gov.sg/,,active,,
guidance:soc-2,SOC 2,guidance,compliance,SOC-2,https://www.aicpa-cima.com/resources/landing/system-and-organization-controls-soc-suite-of-services,,active,,
guidance:spain-ccn-pqc,Spain CCN Four-Phase PQC,guidance,compliance,SPAIN-CCN-PQC,https://www.ccn-cert.cni.es/,,active,,
guidance:swift-csp,SWIFT CSP,guidance,compliance,SWIFT-CSP,https://www.swift.com/myswift/customer-security-programme,,active,,
guidance:taiwan-moda-pqc,Taiwan Five-Year PQC Plan,guidance,compliance,TAIWAN-MODA-PQC,https://moda.gov.tw/en/,,active,,
guidance:tcg-tpm-pqc,TCG TPM 2.0 PQC Spec,guidance,compliance,TCG-TPM-PQC,https://trustedcomputinggroup.org/,,active,,
guidance:th-pdpa,Thailand Personal Data Protection Act (PDPA 2019),guidance,compliance,TH-PDPA,https://www.pdpc.or.th,,active,,
guidance:tisax,TISAX,guidance,compliance,TISAX,https://portal.enx.com/en-US/TISAX/,,active,,
guidance:tr-kvkk,"Turkey Personal Data Protection Law (KVKK, Law 6698)",guidance,compliance,TR-KVKK,https://www.kvkk.gov.tr,,active,,
guidance:tsa-pipeline,TSA Pipeline Security Directive,guidance,compliance,TSA-PIPELINE,https://www.tsa.gov/sd-and-ea,,active,,
guidance:tse-common-criteria-certificat,TSE Common Criteria Certification Scheme,guidance,compliance,TSE-COMMON-CRITERIA-CERTIFICAT,https://www.tse.org.tr/,,active,,
guidance:uae-csc-pqc,UAE National Encryption Policy,guidance,compliance,UAE-CSC-PQC,https://csc.gov.ae/en/,,active,,
guidance:uk-cmorg-pqc,UK CMORG Financial PQC Guidance,guidance,compliance,UK-CMORG-PQC,https://www.cmorg.org.uk/,,active,,
guidance:uk-dsit-cni-pqc,UK DSIT CNI PQC Transition Perspectives,guidance,compliance,UK-DSIT-CNI-PQC,https://www.gov.uk/government/organisations/department-for-science-innovation-and-technology,,active,,
guidance:uk-ncsc,UK NCSC PQC Guidance,guidance,compliance,UK-NCSC,https://www.ncsc.gov.uk/guidance/pqc-migration-timelines,UK-NCSC,active,,
guidance:un-ece-wp29,UN ECE WP.29 R155/R156,guidance,compliance,UN-ECE-WP29,https://unece.org/transport/vehicle-regulations,,active,,
guidance:us-cisa-pqc-product-categories,CISA Product Categories for Technologies That Use Post-Quantum Cryptography Standards,guidance,compliance,US-CISA-PQC-PRODUCT-CATEGORIES,https://www.cisa.gov/resources-tools/resources/product-categories-technologies-use-post-quantum-cryptography-standards,,active,,
guidance:us-qccpa,Quantum Computing Cybersecurity Preparedness Act,guidance,compliance,US-QCCPA,https://www.congress.gov/bill/117th-congress/house-bill/7535/text,,active,,
guidance:uy-lpdp,Uruguay Personal Data Protection Law (Law 18.331),guidance,compliance,UY-LPDP,https://www.gub.uy/unidad-reguladora-control-datos-personales,,active,,
guidance:vn-cyber,Vietnam Cybersecurity Law + Decree 13/2023,guidance,compliance,VN-CYBER,https://mic.gov.vn,,active,,
guidance:za-popia,POPIA,guidance,compliance,ZA-POPIA,https://inforegulator.org.za,,active,,
algorithm:classic-mceliece-spec,Classic-McEliece-Spec,algorithm,library,Classic-McEliece-Spec,https://classic.mceliece.org/mceliece-spec-20221023.pdf,,active,,
algorithm:falcon-spec-v12,Falcon-Spec-v12,algorithm,library,Falcon-Spec-v12,https://falcon-sign.info/falcon.pdf,,active,,
algorithm:frodokem-sca-countermeasures-2024,FrodoKEM-SCA-Countermeasures-2024,algorithm,library,FrodoKEM-SCA-Countermeasures-2024,https://doi.org/10.21203/rs.3.rs-7530666/v1,,active,,
algorithm:hawk-round2-spec,HAWK-Round2-Spec,algorithm,library,HAWK-Round2-Spec,https://csrc.nist.gov/csrc/media/Projects/pqc-dig-sig/documents/round-2/spec-files/hawk-spec-round2-web.pdf,,active,,
algorithm:mayo-round2-spec,MAYO-Round2-Spec,algorithm,library,MAYO-Round2-Spec,https://csrc.nist.gov/csrc/media/Projects/pqc-dig-sig/documents/round-2/spec-files/mayo-spec-round2-web.pdf,,active,,
algorithm:ml-dsa-44-ed255192-composite-signatures-in-ssh,ML-DSA-44-Ed255192-Composite-Signatures-in-SSH,algorithm,library,ML-DSA-44-Ed255192-Composite-Signatures-in-SSH,https://datatracker.ietf.org/doc/draft-miller-sshm-mldsa44-ed25519-composite-sigs/,,active,,
algorithm:ml-kem-security-considerations,ML-KEM-Security-Considerations,algorithm,library,ML-KEM-Security-Considerations,https://datatracker.ietf.org/doc/draft-sfluhrer-cfrg-ml-kem-security-considerations/,,active,,
algorithm:slh-dsa-for-jose-and-cose,SLH-DSA-for-JOSE-and-COSE,algorithm,library,SLH-DSA-for-JOSE-and-COSE,https://datatracker.ietf.org/doc/draft-ietf-cose-sphincs-plus/,,active,,
framework:5gsuci-nist-cswp-36a-ipd,5gsuci-NIST.CSWP.36A.ipd,framework,library,5gsuci-NIST.CSWP.36A.ipd,,,active,,
framework:infosec-global-hype-cycles,InfoSec-Global-Hype-Cycles,framework,library,InfoSec-Global-Hype-Cycles,https://www.infosecglobal.com/posts/crypto-agility-hype-infosec-global-featured-in-three-gartner-hype-cycles,,active,,
framework:marchesi-cryptoagility-survey-2025,Marchesi-CryptoAgility-Survey-2025,framework,library,Marchesi-CryptoAgility-Survey-2025,https://doi.org/10.1016/j.infsof.2024.107604,,active,,
framework:nist-csf-2-0,NIST-CSF-2.0,framework,library,NIST-CSF-2.0,https://nvlpubs.nist.gov/nistpubs/CSWP/NIST.CSWP.29.pdf,,active,,
framework:nist-cswp-36a,NIST-CSWP-36A,framework,library,NIST-CSWP-36A,https://nvlpubs.nist.gov/nistpubs/CSWP/NIST.CSWP.36A.pdf,,active,,
framework:nist-cswp-39,NIST CSWP 39,framework,library,NIST CSWP 39,https://nvlpubs.nist.gov/nistpubs/CSWP/NIST.CSWP.39-upd1.pdf,NIST-CSWP-39,active,,
framework:nist-cswp-48,NIST CSWP 48,framework,library,NIST CSWP 48,https://nvlpubs.nist.gov/nistpubs/CSWP/NIST.CSWP.48.ipd.pdf,,active,,
framework:nist-ir-8477,NIST IR 8477,framework,library,NIST IR 8477,https://csrc.nist.gov/pubs/ir/8477/final,,active,,
framework:secboulevard-carielli-cryptoagility-2025,SecBoulevard-Carielli-CryptoAgility-2025,framework,library,SecBoulevard-Carielli-CryptoAgility-2025,https://securityboulevard.com/2025/03/shared-intel-qa-forrester-highlights-why-companies-need-to-strive-for-cryptoagility-today/,,active,,
framework:sectigo-state-crypto-agility-2025,Sectigo-State-Crypto-Agility-2025,framework,library,Sectigo-State-Crypto-Agility-2025,https://www.sectigo.com/blog/2025-state-of-crypto-agility-report-preparing-for-post-quantum,,active,,
guidance:anssi-bsi-qkd-position-paper,ANSSI-BSI-QKD-Position-Paper,guidance,library,ANSSI-BSI-QKD-Position-Paper,,,active,,
guidance:anssi-pg-083-v3-2026,ANSSI-PG-083-v3-2026,guidance,library,ANSSI-PG-083-v3-2026,https://messervices.cyber.gouv.fr/documents-guides/anssi-guide-mecanismes-crypto-3.00.pdf,,active,,
guidance:anssi-pqc-faq-2025,ANSSI-PQC-FAQ-2025,guidance,library,ANSSI-PQC-FAQ-2025,https://cyber.gouv.fr/cryptographie-post-quantique-faq,,active,,
guidance:anssi-pqc-follow-up-paper,ANSSI PQC Follow-up Paper,guidance,library,ANSSI PQC Follow-up Paper,https://cyber.gouv.fr/sites/default/files/document/follow_up_position_paper_on_post_quantum_cryptography.pdf,,active,,
guidance:anssi-pqc-ipsec-transition,ANSSI-PQC-IPsec-Transition,guidance,library,ANSSI-PQC-IPsec-Transition,https://messervices.cyber.gouv.fr/documents-guides/transition_post_quantique_ipsec.pdf,,active,,
guidance:anssi-pqc-position-2022,ANSSI-PQC-Position-2022,guidance,library,ANSSI-PQC-Position-2022,https://cyber.gouv.fr/en/publications/anssi-views-post-quantum-cryptography-transition,,active,,
guidance:anssi-pqc-position-paper,ANSSI PQC Position Paper,guidance,library,ANSSI PQC Position Paper,https://cyber.gouv.fr/sites/default/files/2022/04/anssi-avis-migration-vers-la-cryptographie-post-quantique.pdf,,active,,
guidance:anssi-pqc-ssh-transition-v2,ANSSI-PQC-SSH-Transition-v2,guidance,library,ANSSI-PQC-SSH-Transition-v2,https://messervices.cyber.gouv.fr/documents-guides/transition_post_quantique_ssh_v2.pdf,,active,,
guidance:anssi-pqc-tls13-transition,ANSSI-PQC-TLS13-Transition,guidance,library,ANSSI-PQC-TLS13-Transition,https://messervices.cyber.gouv.fr/documents-guides/transition_post_quantique_tls_1_3.pdf,,active,,
guidance:au-asd-ism-crypto-2024,AU-ASD-ISM-Crypto-2024,guidance,library,AU-ASD-ISM-Crypto-2024,https://www.cyber.gov.au/sites/default/files/2024-12/22.%20ISM%20-%20Guidelines%20for%20Cryptography%20(December%202024).pdf,,active,,
guidance:bsi-anssi-qkd-position-2024,BSI-ANSSI-QKD-Position-2024,guidance,library,BSI-ANSSI-QKD-Position-2024,https://www.bsi.bund.de/SharedDocs/Downloads/EN/BSI/Crypto/Quantum_Positionspapier.pdf?__blob=publicationFile&v=4,,active,,
guidance:bsi-bsz-method,BSI-BSZ-METHOD,guidance,library,BSI-BSZ-METHOD,https://www.bsi.bund.de/SharedDocs/Downloads/EN/BSI/Publications/BSZ/BSZ-Evaluation.pdf?__blob=publicationFile&v=5,,active,,
guidance:bsi-quantum-technologies-and-quantum-safe-cryptography-bsi-t,BSI-Quantum-Technologies-and-Quantum-Safe-Cryptography-BSI-T,guidance,library,BSI-Quantum-Technologies-and-Quantum-Safe-Cryptography-BSI-T,https://www.bsi.bund.de/SharedDocs/Downloads/EN/BSI/Publications/TechGuidelines/TG02102/BSI-TR-02102-1.html?nn=916626,,active,,
guidance:bsi-tr-02102-1,BSI TR-02102-1,guidance,library,BSI TR-02102-1,https://www.bsi.bund.de/SharedDocs/Downloads/EN/BSI/Publications/TechGuidelines/TG02102/BSI-TR-02102-1.pdf,,active,,
guidance:bsi-tr-02102-1-cryptographic-mechanisms-recommendations-and,BSI-TR-02102-1-Cryptographic-Mechanisms-Recommendations-and,guidance,library,BSI-TR-02102-1-Cryptographic-Mechanisms-Recommendations-and,https://www.bsi.bund.de/SharedDocs/Downloads/EN/BSI/Publications/TechGuidelines/TG02102/BSI-TR-02102-1.html,,active,,
guidance:bsi-tr-02102-2,BSI TR-02102-2,guidance,library,BSI TR-02102-2,https://www.bsi.bund.de/SharedDocs/Downloads/EN/BSI/Publications/TechGuidelines/TG02102/BSI-TR-02102-2.pdf,,active,,
guidance:bsi-tr-02102-3,BSI TR-02102-3,guidance,library,BSI TR-02102-3,https://www.bsi.bund.de/SharedDocs/Downloads/EN/BSI/Publications/TechGuidelines/TG02102/BSI-TR-02102-3.pdf,,active,,
guidance:bsi-tr-02102-4,BSI TR-02102-4,guidance,library,BSI TR-02102-4,https://www.bsi.bund.de/SharedDocs/Downloads/EN/BSI/Publications/TechGuidelines/TG02102/BSI-TR-02102-4.pdf,,active,,
guidance:ca-tbs-spin-pqc-2025,CA-TBS-SPIN-PQC-2025,guidance,library,CA-TBS-SPIN-PQC-2025,https://www.canada.ca/en/government/system/digital-government/policies-standards/spin/migrating-government-canada-post-quantum-cryptography.html,,active,,
guidance:catalogue-produits-services-profils-de-protection-sites-certifies-qualifies-agrees-anssi,catalogue-produits-services-profils-de-protection-sites-certifies-qualifies-agrees-anssi,guidance,library,catalogue-produits-services-profils-de-protection-sites-certifies-qualifies-agrees-anssi,,,active,,
guidance:circl-cloudflare,CIRCL-Cloudflare,guidance,library,CIRCL-Cloudflare,https://github.com/cloudflare/circl,,active,,
guidance:cisa-bad-practices-pqc-2025,CISA-Bad-Practices-PQC-2025,guidance,library,CISA-Bad-Practices-PQC-2025,https://www.cisa.gov/resources-tools/resources/product-security-bad-practices,,active,,
guidance:cisa-pqc-category-list-2025,CISA-PQC-CATEGORY-LIST-2025,guidance,library,CISA-PQC-CATEGORY-LIST-2025,https://www.cisa.gov/resources-tools/resources/product-categories-technologies-use-post-quantum-cryptography-standards,,active,,
guidance:cisa-pqc-category-list-2026,CISA-PQC-CATEGORY-LIST-2026,guidance,library,CISA-PQC-CATEGORY-LIST-2026,https://www.cisa.gov/resources-tools/resources/product-categories-technologies-use-post-quantum-cryptography-standards,,active,,
guidance:cisa-quantum-readiness-roadmap,CISA-Quantum-Readiness-Roadmap,guidance,library,CISA-Quantum-Readiness-Roadmap,https://www.cisa.gov/sites/default/files/2023-08/Quantum%20Readiness_Final_CLEAR_508c%20(3).pdf,,active,,
guidance:cnssp-11,CNSSP 11,guidance,library,CNSSP 11,https://www.cnss.gov/CNSS/issuances/Policies.htm,,active,,
guidance:cnssp-15,CNSSP 15,guidance,library,CNSSP 15,https://www.cnss.gov/CNSS/issuances/Policies.cfm,,active,,
guidance:dora-reg-2022-2554,DORA-REG-2022-2554,guidance,library,DORA-REG-2022-2554,https://eur-lex.europa.eu/legal-content/EN/TXT/PDF/?uri=CELEX:32022R2554,,active,,
guidance:eidas-2-regulation,eIDAS-2-Regulation,guidance,library,eIDAS-2-Regulation,https://eur-lex.europa.eu/legal-content/EN/TXT/?uri=CELEX%3A32024R1183,,active,,
guidance:eidas-reg-910-2014,EIDAS-REG-910-2014,guidance,library,EIDAS-REG-910-2014,https://eur-lex.europa.eu/legal-content/EN/TXT/PDF/?uri=CELEX:32014R0910,,active,,
guidance:enisa-crypto-market-analysis-2024,ENISA-Crypto-Market-Analysis-2024,guidance,library,ENISA-Crypto-Market-Analysis-2024,https://www.enisa.europa.eu/publications/cryptographic-products-and-services-market-analysis,,active,,
guidance:enisa-eudi-wallet-security,ENISA-EUDI-Wallet-Security,guidance,library,ENISA-EUDI-Wallet-Security,https://www.enisa.europa.eu/publications/post-quantum-cryptography-integration-study,,active,,
guidance:enisa-hybridization-standardisation-status,ENISA-Hybridization-Standardisation-Status,guidance,library,ENISA-Hybridization-Standardisation-Status,https://certification.enisa.europa.eu/document/download/02f54596-6a99-4c9e-88c4-8c711ebff9c1_en?filename=ENISA%20report%20-%20Hybridization%20of%20traditional%20cryptographic%20mechanisms%20with%20PQC%20-%20Standardisation%20Status%20-%2030%20April%202026%20.pdf,,active,,
guidance:enisa-pqc-guidelines,ENISA PQC Guidelines,guidance,library,ENISA PQC Guidelines,https://www.enisa.europa.eu/publications/post-quantum-cryptography-current-state-and-quantum-mitigation,,active,,
guidance:enisa-pqc-integration-study-2022,ENISA-PQC-Integration-Study-2022,guidance,library,ENISA-PQC-Integration-Study-2022,https://www.enisa.europa.eu/publications/post-quantum-cryptography-integration-study,,active,,
guidance:enisa-report-security-in-5g-specifications,ENISA-Report-Security-in-5G-Specifications,guidance,library,ENISA-Report-Security-in-5G-Specifications,,,active,,
guidance:enisa-sbom-adoption-2026,ENISA-SBOM-Adoption-2026,guidance,library,ENISA-SBOM-Adoption-2026,https://www.enisa.europa.eu/publications/sbom-adoption-state-of-play-2026,,active,,
guidance:enisa-state-of-cybersecurity-2024,ENISA-State-of-Cybersecurity-2024,guidance,library,ENISA-State-of-Cybersecurity-2024,https://www.enisa.europa.eu/publications/2024-report-on-the-state-of-the-cybersecurity-in-the-union,,active,,
guidance:enisa-threat-landscape-2025,ENISA-Threat-Landscape-2025,guidance,library,ENISA-Threat-Landscape-2025,https://www.enisa.europa.eu/publications/enisa-threat-landscape-2025,,active,,
guidance:eu-bsi-pqc-joint-statement-2024,EU-BSI-PQC-Joint-Statement-2024,guidance,library,EU-BSI-PQC-Joint-Statement-2024,https://www.bsi.bund.de/SharedDocs/Downloads/EN/BSI/Crypto/PQC-joint-statement.pdf,,active,,
guidance:eu-cra-reg-2024-2847,EU-CRA-REG-2024-2847,guidance,library,EU-CRA-REG-2024-2847,https://eur-lex.europa.eu/legal-content/EN/TXT/PDF/?uri=CELEX:32024R2847,,active,,
guidance:g7-ceg-financial-pqc-2026,G7-CEG-Financial-PQC-2026,guidance,library,G7-CEG-Financial-PQC-2026,https://home.treasury.gov/,,active,,
guidance:gdpr-reg-2016-679,GDPR-REG-2016-679,guidance,library,GDPR-REG-2016-679,https://eur-lex.europa.eu/legal-content/EN/TXT/PDF/?uri=CELEX:32016R0679,,active,,
guidance:hipaa-45-cfr-164,HIPAA-45-CFR-164,guidance,library,HIPAA-45-CFR-164,https://www.ecfr.gov/current/title-45/subtitle-A/subchapter-C/part-164,,active,,
guidance:mas-circular-it-risk,MAS-CIRCULAR-IT-RISK,guidance,library,MAS-CIRCULAR-IT-RISK,https://www.mas.gov.sg/-/media/MAS/Regulations-and-Financial-Stability/Regulatory-and-Supervisory-Framework/Risk-Management/TRM-Guidelines-18-January-2021.pdf,,active,,
guidance:nerc-cip-reqs,NERC-CIP-REQS,guidance,library,NERC-CIP-REQS,https://www.nerc.com/pa/Stand/Reliability%20Standards%20Complete%20Set/RSCompleteSet.pdf,,active,,
guidance:nis2-directive-2022-2555,NIS2-DIRECTIVE-2022-2555,guidance,library,NIS2-DIRECTIVE-2022-2555,https://eur-lex.europa.eu/legal-content/EN/TXT/PDF/?uri=CELEX:32022L2555,,active,,
guidance:nsa-cnsa-2-0,NSA CNSA 2.0,guidance,library,NSA CNSA 2.0,https://media.defense.gov/2025/May/30/2003728741/-1/-1/0/CSA_CNSA_2.0_ALGORITHMS.PDF,,active,,
guidance:nsa-cnsa-2-0-faq,NSA CNSA 2.0 FAQ,guidance,library,NSA CNSA 2.0 FAQ,https://media.defense.gov/2022/Sep/07/2003071836/-1/-1/0/CSI_CNSA_2.0_FAQ_.PDF,,active,,
guidance:nsa-csfc-pqc-guidance-addendum,NSA CSfC PQC Guidance Addendum,guidance,library,NSA CSfC PQC Guidance Addendum,https://www.nsa.gov/Cybersecurity/CNSA-2-0/,,active,,
guidance:nsa-qkd-advisory-2023,NSA-QKD-Advisory-2023,guidance,library,NSA-QKD-Advisory-2023,https://media.defense.gov/2023/Oct/24/2003324189/-1/-1/0/QUANTUM_KEY_DISTRIBUTION_QUANTUM_CRYPTOGRAPHY_20231024.PDF,,active,,
guidance:nsm-8,NSM-8,guidance,library,NSM-8,https://www.whitehouse.gov/briefing-room/statements-releases/2022/01/19/memorandum-on-improving-the-cybersecurity-of-national-security-department-of-defense-and-intelligence-community-systems/,,active,,
guidance:ntia-sbom-minimum-elements-2021,NTIA-SBOM-Minimum-Elements-2021,guidance,library,NTIA-SBOM-Minimum-Elements-2021,https://www.ntia.gov/sites/default/files/publications/sbom_minimum_elements_report_0.pdf,,active,,
guidance:pci-dss-qrg,PCI-DSS-QRG,guidance,library,PCI-DSS-QRG,https://www.pcisecuritystandards.org/documents/PCIDSS_QRGv3.pdf,,active,,
guidance:sg-mas-qkd-sandbox-report-2025,SG-MAS-QKD-Sandbox-Report-2025,guidance,library,SG-MAS-QKD-Sandbox-Report-2025,https://www.mas.gov.sg/news/media-releases/2025/mas-and-industry-partners-publish-technical-report-on-proof-of-concept-sandbox,,active,,
guidance:sg-mas-quantum-advisory-2024,SG-MAS-Quantum-Advisory-2024,guidance,library,SG-MAS-Quantum-Advisory-2024,https://www.mas.gov.sg/regulation/circulars/advisory-on-addressing-the-cybersecurity-risks-associated-with-quantum,,active,,
guidance:uk-ncsc-migration-timelines-2025,UK-NCSC-Migration-Timelines-2025,guidance,library,UK-NCSC-Migration-Timelines-2025,https://www.ncsc.gov.uk/guidance/pqc-migration-timelines,,active,,
guidance:uk-ncsc-pqc-guidance,UK NCSC PQC Guidance,guidance,library,UK NCSC PQC Guidance,https://www.ncsc.gov.uk/whitepaper/quantum-safe-cryptography,,active,,
guidance:uk-ncsc-pqc-whitepaper-2024,UK-NCSC-PQC-Whitepaper-2024,guidance,library,UK-NCSC-PQC-Whitepaper-2024,https://www.ncsc.gov.uk/whitepaper/next-steps-preparing-for-post-quantum-cryptography,,active,,
guidance:us-cisa-acdi-strategy-2024,US-CISA-ACDI-Strategy-2024,guidance,library,US-CISA-ACDI-Strategy-2024,https://www.cisa.gov/sites/default/files/2024-09/Strategy-for-Migrating-to-Automated-PQC-Discovery-and-Inventory-Tools.pdf,,active,,
guidance:us-cisa-pqc-ot-2024,US-CISA-PQC-OT-2024,guidance,library,US-CISA-PQC-OT-2024,https://www.cisa.gov/sites/default/files/2024-10/Post-Quantum%20Considerations%20for%20Operational%20Technology%20(508).pdf,,active,,
guidance:us-nsa-cnsa-2-0-2022,US-NSA-CNSA-2.0-2022,guidance,library,US-NSA-CNSA-2.0-2022,https://www.quantum.gov/nsa-releases-future-quantum-resistant-algorithm-requirements-for-national-security-systems/,,active,,
standard:1775309727973,1775309727973,standard,library,1775309727973,,,active,,
standard:1775362994566,1775362994566,standard,library,1775362994566,,,active,,
standard:2510-10436-post-quantum-cryptography-and-quantum-safe-securi,2510-10436-Post-Quantum-Cryptography-and-Quantum-Safe-Securi,standard,library,2510-10436-Post-Quantum-Cryptography-and-Quantum-Safe-Securi,https://arxiv.org/abs/2510.10436,,active,,
standard:3gpp-pqc-study-2025,3GPP-PQC-Study-2025,standard,library,3GPP-PQC-Study-2025,https://www.3gpp.org/ftp/Specs/archive/33_series/33.938/,,active,,
standard:3gpp-ts-33-501,3GPP TS 33.501,standard,library,3GPP TS 33.501,https://www.3gpp.org/dynareport/33501.htm,,active,,
standard:3gpp-ts-33-501-rel-19,3GPP TS 33.501 Rel-19,standard,library,3GPP TS 33.501 Rel-19,https://www.etsi.org/deliver/etsi_ts/133500_133599/133501/19.05.00_60/ts_133501v190500p.pdf,,active,,
standard:5g-americas-pqcs-2025,5G-Americas-PQCS-2025,standard,library,5G-Americas-PQCS-2025,https://www.5gamericas.org/wp-content/uploads/2025/02/WP_PQCS-.pdf,,active,,
standard:a-post-quantum-hybrid-commitment-certificate-extension-pqchc,A-Post-Quantum-Hybrid-Commitment-Certificate-Extension-PQCHC,standard,library,A-Post-Quantum-Hybrid-Commitment-Certificate-Extension-PQCHC,https://datatracker.ietf.org/doc/draft-vicente-lamps-pqchc/,,active,,
standard:a-survey-on-security-reductions-in-post-quantum-cryptography,A-Survey-on-Security-Reductions-in-Post-Quantum-Cryptography,standard,library,A-Survey-on-Security-Reductions-in-Post-Quantum-Cryptography,https://eprint.iacr.org/2026/846,,active,,
standard:aacs-introduction-and-common-cryptographic-elements-book-rev,AACS-Introduction-and-Common-Cryptographic-Elements-Book-Rev,standard,library,AACS-Introduction-and-Common-Cryptographic-Elements-Book-Rev,https://aacsla.com/wp-content/uploads/2019/02/AACS_Spec_Common_Final_0953.pdf,,active,,
standard:acn-italy-linee-guida-funzioni-crittografiche-transport-laye,ACN-Italy-Linee-Guida-Funzioni-Crittografiche-Transport-Laye,standard,library,ACN-Italy-Linee-Guida-Funzioni-Crittografiche-Transport-Laye,https://www.acn.gov.it/portale/documents/20119/85999/ACN_LG_Transport_Layer_Security_TLS.pdf/32f67240-a7e5-c707-e7fd-cc3ac0de2d3c,,active,,
standard:acs-google-cloudflare-pqc-2029,ACS-Google-Cloudflare-PQC-2029,standard,library,ACS-Google-Cloudflare-PQC-2029,https://ia.acs.org.au/article/2026/google--cloudflare-want-post-quantum-cryptography-by-2029.html,,active,,
standard:acsc-essential-eight,ACSC-Essential-Eight,standard,library,ACSC-Essential-Eight,https://www.cyber.gov.au/resources-business-and-government/essential-cyber-security/essential-eight/essential-eight-maturity-model,,active,,
standard:afir-post-quantum-signed-inference-receipts-as-a-tee-free-pr,AFiR-Post-Quantum-Signed-Inference-Receipts-as-a-TEE-Free-Pr,standard,library,AFiR-Post-Quantum-Signed-Inference-Receipts-as-a-TEE-Free-Pr,https://datatracker.ietf.org/doc/draft-rotzin-spice-afir-profile/,,active,,
standard:algorand-post-quantum-ledger,Algorand-Post-Quantum-Ledger,standard,library,Algorand-Post-Quantum-Ledger,https://algorand.co/blog/algorand-post-quantum-ledger,,active,,
standard:algorand-pqc-technical-brief,Algorand-PQC-Technical-Brief,standard,library,Algorand-PQC-Technical-Brief,,,active,,
standard:algorand-pqc-technology,Algorand-PQC-Technology,standard,library,Algorand-PQC-Technology,,,active,,
standard:an-assessment-framework-for-application-level-cryptographic,An-Assessment-Framework-for-Application-Level-Cryptographic,standard,library,An-Assessment-Framework-for-Application-Level-Cryptographic,https://arxiv.org/abs/2606.13425,,active,,
standard:analysis-of-hybrid-key-establishment-and-standalone-ml-kem-i,Analysis-of-Hybrid-Key-Establishment-and-Standalone-ML-KEM-i,standard,library,Analysis-of-Hybrid-Key-Establishment-and-Standalone-ML-KEM-i,https://datatracker.ietf.org/doc/draft-usama-tls-risks-of-mlkem/,,active,,
standard:anchorage-custody-platform,Anchorage-Custody-Platform,standard,library,Anchorage-Custody-Platform,,,active,,
standard:anchorage-porto-self-custody,Anchorage-Porto-Self-Custody,standard,library,Anchorage-Porto-Self-Custody,,,active,,
standard:ansi-x9-62,ANSI X9.62,standard,library,ANSI X9.62,https://webstore.ansi.org/standards/ascx9/ansix9622005,,active,,
standard:ansi-x9-63,ANSI X9.63,standard,library,ANSI X9.63,https://webstore.ansi.org/standards/ascx9/ansix9632011,,active,,
standard:apple-pq3-security-blog,Apple-PQ3-Security-Blog,standard,library,Apple-PQ3-Security-Blog,https://security.apple.com/blog/imessage-pq3/,,active,,
standard:appviewx-47day-certs,AppViewX-47Day-Certs,standard,library,AppViewX-47Day-Certs,https://www.appviewx.com/blogs/automating-47-day-certificate-lifecycles/,,active,,
standard:apra-cps-234,APRA-CPS-234,standard,library,APRA-CPS-234,https://www.apra.gov.au/standards/cps-234,,active,,
standard:aptos-aip137-slh-dsa,Aptos-AIP137-SLH-DSA,standard,library,Aptos-AIP137-SLH-DSA,,,active,,
standard:aq-pqc-migration-framework-v1-1-2026,AQ-PQC-Migration-Framework-v1.1-2026,standard,library,AQ-PQC-Migration-Framework-v1.1-2026,https://pqcframework.com/wp-content/uploads/2026/03/The-Applied-Quantum-PQC-Migration-Framework-Universal-v.1.1-Mar2026.pdf,,active,,
standard:aq-pqc-migration-framework-v2-1-2026,AQ-PQC-Migration-Framework-v2.1-2026,standard,library,AQ-PQC-Migration-Framework-v2.1-2026,https://pqcframework.com/wp-content/uploads/2026/06/applied-quantum-marin-ivezic-pqc-migration-framework-universal-2-1.pdf,,active,,
standard:arinc-standard-811,ARINC-Standard-811,standard,library,ARINC-Standard-811,https://saemobilus.sae.org/standards/arinc811-811-commercial-aircraft-information-security-concepts-operation-process-framework,,active,,
standard:arinc-standard-827,ARINC-Standard-827,standard,library,ARINC-Standard-827,https://saemobilus.sae.org/standards/arinc827-2-827-2-electronic-distribution-software-crate-eds-crate,,active,,
standard:arstechnica-ransomware-quantum-safe-2026,ArsTechnica-Ransomware-Quantum-Safe-2026,standard,library,ArsTechnica-Ransomware-Quantum-Safe-2026,https://arstechnica.com/security/2026/04/now-even-ransomware-is-using-post-quantum-cryptography/,,active,,
standard:arxiv-2025-slh-dsa-rowhammer,ArXiv-2025-SLH-DSA-Rowhammer,standard,library,ArXiv-2025-SLH-DSA-Rowhammer,https://doi.org/10.48550/arXiv.2509.13048,,active,,
standard:arxiv-2403-11741,arXiv-2403-11741,standard,library,arXiv-2403-11741,https://arxiv.org/abs/2403.11741,,active,,
standard:arxiv-2508-01694,arXiv-2508-01694,standard,library,arXiv-2508-01694,https://arxiv.org/abs/2508.01694v1,,active,,
standard:arxiv-2603-01091-hndl-rekeying,arXiv-2603-01091-HNDL-Rekeying,standard,library,arXiv-2603-01091-HNDL-Rekeying,https://arxiv.org/html/2603.01091v1,,active,,
standard:arxiv-2603-28627,arXiv-2603-28627,standard,library,arXiv-2603-28627,https://arxiv.org/abs/2603.28627,,active,,
standard:arxiv-2603-28728,arXiv-2603-28728,standard,library,arXiv-2603-28728,https://arxiv.org/pdf/2603.28728,,active,,
standard:asc-x9-financial-pki,ASC-X9-Financial-PKI,standard,library,ASC-X9-Financial-PKI,https://x9.org/pki-home/,,active,,
standard:asc-x9-ir-f01-2022,ASC-X9-IR-F01-2022,standard,library,ASC-X9-IR-F01-2022,https://x9.org/wp-content/uploads/2022/11/X9F-Quantum-Computing-Risk-Study-Group-IR-F01-2022_20221129-Published-PDF.pdf,,active,,
standard:asc-x9-pqc-readiness-2025,ASC-X9-PQC-Readiness-2025,standard,library,ASC-X9-PQC-Readiness-2025,https://x9.org/wp-content/uploads/2025/08/New-X9-Report-Supplies-Guidance-on-Migrating-to-Post-quantum-Cryptography-Safely-and-Cost-effectively-FINAL.pdf,,active,,
standard:asc-x9-tr-50-2019,ASC-X9-TR-50-2019,standard,library,ASC-X9-TR-50-2019,https://x9.org/wp-content/uploads/2019/03/ASC-X9-TR-50-2019-Quantum-Techniques-in-Cryptographic-Message-Syntax-1.pdf,,active,,
standard:asd-australia-information-security-manual-guidelines-for-cry,ASD-Australia-Information-Security-Manual-Guidelines-for-Cry,standard,library,ASD-Australia-Information-Security-Manual-Guidelines-for-Cry,https://www.cyber.gov.au/business-government/asds-cyber-security-frameworks/ism/cyber-security-guidelines/guidelines-for-cryptography,,active,,
standard:atis-preparing-5g-for-the-quantum-era-an-analysis-of-3gpp-ar,ATIS-Preparing-5G-for-the-Quantum-Era-An-Analysis-of-3GPP-Ar,standard,library,ATIS-Preparing-5G-for-the-Quantum-Era-An-Analysis-of-3GPP-Ar,https://cdn.atis.org/atis.org/2025/02/25152429/Preparing-5G-for-the-Quantum-Era-WP-V9.pdf,,active,,
standard:au-acsc-quantum-tech-primer-communications-2026,AU-ACSC-Quantum-Tech-Primer-Communications-2026,standard,library,AU-ACSC-Quantum-Tech-Primer-Communications-2026,https://www.cyber.gov.au/sites/default/files/2026-03/Quantum%20technology%20primer%20-%20Communications.pdf,,active,,
standard:au-national-quantum-strategy-2023,AU-National-Quantum-Strategy-2023,standard,library,AU-National-Quantum-Strategy-2023,https://www.industry.gov.au/sites/default/files/2023-05/national-quantum-strategy.pdf,,active,,
standard:au-privacy-act-apps,AU-Privacy-Act-APPs,standard,library,AU-Privacy-Act-APPs,https://www.legislation.gov.au/C2004A03712,,active,,
standard:austrac-aml-ctf-act,AUSTRAC-AML-CTF-Act,standard,library,AUSTRAC-AML-CTF-Act,https://www.legislation.gov.au/C2006A00169,,active,,
standard:australia-asd-pqc-guidance,Australia ASD PQC Guidance,standard,library,Australia ASD PQC Guidance,https://www.cyber.gov.au/sites/default/files/2024-04/pqc-migration-guidance.pdf,,active,,
standard:avalanche-aip-qr-001,Avalanche-AIP-QR-001,standard,library,Avalanche-AIP-QR-001,,,active,,
standard:avis-de-lanssi-sur-la-migration-vers-la-cryptographie,Avis-de-lANSSI-sur-la-migration-vers-la-cryptographie,standard,library,Avis-de-lANSSI-sur-la-migration-vers-la-cryptographie,,,active,,
standard:bernstein-lange-fallout-2017,Bernstein-Lange-Fallout-2017,standard,library,Bernstein-Lange-Fallout-2017,https://eprint.iacr.org/2017/314.pdf,,active,,
standard:bernstein-lange-pqc-survey,Bernstein-Lange-PQC-Survey,standard,library,Bernstein-Lange-PQC-Survey,https://link.springer.com/book/10.1007/978-3-540-88702-7,,active,,
standard:bernstein-mldsa-bugs-2026,Bernstein-MLDSA-Bugs-2026,standard,library,Bernstein-MLDSA-Bugs-2026,https://cr.yp.to/papers/mldsa-20260601.pdf,,active,,
standard:bike-round4-spec-2022,BIKE-Round4-Spec-2022,standard,library,BIKE-Round4-Spec-2022,https://bikesuite.org/files/v5.0/BIKE_Spec.2022.10.04.1.pdf,,active,,
standard:bip-141,BIP-141,standard,library,BIP-141,https://github.com/bitcoin/bips/blob/master/bip-0141.mediawiki,,active,,
standard:bip-32,BIP-32,standard,library,BIP-32,https://github.com/bitcoin/bips/blob/master/bip-0032.mediawiki,,active,,
standard:bip-340,BIP-340,standard,library,BIP-340,https://github.com/bitcoin/bips/blob/master/bip-0340.mediawiki,,active,,
standard:bip-341,BIP-341,standard,library,BIP-341,https://github.com/bitcoin/bips/blob/master/bip-0341.mediawiki,,active,,
standard:bip-39,BIP-39,standard,library,BIP-39,https://github.com/bitcoin/bips/blob/master/bip-0039.mediawiki,,active,,
standard:bip-43,BIP-43,standard,library,BIP-43,https://github.com/bitcoin/bips/blob/master/bip-0043.mediawiki,,active,,
standard:bip-44,BIP-44,standard,library,BIP-44,https://github.com/bitcoin/bips/blob/master/bip-0044.mediawiki,,active,,
standard:bis-othp107,BIS-OTHP107,standard,library,BIS-OTHP107,https://www.bis.org/publ/othp107.pdf,,active,,
standard:bis-paper-158,BIS-Paper-158,standard,library,BIS-Paper-158,https://www.bis.org/publ/bppdf/bispap158.htm,,active,,
standard:bitcoin-bip360-p2qrh,Bitcoin-BIP360-P2QRH,standard,library,Bitcoin-BIP360-P2QRH,https://github.com/bitcoin/bips/blob/master/bip-0360.mediawiki,,active,,
standard:bitcoin-whitepaper,Bitcoin-Whitepaper,standard,library,Bitcoin-Whitepaper,https://bitcoin.org/bitcoin.pdf,,active,,
standard:bitgo-multisig-vs-mpc,BitGo-Multisig-vs-MPC,standard,library,BitGo-Multisig-vs-MPC,,,active,,
standard:bitgo-tss,BitGo-TSS,standard,library,BitGo-TSS,,,active,,
standard:bsi-ais-20-31,BSI-AIS-20-31,standard,library,BSI-AIS-20-31,https://www.bsi.bund.de/SharedDocs/Downloads/EN/BSI/Certification/Interpretations/AIS_20_AIS_31_Functionality_classes_for_random_number_generators_e.html,,active,,
standard:ca-b-forum-ballot-smc013,CA-B-Forum-Ballot-SMC013,standard,library,CA-B-Forum-Ballot-SMC013,https://cabforum.org/2025/07/02/ballot-smc-013/,,active,,
standard:ca-browser-forum-ballot-sc-pqc,CA/Browser Forum Ballot SC-PQC,standard,library,CA/Browser Forum Ballot SC-PQC,https://cabforum.org/,,active,,
standard:ca-cfdir-quantum-readiness-2023,CA-CFDIR-Quantum-Readiness-2023,standard,library,CA-CFDIR-Quantum-Readiness-2023,https://ised-isde.canada.ca/site/spectrum-management-telecommunications/sites/default/files/attachments/2023/cfdir-quantum-readiness-best-practices-v03.pdf,,active,,
standard:cab-forum-sc-081v3,CAB-Forum-SC-081v3,standard,library,CAB-Forum-SC-081v3,https://cabforum.org/2025/04/11/ballot-sc081v3-introduce-schedule-of-reducing-validity-and-data-reuse-periods/,,active,,
standard:cabinet-secretariat-japan-pqc-migration-interim-report-for-g,Cabinet-Secretariat-Japan-PQC-Migration-Interim-Report-for-G,standard,library,Cabinet-Secretariat-Japan-PQC-Migration-Interim-Report-for-G,https://www.cas.go.jp/jp/seisaku/pqc/pdf/report_202511.pdf,,active,,
standard:cambridge-jbs-quantum-blockchain-2025,Cambridge-JBS-Quantum-Blockchain-2025,standard,library,Cambridge-JBS-Quantum-Blockchain-2025,https://www.jbs.cam.ac.uk/2025/why-quantum-matters-now-for-blockchain/,,active,,
standard:campbell-enterprise-pqc-timelines-2026,Campbell-Enterprise-PQC-Timelines-2026,standard,library,Campbell-Enterprise-PQC-Timelines-2026,https://doi.org/10.3390/computers15010009,,active,,
standard:canada-cse-pqc-guidance,Canada CSE PQC Guidance,standard,library,Canada CSE PQC Guidance,https://www.cyber.gc.ca/sites/default/files/itsm.40.001-migration-post-quantum-cryptography-government-canada-e.pdf,,active,,
standard:cardano-pqc-research,Cardano-PQC-Research,standard,library,Cardano-PQC-Research,,,active,,
standard:cc-2022-cem,CC-2022-CEM,standard,library,CC-2022-CEM,https://www.commoncriteriaportal.org/files/ccfiles/CEM2022R1.pdf,,active,,
standard:cc-2022-part1,CC-2022-PART1,standard,library,CC-2022-PART1,https://www.commoncriteriaportal.org/files/ccfiles/CC2022PART1R1.pdf,,active,,
standard:cc-2022-part2,CC-2022-PART2,standard,library,CC-2022-PART2,https://www.commoncriteriaportal.org/files/ccfiles/CC2022PART2R1.pdf,,active,,
standard:cc-2022-part3,CC-2022-PART3,standard,library,CC-2022-PART3,https://www.commoncriteriaportal.org/files/ccfiles/CC2022PART3R1.pdf,,active,,
standard:cccs-itsap40018,CCCS-ITSAP40018,standard,library,CCCS-ITSAP40018,https://www.cyber.gc.ca/en/guidance/guidance-becoming-cryptographically-agile-itsap40018,,active,,
standard:ccn-stic-221-spain-guia-de-mecanismos-criptograficos-autoriz,CCN-STIC-221-Spain-Guia-de-Mecanismos-Criptograficos-autoriz,standard,library,CCN-STIC-221-Spain-Guia-de-Mecanismos-Criptograficos-autoriz,https://www.ccn-cert.cni.es/es/guias-de-acceso-publico-ccn-stic/6954-ccn-stic-221-guia-de-mecanismos-criptograficos-autorizados-por-el-ccn-1/file.html,,active,,
standard:ccn-tec-009-bp-37-spain-recomendaciones-para-una-transicion,CCN-TEC-009-BP-37-Spain-Recomendaciones-para-una-transicion,standard,library,CCN-TEC-009-BP-37-Spain-Recomendaciones-para-una-transicion,https://www.ccn.cni.es/eu/docman/documentos-publicos/boletines-pytec/495-ccn-tec-009-recomendaciones-transicion-postcuantica-segura/file,,active,,
standard:china-cacr-pqc-competition-results,China CACR PQC Competition Results,standard,library,China CACR PQC Competition Results,https://www.cacrnet.org.cn/,,active,,
standard:china-gb-t-42829-2023,China GB/T 42829-2023,standard,library,China GB/T 42829-2023,https://std.samr.gov.cn/gb/search/gbDetailed?id=E18A75B742819DBCE05397BE0A0A8CB9,,active,,
standard:china-gb-t-43692-2024,China GB/T 43692-2024,standard,library,China GB/T 43692-2024,https://std.samr.gov.cn/gb/search/gbDetailed?id=F18A75B742819DBCE05397BE0A0A8CB9,,active,,
standard:china-iccs-pqc-call-for-proposals,China ICCS PQC Call for Proposals,standard,library,China ICCS PQC Call for Proposals,https://www.gmbz.org.cn/,,active,,
standard:china-oscca-gm-t-0108-2021,China OSCCA GM/T 0108-2021,standard,library,China OSCCA GM/T 0108-2021,https://www.oscca.gov.cn/sca/xxgk/2021-12/31/1001649/files/GMT0108-2021.pdf,,active,,
standard:china-yd-t-3834-1-2021,China YD/T 3834.1-2021,standard,library,China YD/T 3834.1-2021,https://www.ttbz.org.cn/StandardManage/Detail/53484/,,active,,
standard:cipher-suites-supported-by-corda-open-source-4-12,Cipher-suites-supported-by-Corda-Open-Source-4.12,standard,library,Cipher-suites-supported-by-Corda-Open-Source-4.12,,,active,,
standard:circle-pqc-roadmap-2026,Circle-PQC-Roadmap-2026,standard,library,Circle-PQC-Roadmap-2026,https://6778953.fs1.hubspotusercontent-na1.net/hubfs/6778953/PDFs/quantum_paper.pdf,,active,,
standard:cisco-quantum-safe-architecture-2026,Cisco-Quantum-Safe-Architecture-2026,standard,library,Cisco-Quantum-Safe-Architecture-2026,https://blogs.cisco.com/security/from-strategy-to-architecture-building-a-quantum-safe-future,,active,,
standard:citi-gps-quantum-threat-2026,Citi-GPS-Quantum-Threat-2026,standard,library,Citi-GPS-Quantum-Threat-2026,https://www.citigroup.com/global/insights/citigps,,active,,
standard:cloudflare-mtc-blog,Cloudflare-MTC-Blog,standard,library,Cloudflare-MTC-Blog,https://blog.cloudflare.com/bootstrap-mtc/,,active,,
standard:cloudflare-postquantum-roadmap-2026,Cloudflare-PostQuantum-Roadmap-2026,standard,library,Cloudflare-PostQuantum-Roadmap-2026,https://blog.cloudflare.com/post-quantum-roadmap/,,active,,
standard:cloudflare-pq-internet-2025,Cloudflare-PQ-Internet-2025,standard,library,Cloudflare-PQ-Internet-2025,https://blog.cloudflare.com/pq-2025/,,active,,
standard:cmmc-2-0-model,CMMC-2.0-MODEL,standard,library,CMMC-2.0-MODEL,https://dodcio.defense.gov/CMMC/Documentation/,,active,,
standard:cmvp-mgmt-manual,CMVP-MGMT-MANUAL,standard,library,CMVP-MGMT-MANUAL,https://csrc.nist.gov/CSRC/media/Projects/cryptographic-module-validation-program/documents/CMVPMM.pdf,,active,,
standard:coinbase-institutional,Coinbase-Institutional,standard,library,Coinbase-Institutional,,,active,,
standard:coinbase-prime-custody,Coinbase-Prime-Custody,standard,library,Coinbase-Prime-Custody,,,active,,
standard:common-criteria,COMMON-CRITERIA,standard,library,COMMON-CRITERIA,https://www.commoncriteriaportal.org/files/ccfiles/CC2022PART1R1.pdf,,active,,
standard:common-policy-x-509-certificate-and-crl-profile,Common-Policy-X-509-Certificate-and-CRL-Profile,standard,library,Common-Policy-X-509-Certificate-and-CRL-Profile,https://www.idmanagement.gov/docs/fpki-x509-cert-profile-common.pdf,,active,,
standard:composite-ml-dsa-signatures-for-ssh,Composite-ML-DSA-Signatures-for-SSH,standard,library,Composite-ML-DSA-Signatures-for-SSH,https://datatracker.ietf.org/doc/draft-sun-ssh-composite-sigs/,,active,,
standard:coppa-16-cfr-312,COPPA-16-CFR-312,standard,library,COPPA-16-CFR-312,https://www.ecfr.gov/current/title-16/chapter-I/subchapter-C/part-312,,active,,
standard:copper-digital-asset-custody,Copper-Digital-Asset-Custody,standard,library,Copper-Digital-Asset-Custody,,,active,,
standard:cosmos-pqc-dorafactory,Cosmos-PQC-DoraFactory,standard,library,Cosmos-PQC-DoraFactory,,,active,,
standard:cot-decrypting-future-pqc-timelines-2026,CoT-Decrypting-Future-PQC-Timelines-2026,standard,library,CoT-Decrypting-Future-PQC-Timelines-2026,https://www.charteroftrust.com/wp-content/uploads/2026/04/20260115_PQC-Decrypting-the-Future_FINAL-1.pdf,,active,,
standard:cryptrec-ls-0001-2022r2-list-of-ciphers-to-be-referred-to-fo,CRYPTREC-LS-0001-2022R2-List-of-Ciphers-to-be-Referred-to-fo,standard,library,CRYPTREC-LS-0001-2022R2-List-of-Ciphers-to-be-Referred-to-fo,https://www.cryptrec.go.jp/list/cryptrec-ls-0001-2022r2.pdf,,active,,
standard:cryptrec-ls-0003-2022r1-criteria-for-setting-cryptographic-s,CRYPTREC-LS-0003-2022R1-Criteria-for-Setting-Cryptographic-S,standard,library,CRYPTREC-LS-0003-2022R1-Criteria-for-Setting-Cryptographic-S,https://www.cryptrec.go.jp/list/cryptrec-ls-0003-2022r1.pdf,,active,,
standard:crystals-dilithium-spec-v31,CRYSTALS-Dilithium-Spec-v31,standard,library,CRYSTALS-Dilithium-Spec-v31,https://pq-crystals.org/dilithium/data/dilithium-specification-round3-20210208.pdf,,active,,
standard:crystals-kyber-spec-v302,CRYSTALS-Kyber-Spec-v302,standard,library,CRYSTALS-Kyber-Spec-v302,https://pq-crystals.org/kyber/data/kyber-specification-round3-20210804.pdf,,active,,
standard:csa-crypto-news-june-2026,CSA-Crypto-News-June-2026,standard,library,CSA-Crypto-News-June-2026,https://cloudsecurityalliance.org/,,active,,
standard:csa-cryptonews-may2026,CSA-CryptoNews-May2026,standard,library,CSA-CryptoNews-May2026,https://cloudsecurityalliance.org/,,active,,
standard:csa-pqc-guide-2025,CSA-PQC-Guide-2025,standard,library,CSA-PQC-Guide-2025,https://cloudsecurityalliance.org/artifacts/a-practitioners-guide-to-post-quantum-cryptography,,active,,
standard:csa-practitioners-guide-pqc-2025,CSA-Practitioners-Guide-PQC-2025,standard,library,CSA-Practitioners-Guide-PQC-2025,https://cloudsecurityalliance.org/artifacts/a-practitioners-guide-to-post-quantum-cryptography,,active,,
standard:csc-api-v2-spec,CSC-API-v2-Spec,standard,library,CSC-API-v2-Spec,https://cloudsignatureconsortium.org/wp-content/uploads/2025/11/csc-api.pdf,,active,,
standard:cyclonedx-cryptography-registry,CycloneDX-Cryptography-Registry,standard,library,CycloneDX-Cryptography-Registry,https://cyclonedx.org/registry/cryptography/,,active,,
standard:cyclonedx-spec-overview,CycloneDX-Spec-Overview,standard,library,CycloneDX-Spec-Overview,https://cyclonedx.org/specification/overview/,,active,,
standard:cz-nukib-crypto-requirements-2023,CZ-NUKIB-Crypto-Requirements-2023,standard,library,CZ-NUKIB-Crypto-Requirements-2023,https://nukib.gov.cz/download/publications_en/Minimum%20Requirements%20for%20Cryptographic%20Algorithms.pdf,,active,,
standard:czech-nukib-crypto-rec-2023,Czech-NUKIB-Crypto-Rec-2023,standard,library,Czech-NUKIB-Crypto-Rec-2023,https://nukib.gov.cz/download/publications_en/Minimum%20Requirements%20for%20Cryptographic%20Algorithms.pdf,,active,,
standard:dcsa-information-model-v3-0,DCSA-Information-Model-v3-0,standard,library,DCSA-Information-Model-v3-0,https://dcsa.org/wp-content/uploads/2020/12/20201208-DCSA-P1-DCSA-Information-Model-v3.0-FINAL.pdf,,active,,
standard:deloitte-techtrends-2025-quantum,Deloitte-TechTrends-2025-Quantum,standard,library,Deloitte-TechTrends-2025-Quantum,https://www.deloitte.com/us/en/insights/topics/technology-management/tech-trends/2025/tech-trends-quantum-computing-and-cybersecurity.html,,active,,
standard:dfns-hsm-integration,DFNS-HSM-Integration,standard,library,DFNS-HSM-Integration,,,active,,
standard:dfns-key-orchestration,DFNS-Key-Orchestration,standard,library,DFNS-Key-Orchestration,,,active,,
standard:digicert-pqc-maturity-model,DigiCert-PQC-Maturity-Model,standard,library,DigiCert-PQC-Maturity-Model,https://www.digicert.com/content/dam/digicert/pdfs/post-quantum-cryptography-maturity-model-whitepaper-en.pdf,,active,,
standard:dod-cio-pqc-memo-2025,DoD-CIO-PQC-Memo-2025,standard,library,DoD-CIO-PQC-Memo-2025,https://dodcio.defense.gov/Portals/0/Documents/Library/PreparingForMigrationPQC.pdf,,active,,
standard:draft-becker-cnsa2-ssh-profile,draft-becker-cnsa2-ssh-profile,standard,library,draft-becker-cnsa2-ssh-profile,https://datatracker.ietf.org/doc/draft-becker-cnsa2-ssh-profile/,,active,,
standard:draft-becker-cnsa2-ssh-profile-03,draft-becker-cnsa2-ssh-profile-03,standard,library,draft-becker-cnsa2-ssh-profile-03,https://datatracker.ietf.org/doc/draft-becker-cnsa2-ssh-profile/,,active,,
standard:draft-bonnell-lamps-chameleon-certs-07,draft-bonnell-lamps-chameleon-certs-07,standard,library,draft-bonnell-lamps-chameleon-certs-07,https://datatracker.ietf.org/doc/draft-bonnell-lamps-chameleon-certs/,,active,,
standard:draft-celi-wiggers-tls-authkem,draft-celi-wiggers-tls-authkem,standard,library,draft-celi-wiggers-tls-authkem,https://datatracker.ietf.org/doc/draft-celi-wiggers-tls-authkem/,,active,,
standard:draft-celi-wiggers-tls-authkem-07,draft-celi-wiggers-tls-authkem-07,standard,library,draft-celi-wiggers-tls-authkem-07,https://datatracker.ietf.org/doc/draft-celi-wiggers-tls-authkem/,,active,,
standard:draft-connolly-cfrg-xwing-kem-10,draft-connolly-cfrg-xwing-kem-10,standard,library,draft-connolly-cfrg-xwing-kem-10,https://datatracker.ietf.org/doc/draft-connolly-cfrg-xwing-kem/,,active,,
standard:draft-for-public-consultation-quantum-readiness-index-oct-2025,Draft-for-Public-Consultation-Quantum-Readiness-Index-Oct-2025,standard,library,Draft-for-Public-Consultation-Quantum-Readiness-Index-Oct-2025,,,active,,
standard:draft-fregly-dnsop-slh-dsa-mtl-dnssec-06,draft-fregly-dnsop-slh-dsa-mtl-dnssec-06,standard,library,draft-fregly-dnsop-slh-dsa-mtl-dnssec-06,https://datatracker.ietf.org/doc/draft-fregly-dnsop-slh-dsa-mtl-dnssec/,,active,,
standard:draft-harrison-sshm-mlkem,draft-harrison-sshm-mlkem,standard,library,draft-harrison-sshm-mlkem,https://datatracker.ietf.org/doc/draft-harrison-sshm-mlkem/,,active,,
standard:draft-hu-ipsecme-pqt-hybrid-auth,draft-hu-ipsecme-pqt-hybrid-auth,standard,library,draft-hu-ipsecme-pqt-hybrid-auth,https://www.ietf.org/archive/id/draft-hu-ipsecme-pqt-hybrid-auth-04.txt,,active,,
standard:draft-ietf-cose-dilithium,draft-ietf-cose-dilithium,standard,library,draft-ietf-cose-dilithium,https://www.ietf.org/archive/id/draft-ietf-cose-dilithium-11.html,,active,,
standard:draft-ietf-cose-dilithium-05,draft-ietf-cose-dilithium-05,standard,library,draft-ietf-cose-dilithium-05,https://datatracker.ietf.org/doc/draft-ietf-cose-dilithium/,,active,,
standard:draft-ietf-cose-falcon-03,draft-ietf-cose-falcon-03,standard,library,draft-ietf-cose-falcon-03,https://www.ietf.org/archive/id/draft-ietf-cose-falcon-04.txt,,active,,
standard:draft-ietf-cose-falcon-04,draft-ietf-cose-falcon-04,standard,library,draft-ietf-cose-falcon-04,https://datatracker.ietf.org/doc/draft-ietf-cose-falcon/04/,,active,,
standard:draft-ietf-cose-hpke,draft-ietf-cose-hpke,standard,library,draft-ietf-cose-hpke,https://www.ietf.org/archive/id/draft-ietf-cose-hpke-25.html,,active,,
standard:draft-ietf-hpke-pq,draft-ietf-hpke-pq,standard,library,draft-ietf-hpke-pq,https://datatracker.ietf.org/doc/draft-ietf-hpke-pq/,,active,,
standard:draft-ietf-ipsecme-hybrid-kem-ikev2-frodo-00,draft-ietf-ipsecme-hybrid-kem-ikev2-frodo-00,standard,library,draft-ietf-ipsecme-hybrid-kem-ikev2-frodo-00,https://datatracker.ietf.org/doc/draft-ietf-ipsecme-hybrid-kem-ikev2-frodo/,,active,,
standard:draft-ietf-ipsecme-ikev2-downgrade-prevention,draft-ietf-ipsecme-ikev2-downgrade-prevention,standard,library,draft-ietf-ipsecme-ikev2-downgrade-prevention,https://www.ietf.org/archive/id/draft-ietf-ipsecme-ikev2-downgrade-prevention-05.txt,,active,,
standard:draft-ietf-ipsecme-ikev2-mldsa,draft-ietf-ipsecme-ikev2-mldsa,standard,library,draft-ietf-ipsecme-ikev2-mldsa,https://datatracker.ietf.org/doc/draft-ietf-ipsecme-ikev2-pqc-auth/,,active,,
standard:draft-ietf-ipsecme-ikev2-mlkem,draft-ietf-ipsecme-ikev2-mlkem,standard,library,draft-ietf-ipsecme-ikev2-mlkem,https://datatracker.ietf.org/doc/draft-ietf-ipsecme-ikev2-mlkem/,,active,,
standard:draft-ietf-ipsecme-ikev2-mlkem-03,draft-ietf-ipsecme-ikev2-mlkem-03,standard,library,draft-ietf-ipsecme-ikev2-mlkem-03,https://datatracker.ietf.org/doc/draft-ietf-ipsecme-ikev2-mlkem/,,active,,
standard:draft-ietf-ipsecme-ikev2-mlkem-05,draft-ietf-ipsecme-ikev2-mlkem-05,standard,library,draft-ietf-ipsecme-ikev2-mlkem-05,https://datatracker.ietf.org/doc/draft-ietf-ipsecme-ikev2-mlkem/,,active,,
standard:draft-ietf-ipsecme-ikev2-mlkem-06,draft-ietf-ipsecme-ikev2-mlkem-06,standard,library,draft-ietf-ipsecme-ikev2-mlkem-06,https://www.ietf.org/archive/id/draft-ietf-ipsecme-ikev2-mlkem-06.html,,active,,
standard:draft-ietf-ipsecme-ikev2-pqc-auth,draft-ietf-ipsecme-ikev2-pqc-auth,standard,library,draft-ietf-ipsecme-ikev2-pqc-auth,https://datatracker.ietf.org/doc/draft-ietf-ipsecme-ikev2-pqc-auth/,,active,,
standard:draft-ietf-ipsecme-ikev2-pqc-auth-08,draft-ietf-ipsecme-ikev2-pqc-auth-08,standard,library,draft-ietf-ipsecme-ikev2-pqc-auth-08,https://datatracker.ietf.org/doc/draft-ietf-ipsecme-ikev2-pqc-auth/,,active,,
standard:draft-ietf-jose-hpke-encrypt,draft-ietf-jose-hpke-encrypt,standard,library,draft-ietf-jose-hpke-encrypt,https://www.ietf.org/archive/id/draft-ietf-jose-hpke-encrypt-20.html,,active,,
standard:draft-ietf-jose-pq-composite-sigs,draft-ietf-jose-pq-composite-sigs,standard,library,draft-ietf-jose-pq-composite-sigs,https://www.ietf.org/archive/id/draft-ietf-jose-pq-composite-sigs-01.html,,active,,
standard:draft-ietf-jose-pqc-algorithms,draft-ietf-jose-pqc-algorithms,standard,library,draft-ietf-jose-pqc-algorithms,https://datatracker.ietf.org/doc/html/draft-ietf-jose-pqc-kem-05,,active,,
standard:draft-ietf-jose-pqc-kem,draft-ietf-jose-pqc-kem,standard,library,draft-ietf-jose-pqc-kem,https://www.ietf.org/archive/id/draft-ietf-jose-pqc-kem-05.txt,,active,,
standard:draft-ietf-lake-edhoc-psk,draft-ietf-lake-edhoc-psk,standard,library,draft-ietf-lake-edhoc-psk,https://datatracker.ietf.org/doc/draft-ietf-lake-edhoc-psk/,,active,,
standard:draft-ietf-lamps-cert-binding-for-multi-auth,draft-ietf-lamps-cert-binding-for-multi-auth,standard,library,draft-ietf-lamps-cert-binding-for-multi-auth,https://datatracker.ietf.org/doc/draft-ietf-lamps-cert-binding-for-multi-auth/,,active,,
standard:draft-ietf-lamps-cms-composite-kem,draft-ietf-lamps-cms-composite-kem,standard,library,draft-ietf-lamps-cms-composite-kem,https://datatracker.ietf.org/doc/draft-ietf-lamps-cms-composite-kem/,,active,,
standard:draft-ietf-lamps-cms-composite-sigs,draft-ietf-lamps-cms-composite-sigs,standard,library,draft-ietf-lamps-cms-composite-sigs,https://www.ietf.org/archive/id/draft-ietf-lamps-cms-composite-sigs-05.txt,,active,,
standard:draft-ietf-lamps-cms-kyber-13,draft-ietf-lamps-cms-kyber-13,standard,library,draft-ietf-lamps-cms-kyber-13,https://datatracker.ietf.org/doc/draft-ietf-lamps-cms-kyber/,,active,,
standard:draft-ietf-lamps-dilithium-certificates,draft-ietf-lamps-dilithium-certificates,standard,library,draft-ietf-lamps-dilithium-certificates,https://datatracker.ietf.org/doc/draft-ietf-lamps-dilithium-certificates/,,active,,
standard:draft-ietf-lamps-dilithium-certificates-13,draft-ietf-lamps-dilithium-certificates-13,standard,library,draft-ietf-lamps-dilithium-certificates-13,https://datatracker.ietf.org/doc/draft-ietf-lamps-dilithium-certificates/,,active,,
standard:draft-ietf-lamps-kyber-certificates,draft-ietf-lamps-kyber-certificates,standard,library,draft-ietf-lamps-kyber-certificates,https://datatracker.ietf.org/doc/draft-ietf-lamps-kyber-certificates/,,active,,
standard:draft-ietf-lamps-kyber-certificates-11,draft-ietf-lamps-kyber-certificates-11,standard,library,draft-ietf-lamps-kyber-certificates-11,https://datatracker.ietf.org/doc/draft-ietf-lamps-kyber-certificates/,,active,,
standard:draft-ietf-lamps-pq-composite-kem-10,draft-ietf-lamps-pq-composite-kem-10,standard,library,draft-ietf-lamps-pq-composite-kem-10,https://datatracker.ietf.org/doc/draft-ietf-lamps-pq-composite-kem/,,active,,
standard:draft-ietf-lamps-pq-composite-kem-11,draft-ietf-lamps-pq-composite-kem-11,standard,library,draft-ietf-lamps-pq-composite-kem-11,https://datatracker.ietf.org/doc/draft-ietf-lamps-pq-composite-kem/,,active,,
standard:draft-ietf-lamps-pq-composite-kem-12,draft-ietf-lamps-pq-composite-kem-12,standard,library,draft-ietf-lamps-pq-composite-kem-12,https://datatracker.ietf.org/doc/draft-ietf-lamps-pq-composite-kem/,,active,,
standard:draft-ietf-lamps-pq-composite-kem-14,draft-ietf-lamps-pq-composite-kem-14,standard,library,draft-ietf-lamps-pq-composite-kem-14,https://datatracker.ietf.org/doc/draft-ietf-lamps-pq-composite-kem/,,active,,
standard:draft-ietf-lamps-pq-composite-kem-16,draft-ietf-lamps-pq-composite-kem-16,standard,library,draft-ietf-lamps-pq-composite-kem-16,https://www.ietf.org/archive/id/draft-ietf-lamps-pq-composite-kem-16.html,,active,,
standard:draft-ietf-lamps-pq-composite-sigs-13,draft-ietf-lamps-pq-composite-sigs-13,standard,library,draft-ietf-lamps-pq-composite-sigs-13,https://datatracker.ietf.org/doc/draft-ietf-lamps-pq-composite-sigs/,,active,,
standard:draft-ietf-lamps-pq-composite-sigs-14,draft-ietf-lamps-pq-composite-sigs-14,standard,library,draft-ietf-lamps-pq-composite-sigs-14,https://datatracker.ietf.org/doc/draft-ietf-lamps-pq-composite-sigs/,,active,,
standard:draft-ietf-lamps-pq-composite-sigs-15,draft-ietf-lamps-pq-composite-sigs-15,standard,library,draft-ietf-lamps-pq-composite-sigs-15,https://datatracker.ietf.org/doc/draft-ietf-lamps-pq-composite-sigs/,,active,,
standard:draft-ietf-lamps-pq-composite-sigs-19,draft-ietf-lamps-pq-composite-sigs-19,standard,library,draft-ietf-lamps-pq-composite-sigs-19,https://datatracker.ietf.org/doc/draft-ietf-lamps-pq-composite-sigs/,,active,,
standard:draft-ietf-lamps-pq-composite-sigs-19-composite-module-latti,draft-ietf-lamps-pq-composite-sigs-19-Composite-Module-Latti,standard,library,draft-ietf-lamps-pq-composite-sigs-19-Composite-Module-Latti,https://datatracker.ietf.org/doc/draft-ietf-lamps-pq-composite-sigs/,,active,,
standard:draft-ietf-mls-combiner-02,draft-ietf-mls-combiner-02,standard,library,draft-ietf-mls-combiner-02,https://datatracker.ietf.org/doc/draft-ietf-mls-combiner/,,active,,
standard:draft-ietf-mls-extensions-09,draft-ietf-mls-extensions-09,standard,library,draft-ietf-mls-extensions-09,https://datatracker.ietf.org/doc/draft-ietf-mls-extensions/,,active,,
standard:draft-ietf-mls-pq-ciphersuites-04,draft-ietf-mls-pq-ciphersuites-04,standard,library,draft-ietf-mls-pq-ciphersuites-04,https://datatracker.ietf.org/doc/draft-ietf-mls-pq-ciphersuites/,,active,,
standard:draft-ietf-openpgp-nist-bp-comp,draft-ietf-openpgp-nist-bp-comp,standard,library,draft-ietf-openpgp-nist-bp-comp,https://datatracker.ietf.org/doc/draft-ietf-openpgp-nist-bp-comp/,,active,,
standard:draft-ietf-openpgp-nist-bp-comp-03,draft-ietf-openpgp-nist-bp-comp-03,standard,library,draft-ietf-openpgp-nist-bp-comp-03,https://datatracker.ietf.org/doc/draft-ietf-openpgp-nist-bp-comp/,,active,,
standard:draft-ietf-openpgp-pqc-14,draft-ietf-openpgp-pqc-14,standard,library,draft-ietf-openpgp-pqc-14,https://datatracker.ietf.org/doc/draft-ietf-openpgp-pqc/,,active,,
standard:draft-ietf-openpgp-pqc-16,draft-ietf-openpgp-pqc-16,standard,library,draft-ietf-openpgp-pqc-16,https://datatracker.ietf.org/doc/draft-ietf-openpgp-pqc/,,active,,
standard:draft-ietf-openpgp-pqc-17,draft-ietf-openpgp-pqc-17,standard,library,draft-ietf-openpgp-pqc-17,https://datatracker.ietf.org/doc/draft-ietf-openpgp-pqc/,,active,,
standard:draft-ietf-opsawg-rfc5706bis,draft-ietf-opsawg-rfc5706bis,standard,library,draft-ietf-opsawg-rfc5706bis,https://datatracker.ietf.org/doc/draft-ietf-opsawg-rfc5706bis/,,active,,
standard:draft-ietf-plants-merkle-tree-certs,draft-ietf-plants-merkle-tree-certs,standard,library,draft-ietf-plants-merkle-tree-certs,https://www.ietf.org/archive/id/draft-ietf-plants-merkle-tree-certs-04.txt,,active,,
standard:draft-ietf-plants-merkle-tree-certs-00,draft-ietf-plants-merkle-tree-certs-00,standard,library,draft-ietf-plants-merkle-tree-certs-00,https://www.ietf.org/archive/id/draft-ietf-plants-merkle-tree-certs-04.html,,active,,
standard:draft-ietf-plants-merkle-tree-certs-01,draft-ietf-plants-merkle-tree-certs-01,standard,library,draft-ietf-plants-merkle-tree-certs-01,https://www.ietf.org/archive/id/draft-ietf-plants-merkle-tree-certs-04.html,,active,,
standard:draft-ietf-pquip-hbs-state,draft-ietf-pquip-hbs-state,standard,library,draft-ietf-pquip-hbs-state,https://datatracker.ietf.org/doc/draft-ietf-pquip-hbs-state/,,active,,
standard:draft-ietf-pquip-hybrid-signature-spectrums,draft-ietf-pquip-hybrid-signature-spectrums,standard,library,draft-ietf-pquip-hybrid-signature-spectrums,https://www.ietf.org/archive/id/draft-ietf-pquip-hybrid-signature-spectrums-07.txt,,active,,
standard:draft-ietf-pquip-hybrid-signature-spectrums-06,draft-ietf-pquip-hybrid-signature-spectrums-06,standard,library,draft-ietf-pquip-hybrid-signature-spectrums-06,https://www.ietf.org/archive/id/draft-ietf-pquip-hybrid-signature-spectrums-07.txt,,active,,
standard:draft-ietf-pquip-hybrid-signature-spectrums-07,draft-ietf-pquip-hybrid-signature-spectrums-07,standard,library,draft-ietf-pquip-hybrid-signature-spectrums-07,https://www.ietf.org/archive/id/draft-ietf-pquip-hybrid-signature-spectrums-07.txt,,active,,
standard:draft-ietf-pquip-pqc-engineers-14,draft-ietf-pquip-pqc-engineers-14,standard,library,draft-ietf-pquip-pqc-engineers-14,https://datatracker.ietf.org/doc/draft-ietf-pquip-pqc-engineers/,,active,,
standard:draft-ietf-pquip-pqc-hsm-constrained-03,draft-ietf-pquip-pqc-hsm-constrained-03,standard,library,draft-ietf-pquip-pqc-hsm-constrained-03,https://www.ietf.org/archive/id/draft-ietf-pquip-pqc-hsm-constrained-05.txt,,active,,
standard:draft-ietf-pquip-pqt-hybrid-terminology,draft-ietf-pquip-pqt-hybrid-terminology,standard,library,draft-ietf-pquip-pqt-hybrid-terminology,https://datatracker.ietf.org/doc/draft-ietf-pquip-pqt-hybrid-terminology/,,active,,
standard:draft-ietf-sshm-mlkem-hybrid-kex,draft-ietf-sshm-mlkem-hybrid-kex,standard,library,draft-ietf-sshm-mlkem-hybrid-kex,https://datatracker.ietf.org/doc/draft-ietf-sshm-mlkem-hybrid-kex/,,active,,
standard:draft-ietf-sshm-mlkem-hybrid-kex-04,draft-ietf-sshm-mlkem-hybrid-kex-04,standard,library,draft-ietf-sshm-mlkem-hybrid-kex-04,https://datatracker.ietf.org/doc/draft-ietf-sshm-mlkem-hybrid-kex/,,active,,
standard:draft-ietf-sshm-mlkem-hybrid-kex-10,draft-ietf-sshm-mlkem-hybrid-kex-10,standard,library,draft-ietf-sshm-mlkem-hybrid-kex-10,https://datatracker.ietf.org/doc/draft-ietf-sshm-mlkem-hybrid-kex/,,active,,
standard:draft-ietf-sshm-ntruprime-ssh,draft-ietf-sshm-ntruprime-ssh,standard,library,draft-ietf-sshm-ntruprime-ssh,https://datatracker.ietf.org/doc/draft-ietf-sshm-ntruprime-ssh/,,active,,
standard:draft-ietf-tls-authkem,draft-ietf-tls-authkem,standard,library,draft-ietf-tls-authkem,https://datatracker.ietf.org/doc/draft-celi-wiggers-tls-authkem/,,active,,
standard:draft-ietf-tls-cert-abridge,draft-ietf-tls-cert-abridge,standard,library,draft-ietf-tls-cert-abridge,https://datatracker.ietf.org/doc/draft-ietf-tls-cert-abridge/,,active,,
standard:draft-ietf-tls-ecdhe-mlkem-03,draft-ietf-tls-ecdhe-mlkem-03,standard,library,draft-ietf-tls-ecdhe-mlkem-03,https://datatracker.ietf.org/doc/draft-ietf-tls-ecdhe-mlkem/,,active,,
standard:draft-ietf-tls-ecdhe-mlkem-04,draft-ietf-tls-ecdhe-mlkem-04,standard,library,draft-ietf-tls-ecdhe-mlkem-04,https://www.ietf.org/archive/id/draft-ietf-tls-ecdhe-mlkem-05.txt,,active,,
standard:draft-ietf-tls-ecdhe-mlkem-05,draft-ietf-tls-ecdhe-mlkem-05,standard,library,draft-ietf-tls-ecdhe-mlkem-05,https://www.ietf.org/archive/id/draft-ietf-tls-ecdhe-mlkem-05.html,,active,,
standard:draft-ietf-tls-hybrid-design-16,draft-ietf-tls-hybrid-design-16,standard,library,draft-ietf-tls-hybrid-design-16,https://datatracker.ietf.org/doc/draft-ietf-tls-hybrid-design/,,active,,
standard:draft-ietf-tls-key-share-prediction,draft-ietf-tls-key-share-prediction,standard,library,draft-ietf-tls-key-share-prediction,https://www.ietf.org/archive/id/draft-ietf-tls-key-share-prediction-04.txt,,active,,
standard:draft-ietf-tls-merkle-tree-certs,draft-ietf-tls-merkle-tree-certs,standard,library,draft-ietf-tls-merkle-tree-certs,https://www.ietf.org/archive/id/draft-ietf-plants-merkle-tree-certs-04.html,,active,,
standard:draft-ietf-tls-mldsa,draft-ietf-tls-mldsa,standard,library,draft-ietf-tls-mldsa,https://datatracker.ietf.org/doc/draft-ietf-tls-mldsa/,,active,,
standard:draft-ietf-tls-mldsa-01,draft-ietf-tls-mldsa-01,standard,library,draft-ietf-tls-mldsa-01,https://datatracker.ietf.org/doc/draft-ietf-tls-mldsa/,,active,,
standard:draft-ietf-tls-mldsa-02,draft-ietf-tls-mldsa-02,standard,library,draft-ietf-tls-mldsa-02,https://datatracker.ietf.org/doc/draft-ietf-tls-mldsa/02/,,active,,
standard:draft-ietf-tls-mldsa-03,draft-ietf-tls-mldsa-03,standard,library,draft-ietf-tls-mldsa-03,https://datatracker.ietf.org/doc/draft-ietf-tls-mldsa/,,active,,
standard:draft-ietf-tls-mldsa-04,draft-ietf-tls-mldsa-04,standard,library,draft-ietf-tls-mldsa-04,https://www.ietf.org/archive/id/draft-ietf-tls-mldsa-04.html,,active,,
standard:draft-ietf-tls-mlkem-04,draft-ietf-tls-mlkem-04,standard,library,draft-ietf-tls-mlkem-04,https://datatracker.ietf.org/doc/draft-ietf-tls-mlkem/,,active,,
standard:draft-ietf-tls-mlkem-05,draft-ietf-tls-mlkem-05,standard,library,draft-ietf-tls-mlkem-05,https://datatracker.ietf.org/doc/draft-ietf-tls-mlkem/,,active,,
standard:draft-ietf-tls-mlkem-07,draft-ietf-tls-mlkem-07,standard,library,draft-ietf-tls-mlkem-07,https://datatracker.ietf.org/doc/draft-ietf-tls-mlkem/,,active,,
standard:draft-ietf-tls-rfc8447bis-15,draft-ietf-tls-rfc8447bis-15,standard,library,draft-ietf-tls-rfc8447bis-15,https://datatracker.ietf.org/doc/draft-ietf-tls-rfc8447bis/,,active,,
standard:draft-ietf-tls-semistatic-dh,draft-ietf-tls-semistatic-dh,standard,library,draft-ietf-tls-semistatic-dh,https://datatracker.ietf.org/doc/draft-ietf-tls-semistatic-dh/,,active,,
standard:draft-ietf-tls-subcerts,draft-ietf-tls-subcerts,standard,library,draft-ietf-tls-subcerts,https://datatracker.ietf.org/doc/draft-ietf-tls-subcerts/,,active,,
standard:draft-ietf-uta-pqc-app-00,draft-ietf-uta-pqc-app-00,standard,library,draft-ietf-uta-pqc-app-00,https://www.ietf.org/archive/id/draft-ietf-uta-pqc-app-01.txt,,active,,
standard:draft-ietf-uta-pqc-app-01,draft-ietf-uta-pqc-app-01,standard,library,draft-ietf-uta-pqc-app-01,https://datatracker.ietf.org/doc/draft-ietf-uta-pqc-app/01/,,active,,
standard:draft-josefsson-ntruprime-ssh,draft-josefsson-ntruprime-ssh,standard,library,draft-josefsson-ntruprime-ssh,https://datatracker.ietf.org/doc/draft-josefsson-ntruprime-ssh/,,active,,
standard:draft-josefsson-ssh-sphincs,draft-josefsson-ssh-sphincs,standard,library,draft-josefsson-ssh-sphincs,https://datatracker.ietf.org/doc/draft-josefsson-ssh-sphincs/,,active,,
standard:draft-kampanakis-curdle-ssh-pq-ke,draft-kampanakis-curdle-ssh-pq-ke,standard,library,draft-kampanakis-curdle-ssh-pq-ke,https://datatracker.ietf.org/doc/draft-kampanakis-curdle-ssh-pq-ke/,,active,,
standard:draft-kwiatkowski-pquip-pqc-migration-00,draft-kwiatkowski-pquip-pqc-migration-00,standard,library,draft-kwiatkowski-pquip-pqc-migration-00,https://datatracker.ietf.org/doc/draft-kwiatkowski-pquip-pqc-migration/,,active,,
standard:draft-miller-sshm-mldsa44-ed25519-composite-sigs-00,draft-miller-sshm-mldsa44-ed25519-composite-sigs-00,standard,library,draft-miller-sshm-mldsa44-ed25519-composite-sigs-00,https://www.ietf.org/archive/id/draft-miller-sshm-mldsa44-ed25519-composite-sigs-00.html,,active,,
standard:draft-miller-sshm-mldsa65-ed25519-composite-sigs,draft-miller-sshm-mldsa65-ed25519-composite-sigs,standard,library,draft-miller-sshm-mldsa65-ed25519-composite-sigs,https://www.ietf.org/archive/id/draft-miller-sshm-mldsa44-ed25519-composite-sigs-00.txt,,active,,
standard:draft-reddy-cose-jose-pqc-hybrid-hpke,draft-reddy-cose-jose-pqc-hybrid-hpke,standard,library,draft-reddy-cose-jose-pqc-hybrid-hpke,https://datatracker.ietf.org/doc/draft-reddy-cose-jose-pqc-hybrid-hpke/,,active,,
standard:draft-reddy-lamps-x509-pq-commit,draft-reddy-lamps-x509-pq-commit,standard,library,draft-reddy-lamps-x509-pq-commit,https://datatracker.ietf.org/doc/draft-reddy-lamps-x509-pq-commit/,,active,,
standard:draft-reddy-tls-composite-mldsa,draft-reddy-tls-composite-mldsa,standard,library,draft-reddy-tls-composite-mldsa,https://www.ietf.org/archive/id/draft-reddy-tls-composite-mldsa-10.txt,,active,,
standard:draft-sfluhrer-ipsecme-ikev2-mldsa,draft-sfluhrer-ipsecme-ikev2-mldsa,standard,library,draft-sfluhrer-ipsecme-ikev2-mldsa,https://www.ietf.org/archive/id/draft-sfluhrer-ipsecme-ikev2-mldsa-01.html,,active,,
standard:draft-sfluhrer-ipsecme-ikev2-mldsa-00,draft-sfluhrer-ipsecme-ikev2-mldsa-00,standard,library,draft-sfluhrer-ipsecme-ikev2-mldsa-00,https://datatracker.ietf.org/doc/draft-sfluhrer-ipsecme-ikev2-mldsa/,,active,,
standard:draft-sfluhrer-ipsecme-ikev2-mldsa-01,draft-sfluhrer-ipsecme-ikev2-mldsa-01,standard,library,draft-sfluhrer-ipsecme-ikev2-mldsa-01,https://datatracker.ietf.org/doc/draft-sfluhrer-ipsecme-ikev2-mldsa/01/,,active,,
standard:draft-sfluhrer-ssh-mldsa,draft-sfluhrer-ssh-mldsa,standard,library,draft-sfluhrer-ssh-mldsa,https://www.ietf.org/archive/id/draft-sfluhrer-ssh-mldsa-06.html,,active,,
standard:draft-sheffer-tls-pqc-continuity,draft-sheffer-tls-pqc-continuity,standard,library,draft-sheffer-tls-pqc-continuity,https://datatracker.ietf.org/doc/draft-sheffer-tls-pqc-continuity/,,active,,
standard:draft-sheth-pqc-dnssec-strategy-01,draft-sheth-pqc-dnssec-strategy-01,standard,library,draft-sheth-pqc-dnssec-strategy-01,https://datatracker.ietf.org/doc/draft-sheth-pqc-dnssec-strategy/,,active,,
standard:draft-spm-lake-pqsuites,draft-spm-lake-pqsuites,standard,library,draft-spm-lake-pqsuites,https://www.ietf.org/archive/id/draft-spm-lake-pqsuites-02.txt,,active,,
standard:draft-turner-lamps-cms-fn-dsa-00,draft-turner-lamps-cms-fn-dsa-00,standard,library,draft-turner-lamps-cms-fn-dsa-00,https://www.ietf.org/archive/id/draft-ietf-lamps-cms-fn-dsa-00.txt,,active,,
standard:draft-vitap-ml-dsa-webauthn,draft-vitap-ml-dsa-webauthn,standard,library,draft-vitap-ml-dsa-webauthn,https://www.ietf.org/archive/id/draft-vitap-ml-dsa-webauthn-04.txt,,active,,
standard:draft-wang-ipsecme-hybrid-kem-ikev2-frodo-03,draft-wang-ipsecme-hybrid-kem-ikev2-frodo-03,standard,library,draft-wang-ipsecme-hybrid-kem-ikev2-frodo-03,https://datatracker.ietf.org/doc/draft-wang-ipsecme-hybrid-kem-ikev2-frodo/,,active,,
standard:draft-wang-ipsecme-kem-auth-ikev2-01,draft-wang-ipsecme-kem-auth-ikev2-01,standard,library,draft-wang-ipsecme-kem-auth-ikev2-01,https://www.ietf.org/archive/id/draft-wang-ipsecme-kem-auth-ikev2-03.txt,,active,,
standard:draft-wang-ipsecme-kem-auth-ikev2-03,draft-wang-ipsecme-kem-auth-ikev2-03,standard,library,draft-wang-ipsecme-kem-auth-ikev2-03,https://datatracker.ietf.org/doc/draft-wang-ipsecme-kem-auth-ikev2/03/,,active,,
standard:draft-wiggers-tls-authkem-psk,draft-wiggers-tls-authkem-psk,standard,library,draft-wiggers-tls-authkem-psk,https://www.ietf.org/archive/id/draft-wiggers-tls-authkem-psk-05.txt,,active,,
standard:draft-yang-tls-hybrid-sm2-mlkem-02,draft-yang-tls-hybrid-sm2-mlkem-02,standard,library,draft-yang-tls-hybrid-sm2-mlkem-02,https://www.ietf.org/archive/id/draft-yang-tls-hybrid-sm2-mlkem-03.txt,,active,,
standard:draft-yang-tls-hybrid-sm2-mlkem-03,draft-yang-tls-hybrid-sm2-mlkem-03,standard,library,draft-yang-tls-hybrid-sm2-mlkem-03,https://datatracker.ietf.org/doc/draft-yang-tls-hybrid-sm2-mlkem/,,active,,
standard:draft-yusef-tls-pqt-dual-certs,draft-yusef-tls-pqt-dual-certs,standard,library,draft-yusef-tls-pqt-dual-certs,https://datatracker.ietf.org/doc/draft-yusef-tls-pqt-dual-certs/,,active,,
standard:dvb-bluebook-a165-extensions-to-the-ci-plus-specification,DVB-BlueBook-A165-Extensions-to-the-CI-Plus-Specification,standard,library,DVB-BlueBook-A165-Extensions-to-the-CI-Plus-Specification,https://dvb.org/wp-content/uploads/2019/12/a165-extensions-to-the-ci-plus-specification-drts-103-205-v141.pdf,,active,,
standard:eap-wsim-sim-based-eap-authentication-for-enterprise-wi-fi-u,EAP-WSIM-SIM-Based-EAP-Authentication-for-Enterprise-Wi-Fi-U,standard,library,EAP-WSIM-SIM-Based-EAP-Authentication-for-Enterprise-Wi-Fi-U,https://datatracker.ietf.org/doc/draft-gupta-emu-eap-wsim/,,active,,
standard:ec-recommendation-2024-1101,EC-Recommendation-2024-1101,standard,library,EC-Recommendation-2024-1101,https://eur-lex.europa.eu/legal-content/EN/TXT/PDF/?uri=OJ:L_202401101,,active,,
standard:eccg-acm-v2,ECCG-ACM-v2,standard,library,ECCG-ACM-v2,https://certification.enisa.europa.eu/document/download/a845662b-aee0-484e-9191-890c4cfa7aaa_en?filename=ECCG+Agreed+Cryptographic+Mechanisms+version+2.pdf,,active,,
standard:eccpqcthreatsandmitigation04062026,eccpqcthreatsandmitigation04062026,standard,library,eccpqcthreatsandmitigation04062026,,,active,,
standard:eff-encryption-y2k-moment-2026,EFF-Encryption-Y2K-Moment-2026,standard,library,EFF-Encryption-Y2K-Moment-2026,https://www.eff.org/deeplinks/2026/04/yikes-encryptions-y2k-moment-coming-years-early,,active,,
standard:eip-155,EIP-155,standard,library,EIP-155,https://eips.ethereum.org/EIPS/eip-155,,active,,
standard:eip-2,EIP-2,standard,library,EIP-2,https://eips.ethereum.org/EIPS/eip-2,,active,,
standard:eip-2718,EIP-2718,standard,library,EIP-2718,https://eips.ethereum.org/EIPS/eip-2718,,active,,
standard:eip-2929,EIP-2929,standard,library,EIP-2929,https://eips.ethereum.org/EIPS/eip-2929,,active,,
standard:eip-2930,EIP-2930,standard,library,EIP-2930,https://eips.ethereum.org/EIPS/eip-2930,,active,,
standard:eip-3541,EIP-3541,standard,library,EIP-3541,https://eips.ethereum.org/EIPS/eip-3541,,active,,
standard:eip-3607,EIP-3607,standard,library,EIP-3607,https://eips.ethereum.org/EIPS/eip-3607,,active,,
standard:eip-4844,EIP-4844,standard,library,EIP-4844,https://eips.ethereum.org/EIPS/eip-4844,,active,,
standard:eip-55,EIP-55,standard,library,EIP-55,https://eips.ethereum.org/EIPS/eip-55,,active,,
standard:ejbca-beyond-cbom,EJBCA-Beyond-CBOM,standard,library,EJBCA-Beyond-CBOM,https://www.ejbca.org/resources/keymaster-looking-beyond-the-cbom-building-stronger-cryptographic-posture/,,active,,
standard:ejbca-understanding-cpm,EJBCA-Understanding-CPM,standard,library,EJBCA-Understanding-CPM,https://www.ejbca.org/resources/keymaster-understanding-cryptographic-posture-management-and-asset-visibility/,,active,,
standard:emergentmind-nonce-reuse-crypto,EmergentMind-Nonce-Reuse-Crypto,standard,library,EmergentMind-Nonce-Reuse-Crypto,https://www.emergentmind.com/topics/nonce-reuse,,active,,
standard:enhancing-security-in-eap-aka-prime-with-hybrid-post-quantum,Enhancing-Security-in-EAP-AKA-prime-with-Hybrid-Post-Quantum,standard,library,Enhancing-Security-in-EAP-AKA-prime-with-Hybrid-Post-Quantum,https://datatracker.ietf.org/doc/draft-ietf-emu-hybrid-pqc-eapaka/,,active,,
standard:eo-14028,EO-14028,standard,library,EO-14028,https://www.federalregister.gov/documents/2021/05/17/2021-10460/improving-the-nations-cybersecurity,,active,,
standard:eo-14144,EO-14144,standard,library,EO-14144,https://www.federalregister.gov/documents/2025/01/17/2025-01470/strengthening-and-promoting-innovation-in-the-nations-cybersecurity,,active,,
standard:eo-14306,EO-14306,standard,library,EO-14306,https://www.whitehouse.gov/presidential-actions/2025/06/sustaining-select-efforts-to-strengthen-the-nations-cybersecurity-and-amending-executive-order-13694-and-executive-order-14144/,,active,,
standard:eo-14409-securing-the-nation,EO-14409-Securing-the-Nation,standard,library,EO-14409-Securing-the-Nation,https://www.whitehouse.gov/presidential-actions/2026/06/securing-the-nation-against-advanced-cryptographic-attacks/,,active,,
standard:eo-14413,EO-14413,standard,library,EO-14413,https://www.whitehouse.gov/presidential-actions/2026/06/ushering-in-the-next-frontier-of-quantum-innovation/,,active,,
standard:eo-2026-06-22-securing-the-nation,EO-2026-06-22-Securing-the-Nation,standard,library,EO-2026-06-22-Securing-the-Nation,https://www.whitehouse.gov/presidential-actions/2026/06/securing-the-nation-against-advanced-cryptographic-attacks/,,active,,
standard:epa-guidance-on-improving-cybersecurity-at-drinking-water-an,EPA-Guidance-on-Improving-Cybersecurity-at-Drinking-Water-an,standard,library,EPA-Guidance-on-Improving-Cybersecurity-at-Drinking-Water-an,https://www.epa.gov/system/files/documents/2024-08/epa-guidance-on-improving-cybersecurity-at-drinking-water-and-wastewater-systems-1.pdf,,active,,
standard:epc-342-08-crypto-guidelines-v16,EPC-342-08-Crypto-Guidelines-v16,standard,library,EPC-342-08-Crypto-Guidelines-v16,https://www.europeanpaymentscouncil.eu/document-library/guidance-documents/guidelines-cryptographic-algorithms-usage-and-key-management,,active,,
standard:epc-342-08-v16-0-1-guidelines-on-cryptographic-algorithms-us,EPC-342-08-v16-0-1-Guidelines-on-Cryptographic-Algorithms-Us,standard,library,EPC-342-08-v16-0-1-Guidelines-on-Cryptographic-Algorithms-Us,https://www.europeanpaymentscouncil.eu/sites/default/files/kb/file/2026-06/EPC342-08%20v16.0.1%20Approved%20-%20Guidelines%20on%20Cryptographic%20Algorithms%20Usage%20and%20Key%20Management.pdf,,active,,
standard:eprint-2025-2059,eprint-2025-2059,standard,library,eprint-2025-2059,https://eprint.iacr.org/2025/2059.pdf,,active,,
standard:ethereum-eip4337-aa,Ethereum-EIP4337-AA,standard,library,Ethereum-EIP4337-AA,https://eips.ethereum.org/EIPS/eip-4337,,active,,
standard:ethereum-eip7702,Ethereum-EIP7702,standard,library,Ethereum-EIP7702,https://eips.ethereum.org/EIPS/eip-7702,,active,,
standard:ethereum-pqc-roadmap-2026,Ethereum-PQC-Roadmap-2026,standard,library,Ethereum-PQC-Roadmap-2026,,,active,,
standard:ethereum-pqc-tasklist-ethresearch,Ethereum-PQC-Tasklist-Ethresearch,standard,library,Ethereum-PQC-Tasklist-Ethresearch,https://ethresear.ch/t/tasklist-for-post-quantum-eth/21296,,active,,
standard:ethereum-yellow-paper,Ethereum-Yellow-Paper,standard,library,Ethereum-Yellow-Paper,https://ethereum.github.io/yellowpaper/paper.pdf,,active,,
standard:etsi-eg-203-310,ETSI-EG-203-310,standard,library,ETSI-EG-203-310,https://www.etsi.org/deliver/etsi_eg/203300_203399/203310/01.01.01_60/eg_203310v010101p.pdf,,active,,
standard:etsi-en-303645,ETSI-EN-303645,standard,library,ETSI-EN-303645,https://www.etsi.org/deliver/etsi_en/303600_303699/303645/03.01.03_60/en_303645v030103p.pdf,,active,,
standard:etsi-en-319-411,ETSI-EN-319-411,standard,library,ETSI-EN-319-411,https://www.etsi.org/deliver/etsi_en/319400_319499/31941101/01.05.01_60/en_31941101v010501p.pdf,,active,,
standard:etsi-en-319-422-v1-1-1-time-stamping-protocol-and-time-stamp,ETSI-EN-319-422-V1-1-1-Time-stamping-protocol-and-time-stamp,standard,library,ETSI-EN-319-422-V1-1-1-Time-stamping-protocol-and-time-stamp,https://www.etsi.org/deliver/etsi_en/319400_319499/319422/01.01.01_60/en_319422v010101p.pdf,,active,,
standard:etsi-gr-qkd-007,ETSI-GR-QKD-007,standard,library,ETSI-GR-QKD-007,https://www.etsi.org/deliver/etsi_gr/QKD/001_099/007/01.02.01_60/gr_qkd007v010201p.pdf,,active,,
standard:etsi-gr-qsc-001,ETSI-GR-QSC-001,standard,library,ETSI-GR-QSC-001,https://www.etsi.org/deliver/etsi_gr/qsc/001_099/001/01.01.01_60/gr_qsc001v010101p.pdf,,active,,
standard:etsi-gr-qsc-003,ETSI-GR-QSC-003,standard,library,ETSI-GR-QSC-003,https://www.etsi.org/deliver/etsi_gr/QSC/001_099/003/01.01.01_60/gr_QSC003v010101p.pdf,,active,,
standard:etsi-gr-qsc-004,ETSI-GR-QSC-004,standard,library,ETSI-GR-QSC-004,https://www.etsi.org/deliver/etsi_gr/QSC/001_099/004/01.01.01_60/gr_QSC004v010101p.pdf,,active,,
standard:etsi-gr-qsc-006,ETSI-GR-QSC-006,standard,library,ETSI-GR-QSC-006,https://www.etsi.org/deliver/etsi_gr/QSC/001_099/006/01.01.01_60/gr_QSC006v010101p.pdf,,active,,
standard:etsi-gr-qsc-020,ETSI GR QSC 020,standard,library,ETSI GR QSC 020,https://www.etsi.org/deliver/etsi_gr/QSC/001_099/020/01.01.01_60/gr_QSC020v010101p.pdf,,active,,
standard:etsi-gs-qkd-002,ETSI-GS-QKD-002,standard,library,ETSI-GS-QKD-002,https://www.etsi.org/deliver/etsi_gs/qkd/001_099/002/01.01.01_60/gs_qkd002v010101p.pdf,,active,,
standard:etsi-gs-qkd-003,ETSI-GS-QKD-003,standard,library,ETSI-GS-QKD-003,https://www.etsi.org/deliver/etsi_gs/QKD/001_099/003/01.01.01_60/gs_QKD003v010101p.pdf,,active,,
standard:etsi-gs-qkd-004,ETSI-GS-QKD-004,standard,library,ETSI-GS-QKD-004,https://www.etsi.org/deliver/etsi_gs/QKD/001_099/004/02.01.01_60/gs_qkd004v020101p.pdf,,active,,
standard:etsi-gs-qkd-005,ETSI-GS-QKD-005,standard,library,ETSI-GS-QKD-005,https://www.etsi.org/deliver/etsi_gs/qkd/001_099/005/01.01.01_60/gs_qkd005v010101p.pdf,,active,,
standard:etsi-gs-qkd-008,ETSI-GS-QKD-008,standard,library,ETSI-GS-QKD-008,https://www.etsi.org/deliver/etsi_gs/qkd/001_099/008/01.01.01_60/gs_qkd008v010101p.pdf,,active,,
standard:etsi-gs-qkd-011,ETSI-GS-QKD-011,standard,library,ETSI-GS-QKD-011,https://www.etsi.org/deliver/etsi_gs/QKD/001_099/011/01.01.01_60/gs_QKD011v010101p.pdf,,active,,
standard:etsi-gs-qkd-012,ETSI-GS-QKD-012,standard,library,ETSI-GS-QKD-012,https://www.etsi.org/deliver/etsi_gs/QKD/001_099/012/01.01.01_60/gs_qkd012v010101p.pdf,,active,,
standard:etsi-gs-qkd-014,ETSI-GS-QKD-014,standard,library,ETSI-GS-QKD-014,https://www.etsi.org/deliver/etsi_gs/QKD/001_099/014/01.01.01_60/gs_qkd014v010101p.pdf,,active,,
standard:etsi-gs-qkd-014-v2-1-1,ETSI-GS-QKD-014-V2.1.1,standard,library,ETSI-GS-QKD-014-V2.1.1,https://www.etsi.org/deliver/etsi_gs/QKD/001_099/014/01.01.01_60/gs_qkd014v010101p.pdf,,active,,
standard:etsi-gs-qkd-015,ETSI-GS-QKD-015,standard,library,ETSI-GS-QKD-015,https://www.etsi.org/deliver/etsi_gs/QKD/001_099/015/02.01.01_60/gs_QKD015v020101p.pdf,,active,,
standard:etsi-gs-qkd-016,ETSI-GS-QKD-016,standard,library,ETSI-GS-QKD-016,https://www.etsi.org/deliver/etsi_gs/QKD/001_099/016/02.01.01_60/gs_QKD016v020101p.pdf,,active,,
standard:etsi-gs-qkd-016-v2,ETSI-GS-QKD-016-V2,standard,library,ETSI-GS-QKD-016-V2,https://www.etsi.org/deliver/etsi_gs/QKD/001_099/016/02.01.01_60/gs_QKD016v020101p.pdf,,active,,
standard:etsi-gs-qkd-018,ETSI-GS-QKD-018,standard,library,ETSI-GS-QKD-018,https://www.etsi.org/deliver/etsi_gs/QKD/001_099/018/01.01.01_60/gs_qkd018v010101p.pdf,,active,,
standard:etsi-launches-new-standard-for-quantum-safe-hybrid-key-excha,ETSI-launches-new-standard-for-Quantum-Safe-Hybrid-Key-Excha,standard,library,ETSI-launches-new-standard-for-Quantum-Safe-Hybrid-Key-Excha,https://www.etsi.org/newsroom/press-releases/2513-etsi-launches-new-standard-for-quantum-safe-hybrid-key-exchanges-to-secure-future-post-quantum-encryption,,active,,
standard:etsi-tr-103-570,ETSI-TR-103-570,standard,library,ETSI-TR-103-570,https://www.etsi.org/deliver/etsi_tr/103500_103599/103570/01.01.01_60/tr_103570v010101p.pdf,,active,,
standard:etsi-tr-103-619,ETSI TR 103 619,standard,library,ETSI TR 103 619,https://www.etsi.org/deliver/etsi_tr/103600_103699/103619/01.01.01_60/tr_103619v010101p.pdf,,active,,
standard:etsi-tr-103-949,ETSI-TR-103-949,standard,library,ETSI-TR-103-949,https://www.etsi.org/deliver/etsi_tr/103900_103999/103949/01.01.01_60/tr_103949v010101p.pdf,,active,,
standard:etsi-tr-103-965,ETSI-TR-103-965,standard,library,ETSI-TR-103-965,https://www.etsi.org/deliver/etsi_tr/103900_103999/103965/01.01.01_60/tr_103965v010101p.pdf,,active,,
standard:etsi-tr-103-966,ETSI-TR-103-966,standard,library,ETSI-TR-103-966,https://www.etsi.org/deliver/etsi_tr/103900_103999/103966/01.01.01_60/tr_103966v010101p.pdf,,active,,
standard:etsi-tr-103-967,ETSI-TR-103-967,standard,library,ETSI-TR-103-967,https://www.etsi.org/deliver/etsi_tr/103900_103999/103967/01.01.01_60/tr_103967v010101p.pdf,,active,,
standard:etsi-tr-104-016,ETSI-TR-104-016,standard,library,ETSI-TR-104-016,https://www.etsi.org/deliver/etsi_tr/104000_104099/104016/01.01.01_60/tr_104016v010101p.pdf,,active,,
standard:etsi-ts-103-673,ETSI-TS-103-673,standard,library,ETSI-TS-103-673,https://www.etsi.org/deliver/etsi_ts/103600_103699/103673/01.01.01_60/ts_103673v010101p.pdf,,active,,
standard:etsi-ts-103-744,ETSI TS 103 744,standard,library,ETSI TS 103 744,https://www.etsi.org/deliver/etsi_ts/103700_103799/103744/01.02.01_60/ts_103744v010201p.pdf,,active,,
standard:etsi-ts-103-744-quantum-safe-hybrid-key-exchanges,ETSI-TS-103-744-Quantum-safe-Hybrid-Key-Exchanges,standard,library,ETSI-TS-103-744-Quantum-safe-Hybrid-Key-Exchanges,https://www.etsi.org/deliver/etsi_ts/103700_103799/103744/01.01.01_60/ts_103744v010101p.pdf,,active,,
standard:etsi-ts-103-744-v1-3-1,ETSI TS 103 744 v1.3.1,standard,library,ETSI TS 103 744 v1.3.1,https://www.etsi.org/deliver/etsi_ts/103700_103799/103744/01.02.02_60/ts_103744v010202p.pdf,,active,,
standard:etsi-ts-103-764-rail-telecommunications-rt-frmcs-system-arch,ETSI-TS-103-764-Rail-Telecommunications-RT-FRMCS-System-Arch,standard,library,ETSI-TS-103-764-Rail-Telecommunications-RT-FRMCS-System-Arch,https://www.etsi.org/deliver/etsi_ts/103700_103799/103764/01.01.00_30/ts_103764v010100va.pdf,,active,,
standard:etsi-ts-103-765-1-rail-telecommunications-rt-frmcs-transport,ETSI-TS-103-765-1-Rail-Telecommunications-RT-FRMCS-Transport,standard,library,ETSI-TS-103-765-1-Rail-Telecommunications-RT-FRMCS-Transport,https://www.etsi.org/deliver/etsi_ts/103700_103799/10376501/01.01.01_60/ts_10376501v010101p.pdf,,active,,
standard:etsi-ts-103-765-2-rail-telecommunications-rt-frmcs-service-s,ETSI-TS-103-765-2-Rail-Telecommunications-RT-FRMCS-Service-S,standard,library,ETSI-TS-103-765-2-Rail-Telecommunications-RT-FRMCS-Service-S,https://www.etsi.org/deliver/etsi_ts/103700_103799/10376502/01.01.01_60/ts_10376502v010101p.pdf,,active,,
standard:etsi-ts-103-765-4-rail-telecommunications-rt-frmcs-on-networ,ETSI-TS-103-765-4-Rail-Telecommunications-RT-FRMCS-On-Networ,standard,library,ETSI-TS-103-765-4-Rail-Telecommunications-RT-FRMCS-On-Networ,https://www.etsi.org/deliver/etsi_ts/103700_103799/10376504/01.01.01_60/ts_10376504v010101p.pdf,,active,,
standard:etsi-ts-103-774,ETSI TS 103 774,standard,library,ETSI TS 103 774,https://www.etsi.org/deliver/etsi_ts/103700_103799/103774/01.01.01_60/ts_103774v010101p.pdf,,active,,
standard:etsi-ts-104-015,ETSI-TS-104-015,standard,library,ETSI-TS-104-015,https://www.etsi.org/deliver/etsi_ts/104000_104099/104015/01.01.01_60/ts_104015v010101p.pdf,,active,,
standard:etsi-ts-119-312,ETSI-TS-119-312,standard,library,ETSI-TS-119-312,https://www.etsi.org/deliver/etsi_ts/119300_119399/119312/01.05.01_60/ts_119312v010501p.pdf,,active,,
standard:etsi-ts-119-312-v2-1-1-electronic-signatures-and-trust-infra,ETSI-TS-119-312-V2-1-1-Electronic-Signatures-and-Trust-Infra,standard,library,ETSI-TS-119-312-V2-1-1-Electronic-Signatures-and-Trust-Infra,https://www.etsi.org/deliver/etsi_ts/119300_119399/119312/02.01.01_60/ts_119312v020101p.pdf,,active,,
standard:eu-nis-cg-roadmap-v1-1,EU-NIS-CG-Roadmap-v1.1,standard,library,EU-NIS-CG-Roadmap-v1.1,https://digital-strategy.ec.europa.eu/en/library/coordinated-implementation-roadmap-transition-post-quantum-cryptography,,active,,
standard:eu-nis-cg-security-measures-2026,EU-NIS-CG-Security-Measures-2026,standard,library,EU-NIS-CG-Security-Measures-2026,https://digital-strategy.ec.europa.eu/en/policies/nis-cooperation-group,,active,,
standard:eu-nis-cooperation-group-a-coordinated-implementation-roadma,EU-NIS-Cooperation-Group-A-Coordinated-Implementation-Roadma,standard,library,EU-NIS-Cooperation-Group-A-Coordinated-Implementation-Roadma,https://ec.europa.eu/newsroom/dae/redirection/document/117507,,active,,
standard:eu-pqc-recommendation,EU PQC Recommendation,standard,library,EU PQC Recommendation,https://digital-strategy.ec.europa.eu/en/library/recommendation-coordinated-implementation-roadmap-transition-post-quantum-cryptography,,active,,
standard:eu-rec-2024-1101,EU-REC-2024-1101,standard,library,EU-REC-2024-1101,https://eur-lex.europa.eu/legal-content/EN/TXT/PDF/?uri=CELEX:32024H1101,,active,,
standard:eucc-v2-0-acm,EUCC v2.0 ACM,standard,library,EUCC v2.0 ACM,https://certification.enisa.europa.eu/document/download/f4657490-9757-4a97-8deb-fd4d6a1358ee_en?filename=EUCC_guidelines_Agreed+Cryptographic+Mechanisms+v2.pdf,,active,,
standard:eudi-wallet-arf,EUDI-Wallet-ARF,standard,library,EUDI-Wallet-ARF,https://raw.githubusercontent.com/eu-digital-identity-wallet/eudi-doc-architecture-and-reference-framework/v2.9.0/docs/architecture-and-reference-framework-main.md,,active,,
standard:europol-fs-isac-pqc-financial-2026,Europol-FS-ISAC-PQC-Financial-2026,standard,library,Europol-FS-ISAC-PQC-Financial-2026,https://www.europol.europa.eu/cms/sites/default/files/documents/Post-quantum-cryptography-report.pdf,,active,,
standard:europol-qsff-call-to-action-2025,Europol-QSFF-Call-to-Action-2025,standard,library,Europol-QSFF-Call-to-Action-2025,https://www.europol.europa.eu/cms/sites/default/files/documents/Quantum-safe-financial-forum-2025.pdf,,active,,
standard:faest-round2-spec,FAEST-Round2-Spec,standard,library,FAEST-Round2-Spec,https://csrc.nist.gov/csrc/media/Projects/pqc-dig-sig/documents/round-2/spec-files/faest-spec-round2-web.pdf,,active,,
standard:fda-21-cfr-11,FDA-21-CFR-11,standard,library,FDA-21-CFR-11,https://www.ecfr.gov/current/title-21/chapter-I/subchapter-A/part-11,,active,,
standard:federal-pki-common-policy-x-509-certificate-and-crl-profile,Federal-PKI-Common-Policy-X-509-Certificate-and-CRL-Profile,standard,library,Federal-PKI-Common-Policy-X-509-Certificate-and-CRL-Profile,https://www.idmanagement.gov/docs/fpki-x509-cert-profile-common-pqc.pdf,,active,,
standard:ferc-security-program-for-hydropower-projects-division-of-da,FERC-Security-Program-for-Hydropower-Projects-Division-of-Da,standard,library,FERC-Security-Program-for-Hydropower-Projects-Division-of-Da,https://www.ferc.gov/sites/default/files/2020-04/security.pdf,,active,,
standard:ferpa-34-cfr-99,FERPA-34-CFR-99,standard,library,FERPA-34-CFR-99,https://www.ecfr.gov/current/title-34/subtitle-A/part-99,,active,,
standard:final-technical-report-on-migration-to-pqc-28-03-25,Final-technical-report-on-migration-to-PQC-28-03-25,standard,library,Final-technical-report-on-migration-to-PQC-28-03-25,,,active,,
standard:fips-140-3,FIPS-140-3,standard,library,FIPS-140-3,https://csrc.nist.gov/pubs/fips/140-3/final,,active,,
standard:fips-140-3-standard,FIPS-140-3-STANDARD,standard,library,FIPS-140-3-STANDARD,https://nvlpubs.nist.gov/nistpubs/FIPS/NIST.FIPS.140-3.pdf,,active,,
standard:fips-180,FIPS 180,standard,library,FIPS 180,https://csrc.nist.gov/publications/detail/fips/180/4/final,,active,,
standard:fips-180-4,FIPS-180-4,standard,library,FIPS-180-4,https://nvlpubs.nist.gov/nistpubs/FIPS/NIST.FIPS.180-4.pdf,,active,,
standard:fips-186-5,FIPS 186-5,standard,library,FIPS 186-5,https://csrc.nist.gov/pubs/fips/186-5/final,,active,,
standard:fips-197,FIPS-197,standard,library,FIPS-197,https://csrc.nist.gov/pubs/fips/197/final,,active,,
standard:fips-198,FIPS-198,standard,library,FIPS-198,https://nvlpubs.nist.gov/nistpubs/FIPS/NIST.FIPS.198-1.pdf,,active,,
standard:fips-198-1,FIPS-198-1,standard,library,FIPS-198-1,https://csrc.nist.gov/pubs/fips/198-1/final,,active,,
standard:fips-199,FIPS 199,standard,library,FIPS 199,https://nvlpubs.nist.gov/nistpubs/FIPS/NIST.FIPS.199.pdf,,active,,
standard:fips-202,FIPS 202,standard,library,FIPS 202,https://csrc.nist.gov/publications/detail/fips/202/final,,active,,
standard:fips-203,FIPS 203,standard,library,FIPS 203,https://nvlpubs.nist.gov/nistpubs/FIPS/NIST.FIPS.203.pdf,compliance:FIPS-203,active,,
standard:fips-204,FIPS 204,standard,library,FIPS 204,https://nvlpubs.nist.gov/nistpubs/FIPS/NIST.FIPS.204.pdf,compliance:FIPS-204,active,,
standard:fips-205,FIPS 205,standard,library,FIPS 205,https://nvlpubs.nist.gov/nistpubs/FIPS/NIST.FIPS.205.pdf,compliance:FIPS-205,active,,
standard:fips-206,FIPS 206,standard,library,FIPS 206,https://csrc.nist.gov/projects/post-quantum-cryptography,,active,,
standard:fips-207-hqc,FIPS-207-HQC,standard,library,FIPS-207-HQC,,,active,,
standard:fireblocks-mpc-cmp,Fireblocks-MPC-CMP,standard,library,Fireblocks-MPC-CMP,,,active,,
standard:fireblocks-mpc-cmp-whitepaper,Fireblocks-MPC-CMP-Whitepaper,standard,library,Fireblocks-MPC-CMP-Whitepaper,,,active,,
standard:fireblocks-open-source-mpc,Fireblocks-Open-Source-MPC,standard,library,Fireblocks-Open-Source-MPC,,,active,,
standard:fisma-nist-sp-800-53r5,FISMA-NIST-SP-800-53r5,standard,library,FISMA-NIST-SP-800-53r5,https://nvlpubs.nist.gov/nistpubs/SpecialPublications/NIST.SP.800-53r5.pdf,,active,,
standard:forrester-tei-clm-automation,Forrester-TEI-CLM-Automation,standard,library,Forrester-TEI-CLM-Automation,https://www.digicert.com/solutions/security-solutions-for-automation,,active,,
standard:fplll,FPLLL,standard,library,FPLLL,https://github.com/fplll/fplll,,active,,
standard:fra-information-guide-on-positive-train-control-in-49-cfr-pa,FRA-Information-Guide-on-Positive-Train-Control-in-49-CFR-Pa,standard,library,FRA-Information-Guide-on-Positive-Train-Control-in-49-CFR-Pa,https://railroads.dot.gov/sites/fra.dot.gov/files/2022-12/2022_12%20PTC%20FAQs_final.pdf,,active,,
standard:frb-feds-2025093-blockchain-pqc,FRB-FEDS-2025093-Blockchain-PQC,standard,library,FRB-FEDS-2025093-Blockchain-PQC,https://www.federalreserve.gov/econres/feds/harvest-now-decrypt-later-examining-post-quantum-cryptography-and-the-data-privacy-risks-for-distributed-ledger-networks.htm,,active,,
standard:fs-isac-pqc-timeline-2026,FS-ISAC-PQC-Timeline-2026,standard,library,FS-ISAC-PQC-Timeline-2026,https://www.fsisac.com/the-timeline-for-post-quantum-cryptographic-migration,,active,,
standard:g7-cb-qt-financial-2026,G7-CB-QT-Financial-2026,standard,library,G7-CB-QT-Financial-2026,https://www.banque-france.fr/en/press-release/g7-central-banks-publish-first-reference-report-quantum-technologies-and-their-implications,,active,,
standard:g7-financial-pqc-roadmap-2026,G7-Financial-PQC-Roadmap-2026,standard,library,G7-Financial-PQC-Roadmap-2026,https://home.treasury.gov/news/press-releases/sb0355,,active,,
standard:galileo-ft-platform,Galileo-FT-Platform,standard,library,Galileo-FT-Platform,,,active,,
standard:gaps-in-operational-visibility-for-post-quantum-cryptographi,Gaps-in-Operational-Visibility-for-Post-Quantum-Cryptographi,standard,library,Gaps-in-Operational-Visibility-for-Post-Quantum-Cryptographi,https://datatracker.ietf.org/doc/draft-vicente-pquip-pqc-readiness-gaps/,,active,,
standard:gartner-cryptocoe-mahdi,Gartner-CryptoCOE-Mahdi,standard,library,Gartner-CryptoCOE-Mahdi,https://www.entrust.com/blog/2020/11/why-a-cryptographic-center-of-excellence-is-critical-for-your-business-explains-gartners-david-mahdi,,active,,
standard:gartner-pqc-time-to-prepare,Gartner-PQC-Time-To-Prepare,standard,library,Gartner-PQC-Time-To-Prepare,https://www.gartner.com/en/documents/5550295,,active,,
standard:gfma-quantum-migration-mapping-the-emerging-landscape-octobe,GFMA-Quantum-Migration-Mapping-the-Emerging-Landscape-Octobe,standard,library,GFMA-Quantum-Migration-Mapping-the-Emerging-Landscape-Octobe,https://www.sifma.org/wp-content/uploads/2025/10/Quantum-Migration-October-2025-GFMA.pdf,,active,,
standard:ghostlock-a-hybrid-post-quantum-encryption-protocol,GhostLock-A-Hybrid-Post-Quantum-Encryption-Protocol,standard,library,GhostLock-A-Hybrid-Post-Quantum-Encryption-Protocol,https://datatracker.ietf.org/doc/draft-petrucci-ghostlock-hkem/,,active,,
standard:google-quantumai-ec-crypto-quantum-2026,Google-QuantumAI-EC-Crypto-Quantum-2026,standard,library,Google-QuantumAI-EC-Crypto-Quantum-2026,https://quantumai.google/static/site-assets/downloads/cryptocurrency-whitepaper.pdf,,active,,
standard:gophersecurity-pqc-agility-mcp-2026,GopherSecurity-PQC-Agility-MCP-2026,standard,library,GopherSecurity-PQC-Agility-MCP-2026,https://www.gopher.security/blog/post-quantum-cryptographic-agility-mcp-transport,,active,,
standard:gri-quantum-threat-timeline-2024,GRI-Quantum-Threat-Timeline-2024,standard,library,GRI-Quantum-Threat-Timeline-2024,https://globalriskinstitute.org/mp-files/quantum-threat-timeline-report-2024.pdf/,,active,,
standard:gri-quantum-threat-timeline-2025,GRI-Quantum-Threat-Timeline-2025,standard,library,GRI-Quantum-Threat-Timeline-2025,https://globalriskinstitute.org/publication/quantum-threat-timeline-report-2025b/,,active,,
standard:gsa-pqc-buyers-guide-2025,GSA-PQC-Buyers-Guide-2025,standard,library,GSA-PQC-Buyers-Guide-2025,https://buy.gsa.gov/api/system/files/documents/final-508c-pqc_buyer-s_guide_2025.pdf,,active,,
standard:gsma-fs-50-pqc-guidelines,GSMA FS.50 PQC Guidelines,standard,library,GSMA FS.50 PQC Guidelines,https://www.gsma.com/newsroom/wp-content/uploads/PQ.03-Post-Quantum-Cryptography-Guidelines-for-Telecom-Use-Cases-v2.0-2.pdf,,active,,
standard:gsma-ng116,GSMA-NG116,standard,library,GSMA-NG116,https://www.gsma.com/solutions-and-impact/technologies/security/post-quantum-cryptography-documents/,,active,,
standard:gsma-pq-03-pqc-guidelines,GSMA PQ.03 PQC Guidelines,standard,library,GSMA PQ.03 PQC Guidelines,https://www.gsma.com/newsroom/wp-content/uploads/PQ.03-Post-Quantum-Cryptography-Guidelines-for-Telecom-Use-Cases-v2.0-2.pdf,,active,,
standard:gsma-pq01,GSMA-PQ01,standard,library,GSMA-PQ01,https://www.gsma.com/newsroom/wp-content/uploads/PQ.1-Post-Quantum-Telco-Network-Impact-Assessment-Whitepaper-Version1.0.pdf,,active,,
standard:gsma-pq02,GSMA-PQ02,standard,library,GSMA-PQ02,https://www.gsma.com/solutions-and-impact/technologies/security/post-quantum-cryptography-documents/,,active,,
standard:gsma-pq03-v2-2024,GSMA-PQ03-v2-2024,standard,library,GSMA-PQ03-v2-2024,https://www.gsma.com/newsroom/wp-content/uploads//PQ.03-Post-Quantum-Cryptography-Guidelines-for-Telecom-Use-Cases-v2.0-2.pdf,,active,,
standard:gsma-pqc-country-survey-2025,GSMA-PQC-Country-Survey-2025,standard,library,GSMA-PQC-Country-Survey-2025,https://www.gsma.com/newsroom/wp-content/uploads//Post-Quantum-Government-Initiatives-by-Country-and-Region-02-Mar-2025-Clean.pdf,,active,,
standard:gss-api-key-exchange-with-hybrid-ml-kem,GSS-API-Key-Exchange-with-hybrid-ML-KEM,standard,library,GSS-API-Key-Exchange-with-hybrid-ML-KEM,https://datatracker.ietf.org/doc/draft-kario-gss-keyex-pqc/,,active,,
standard:hex-trust-custody,Hex-Trust-Custody,standard,library,Hex-Trust-Custody,,,active,,
standard:hitech-pl-111-5,HITECH-PL-111-5,standard,library,HITECH-PL-111-5,https://www.govinfo.gov/content/pkg/PLAW-111publ5/pdf/PLAW-111publ5.pdf,,active,,
standard:hk-ci-ordinance-2025,HK-CI-Ordinance-2025,standard,library,HK-CI-Ordinance-2025,https://www.info.gov.hk/gia/general/202506/27/P2025062700238.htm,,active,,
standard:hkma-fintech-adoption-report-2025,HKMA-Fintech-Adoption-Report-2025,standard,library,HKMA-Fintech-Adoption-Report-2025,,,active,,
standard:hkma-fintech-blueprint-2026,HKMA-Fintech-Blueprint-2026,standard,library,HKMA-Fintech-Blueprint-2026,https://www.hkma.gov.hk/eng/news-and-media/press-releases/2026/02/20260203-3/,,active,,
standard:hqc-specification,HQC Specification,standard,library,HQC Specification,https://pqc-hqc.org/doc/hqc_specifications_2025_08_22.pdf,,active,,
standard:hsbc-infosecglobal-thales-cryptographicinventory-2025,HSBC-InfoSecGlobal-Thales-CryptographicInventory-2025,standard,library,HSBC-InfoSecGlobal-Thales-CryptographicInventory-2025,https://www.ventures.hsbc.com/-/media/ventures/250602-cryptographic-inventory-deriving-value-today-preparing-for-tomorrow-2025.pdf,,active,,
standard:https-arxiv-org-pdf-2505-08791,https-arxiv-org-pdf-2505-08791,standard,library,https-arxiv-org-pdf-2505-08791,https://arxiv.org/pdf/2505.08791,,active,,
standard:https-arxiv-org-pdf-2510-10436,https-arxiv-org-pdf-2510-10436,standard,library,https-arxiv-org-pdf-2510-10436,https://arxiv.org/pdf/2510.10436,,active,,
standard:https-arxiv-org-pdf-2606-04669,https-arxiv-org-pdf-2606-04669,standard,library,https-arxiv-org-pdf-2606-04669,https://arxiv.org/pdf/2606.04669,,active,,
standard:https-nukib-gov-cz-download-publications-en-annex-20to-20the,https-nukib-gov-cz-download-publications-en-Annex-20to-20the,standard,library,https-nukib-gov-cz-download-publications-en-Annex-20to-20the,https://nukib.gov.cz/download/publications_en/Annex%20to%20the%20document_Minimum%20Requirements%20for%20Cryptographic%20Algorithms.pdf,,active,,
standard:hybrid-post-quantum-and-traditional-authentication-for-ikev2,Hybrid-Post-Quantum-and-Traditional-Authentication-for-IKEv2,standard,library,Hybrid-Post-Quantum-and-Traditional-Authentication-for-IKEv2,https://datatracker.ietf.org/doc/draft-reddy-ipsecme-pqt-hybrid-auth/,,active,,
standard:hybrid-post-quantum-password-authenticated-key-exchange,Hybrid-Post-Quantum-Password-Authenticated-Key-Exchange,standard,library,Hybrid-Post-Quantum-Password-Authenticated-Key-Exchange,https://datatracker.ietf.org/doc/draft-vos-cfrg-pqpake/,,active,,
standard:hyperledger-besu-overview,Hyperledger-Besu-Overview,standard,library,Hyperledger-Besu-Overview,,,active,,
standard:hyperledger-fabric-crypto,Hyperledger-Fabric-Crypto,standard,library,Hyperledger-Fabric-Crypto,,,active,,
standard:iacr-2018-952,IACR-2018-952,standard,library,IACR-2018-952,https://eprint.iacr.org/2017/633.pdf,,active,,
standard:iacr-2019-1086,IACR-2019-1086,standard,library,IACR-2019-1086,https://eprint.iacr.org/2019/1086.pdf,,active,,
standard:iacr-2022-1031,IACR-2022-1031,standard,library,IACR-2022-1031,https://eprint.iacr.org/2017/634.pdf,,active,,
standard:iacr-2022-952-frodokem-rowhammer,IACR-2022-952-FrodoKEM-Rowhammer,standard,library,IACR-2022-952-FrodoKEM-Rowhammer,https://eprint.iacr.org/2022/952,,active,,
standard:iacr-2024-1828-mceliece-sca-fault,IACR-2024-1828-McEliece-SCA-Fault,standard,library,IACR-2024-1828-McEliece-SCA-Fault,https://eprint.iacr.org/2024/1828,,active,,
standard:ibm-cbom-harishankar,IBM-CBOM-Harishankar,standard,library,IBM-CBOM-Harishankar,https://research.ibm.com/blog/cryptographic-bill-of-materials,,active,,
standard:ibm-ibv-secure-postquantum-2025,IBM-IBV-Secure-PostQuantum-2025,standard,library,IBM-IBV-Secure-PostQuantum-2025,https://www.ibm.com/thought-leadership/institute-business-value/en-us/report/2025-quantum-safe-readiness,,active,,
standard:ibm-quantum-safe-research,IBM-Quantum-Safe-Research,standard,library,IBM-Quantum-Safe-Research,https://www.research.ibm.com/blog/nist-pqc-standards,,active,,
standard:iec-62443,IEC 62443,standard,library,IEC 62443,https://www.iec.ch/taxonomy/term/778,,active,,
standard:ieee-1363,IEEE 1363,standard,library,IEEE 1363,https://standards.ieee.org/ieee/1363/1024/,,active,,
standard:ieee-1363a,IEEE 1363a,standard,library,IEEE 1363a,https://standards.ieee.org/ieee/1363a/2004/,,active,,
standard:ieee-1609-2-amendment,IEEE 1609.2 Amendment,standard,library,IEEE 1609.2 Amendment,https://standards.ieee.org/ieee/1609.2/7389/,,active,,
standard:ieee-802-1ae-2018,IEEE-802-1AE-2018,standard,library,IEEE-802-1AE-2018,https://standards.ieee.org/ieee/802.1AE/6095/,,active,,
standard:ieee-p1931-1-rosa,IEEE-P1931-1-ROSA,standard,library,IEEE-P1931-1-ROSA,https://standards.ieee.org/ieee/1931.1/7556/,,active,,
standard:ietf-lamps-composite-kem-11,IETF-LAMPS-COMPOSITE-KEM-11,standard,library,IETF-LAMPS-COMPOSITE-KEM-11,https://www.ietf.org/archive/id/draft-ietf-lamps-pq-composite-kem-14.txt,,active,,
standard:ietf-ml-kem-for-tls-1-3,IETF-ML-KEM-for-TLS-1.3,standard,library,IETF-ML-KEM-for-TLS-1.3,,,active,,
standard:ietf-mtc-draft-09,IETF-MTC-Draft-09,standard,library,IETF-MTC-Draft-09,https://datatracker.ietf.org/doc/draft-ietf-plants-merkle-tree-certs/04/,,active,,
standard:ietf-rfc-3394,IETF RFC 3394,standard,library,IETF RFC 3394,https://www.rfc-editor.org/rfc/rfc3394,,active,,
standard:ietf-rfc-4210-cmp,IETF-RFC-4210-CMP,standard,library,IETF-RFC-4210-CMP,https://www.rfc-editor.org/rfc/rfc4210,,active,,
standard:ietf-rfc-4253,IETF RFC 4253,standard,library,IETF RFC 4253,https://www.rfc-editor.org/rfc/rfc4253.html,,active,,
standard:ietf-rfc-4556,IETF RFC 4556,standard,library,IETF RFC 4556,https://www.rfc-editor.org/rfc/rfc4556,,active,,
standard:ietf-rfc-4880,IETF RFC 4880,standard,library,IETF RFC 4880,https://www.rfc-editor.org/rfc/rfc4880,,active,,
standard:ietf-rfc-5480,IETF RFC 5480,standard,library,IETF RFC 5480,https://www.rfc-editor.org/rfc/rfc5480,,active,,
standard:ietf-rfc-5649,IETF RFC 5649,standard,library,IETF RFC 5649,https://www.rfc-editor.org/rfc/rfc5649,,active,,
standard:ietf-rfc-5656,IETF RFC 5656,standard,library,IETF RFC 5656,https://www.rfc-editor.org/rfc/rfc5656,,active,,
standard:ietf-rfc-6979,IETF RFC 6979,standard,library,IETF RFC 6979,https://www.rfc-editor.org/rfc/rfc6979,,active,,
standard:ietf-rfc-7030-est,IETF-RFC-7030-EST,standard,library,IETF-RFC-7030-EST,https://www.rfc-editor.org/rfc/rfc7030,,active,,
standard:ietf-rfc-7296,IETF RFC 7296,standard,library,IETF RFC 7296,https://www.rfc-editor.org/rfc/rfc7296.html,,active,,
standard:ietf-rfc-7465,IETF-RFC-7465,standard,library,IETF-RFC-7465,https://www.rfc-editor.org/rfc/rfc7465,,active,,
standard:ietf-rfc-7662,IETF RFC 7662,standard,library,IETF RFC 7662,https://www.rfc-editor.org/rfc/rfc7662,,active,,
standard:ietf-rfc-8391,IETF RFC 8391,standard,library,IETF RFC 8391,https://www.rfc-editor.org/rfc/rfc8391.html,,active,,
standard:ietf-rfc-8554,IETF RFC 8554,standard,library,IETF RFC 8554,https://www.rfc-editor.org/rfc/rfc8554.html,,active,,
standard:ietf-rfc-8555,IETF-RFC-8555,standard,library,IETF-RFC-8555,https://www.rfc-editor.org/rfc/rfc8555,,active,,
standard:ietf-rfc-8709,IETF RFC 8709,standard,library,IETF RFC 8709,https://www.rfc-editor.org/rfc/rfc8709,,active,,
standard:ietf-rfc-8731,IETF RFC 8731,standard,library,IETF RFC 8731,https://www.rfc-editor.org/rfc/rfc8731.html,,active,,
standard:ietf-rfc-8784,IETF RFC 8784,standard,library,IETF RFC 8784,https://www.rfc-editor.org/rfc/rfc8784.html,,active,,
standard:ietf-rfc-8996,IETF-RFC-8996,standard,library,IETF-RFC-8996,https://www.rfc-editor.org/rfc/rfc8996,,active,,
standard:ietf-rfc-9162,IETF RFC 9162,standard,library,IETF RFC 9162,https://www.rfc-editor.org/rfc/rfc9162,,active,,
standard:ietf-rfc-9180,IETF RFC 9180,standard,library,IETF RFC 9180,https://www.rfc-editor.org/rfc/rfc9180,,active,,
standard:ietf-rfc-9258,IETF RFC 9258,standard,library,IETF RFC 9258,https://www.rfc-editor.org/rfc/rfc9258,,active,,
standard:ietf-rfc-9370,IETF RFC 9370,standard,library,IETF RFC 9370,https://www.rfc-editor.org/rfc/rfc9370.html,,active,,
standard:ietf-rfc-9700,IETF RFC 9700,standard,library,IETF RFC 9700,https://www.rfc-editor.org/rfc/rfc9700,,active,,
standard:ietf-rfc-9701,IETF RFC 9701,standard,library,IETF RFC 9701,https://www.rfc-editor.org/rfc/rfc9701,,active,,
standard:ietf-rfc-9763,IETF RFC 9763,standard,library,IETF RFC 9763,https://www.rfc-editor.org/rfc/rfc9763,,active,,
standard:ietf-rfc-9909,IETF RFC 9909,standard,library,IETF RFC 9909,https://www.rfc-editor.org/rfc/rfc9909,,active,,
standard:ietf-sd-jwt-draft,IETF-SD-JWT-Draft,standard,library,IETF-SD-JWT-Draft,https://datatracker.ietf.org/doc/draft-ietf-oauth-selective-disclosure-jwt/,,active,,
standard:ietf-tls-ecdhe-mlkem-03,IETF-TLS-ECDHE-MLKEM-03,standard,library,IETF-TLS-ECDHE-MLKEM-03,https://datatracker.ietf.org/doc/draft-ietf-tls-ecdhe-mlkem/,,active,,
standard:ietf-token-status-list,IETF-Token-Status-List,standard,library,IETF-Token-Status-List,https://datatracker.ietf.org/doc/draft-ietf-oauth-status-list/20/,,active,,
standard:il-incd-cybersecurity-strategy-2025,IL-INCD-Cybersecurity-Strategy-2025,standard,library,IL-INCD-Cybersecurity-Strategy-2025,https://www.gov.il/BlobFolder/news/cyber_strategy_2025/en/israel_national_cybersecurity_strategy_feb2025.pdf,,active,,
standard:imo-msc-fal-1-circ-3-rev-2-guidelines-on-maritime-cyber-risk,IMO-MSC-FAL-1-Circ-3-Rev-2-Guidelines-on-Maritime-Cyber-Risk,standard,library,IMO-MSC-FAL-1-Circ-3-Rev-2-Guidelines-on-Maritime-Cyber-Risk,https://wwwcdn.imo.org/localresources/en/OurWork/Security/Documents/MSC-FAL.1-Circ.3-Rev.2%20-%20Guidelines%20On%20Maritime%20Cyber%20Risk%20Management%20(Secretariat)%20(1).pdf,,active,,
standard:in-certin-qbom-guidelines-2025,IN-CERTIN-QBOM-Guidelines-2025,standard,library,IN-CERTIN-QBOM-Guidelines-2025,"https://www.cert-in.org.in/PDF/TechnicalGuidelines-on-SBOM,QBOM&CBOM,AIBOM_and_HBOM_ver2.0.pdf",,active,,
standard:in-tec-pqc-migration-report-2025,IN-TEC-PQC-Migration-Report-2025,standard,library,IN-TEC-PQC-Migration-Report-2025,https://www.tec.gov.in/pdf/TR/Final%20technical%20report%20on%20migration%20to%20PQC%2028-03-25.pdf,,active,,
standard:india-dst-nqm-roadmap,India-DST-NQM-Roadmap,standard,library,India-DST-NQM-Roadmap,https://dst.gov.in/sites/default/files/Report_TaskForce_PQMigration_4Feb26%20(v1).pdf,,active,,
standard:india-dst-quantum-safe-roadmap-2026,India-DST-Quantum-Safe-Roadmap-2026,standard,library,India-DST-Quantum-Safe-Roadmap-2026,https://dst.gov.in/sites/default/files/Report_TaskForce_PQMigration_4Feb26%20(v1).pdf,,active,,
standard:india-tec-910018-2025,India-TEC-910018-2025,standard,library,India-TEC-910018-2025,https://www.tec.gov.in/pdf/TR/Final%20technical%20report%20on%20migration%20to%20PQC%2028-03-25.pdf,,active,,
standard:intel-pqc-research,Intel-PQC-Research,standard,library,Intel-PQC-Research,https://www.intel.com/content/www/us/en/research/blogs/post-quantum-cryptography.html,,active,,
standard:invicti-owasp-cryptofailures-2025,Invicti-OWASP-CryptoFailures-2025,standard,library,Invicti-OWASP-CryptoFailures-2025,https://www.invicti.com/blog/web-security/cryptographic-failures,,active,,
standard:iota-tangle-signatures,IOTA-Tangle-Signatures,standard,library,IOTA-Tangle-Signatures,,,active,,
standard:ipv4-5-a-locator-identifier-separated-extension-to-ipv4-with,IPv4-5-A-Locator-Identifier-Separated-Extension-to-IPv4-with,standard,library,IPv4-5-A-Locator-Identifier-Separated-Extension-to-IPv4-with,https://datatracker.ietf.org/doc/draft-matsukami-intarea-ipv45/,,active,,
standard:iso-14971-2000,ISO-14971-2000,standard,library,ISO-14971-2000,https://www.iso.org/standard/31550.html,,active,,
standard:iso-18013-5-mdl,ISO-18013-5-mDL,standard,library,ISO-18013-5-mDL,https://www.iso.org/standard/69084.html,,active,,
standard:iso-26262-road-vehicles-functional-safety,ISO-26262-Road-vehicles-Functional-safety,standard,library,ISO-26262-Road-vehicles-Functional-safety,https://www.iso.org/publication/PUB200262.html,,active,,
standard:iso-27001,ISO-27001,standard,library,ISO-27001,,,active,,
standard:iso-iec-14888-42024,ISO/IEC 14888-4:2024,standard,library,ISO/IEC 14888-4:2024,https://www.iso.org/standard/80492.html,,active,,
standard:iso-iec-17799-2000,ISO-IEC-17799-2000,standard,library,ISO-IEC-17799-2000,https://www.iso.org/standard/33441.html,,active,,
standard:iso-iec-18033-2-2006-amd-2-2026-information-technology-secur,ISO-IEC-18033-2-2006-Amd-2-2026-Information-technology-Secur,standard,library,ISO-IEC-18033-2-2006-Amd-2-2026-Information-technology-Secur,https://www.iso.org/standard/86890.html,,active,,
standard:iso-iec-18033-22006,ISO/IEC 18033-2:2006,standard,library,ISO/IEC 18033-2:2006,https://www.iso.org/standard/37971.html,,active,,
standard:iso-iec-18033-22006-amd12017,ISO/IEC 18033-2:2006/AMD1:2017,standard,library,ISO/IEC 18033-2:2006/AMD1:2017,https://www.iso.org/standard/85646.html,,active,,
standard:iso-iec-19790,ISO-IEC-19790,standard,library,ISO-IEC-19790,,,active,,
standard:iso-iec-23837-1,ISO-IEC-23837-1,standard,library,ISO-IEC-23837-1,https://www.iso.org/standard/77097.html,,active,,
standard:iso-iec-23837-2,ISO-IEC-23837-2,standard,library,ISO-IEC-23837-2,https://www.iso.org/standard/77309.html,,active,,
standard:iso-iec-24759,ISO-IEC-24759,standard,library,ISO-IEC-24759,,,active,,
standard:iso-iec-27001-2022,ISO-IEC-27001-2022,standard,library,ISO-IEC-27001-2022,https://www.iso.org/standard/27001,,active,,
standard:iso-iec-np-29192-8,ISO/IEC NP 29192-8,standard,library,ISO/IEC NP 29192-8,https://www.iso.org/standard/80114.html,,active,,
standard:itpro-monetizing-quantum-shift-pqc-2026,ITPro-Monetizing-Quantum-Shift-PQC-2026,standard,library,ITPro-Monetizing-Quantum-Shift-PQC-2026,https://www.itpro.com/security/monetizing-the-quantum-shift-11-pqc-channel-opportunities,,active,,
standard:itu-t-x-1819,ITU-T X.1819,standard,library,ITU-T X.1819,https://www.itu.int/rec/dologin_pub.asp?lang=e&id=T-REC-X.1819-202409-I!!PDF-E&type=items,,active,,
standard:itu-t-x-1819-2024,ITU-T-X.1819-2024,standard,library,ITU-T-X.1819-2024,https://www.itu.int/rec/T-REC-X.1819-202409-I/en,,active,,
standard:itu-t-x1811,ITU-T-X1811,standard,library,ITU-T-X1811,https://www.itu.int/rec/T-REC-X.1811,,active,,
standard:itu-t-x509-2019,ITU-T-X509-2019,standard,library,ITU-T-X509-2019,https://www.itu.int/rec/T-REC-X.509-201910-I/en,,active,,
standard:japan-cryptrec-report-2024,Japan CRYPTREC Report 2024,standard,library,Japan CRYPTREC Report 2024,https://www.cryptrec.go.jp/report/cryptrec-gl-2007-2024.pdf,,active,,
standard:jpmorgan-rwpqc-2025,JPMorgan-RWPQC-2025,standard,library,JPMorgan-RWPQC-2025,https://na.eventscloud.com/file_uploads/ab7bb42621635d48dc3daf1fe30d5def_Day1-1530-JPMorgan_Chase_RWPQC25.pdf,,active,,
standard:ke-dpa-text,KE-DPA-TEXT,standard,library,KE-DPA-TEXT,http://kenyalaw.org/kl/fileadmin/pdfdownloads/Acts/2019/TheDataProtectionAct__No24of2019.pdf,,active,,
standard:kem-based-authentication-for-ikev2-with-post-quantum-securit,KEM-based-Authentication-for-IKEv2-with-Post-quantum-Securit,standard,library,KEM-based-Authentication-for-IKEv2-with-Post-quantum-Securit,https://datatracker.ietf.org/doc/draft-wang-ipsecme-kem-auth-ikev2/,,active,,
standard:keyfactor-introducing-cbom,Keyfactor-Introducing-CBOM,standard,library,Keyfactor-Introducing-CBOM,https://www.keyfactor.com/blog/introducing-the-cryptographic-bill-of-materials-cbom-a-foundation-for-modern-cryptographic-management/,,active,,
standard:klepto-2014-dualec-backdoor,KLEPTO-2014-DualEC-Backdoor,standard,library,KLEPTO-2014-DualEC-Backdoor,https://www.usenix.org/system/files/conference/usenixsecurity14/sec14-paper-checkoway.pdf,,active,,
standard:klepto-2022-kyber-backdoor,KLEPTO-2022-Kyber-Backdoor,standard,library,KLEPTO-2022-Kyber-Backdoor,https://eprint.iacr.org/2022/1681,,active,,
standard:kmip-v2-1-oasis,KMIP-V2-1-OASIS,standard,library,KMIP-V2-1-OASIS,https://docs.oasis-open.org/kmip/kmip-spec/v2.1/os/kmip-spec-v2.1-os.html,,active,,
standard:komainu-custody,Komainu-Custody,standard,library,Komainu-Custody,,,active,,
standard:kpqc-aimer,KpqC-AIMer,standard,library,KpqC-AIMer,https://www.kpqc.or.kr/images/pdf/AIMer.pdf,,active,,
standard:kpqc-competition-results,KpqC-Competition-Results,standard,library,KpqC-Competition-Results,https://www.kpqc.or.kr/competition.html,,active,,
standard:kpqc-haetae,KpqC-HAETAE,standard,library,KpqC-HAETAE,https://kpqc.cryptolab.co.kr/haetae,,active,,
standard:kpqc-ntru-plus,KpqC-NTRU-Plus,standard,library,KpqC-NTRU-Plus,https://www.kpqc.or.kr/images/pdf/NTRU+.pdf,,active,,
standard:kpqc-smaug-t,KpqC-SMAUG-T,standard,library,KpqC-SMAUG-T,https://kpqc.cryptolab.co.kr/smaug-t,,active,,
standard:labour-tech-defend-or-depend-policy-2025,Labour-Tech-Defend-or-Depend-Policy-2025,standard,library,Labour-Tech-Defend-or-Depend-Policy-2025,https://labour-tech.org.uk/wp-content/uploads/2025/10/Labour-Tech-Defend-or-Depend-Policy-Report-1.pdf,,active,,
standard:lattice-estimator,Lattice-Estimator,standard,library,Lattice-Estimator,https://github.com/malb/lattice-estimator,,active,,
standard:ledger-enterprise-mpc-readiness,Ledger-Enterprise-MPC-Readiness,standard,library,Ledger-Enterprise-MPC-Readiness,,,active,,
standard:liboqs-cpp,Liboqs-cpp,standard,library,Liboqs-cpp,https://github.com/open-quantum-safe/liboqs-cpp,,active,,
standard:liboqs-go,Liboqs-go,standard,library,Liboqs-go,https://github.com/open-quantum-safe/liboqs-go,,active,,
standard:liboqs-python,Liboqs-python,standard,library,Liboqs-python,https://github.com/open-quantum-safe/liboqs-python,,active,,
standard:liboqs-v0-15-0,liboqs-v0.15.0,standard,library,liboqs-v0.15.0,https://openquantumsafe.org/liboqs/,,active,,
standard:malaysia-nacsa-pqc-2025,Malaysia-NACSA-PQC-2025,standard,library,Malaysia-NACSA-PQC-2025,https://www.nacsa.gov.my/,,active,,
standard:matter-1-6-core-specification,Matter-1-6-Core-Specification,standard,library,Matter-1-6-Core-Specification,https://csa-iot.org/wp-content/uploads/2026/06/23-27349-011_Matter-1.6-Core-Specification.pdf,,active,,
standard:mckinsey-pqc-preparation,McKinsey-PQC-Preparation,standard,library,McKinsey-PQC-Preparation,https://www.mckinsey.com/capabilities/mckinsey-digital/our-insights/when-and-how-to-prepare-for-post-quantum-cryptography,,active,,
standard:mdpi-2018-ntru-singletrace-sca,MDPI-2018-NTRU-SingleTrace-SCA,standard,library,MDPI-2018-NTRU-SingleTrace-SCA,https://doi.org/10.3390/app8112014,,active,,
standard:merkle-tree-agent-certificates-mtac-batch-issued-post-quantu,Merkle-Tree-Agent-Certificates-MTAC-Batch-Issued-Post-Quantu,standard,library,Merkle-Tree-Agent-Certificates-MTAC-Batch-Issued-Post-Quantu,https://datatracker.ietf.org/doc/draft-burls-mtac/,,active,,
standard:meta-pqc-migration-2026,Meta-PQC-Migration-2026,standard,library,Meta-PQC-Migration-2026,https://engineering.fb.com/2026/04/16/security/post-quantum-cryptography-migration-at-meta-framework-lessons-and-takeaways/,,active,,
standard:mica-reg-2023-1114,MICA-REG-2023-1114,standard,library,MICA-REG-2023-1114,https://eur-lex.europa.eu/legal-content/EN/TXT/PDF/?uri=CELEX:32023R1114,,active,,
standard:microchip-ts1800-pqc-rootoftrust-2026,Microchip-TS1800-PQC-RootOfTrust-2026,standard,library,Microchip-TS1800-PQC-RootOfTrust-2026,https://embeddedcomputing.com/technology/processing/compute-modules/microchip-expands-family-of-post-quantum-ready-root-of-trust-controllers,,active,,
standard:microsoft-crypto-inventory-cpm-2026,Microsoft-Crypto-Inventory-CPM-2026,standard,library,Microsoft-Crypto-Inventory-CPM-2026,https://www.microsoft.com/en-us/security/blog/2026/04/16/building-your-cryptographic-inventory-a-customer-strategy-for-cryptographic-posture-management/,,active,,
standard:microsoft-pqc-research,Microsoft-PQC-Research,standard,library,Microsoft-PQC-Research,https://www.microsoft.com/en-us/research/project/post-quantum-cryptography/,,active,,
standard:microsoft-qsp-roadmap-2025,Microsoft-QSP-Roadmap-2025,standard,library,Microsoft-QSP-Roadmap-2025,https://www.microsoft.com/en-us/security/blog/,,active,,
standard:module-lattice-based-signatures-with-merkle-tree-ladders-ml,Module-Lattice-Based-Signatures-with-Merkle-Tree-Ladders-ML,standard,library,Module-Lattice-Based-Signatures-with-Merkle-Tree-Ladders-ML,https://datatracker.ietf.org/doc/draft-kaizer-dnsop-ml-dsa-mtl-dnssec/,,active,,
standard:mqom-round2-spec,MQOM-Round2-Spec,standard,library,MQOM-Round2-Spec,https://www.mqom.org/docs/mqom-v2.1.pdf,,active,,
standard:multi-authentication-in-ikev2-with-post-quantum-security,Multi-Authentication-in-IKEv2-with-Post-quantum-Security,standard,library,Multi-Authentication-in-IKEv2-with-Post-quantum-Security,https://datatracker.ietf.org/doc/draft-wang-ipsecme-multi-auth-ikev2-pq/,,active,,
standard:mvps-proof-envelope-tamper-evident-binding-of-theorem-catalo,MVPS-Proof-Envelope-Tamper-Evident-Binding-of-Theorem-Catalo,standard,library,MVPS-Proof-Envelope-Tamper-Evident-Binding-of-Theorem-Catalo,https://datatracker.ietf.org/doc/draft-melegassi-ippm-mvps-proof-envelope/,,active,,
standard:n-pamp-native-post-quantum-agent-messaging-protocol,N-PAMP-Native-Post-Quantum-Agent-Messaging-Protocol,standard,library,N-PAMP-Native-Post-Quantum-Agent-Messaging-Protocol,https://datatracker.ietf.org/doc/draft-bubblefish-npamp/,,active,,
standard:naic-insurance-data-security-model-law-mdl-668,NAIC-Insurance-Data-Security-Model-Law-MDL-668,standard,library,NAIC-Insurance-Data-Security-Model-Law-MDL-668,https://content.naic.org/sites/default/files/model-law-668.pdf,,active,,
standard:nato-quantum-strategy-2024,NATO-Quantum-Strategy-2024,standard,library,NATO-Quantum-Strategy-2024,https://www.nato.int/cps/en/natohq/news_221601.htm,,active,,
standard:new-hybrid-post-quantum-protocol-specification,New-Hybrid-Post-Quantum-Protocol-Specification,standard,library,New-Hybrid-Post-Quantum-Protocol-Specification,https://datatracker.ietf.org/doc/draft-muhammad-ahkp-pqcprotocol/,,active,,
standard:new-pure-post-quantum-protocol-specification,New-Pure-Post-Quantum-Protocol-Specification,standard,library,New-Pure-Post-Quantum-Protocol-Specification,https://datatracker.ietf.org/doc/draft-muhammad-apkp-pqcprotocol/,,active,,
standard:new-pure-post-quantum-protocol-specification-2,New-Pure-Post-Quantum-Protocol-Specification-2,standard,library,New-Pure-Post-Quantum-Protocol-Specification-2,https://datatracker.ietf.org/doc/draft-muhammad-pquip-apkp-pqcprotocol/,,active,,
standard:niap,NIAP,standard,library,NIAP,https://www.niap-ccevs.org/,,active,,
standard:niap-ccevs-manual,NIAP-CCEVS-MANUAL,standard,library,NIAP-CCEVS-MANUAL,https://www.niap-ccevs.org/Documents_and_Guidance/ccevs/scheme-pub-2.pdf,,active,,
standard:niap-ccevs-policy,NIAP-CCEVS-POLICY,standard,library,NIAP-CCEVS-POLICY,https://www.niap-ccevs.org/Documents_and_Guidance/ccevs/policy-ltr-26.pdf,,active,,
standard:nist-acvp,NIST-ACVP,standard,library,NIST-ACVP,https://csrc.nist.gov/projects/cryptographic-algorithm-validation-program,,active,,
standard:nist-cmvp-mip-list,NIST-CMVP-MIP-List,standard,library,NIST-CMVP-MIP-List,https://csrc.nist.gov/projects/cryptographic-module-validation-program/modules-in-process/modules-in-process-list,,active,,
standard:nist-cmvp-validated-modules,NIST-CMVP-Validated-Modules,standard,library,NIST-CMVP-Validated-Modules,https://csrc.nist.gov/projects/cryptographic-module-validation-program/validated-modules/search,,active,,
standard:nist-fips-140-3-ig-sep-2025-pqc,NIST-FIPS-140-3-IG-Sep-2025-PQC,standard,library,NIST-FIPS-140-3-IG-Sep-2025-PQC,https://csrc.nist.gov/csrc/media/Projects/cryptographic-module-validation-program/documents/fips%20140-3/FIPS%20140-3%20IG.pdf,,active,,
standard:nist-fips140-3-ig-pqc,NIST-FIPS140-3-IG-PQC,standard,library,NIST-FIPS140-3-IG-PQC,https://csrc.nist.gov/csrc/media/Projects/cryptographic-module-validation-program/documents/fips%20140-3/FIPS%20140-3%20IG.pdf,,active,,
standard:nist-ir-8105,NIST IR 8105,standard,library,NIST IR 8105,https://nvlpubs.nist.gov/nistpubs/ir/2016/NIST.IR.8105.pdf,,active,,
standard:nist-ir-8309,NIST IR 8309,standard,library,NIST IR 8309,https://csrc.nist.gov/pubs/ir/8309/final,,active,,
standard:nist-ir-8320e,NIST IR 8320E,standard,library,NIST IR 8320E,https://nvlpubs.nist.gov/nistpubs/ir/2026/NIST.IR.8320E.ipd.pdf,,active,,
standard:nist-ir-8413,NIST IR 8413,standard,library,NIST IR 8413,https://nvlpubs.nist.gov/nistpubs/ir/2022/NIST.IR.8413-upd1.pdf,,active,,
standard:nist-ir-8528,NIST-IR-8528,standard,library,NIST-IR-8528,https://nvlpubs.nist.gov/nistpubs/ir/2024/NIST.IR.8528.pdf,,active,,
standard:nist-ir-8545,NIST IR 8545,standard,library,NIST IR 8545,https://nvlpubs.nist.gov/nistpubs/ir/2025/NIST.IR.8545.pdf,,active,,
standard:nist-ir-8547,NIST IR 8547,standard,library,NIST IR 8547,https://csrc.nist.gov/pubs/ir/8547/ipd,,active,,
standard:nist-ir-8547-initial-public-draft-transition-to-post-quantum,NIST-IR-8547-Initial-Public-Draft-Transition-to-Post-Quantum,standard,library,NIST-IR-8547-Initial-Public-Draft-Transition-to-Post-Quantum,https://csrc.nist.gov/pubs/ir/8547/ipd,,active,,
standard:nist-ir-8547-ipd2,NIST-IR-8547-IPD2,standard,library,NIST-IR-8547-IPD2,https://csrc.nist.gov/pubs/ir/8547/ipd,,active,,
standard:nist-ir-8610,NIST IR 8610,standard,library,NIST IR 8610,https://csrc.nist.gov/pubs/ir/8610/final,,active,,
standard:nist-nccoe-sp-1800-38a,NIST NCCoE SP 1800-38A,standard,library,NIST NCCoE SP 1800-38A,https://www.nccoe.nist.gov/sites/default/files/2023-04/pqc-migration-nist-sp-1800-38a-preliminary-draft.pdf,,active,,
standard:nist-nccoe-sp-1800-38b,NIST NCCoE SP 1800-38B,standard,library,NIST NCCoE SP 1800-38B,https://www.nccoe.nist.gov/sites/default/files/2023-12/pqc-migration-nist-sp-1800-38b-preliminary-draft.pdf,,active,,
standard:nist-nccoe-sp-1800-38c,NIST NCCoE SP 1800-38C,standard,library,NIST NCCoE SP 1800-38C,https://www.nccoe.nist.gov/sites/default/files/2023-12/pqc-migration-nist-sp-1800-38c-preliminary-draft.pdf,,active,,
standard:nist-pqc-faq,NIST PQC FAQ,standard,library,NIST PQC FAQ,https://csrc.nist.gov/Projects/post-quantum-cryptography/faqs,,active,,
standard:nist-pqc-seminar-faultinjection-lattice,NIST-PQC-Seminar-FaultInjection-Lattice,standard,library,NIST-PQC-Seminar-FaultInjection-Lattice,https://www.nist.gov/video/pqc-seminar-practical-fault-injection-attacks-lattice-based-nist-pqc-standards-kyber-and,,active,,
standard:nist-pqc-workshop-yassir-2020,NIST-PQC-Workshop-Yassir-2020,standard,library,NIST-PQC-Workshop-Yassir-2020,,,active,,
standard:nist-sp-1800-38b,NIST-SP-1800-38B,standard,library,NIST-SP-1800-38B,https://nvlpubs.nist.gov/nistpubs/SpecialPublications/nist.sp.1800-38b.pdf,,active,,
standard:nist-sp-800-108,NIST SP 800-108,standard,library,NIST SP 800-108,https://csrc.nist.gov/pubs/sp/800/108/r1/upd1/final,,active,,
standard:nist-sp-800-108-r1,NIST-SP-800-108-R1,standard,library,NIST-SP-800-108-R1,https://nvlpubs.nist.gov/nistpubs/SpecialPublications/NIST.SP.800-108r1-upd1.pdf,,active,,
standard:nist-sp-800-111,NIST SP 800-111,standard,library,NIST SP 800-111,https://nvlpubs.nist.gov/nistpubs/Legacy/SP/nistspecialpublication800-111.pdf,,active,,
standard:nist-sp-800-131a-rev3,NIST-SP-800-131A-Rev3,standard,library,NIST-SP-800-131A-Rev3,https://csrc.nist.gov/pubs/sp/800/131/a/r3/ipd,,active,,
standard:nist-sp-800-132,NIST-SP-800-132,standard,library,NIST-SP-800-132,https://csrc.nist.gov/pubs/sp/800/132/final,,active,,
standard:nist-sp-800-133r3-ipd,NIST-SP-800-133r3-ipd,standard,library,NIST-SP-800-133r3-ipd,https://nvlpubs.nist.gov/nistpubs/SpecialPublications/NIST.SP.800-133r3.ipd.pdf,,active,,
standard:nist-sp-800-140a,NIST-SP-800-140A,standard,library,NIST-SP-800-140A,https://nvlpubs.nist.gov/nistpubs/SpecialPublications/NIST.SP.800-140A.pdf,,active,,
standard:nist-sp-800-140b,NIST-SP-800-140B,standard,library,NIST-SP-800-140B,https://nvlpubs.nist.gov/nistpubs/SpecialPublications/NIST.SP.800-140Br1.pdf,,active,,
standard:nist-sp-800-140c,NIST-SP-800-140C,standard,library,NIST-SP-800-140C,https://nvlpubs.nist.gov/nistpubs/SpecialPublications/NIST.SP.800-140Cr2.pdf,,active,,
standard:nist-sp-800-140cr1,NIST-SP-800-140Cr1,standard,library,NIST-SP-800-140Cr1,https://nvlpubs.nist.gov/nistpubs/SpecialPublications/NIST.SP.800-140Cr2.pdf,,active,,
standard:nist-sp-800-140d,NIST-SP-800-140D,standard,library,NIST-SP-800-140D,https://nvlpubs.nist.gov/nistpubs/SpecialPublications/NIST.SP.800-140Dr2.pdf,,active,,
standard:nist-sp-800-140dr1,NIST-SP-800-140Dr1,standard,library,NIST-SP-800-140Dr1,https://nvlpubs.nist.gov/nistpubs/SpecialPublications/NIST.SP.800-140Dr2.pdf,,active,,
standard:nist-sp-800-140e,NIST-SP-800-140E,standard,library,NIST-SP-800-140E,https://nvlpubs.nist.gov/nistpubs/SpecialPublications/NIST.SP.800-140E.pdf,,active,,
standard:nist-sp-800-140f,NIST-SP-800-140F,standard,library,NIST-SP-800-140F,https://nvlpubs.nist.gov/nistpubs/SpecialPublications/NIST.SP.800-140F.pdf,,active,,
standard:nist-sp-800-152,NIST-SP-800-152,standard,library,NIST-SP-800-152,https://csrc.nist.gov/publications/detail/sp/800-152/final,,active,,
standard:nist-sp-800-171-rev-3-protecting-controlled-unclassified-inf,NIST-SP-800-171-Rev-3-Protecting-Controlled-Unclassified-Inf,standard,library,NIST-SP-800-171-Rev-3-Protecting-Controlled-Unclassified-Inf,https://nvlpubs.nist.gov/nistpubs/SpecialPublications/NIST.SP.800-171r3.pdf,,active,,
standard:nist-sp-800-175b,NIST-SP-800-175B,standard,library,NIST-SP-800-175B,https://csrc.nist.gov/pubs/sp/800/175/b/r1/final,,active,,
standard:nist-sp-800-181r1,NIST SP 800-181r1,standard,library,NIST SP 800-181r1,https://nvlpubs.nist.gov/nistpubs/SpecialPublications/NIST.SP.800-181r1.pdf,,active,,
standard:nist-sp-800-185,NIST-SP-800-185,standard,library,NIST-SP-800-185,https://csrc.nist.gov/pubs/sp/800/185/final,,active,,
standard:nist-sp-800-186,NIST-SP-800-186,standard,library,NIST-SP-800-186,https://csrc.nist.gov/pubs/sp/800/186/final,,active,,
standard:nist-sp-800-207,NIST SP 800-207,standard,library,NIST SP 800-207,https://nvlpubs.nist.gov/nistpubs/SpecialPublications/NIST.SP.800-207.pdf,,active,,
standard:nist-sp-800-208,NIST SP 800-208,standard,library,NIST SP 800-208,https://nvlpubs.nist.gov/nistpubs/SpecialPublications/NIST.SP.800-208.pdf,,active,,
standard:nist-sp-800-210-general-access-control-guidance-for-cloud-sy,NIST-SP-800-210-General-Access-Control-Guidance-for-Cloud-Sy,standard,library,NIST-SP-800-210-General-Access-Control-Guidance-for-Cloud-Sy,https://nvlpubs.nist.gov/nistpubs/SpecialPublications/NIST.SP.800-210.pdf,,active,,
standard:nist-sp-800-218,NIST SP 800-218,standard,library,NIST SP 800-218,https://nvlpubs.nist.gov/nistpubs/SpecialPublications/NIST.SP.800-218.pdf,,active,,
standard:nist-sp-800-22-r1a,NIST-SP-800-22-R1A,standard,library,NIST-SP-800-22-R1A,https://csrc.nist.gov/publications/detail/sp/800-22/rev-1a/final,,active,,
standard:nist-sp-800-227,NIST SP 800-227,standard,library,NIST SP 800-227,https://nvlpubs.nist.gov/nistpubs/SpecialPublications/NIST.SP.800-227.pdf,,active,,
standard:nist-sp-800-230-ipd,NIST-SP-800-230-ipd,standard,library,NIST-SP-800-230-ipd,https://csrc.nist.gov/pubs/sp/800/230/ipd,,active,,
standard:nist-sp-800-232,NIST-SP-800-232,standard,library,NIST-SP-800-232,https://nvlpubs.nist.gov/nistpubs/SpecialPublications/NIST.SP.800-232.pdf,,active,,
standard:nist-sp-800-37,NIST SP 800-37,standard,library,NIST SP 800-37,https://nvlpubs.nist.gov/nistpubs/SpecialPublications/NIST.SP.800-37r2.pdf,,active,,
standard:nist-sp-800-38d,NIST-SP-800-38D,standard,library,NIST-SP-800-38D,https://nvlpubs.nist.gov/nistpubs/Legacy/SP/nistspecialpublication800-38d.pdf,,active,,
standard:nist-sp-800-53,NIST-SP-800-53,standard,library,NIST-SP-800-53,https://nvlpubs.nist.gov/nistpubs/SpecialPublications/NIST.SP.800-53r5.pdf,NIST SP 800-53,active,,
standard:nist-sp-800-56a,NIST SP 800-56A,standard,library,NIST SP 800-56A,https://nvlpubs.nist.gov/nistpubs/SpecialPublications/NIST.SP.800-56Ar3.pdf,,active,,
standard:nist-sp-800-56b,NIST-SP-800-56B,standard,library,NIST-SP-800-56B,https://nvlpubs.nist.gov/nistpubs/SpecialPublications/nist.sp.800-56Br2.pdf,,active,,
standard:nist-sp-800-56c-r2,NIST-SP-800-56C-R2,standard,library,NIST-SP-800-56C-R2,https://nvlpubs.nist.gov/nistpubs/SpecialPublications/NIST.SP.800-56Cr2.pdf,,active,,
standard:nist-sp-800-57-pt1-r5,NIST-SP-800-57-Pt1-R5,standard,library,NIST-SP-800-57-Pt1-R5,https://nvlpubs.nist.gov/nistpubs/SpecialPublications/NIST.SP.800-57pt1r5.pdf,,active,,
standard:nist-sp-800-57-pt1-r6,NIST-SP-800-57-Pt1-R6,standard,library,NIST-SP-800-57-Pt1-R6,https://nvlpubs.nist.gov/nistpubs/SpecialPublications/NIST.SP.800-57pt1r6.ipd.pdf,,active,,
standard:nist-sp-800-63-3,NIST-SP-800-63-3,standard,library,NIST-SP-800-63-3,https://nvlpubs.nist.gov/nistpubs/SpecialPublications/NIST.SP.800-63-4.pdf,,active,,
standard:nist-sp-800-66,NIST SP 800-66,standard,library,NIST SP 800-66,https://nvlpubs.nist.gov/nistpubs/SpecialPublications/NIST.SP.800-66r2.pdf,,active,,
standard:nist-sp-800-78-5-cryptographic-algorithms-and-key-sizes-for,NIST-SP-800-78-5-Cryptographic-Algorithms-and-Key-Sizes-for,standard,library,NIST-SP-800-78-5-Cryptographic-Algorithms-and-Key-Sizes-for,https://nvlpubs.nist.gov/nistpubs/SpecialPublications/NIST.SP.800-78-5.pdf,,active,,
standard:nist-sp-800-82-rev-3,NIST SP 800-82 Rev. 3,standard,library,NIST SP 800-82 Rev. 3,https://nvlpubs.nist.gov/nistpubs/SpecialPublications/NIST.SP.800-82r3.pdf,,active,,
standard:nist-sp-800-88,NIST SP 800-88,standard,library,NIST SP 800-88,https://nvlpubs.nist.gov/nistpubs/SpecialPublications/NIST.SP.800-88r2.pdf,,active,,
standard:nist-sp-800-90,NIST SP 800-90,standard,library,NIST SP 800-90,https://csrc.nist.gov/publications/detail/sp/800-90a/rev-1/final,,active,,
standard:nist-sp-800-90a,NIST SP 800-90A,standard,library,NIST SP 800-90A,https://csrc.nist.gov/publications/detail/sp/800-90a/rev-1/final,,active,,
standard:nist-sp-800-90a-r1,NIST-SP-800-90A-R1,standard,library,NIST-SP-800-90A-R1,https://csrc.nist.gov/pubs/sp/800/90/a/r1/final,,active,,
standard:nist-sp-800-90b,NIST-SP-800-90B,standard,library,NIST-SP-800-90B,https://csrc.nist.gov/pubs/sp/800/90/b/final,NIST SP 800-90B,active,,
standard:nist-sp-800-90c,NIST-SP-800-90C,standard,library,NIST-SP-800-90C,https://csrc.nist.gov/pubs/sp/800/90/c/final,,active,,
standard:nl-pqc-migration-handbook-2024,NL-PQC-Migration-Handbook-2024,standard,library,NL-PQC-Migration-Handbook-2024,https://publications.tno.nl/publication/34643386/fXcPVHsX/TNO-2024-pqc-en.pdf,,active,,
standard:ntnu-pqc-challenges-silde,NTNU-PQC-Challenges-Silde,standard,library,NTNU-PQC-Challenges-Silde,https://tjerandsilde.no/files/PQC.pdf,,active,,
standard:ny-dfs-23-nycrr-500-a2,NY-DFS-23-NYCRR-500-A2,standard,library,NY-DFS-23-NYCRR-500-A2,https://www.dfs.ny.gov/system/files/documents/2023/12/rf23_nycrr_part_500_amend02_20231101.pdf,,active,,
standard:nzism-v3-9,NZISM-V3-9,standard,library,NZISM-V3-9,https://nzism.gcsb.govt.nz/,,active,,
standard:oasis-approves-two-public-key-cryptography-standards-to-adva,OASIS-Approves-Two-Public-Key-Cryptography-Standards-to-Adva,standard,library,OASIS-Approves-Two-Public-Key-Cryptography-Standards-to-Adva,https://www.oasis-open.org/2026/07/15/oasis-approves-two-public-key-cryptography-standards/,,active,,
standard:oasis-csaf-2-0-vex,OASIS-CSAF-2.0-VEX,standard,library,OASIS-CSAF-2.0-VEX,https://docs.oasis-open.org/csaf/csaf/v2.0/os/csaf-v2.0-os.html,,active,,
standard:oasis-saml-2-0-core,OASIS-SAML-2-0-Core,standard,library,OASIS-SAML-2-0-Core,https://docs.oasis-open.org/security/saml/v2.0/saml-core-2.0-os.pdf,,active,,
standard:omb-m-23-02,OMB-M-23-02,standard,library,OMB-M-23-02,https://www.whitehouse.gov/wp-content/uploads/2022/11/M-23-02-M-Memo-on-Migrating-to-Post-Quantum-Cryptography.pdf,compliance:OMB-M-23-02,active,,
standard:omb-m-26-15,OMB-M-26-15,standard,library,OMB-M-26-15,https://www.whitehouse.gov/wp-content/uploads/2026/06/M-26-15-Execution-of-the-Migration-to-Post-Quantum-Cryptography.pdf,,active,,
standard:onc-health-it-certification-criterion-170-315-d-7-end-user-d,ONC-Health-IT-Certification-Criterion-170-315-d-7-End-User-D,standard,library,ONC-Health-IT-Certification-Criterion-170-315-d-7-End-User-D,https://www.healthit.gov/test-method/end-user-device-encryption,,active,,
standard:onc-health-it-certification-criterion-170-315-d-8-integrity,ONC-Health-IT-Certification-Criterion-170-315-d-8-Integrity,standard,library,ONC-Health-IT-Certification-Criterion-170-315-d-8-Integrity,https://www.healthit.gov/test-method/integrity,,active,,
standard:onc-health-it-certification-criterion-170-315-d-9-trusted-co,ONC-Health-IT-Certification-Criterion-170-315-d-9-Trusted-Co,standard,library,ONC-Health-IT-Certification-Criterion-170-315-d-9-Trusted-Co,https://www.healthit.gov/test-method/trusted-connection,,active,,
standard:openid4vci-spec,OpenID4VCI-Spec,standard,library,OpenID4VCI-Spec,https://openid.net/specs/openid-4-verifiable-credential-issuance-1_0.html,,active,,
standard:openid4vp-spec,OpenID4VP-Spec,standard,library,OpenID4VP-Spec,https://openid.net/specs/openid-4-verifiable-presentations-1_0.html,,active,,
standard:openssl-3-5-0-release,OpenSSL-3.5.0-Release,standard,library,OpenSSL-3.5.0-Release,https://openssl-library.org/news/openssl-3.5-notes,,active,,
standard:openssl-3x-docs,OpenSSL-3x-Docs,standard,library,OpenSSL-3x-Docs,https://www.openssl.org/docs/master/,,active,,
standard:output-schema-based-on-cryptographic-bill-of-materials-cbom,Output-Schema-Based-on-Cryptographic-Bill-of-Materials-CBoM,standard,library,Output-Schema-Based-on-Cryptographic-Bill-of-Materials-CBoM,https://datatracker.ietf.org/doc/draft-dev-xipher-cbom-extension/,,active,,
standard:owasp-cyclonedx-cbom-guide,OWASP-CycloneDX-CBOM-Guide,standard,library,OWASP-CycloneDX-CBOM-Guide,https://cyclonedx.org/capabilities/cbom/,,active,,
standard:p2025062700238,P2025062700238,standard,library,P2025062700238,,,active,,
standard:parkin-julian-5g-suci,Parkin-Julian-5g-suci,standard,library,Parkin-Julian-5g-suci,,,active,,
standard:peikert-lattice-survey-2016,Peikert-Lattice-Survey-2016,standard,library,Peikert-Lattice-Survey-2016,https://eprint.iacr.org/2015/939.pdf,,active,,
standard:pkcs11-v3-oasis,PKCS11-V3-OASIS,standard,library,PKCS11-V3-OASIS,https://docs.oasis-open.org/pkcs11/pkcs11-base/v3.0/os/pkcs11-base-v3.0-os.html,,active,,
standard:pkcs11-v31-oasis,PKCS11-V31-OASIS,standard,library,PKCS11-V31-OASIS,https://docs.oasis-open.org/pkcs11/pkcs11-spec/v3.1/os/pkcs11-spec-v3.1-os.html,,active,,
standard:pkcs11-v32-oasis,PKCS11-V32-OASIS,standard,library,PKCS11-V32-OASIS,https://docs.oasis-open.org/pkcs11/pkcs11-spec/v3.2/cs01/pkcs11-spec-v3.2-cs01.html,,active,,
standard:pkcs11-v32-os-oasis,PKCS11-V32-OS-OASIS,standard,library,PKCS11-V32-OS-OASIS,https://docs.oasis-open.org/pkcs11/pkcs11-spec/v3.2/os/pkcs11-spec-v3.2-os.html,,active,,
standard:pki-consortium-pqc-2025,PKI-Consortium-PQC-2025,standard,library,PKI-Consortium-PQC-2025,https://pkic.org/2025/11/04/post-quantum-cryptography-conference-2025-concludes-with-urgent-call-for-global-migration-to-quantum-resistant-encryption-systems/,,active,,
standard:polkadot-substrate-crypto,Polkadot-Substrate-Crypto,standard,library,Polkadot-Substrate-Crypto,,,active,,
standard:ponemon-global-pki-trends-2026,Ponemon-Global-PKI-Trends-2026,standard,library,Ponemon-Global-PKI-Trends-2026,https://www.entrust.com/resources/reports/ponemon-post-quantum-report-2026,,active,,
standard:post-quantum-composite-signatures-in-ssh,Post-Quantum-Composite-Signatures-in-SSH,standard,library,Post-Quantum-Composite-Signatures-in-SSH,https://datatracker.ietf.org/doc/draft-miller-sshm-composite-sigs/,,active,,
standard:post-quantum-cryptographic-discipline-for-x402-stark-receipt,Post-Quantum-Cryptographic-Discipline-for-x402-STARK-Receipt,standard,library,Post-Quantum-Cryptographic-Discipline-for-x402-STARK-Receipt,https://datatracker.ietf.org/doc/draft-vauban-x402-pqc-receipts/,,active,,
standard:post-quantum-cryptography-recommendations-for-tls-based-appl,Post-Quantum-Cryptography-Recommendations-for-TLS-based-Appl,standard,library,Post-Quantum-Cryptography-Recommendations-for-TLS-based-Appl,https://datatracker.ietf.org/doc/draft-ietf-uta-pqc-app/,,active,,
standard:post-quantum-enhancements-to-tls-based-eap-methods,Post-Quantum-Enhancements-to-TLS-Based-EAP-Methods,standard,library,Post-Quantum-Enhancements-to-TLS-Based-EAP-Methods,https://datatracker.ietf.org/doc/draft-reddy-emu-pqc-eap-tls/,,active,,
standard:post-quantum-enhancements-to-tls-based-eap-methods-wg-draft,Post-Quantum-Enhancements-to-TLS-Based-EAP-Methods-WG-draft,standard,library,Post-Quantum-Enhancements-to-TLS-Based-EAP-Methods-WG-draft,https://datatracker.ietf.org/doc/draft-ietf-emu-pqc-eap-tls/,,active,,
standard:post-quantum-guidance-for-current-deployments-of-ietf-protoc,Post-Quantum-Guidance-for-current-deployments-of-IETF-protoc,standard,library,Post-Quantum-Guidance-for-current-deployments-of-IETF-protoc,https://datatracker.ietf.org/doc/draft-farrell-tls-pqg/,,active,,
standard:post-quantum-key-encapsulation-mechanisms-pq-kems-for-cose,Post-Quantum-Key-Encapsulation-Mechanisms-PQ-KEMs-for-COSE,standard,library,Post-Quantum-Key-Encapsulation-Mechanisms-PQ-KEMs-for-COSE,https://datatracker.ietf.org/doc/draft-schwabe-cose-mlkem/,,active,,
standard:post-quantum-key-encapsulation-mechanisms-pq-kems-in-eap-aka,Post-Quantum-Key-Encapsulation-Mechanisms-PQ-KEMs-in-EAP-AKA,standard,library,Post-Quantum-Key-Encapsulation-Mechanisms-PQ-KEMs-in-EAP-AKA,https://datatracker.ietf.org/doc/draft-ietf-emu-pqc-eapaka/,,active,,
standard:post-quantum-key-encapsulation-with-ml-kem-in-public-key-cry,Post-quantum-Key-Encapsulation-with-ML-KEM-in-Public-Key-Cry,standard,library,Post-quantum-Key-Encapsulation-with-ML-KEM-in-Public-Key-Cry,https://datatracker.ietf.org/doc/draft-bokovoy-kitten-pkinit-pqc/,,active,,
standard:post-quantum-signature-algorithm-profile-and-migration-consi,Post-Quantum-Signature-Algorithm-Profile-and-Migration-Consi,standard,library,Post-Quantum-Signature-Algorithm-Profile-and-Migration-Consi,https://datatracker.ietf.org/doc/draft-yoshikawa-sidrops-pqc-rpki/,,active,,
standard:post-quantum-traditional-pq-t-hybrid-pki-authentication-in-t,Post-Quantum-Traditional-PQ-T-Hybrid-PKI-Authentication-in-t,standard,library,Post-Quantum-Traditional-PQ-T-Hybrid-PKI-Authentication-in-t,https://datatracker.ietf.org/doc/draft-reddy-ipsecme-pqt-hybrid-auth/,,active,,
standard:pqcc-inventory-workbook-2025,PQCC-Inventory-Workbook-2025,standard,library,PQCC-Inventory-Workbook-2025,https://pqcc.org/pqc-inventory-workbook/,,active,,
standard:pqcc-migration-roadmap-2025,PQCC-Migration-Roadmap-2025,standard,library,PQCC-Migration-Roadmap-2025,https://pqcc.org/post-quantum-cryptography-migration-roadmap/,,active,,
standard:pqclean,PQClean,standard,library,PQClean,https://github.com/PQClean/PQClean,,active,,
standard:pqshield-4-quantum-threats-enterprises-2026,PQShield-4-Quantum-Threats-Enterprises-2026,standard,library,PQShield-4-Quantum-Threats-Enterprises-2026,https://quantumzeitgeist.com/pqshield-quantum-threats-enterprises-must/,,active,,
standard:preventing-key-reuse-and-cross-key-forgeries-in-composite-ml,Preventing-Key-Reuse-and-Cross-Key-Forgeries-in-Composite-ML,standard,library,Preventing-Key-Reuse-and-Cross-Key-Forgeries-in-Composite-ML,https://datatracker.ietf.org/doc/draft-gray-lamps-compositepkc/,,active,,
standard:proact-2025-sca-lattice-pqc,PROACT-2025-SCA-Lattice-PQC,standard,library,PROACT-2025-SCA-Lattice-PQC,https://proact-school.cs.ru.nl/assets/uploads/slides/PROACT2025.pdf,,active,,
standard:projecteleven-quantum-threat-blockchains-2026,ProjectEleven-Quantum-Threat-Blockchains-2026,standard,library,ProjectEleven-Quantum-Threat-Blockchains-2026,https://report.projecteleven.com/,,active,,
standard:qccpa-2022,QCCPA-2022,standard,library,QCCPA-2022,https://www.congress.gov/bill/117th-congress/house-bill/7535,,active,,
standard:qcreport-qday-accelerated-timeline-2026,QCReport-QDay-Accelerated-Timeline-2026,standard,library,QCReport-QDay-Accelerated-Timeline-2026,https://quantumcomputingreport.com/q-day-accelerated-timeline-across-wider-attack-surface-executive-summary/,,active,,
standard:qcreport-qse-enterprise-pqc-platform-2026,QCReport-QSE-Enterprise-PQC-Platform-2026,standard,library,QCReport-QSE-Enterprise-PQC-Platform-2026,https://quantumcomputingreport.com/qse-launches-enterprise-post-quantum-migration-platform-with-qpa-v2-release/,,active,,
standard:qfb-portrait-quantum-technologies-finance-2026,QFB-Portrait-Quantum-Technologies-Finance-2026,standard,library,QFB-Portrait-Quantum-Technologies-Finance-2026,https://www.thequantumfinanceboardroom.com,,active,,
standard:qr-uov-round2-spec,QR-UOV-Round2-Spec,standard,library,QR-UOV-Round2-Spec,https://csrc.nist.gov/csrc/media/Projects/pqc-dig-sig/documents/qruov-spec-round2-web.pdf,,active,,
standard:qrl-quantum-resistant-ledger,QRL-Quantum-Resistant-Ledger,standard,library,QRL-Quantum-Resistant-Ledger,,,active,,
standard:quantum-economy-landscape-in-saudi-arabia-23,Quantum-Economy-Landscape-in-Saudi-Arabia-23,standard,library,Quantum-Economy-Landscape-in-Saudi-Arabia-23,,,active,,
standard:quantum-ready-fn-dsa-fips-206-nears-draft-approval-from-nist-digicert,Quantum-Ready-FN-DSA-FIPS-206-Nears-Draft-Approval-from-NIST-DigiCert,standard,library,Quantum-Ready-FN-DSA-FIPS-206-Nears-Draft-Approval-from-NIST-DigiCert,,,active,,
standard:quantumfinanceboardroom-ganguly-pqc-ch24-2026,QuantumFinanceBoardroom-Ganguly-PQC-Ch24-2026,standard,library,QuantumFinanceBoardroom-Ganguly-PQC-Ch24-2026,https://www.thequantumfinanceboardroom.com,,active,,
standard:quantuminsider-25-companies-pqc-2026,QuantumInsider-25-Companies-PQC-2026,standard,library,QuantumInsider-25-Companies-PQC-2026,https://thequantuminsider.com/2026/03/25/25-companies-building-the-quantum-cryptography-communications-markets/,,active,,
standard:quantuminsider-aes128-safe-quantum-2026,QuantumInsider-AES128-Safe-Quantum-2026,standard,library,QuantumInsider-AES128-Safe-Quantum-2026,https://thequantuminsider.com/2026/04/21/cryptologist-finds-aes-128-likely-safe-from-quantum-attack/,,active,,
standard:quantuminsider-qs-threats-solutions-2026,QuantumInsider-QS-Threats-Solutions-2026,standard,library,QuantumInsider-QS-Threats-Solutions-2026,https://thequantuminsider.com/2026/04/27/quantum-security-threats-solutions-race-protect-data/,,active,,
standard:quantuminsider-quantumxchange-phiotx-2026,QuantumInsider-QuantumXChange-PhioTX-2026,standard,library,QuantumInsider-QuantumXChange-PhioTX-2026,https://thequantuminsider.com/2026/04/08/quantum-xchange-phio-tx-cmc-launch/,,active,,
standard:quantuminsider-why-2026-matters-qs,QuantumInsider-Why-2026-Matters-QS,standard,library,QuantumInsider-Why-2026-Matters-QS,https://thequantuminsider.com/2026/04/28/why-2026-matters-quantum-security/,,active,,
standard:quantumzeitgeist-cryptonext-nist-cert-2026,QuantumZeitgeist-CryptoNext-NIST-Cert-2026,standard,library,QuantumZeitgeist-CryptoNext-NIST-Cert-2026,https://quantumzeitgeist.com/nist-quantum-safe-certification-cryptonext-security/,,active,,
standard:radboud-mtc-thesis-2025,Radboud-MTC-Thesis-2025,standard,library,Radboud-MTC-Thesis-2025,https://www.cs.ru.nl/masters-theses/2025/M_Pohl___Implementation_and_Analysis_of_Merkle_Tree_Certificates_for_Post-Quantum_Secure_Authentication_in_TLS.pdf,,active,,
standard:ref-aardal-falcon-labrador,ref-aardal-falcon-labrador,standard,library,ref-aardal-falcon-labrador,https://eprint.iacr.org/2024/311.pdf,,active,,
standard:ref-amy-sha2-preimage,ref-amy-sha2-preimage,standard,library,ref-amy-sha2-preimage,https://eprint.iacr.org/2016/992.pdf,,active,,
standard:ref-bindel-hybrid-sigs,ref-bindel-hybrid-sigs,standard,library,ref-bindel-hybrid-sigs,https://eprint.iacr.org/2023/423.pdf,,active,,
standard:ref-bravyi-quantum-memory,ref-bravyi-quantum-memory,standard,library,ref-bravyi-quantum-memory,https://www.nature.com/articles/s41586-024-07107-7.pdf,,active,,
standard:ref-costa-pqfif,ref-costa-pqfif,standard,library,ref-costa-pqfif,https://www.sec.gov/comments/pqfif.pdf,,active,,
standard:ref-defeo-sqisign,ref-defeo-sqisign,standard,library,ref-defeo-sqisign,https://eprint.iacr.org/2020/1240.pdf,,active,,
standard:ref-drake-hash-multisig,ref-drake-hash-multisig,standard,library,ref-drake-hash-multisig,https://eprint.iacr.org/2025/055.pdf,,active,,
standard:ref-fukuda-grand-challenge,ref-fukuda-grand-challenge,standard,library,ref-fukuda-grand-challenge,https://eprint.iacr.org/2025/1626.pdf,,active,,
standard:ref-gidney-factor-rsa,ref-gidney-factor-rsa,standard,library,ref-gidney-factor-rsa,https://arxiv.org/pdf/2505.15917.pdf,,active,,
standard:ref-gidney-factor-rsa-8h,ref-gidney-factor-rsa-8h,standard,library,ref-gidney-factor-rsa-8h,https://quantum-journal.org/papers/q-2021-04-15-433/pdf/,,active,,
standard:ref-google-willow-below-threshold,ref-google-willow-below-threshold,standard,library,ref-google-willow-below-threshold,https://arxiv.org/pdf/2408.13687.pdf,,active,,
standard:ref-habovstiak-hashed-keys,ref-habovstiak-hashed-keys,standard,library,ref-habovstiak-hashed-keys,https://mailing-list.bitcoindevs.xyz/bitcoindev/CALkkCJY=dv6cZ_HoUNQybF4-byGOjME3Jt2DRr20yZqMmdJUnQ@mail.gmail.com/,,active,,
standard:ref-ibm-qldpc-gross-code,ref-ibm-qldpc-gross-code,standard,library,ref-ibm-qldpc-gross-code,https://arxiv.org/pdf/2308.07915.pdf,,active,,
standard:ref-joseph-transitioning,ref-joseph-transitioning,standard,library,ref-joseph-transitioning,https://www.nature.com/articles/s41586-022-04623-2.pdf,,active,,
standard:ref-kim-ecdlp,ref-kim-ecdlp,standard,library,ref-kim-ecdlp,https://eprint.iacr.org/2026/106.pdf,,active,,
standard:ref-litinski-toffoli,ref-litinski-toffoli,standard,library,ref-litinski-toffoli,https://arxiv.org/pdf/2306.08585.pdf,,active,,
standard:ref-obrien-chrome-hybrid,ref-obrien-chrome-hybrid,standard,library,ref-obrien-chrome-hybrid,https://blog.chromium.org/2023/08/protecting-chrome-traffic-with-hybrid.html,,active,,
standard:ref-pont-downtime,ref-pont-downtime,standard,library,ref-pont-downtime,https://arxiv.org/pdf/2410.16965.pdf,,active,,
standard:ref-pqc-report-final-send,REF-PQC-Report-FINAL-Send,standard,library,REF-PQC-Report-FINAL-Send,,,active,,
standard:ref-quantinuum-helios,ref-quantinuum-helios,standard,library,ref-quantinuum-helios,https://arxiv.org/pdf/2511.05465.pdf,,active,,
standard:ref-stutz-reuse-pubkeys,ref-stutz-reuse-pubkeys,standard,library,ref-stutz-reuse-pubkeys,https://arxiv.org/pdf/2601.19500.pdf,,active,,
standard:ref-webster-pinnacle,ref-webster-pinnacle,standard,library,ref-webster-pinnacle,https://arxiv.org/pdf/2602.11457.pdf,,active,,
standard:regev-lwe-survey,Regev-LWE-Survey,standard,library,Regev-LWE-Survey,https://cims.nyu.edu/~regev/papers/lwesurvey.pdf,,active,,
standard:report-taskforce-pqmigration-4feb26-v1,Report-TaskForce-PQMigration-4Feb26-v1,standard,library,Report-TaskForce-PQMigration-4Feb26-v1,,,active,,
standard:requirements-and-gaps-for-post-quantum-certificate-rotation,Requirements-and-Gaps-for-Post-Quantum-Certificate-Rotation,standard,library,Requirements-and-Gaps-for-Post-Quantum-Certificate-Rotation,https://datatracker.ietf.org/doc/draft-vicente-pquip-multitenant-pki-requirements/,,active,,
standard:rfc-0793,RFC-0793,standard,library,RFC-0793,https://www.rfc-editor.org/rfc/rfc9293.txt,,active,,
standard:rfc-1847,RFC 1847,standard,library,RFC 1847,https://www.rfc-editor.org/rfc/rfc1847.html,,active,,
standard:rfc-1950,RFC-1950,standard,library,RFC-1950,https://www.rfc-editor.org/rfc/rfc1950,,active,,
standard:rfc-2119,RFC 2119,standard,library,RFC 2119,https://www.rfc-editor.org/rfc/rfc2119.html,,active,,
standard:rfc-2397,RFC-2397,standard,library,RFC-2397,https://www.rfc-editor.org/rfc/rfc2397,,active,,
standard:rfc-3161-internet-x-509-public-key-infrastructure-time-stamp,RFC-3161-Internet-X-509-Public-Key-Infrastructure-Time-Stamp,standard,library,RFC-3161-Internet-X-509-Public-Key-Infrastructure-Time-Stamp,https://www.rfc-editor.org/rfc/rfc3161.txt,,active,,
standard:rfc-3370,RFC 3370,standard,library,RFC 3370,https://www.rfc-editor.org/rfc/rfc3370.html,,active,,
standard:rfc-3394,RFC 3394,standard,library,RFC 3394,https://www.rfc-editor.org/rfc/rfc3394.html,,active,,
standard:rfc-3560,RFC 3560,standard,library,RFC 3560,https://www.rfc-editor.org/rfc/rfc3560.html,,active,,
standard:rfc-3647,RFC-3647,standard,library,RFC-3647,https://www.rfc-editor.org/rfc/rfc3647,,active,,
standard:rfc-4034,RFC 4034,standard,library,RFC 4034,https://datatracker.ietf.org/doc/html/rfc4034,,active,,
standard:rfc-4056,RFC 4056,standard,library,RFC 4056,https://www.rfc-editor.org/rfc/rfc4056.html,,active,,
standard:rfc-4210,RFC 4210,standard,library,RFC 4210,https://www.rfc-editor.org/rfc/rfc4210.html,,active,,
standard:rfc-4250,RFC 4250,standard,library,RFC 4250,https://www.rfc-editor.org/rfc/rfc4250.html,,active,,
standard:rfc-4251,RFC 4251,standard,library,RFC 4251,https://www.rfc-editor.org/rfc/rfc4251.html,,active,,
standard:rfc-4252,RFC 4252,standard,library,RFC 4252,https://www.rfc-editor.org/rfc/rfc4252.html,,active,,
standard:rfc-4253,RFC 4253,standard,library,RFC 4253,https://www.rfc-editor.org/rfc/rfc4253.html,,active,,
standard:rfc-4254,RFC 4254,standard,library,RFC 4254,https://www.rfc-editor.org/rfc/rfc4254.html,,active,,
standard:rfc-4255,RFC-4255,standard,library,RFC-4255,https://www.rfc-editor.org/rfc/rfc4255,,active,,
standard:rfc-4301,RFC 4301,standard,library,RFC 4301,https://www.rfc-editor.org/rfc/rfc4301.html,,active,,
standard:rfc-4302,RFC 4302,standard,library,RFC 4302,https://www.rfc-editor.org/rfc/rfc4302.html,,active,,
standard:rfc-4303,RFC 4303,standard,library,RFC 4303,https://www.rfc-editor.org/rfc/rfc4303.html,,active,,
standard:rfc-4306,RFC 4306,standard,library,RFC 4306,https://www.rfc-editor.org/rfc/rfc4306.html,,active,,
standard:rfc-4346,RFC-4346,standard,library,RFC-4346,https://www.rfc-editor.org/rfc/rfc4346,,active,,
standard:rfc-4419,RFC 4419,standard,library,RFC 4419,https://www.rfc-editor.org/rfc/rfc4419.html,,active,,
standard:rfc-4718,RFC 4718,standard,library,RFC 4718,https://www.rfc-editor.org/rfc/rfc4718.html,,active,,
standard:rfc-5056,RFC 5056,standard,library,RFC 5056,https://www.rfc-editor.org/rfc/rfc5056.html,,active,,
standard:rfc-5083,RFC 5083,standard,library,RFC 5083,https://www.rfc-editor.org/rfc/rfc5083.html,,active,,
standard:rfc-5234,RFC-5234,standard,library,RFC-5234,https://www.rfc-editor.org/rfc/rfc5234,,active,,
standard:rfc-5246,RFC 5246,standard,library,RFC 5246,https://www.rfc-editor.org/rfc/rfc5246.html,,active,,
standard:rfc-5280,RFC 5280,standard,library,RFC 5280,https://www.rfc-editor.org/rfc/rfc5280.html,,active,,
standard:rfc-5469,RFC-5469,standard,library,RFC-5469,https://www.rfc-editor.org/rfc/rfc5469,,active,,
standard:rfc-5652,RFC 5652,standard,library,RFC 5652,https://www.rfc-editor.org/rfc/rfc5652.html,,active,,
standard:rfc-5741,RFC-5741,standard,library,RFC-5741,https://www.rfc-editor.org/rfc/rfc5741,,active,,
standard:rfc-5751,RFC 5751,standard,library,RFC 5751,https://www.rfc-editor.org/rfc/rfc5751.html,,active,,
standard:rfc-5754,RFC 5754,standard,library,RFC 5754,https://www.rfc-editor.org/rfc/rfc5754.html,,active,,
standard:rfc-5763,RFC-5763,standard,library,RFC-5763,https://www.rfc-editor.org/rfc/rfc5763,,active,,
standard:rfc-5869,RFC 5869,standard,library,RFC 5869,https://www.rfc-editor.org/rfc/rfc5869,,active,,
standard:rfc-5911,RFC 5911,standard,library,RFC 5911,https://www.rfc-editor.org/rfc/rfc5911.html,,active,,
standard:rfc-5912,RFC 5912,standard,library,RFC 5912,https://www.rfc-editor.org/rfc/rfc5912.html,,active,,
standard:rfc-5958,RFC 5958,standard,library,RFC 5958,https://www.rfc-editor.org/rfc/rfc5958.html,,active,,
standard:rfc-5990,RFC 5990,standard,library,RFC 5990,https://www.rfc-editor.org/rfc/rfc5990.html,,active,,
standard:rfc-5996,RFC 5996,standard,library,RFC 5996,https://www.rfc-editor.org/rfc/rfc5996.html,,active,,
standard:rfc-6019,RFC-6019,standard,library,RFC-6019,https://www.rfc-editor.org/rfc/rfc6019,,active,,
standard:rfc-6024,RFC-6024,standard,library,RFC-6024,https://www.rfc-editor.org/rfc/rfc6024,,active,,
standard:rfc-6090,RFC 6090,standard,library,RFC 6090,https://www.rfc-editor.org/rfc/rfc6090.html,,active,,
standard:rfc-6176,RFC 6176,standard,library,RFC 6176,https://www.rfc-editor.org/rfc/rfc6176.html,,active,,
standard:rfc-6234,RFC 6234,standard,library,RFC 6234,https://www.rfc-editor.org/rfc/rfc6234.html,,active,,
standard:rfc-6347,RFC-6347,standard,library,RFC-6347,https://www.rfc-editor.org/rfc/rfc6347,,active,,
standard:rfc-6594,RFC-6594,standard,library,RFC-6594,https://www.rfc-editor.org/rfc/rfc6594,,active,,
standard:rfc-6749,RFC 6749,standard,library,RFC 6749,https://www.rfc-editor.org/rfc/rfc6749.html,,active,,
standard:rfc-6750,RFC-6750,standard,library,RFC-6750,https://www.rfc-editor.org/rfc/rfc6750,,active,,
standard:rfc-6763,RFC-6763,standard,library,RFC-6763,https://www.rfc-editor.org/rfc/rfc6763,,active,,
standard:rfc-6928,RFC-6928,standard,library,RFC-6928,https://www.rfc-editor.org/rfc/rfc6928,,active,,
standard:rfc-6960,RFC-6960,standard,library,RFC-6960,https://www.rfc-editor.org/rfc/rfc6960,,active,,
standard:rfc-6962,RFC 6962,standard,library,RFC 6962,https://www.rfc-editor.org/rfc/rfc6962.html,,active,,
standard:rfc-7009,RFC-7009,standard,library,RFC-7009,https://www.rfc-editor.org/rfc/rfc7009,,active,,
standard:rfc-7159,RFC-7159,standard,library,RFC-7159,https://www.rfc-editor.org/rfc/rfc8259.html,,active,,
standard:rfc-7228,RFC 7228,standard,library,RFC 7228,https://www.rfc-editor.org/rfc/rfc7228.html,,active,,
standard:rfc-7231,RFC-7231,standard,library,RFC-7231,https://www.rfc-editor.org/rfc/rfc7231,,active,,
standard:rfc-7250,RFC 7250,standard,library,RFC 7250,https://www.rfc-editor.org/rfc/rfc7250.html,,active,,
standard:rfc-7301,RFC-7301,standard,library,RFC-7301,https://www.rfc-editor.org/rfc/rfc7301,,active,,
standard:rfc-7383,RFC-7383,standard,library,RFC-7383,https://www.rfc-editor.org/rfc/rfc7383,,active,,
standard:rfc-7427,RFC-7427,standard,library,RFC-7427,https://www.rfc-editor.org/rfc/rfc7427,,active,,
standard:rfc-7465,RFC-7465,standard,library,RFC-7465,https://www.rfc-editor.org/rfc/rfc7465,,active,,
standard:rfc-7468,RFC 7468,standard,library,RFC 7468,https://www.rfc-editor.org/rfc/rfc7468.html,,active,,
standard:rfc-7479,RFC-7479,standard,library,RFC-7479,https://www.rfc-editor.org/rfc/rfc7479,,active,,
standard:rfc-7515,RFC 7515,standard,library,RFC 7515,https://www.rfc-editor.org/rfc/rfc7515.html,,active,,
standard:rfc-7516,RFC 7516,standard,library,RFC 7516,https://www.rfc-editor.org/rfc/rfc7516.html,,active,,
standard:rfc-7517,RFC 7517,standard,library,RFC 7517,https://www.rfc-editor.org/rfc/rfc7517.html,,active,,
standard:rfc-7518,RFC 7518,standard,library,RFC 7518,https://www.rfc-editor.org/rfc/rfc7518.html,,active,,
standard:rfc-7519,RFC 7519,standard,library,RFC 7519,https://www.rfc-editor.org/rfc/rfc7519.html,,active,,
standard:rfc-7525,RFC-7525,standard,library,RFC-7525,https://www.rfc-editor.org/rfc/rfc7525,,active,,
standard:rfc-7568,RFC 7568,standard,library,RFC 7568,https://www.rfc-editor.org/rfc/rfc7568.html,,active,,
standard:rfc-7638,RFC-7638,standard,library,RFC-7638,https://www.rfc-editor.org/rfc/rfc7638,,active,,
standard:rfc-7693,RFC 7693,standard,library,RFC 7693,https://www.rfc-editor.org/rfc/rfc7693.html,,active,,
standard:rfc-7748,RFC 7748,standard,library,RFC 7748,https://www.rfc-editor.org/rfc/rfc7748.html,,active,,
standard:rfc-7841,RFC-7841,standard,library,RFC-7841,https://www.rfc-editor.org/rfc/rfc7841,,active,,
standard:rfc-7924,RFC-7924,standard,library,RFC-7924,https://www.rfc-editor.org/rfc/rfc7924.html,,active,,
standard:rfc-7932,RFC-7932,standard,library,RFC-7932,https://www.rfc-editor.org/rfc/rfc7932,,active,,
standard:rfc-8017,RFC 8017,standard,library,RFC 8017,https://www.rfc-editor.org/rfc/rfc8017.html,,active,,
standard:rfc-8032,RFC-8032,standard,library,RFC-8032,https://datatracker.ietf.org/doc/html/rfc8032,,active,,
standard:rfc-8037,RFC 8037,standard,library,RFC 8037,https://www.rfc-editor.org/rfc/rfc8037.html,,active,,
standard:rfc-8126,RFC-8126,standard,library,RFC-8126,https://www.rfc-editor.org/rfc/rfc8126.html,,active,,
standard:rfc-8152,RFC-8152,standard,library,RFC-8152,https://www.rfc-editor.org/rfc/rfc8152,,active,,
standard:rfc-8174,RFC 8174,standard,library,RFC 8174,https://www.rfc-editor.org/rfc/rfc8174.html,,active,,
standard:rfc-8229,RFC-8229,standard,library,RFC-8229,https://www.rfc-editor.org/rfc/rfc8229,,active,,
standard:rfc-8230,RFC-8230,standard,library,RFC-8230,https://www.rfc-editor.org/rfc/rfc8230,,active,,
standard:rfc-8240,RFC-8240,standard,library,RFC-8240,https://www.rfc-editor.org/rfc/rfc8240,,active,,
standard:rfc-8268,RFC 8268,standard,library,RFC 8268,https://www.rfc-editor.org/rfc/rfc8268.html,,active,,
standard:rfc-8391,RFC 8391,standard,library,RFC 8391,https://www.rfc-editor.org/rfc/rfc8391.html,,active,,
standard:rfc-8410,RFC-8410,standard,library,RFC-8410,https://www.rfc-editor.org/rfc/rfc8410,,active,,
standard:rfc-8420,RFC-8420,standard,library,RFC-8420,https://www.rfc-editor.org/rfc/rfc8420,,active,,
standard:rfc-8446,RFC 8446,standard,library,RFC 8446,https://www.rfc-editor.org/rfc/rfc8446.html,,active,,
standard:rfc-8447,RFC-8447,standard,library,RFC-8447,https://www.rfc-editor.org/rfc/rfc8447.html,,active,,
standard:rfc-8478,RFC-8478,standard,library,RFC-8478,https://www.rfc-editor.org/rfc/rfc8478.html,,active,,
standard:rfc-8551,RFC 8551,standard,library,RFC 8551,https://www.rfc-editor.org/rfc/rfc8551.html,,active,,
standard:rfc-8554,RFC 8554,standard,library,RFC 8554,https://www.rfc-editor.org/rfc/rfc8554.html,,active,,
standard:rfc-8603,RFC 8603,standard,library,RFC 8603,https://www.rfc-editor.org/rfc/rfc8603.html,,active,,
standard:rfc-8610,RFC-8610,standard,library,RFC-8610,https://www.rfc-editor.org/rfc/rfc8610,,active,,
standard:rfc-8702,RFC 8702,standard,library,RFC 8702,https://www.rfc-editor.org/rfc/rfc8702.html,,active,,
standard:rfc-8705,RFC-8705,standard,library,RFC-8705,https://www.rfc-editor.org/rfc/rfc8705,,active,,
standard:rfc-8707,RFC-8707,standard,library,RFC-8707,https://www.rfc-editor.org/rfc/rfc8707,,active,,
standard:rfc-8708,RFC 8708,standard,library,RFC 8708,https://www.rfc-editor.org/rfc/rfc8708.html,,active,,
standard:rfc-8725,RFC 8725,standard,library,RFC 8725,https://www.rfc-editor.org/rfc/rfc8725.html,,active,,
standard:rfc-8755,RFC 8755,standard,library,RFC 8755,https://www.rfc-editor.org/rfc/rfc8755.html,,active,,
standard:rfc-8756,RFC 8756,standard,library,RFC 8756,https://www.rfc-editor.org/rfc/rfc8756.html,,active,,
standard:rfc-8778,RFC 8778,standard,library,RFC 8778,https://www.rfc-editor.org/rfc/rfc8778.html,,active,,
standard:rfc-8784,RFC 8784,standard,library,RFC 8784,https://www.rfc-editor.org/rfc/rfc8784.html,,active,,
standard:rfc-8792,RFC-8792,standard,library,RFC-8792,https://www.rfc-editor.org/rfc/rfc8792,,active,,
standard:rfc-8879,RFC 8879,standard,library,RFC 8879,https://www.rfc-editor.org/rfc/rfc8879.html,,active,,
standard:rfc-8996,RFC 8996,standard,library,RFC 8996,https://www.rfc-editor.org/rfc/rfc8996.html,,active,,
standard:rfc-8998,RFC 8998,standard,library,RFC 8998,https://www.rfc-editor.org/rfc/rfc8998.html,,active,,
standard:rfc-9000,RFC-9000,standard,library,RFC-9000,https://www.rfc-editor.org/rfc/rfc9000,,active,,
standard:rfc-9001,RFC 9001,standard,library,RFC 9001,https://www.rfc-editor.org/rfc/rfc9001.html,,active,,
standard:rfc-9019,RFC 9019,standard,library,RFC 9019,https://www.rfc-editor.org/rfc/rfc9019.html,,active,,
standard:rfc-9052,RFC 9052,standard,library,RFC 9052,https://www.rfc-editor.org/rfc/rfc9052.html,,active,,
standard:rfc-9053,RFC 9053,standard,library,RFC 9053,https://www.rfc-editor.org/rfc/rfc9053.html,,active,,
standard:rfc-9110,RFC-9110,standard,library,RFC-9110,https://www.rfc-editor.org/rfc/rfc9110,,active,,
standard:rfc-9142,RFC 9142,standard,library,RFC 9142,https://www.rfc-editor.org/info/rfc9142,,active,,
standard:rfc-9146,RFC-9146,standard,library,RFC-9146,https://www.rfc-editor.org/rfc/rfc9146.html,,active,,
standard:rfc-9147,RFC 9147,standard,library,RFC 9147,https://www.rfc-editor.org/rfc/rfc9147.html,,active,,
standard:rfc-9155,RFC-9155,standard,library,RFC-9155,https://www.rfc-editor.org/rfc/rfc9155,,active,,
standard:rfc-9162,RFC-9162,standard,library,RFC-9162,https://www.rfc-editor.org/rfc/rfc9162,,active,,
standard:rfc-9180,RFC 9180,standard,library,RFC 9180,https://www.rfc-editor.org/rfc/rfc9180.html,,active,,
standard:rfc-9242,RFC-9242,standard,library,RFC-9242,https://datatracker.ietf.org/doc/rfc9242/,,active,,
standard:rfc-9258,RFC-9258,standard,library,RFC-9258,https://datatracker.ietf.org/doc/html/rfc9258,,active,,
standard:rfc-9325,RFC 9325,standard,library,RFC 9325,https://datatracker.ietf.org/doc/html/rfc9325,,active,,
standard:rfc-9345,RFC-9345,standard,library,RFC-9345,https://www.rfc-editor.org/rfc/rfc9345.html,,active,,
standard:rfc-9364,RFC 9364,standard,library,RFC 9364,https://datatracker.ietf.org/doc/html/rfc9364,,active,,
standard:rfc-9370,RFC 9370,standard,library,RFC 9370,https://www.rfc-editor.org/rfc/rfc9370.html,,active,,
standard:rfc-9380,RFC-9380,standard,library,RFC-9380,https://www.rfc-editor.org/rfc/rfc9380,,active,,
standard:rfc-9420,RFC 9420,standard,library,RFC 9420,https://www.rfc-editor.org/rfc/rfc9420.html,,active,,
standard:rfc-9449,RFC 9449,standard,library,RFC 9449,https://www.rfc-editor.org/rfc/rfc9449.html,,active,,
standard:rfc-9480,RFC 9480,standard,library,RFC 9480,https://www.rfc-editor.org/rfc/rfc9480.html,,active,,
standard:rfc-9496,RFC-9496,standard,library,RFC-9496,https://www.rfc-editor.org/rfc/rfc9496.html,,active,,
standard:rfc-9528,RFC 9528,standard,library,RFC 9528,https://www.rfc-editor.org/info/rfc9528,,active,,
standard:rfc-9580,RFC 9580,standard,library,RFC 9580,https://www.rfc-editor.org/rfc/rfc9580.html,,active,,
standard:rfc-9581,RFC 9581,standard,library,RFC 9581,https://datatracker.ietf.org/doc/html/rfc9581,,active,,
standard:rfc-9593,RFC 9593,standard,library,RFC 9593,https://www.rfc-editor.org/rfc/rfc9593.html,,active,,
standard:rfc-9629,RFC 9629,standard,library,RFC 9629,https://www.rfc-editor.org/rfc/rfc9629.html,,active,,
standard:rfc-9679,RFC-9679,standard,library,RFC-9679,https://www.rfc-editor.org/rfc/rfc9679,,active,,
standard:rfc-9690,RFC 9690,standard,library,RFC 9690,https://www.rfc-editor.org/rfc/rfc9690.html,,active,,
standard:rfc-9708,RFC 9708,standard,library,RFC 9708,https://www.rfc-editor.org/rfc/rfc9708.html,,active,,
standard:rfc-9763,RFC-9763,standard,library,RFC-9763,https://www.rfc-editor.org/rfc/rfc9763.html,,active,,
standard:rfc-9794,RFC 9794,standard,library,RFC 9794,https://www.rfc-editor.org/rfc/rfc9794.html,,active,,
standard:rfc-9802,RFC 9802,standard,library,RFC 9802,https://www.rfc-editor.org/rfc/rfc9802.html,,active,,
standard:rfc-9810,RFC 9810,standard,library,RFC 9810,https://www.rfc-editor.org/rfc/rfc9810.html,,active,,
standard:rfc-9811,RFC 9811,standard,library,RFC 9811,https://www.rfc-editor.org/rfc/rfc9811.html,,active,,
standard:rfc-9814,RFC 9814,standard,library,RFC 9814,https://www.rfc-editor.org/rfc/rfc9814.html,,active,,
standard:rfc-9846-the-transport-layer-security-tls-protocol-version-1,RFC-9846-The-Transport-Layer-Security-TLS-Protocol-Version-1,standard,library,RFC-9846-The-Transport-Layer-Security-TLS-Protocol-Version-1,https://www.rfc-editor.org/rfc/rfc9846.html,,active,,
standard:rfc-9847,RFC 9847,standard,library,RFC 9847,https://www.rfc-editor.org/rfc/rfc9847.html,,active,,
standard:rfc-9858,RFC 9858,standard,library,RFC 9858,https://www.rfc-editor.org/rfc/rfc9858.html,,active,,
standard:rfc-9867,RFC 9867,standard,library,RFC 9867,https://datatracker.ietf.org/doc/html/rfc9867,,active,,
standard:rfc-9881,RFC 9881,standard,library,RFC 9881,https://www.rfc-editor.org/rfc/rfc9881.html,,active,,
standard:rfc-9882,RFC 9882,standard,library,RFC 9882,https://www.rfc-editor.org/rfc/rfc9882.html,,active,,
standard:rfc-9901-sd-jwt-vc,RFC-9901-SD-JWT-VC,standard,library,RFC-9901-SD-JWT-VC,https://www.rfc-editor.org/rfc/rfc9901,,active,,
standard:rfc-9909,RFC-9909,standard,library,RFC-9909,https://www.rfc-editor.org/rfc/rfc9909.html,,active,,
standard:rfc-9935,RFC-9935,standard,library,RFC-9935,https://www.rfc-editor.org/rfc/rfc9935,,active,,
standard:rfc-9936,RFC-9936,standard,library,RFC-9936,https://www.rfc-editor.org/rfc/rfc9936,,active,,
standard:rfc-9941,RFC 9941,standard,library,RFC 9941,https://datatracker.ietf.org/doc/html/rfc9941,,active,,
standard:rfc-9958,RFC-9958,standard,library,RFC-9958,https://datatracker.ietf.org/doc/rfc9958/,,active,,
standard:rfc-9964,RFC-9964,standard,library,RFC-9964,https://www.rfc-editor.org/rfc/rfc9964.html,draft-ietf-cose-dilithium;draft-ietf-cose-dilithium-05;draft-ietf-cose-dilithium-11;ML-DSA for JOSE and COSE,active,,
standard:rfc-9980,RFC 9980,standard,library,RFC 9980,https://datatracker.ietf.org/doc/rfc9980/,,active,,
standard:rosenpass-protocol,Rosenpass-Protocol,standard,library,Rosenpass-Protocol,https://rosenpass.eu/whitepaper.pdf,,active,,
standard:salsa-2022-lattice-transformer,SALSA-2022-Lattice-Transformer,standard,library,SALSA-2022-Lattice-Transformer,https://arxiv.org/abs/2207.04785,,active,,
standard:sammo-pqc-npp-montecarlo-2026,Sammo-PQC-NPP-MonteCarlo-2026,standard,library,Sammo-PQC-NPP-MonteCarlo-2026,https://arxiv.org/abs/2605.02276,,active,,
standard:samsung-thales-ml-kem-ese-2026,Samsung-Thales-ML-KEM-eSE-2026,standard,library,Samsung-Thales-ML-KEM-eSE-2026,https://www.businesswire.com/news/home/20260106145232/en/Thales-Powers-CES-Winning-Post-Quantum-Chip-From-Samsung-Electronics,,active,,
standard:sandboxaq-pqc-readiness-2025,SandboxAQ-PQC-Readiness-2025,standard,library,SandboxAQ-PQC-Readiness-2025,https://www.sandboxaq.com/pqc-readiness-2025,,active,,
standard:sandhu-sharma-hybridcrypto-finance-2026,Sandhu-Sharma-HybridCrypto-Finance-2026,standard,library,Sandhu-Sharma-HybridCrypto-Finance-2026,https://doi.org/10.1016/j.fraope.2026.100627,,active,,
standard:saudi-nca-ecc2-2024,Saudi-NCA-ECC2-2024,standard,library,Saudi-NCA-ECC2-2024,https://nca.gov.sa/,,active,,
standard:saudi-nca-ncs1-2020,Saudi-NCA-NCS1-2020,standard,library,Saudi-NCA-NCS1-2020,https://nca.gov.sa/,,active,,
standard:sca-2017-aes-cnn-jitter,SCA-2017-AES-CNN-Jitter,standard,library,SCA-2017-AES-CNN-Jitter,https://hal.science/hal-01661212,,active,,
standard:sca-2023-masked-kyber-dl,SCA-2023-Masked-Kyber-DL,standard,library,SCA-2023-Masked-Kyber-DL,https://eprint.iacr.org/2023/1042,,active,,
standard:sdith-round2-spec,SDitH-Round2-Spec,standard,library,SDitH-Round2-Spec,https://csrc.nist.gov/csrc/media/Projects/pqc-dig-sig/documents/round-2/spec-files/sdith-spec-round2-web.pdf,,active,,
standard:sec-1,SEC 1,standard,library,SEC 1,https://www.secg.org/sec1-v2.pdf,,active,,
standard:sec2-v2,SEC2-v2,standard,library,SEC2-v2,https://www.secg.org/sec2-v2.pdf,,active,,
standard:sg-quantum-safe-handbook-2025,SG-Quantum-Safe-Handbook-2025,standard,library,SG-Quantum-Safe-Handbook-2025,https://isomer-user-content.by.gov.sg/36/11227d39-4350-4ded-9046-d62f99f561ab/Draft%20for%20Public%20Consultation%20-%20Quantum-Safe%20Handbook%20(Oct%202025).pdf,,active,,
standard:signal-pqxdh-spec,Signal-PQXDH-Spec,standard,library,Signal-PQXDH-Spec,https://signal.org/docs/specifications/pqxdh/,,active,,
standard:singapore-csa-quantum-safe-handbook,Singapore-CSA-Quantum-Safe-Handbook,standard,library,Singapore-CSA-Quantum-Safe-Handbook,https://isomer-user-content.by.gov.sg/36/11227d39-4350-4ded-9046-d62f99f561ab/Draft%20for%20Public%20Consultation%20-%20Quantum-Safe%20Handbook%20(Oct%202025).pdf,,active,,
standard:singapore-imda-cyber-security-guide,Singapore IMDA Cyber Security Guide,standard,library,Singapore IMDA Cyber Security Guide,https://www.csa.gov.sg/resources/publications/quantum-safe-handbook-and-quantum-readiness-index/,,active,,
standard:singapore-nqsn-plus,Singapore-NQSN-Plus,standard,library,Singapore-NQSN-Plus,https://www.imda.gov.sg/about-imda/emerging-technologies-and-research/quantum-safe-technologies,,active,,
standard:slip-0010,SLIP-0010,standard,library,SLIP-0010,https://github.com/satoshilabs/slips/blob/master/slip-0010.md,,active,,
standard:slsa-specification-v1-1,SLSA-Specification-v1.1,standard,library,SLSA-Specification-v1.1,https://slsa.dev/spec/v1.1/,,active,,
standard:snova-round2-spec,SNOVA-Round2-Spec,standard,library,SNOVA-Round2-Spec,https://csrc.nist.gov/csrc/media/Projects/pqc-dig-sig/documents/round-2/spec-files/snova-spec-round2-web.pdf,,active,,
standard:solana-pqc-helius,Solana-PQC-Helius,standard,library,Solana-PQC-Helius,,,active,,
standard:sp-800-230-additional-slh-dsa-parameter-sets-for-limited-sig,SP-800-230-Additional-SLH-DSA-Parameter-Sets-for-Limited-Sig,standard,library,SP-800-230-Additional-SLH-DSA-Parameter-Sets-for-Limited-Sig,https://csrc.nist.gov/pubs/sp/800/230/ipd,,active,,
standard:sp-800-73-6-part-1-piv-card-application-namespace-data-model,SP-800-73-6-Part-1-PIV-Card-Application-Namespace-Data-Model,standard,library,SP-800-73-6-Part-1-PIV-Card-Application-Namespace-Data-Model,https://csrc.nist.gov/pubs/sp/800/73/pt1/6/iwd,,active,,
standard:sp-800-73-6-part-2-piv-card-application-card-command-interfa,SP-800-73-6-Part-2-PIV-Card-Application-Card-Command-Interfa,standard,library,SP-800-73-6-Part-2-PIV-Card-Application-Card-Command-Interfa,https://csrc.nist.gov/pubs/sp/800/73/pt2/6/iwd,,active,,
standard:sp-800-78-6-cryptographic-algorithms-and-key-sizes-for-piv,SP-800-78-6-Cryptographic-Algorithms-and-Key-Sizes-for-PIV,standard,library,SP-800-78-6-Cryptographic-Algorithms-and-Key-Sizes-for-PIV,https://csrc.nist.gov/pubs/sp/800/78/6/iwd,,active,,
standard:spdx-spec-iso-5962,SPDX-Spec-ISO-5962,standard,library,SPDX-Spec-ISO-5962,https://spdx.dev/use/specifications/,,active,,
standard:spherity-pqc-identity-corridors-2026,Spherity-PQC-Identity-Corridors-2026,standard,library,Spherity-PQC-Identity-Corridors-2026,https://www.linkedin.com/posts/ingrid-vasiliu-feltes-mdmba_computing-ai-business-activity-7467077511668117505-3fhf,,active,,
standard:sphincs-plus-spec-v31,SPHINCS-Plus-Spec-v31,standard,library,SPHINCS-Plus-Spec-v31,https://sphincs.org/data/sphincs+-r3.1-specification.pdf,,active,,
standard:springer-mathfoundations-pqc-2026,Springer-MathFoundations-PQC-2026,standard,library,Springer-MathFoundations-PQC-2026,https://doi.org/10.1007/978-981-96-1218-5,,active,,
standard:sqisign-round2-spec,SQIsign-Round2-Spec,standard,library,SQIsign-Round2-Spec,https://csrc.nist.gov/csrc/media/Projects/pqc-dig-sig/documents/round-2/spec-files/sqisign-spec-round2-web.pdf,,active,,
standard:sui-pqc-blog,Sui-PQC-Blog,standard,library,Sui-PQC-Blog,,,active,,
standard:swift-csp,SWIFT-CSP,standard,library,SWIFT-CSP,,,active,,
standard:swift-customer-security-controls-framework-cscf-v2026,Swift-Customer-Security-Controls-Framework-CSCF-v2026,standard,library,Swift-Customer-Security-Controls-Framework-CSCF-v2026,https://www2.swift.com/knowledgecentre/rest/v1/publications/cscf_dd/70.0/CSCF_v2026_202507015.pdf?logDownload=true,,active,,
standard:taurus-sa-product,Taurus-SA-Product,standard,library,Taurus-SA-Product,,,active,,
standard:tcg-ek-credential-profile-v2-7,TCG-EK-Credential-Profile-v2.7,standard,library,TCG-EK-Credential-Profile-v2.7,https://trustedcomputinggroup.org/resource/tcg-ek-credential-profile-for-tpm-family-2-0/,,active,,
standard:tcg-pc-client-platform-tpm-profile-v1-07,TCG-PC-Client-Platform-TPM-Profile-v1.07,standard,library,TCG-PC-Client-Platform-TPM-Profile-v1.07,https://trustedcomputinggroup.org/resource/pc-client-platform-tpm-profile-ptp-specification/,,active,,
standard:tcg-tpm-2-0-library-v1-85-errata,TCG-TPM-2.0-Library-v1.85-Errata,standard,library,TCG-TPM-2.0-Library-v1.85-Errata,https://trustedcomputinggroup.org/resource/tpm-library-specification/,,active,,
standard:tcg-tpm-2-0-library-v1-85-part3-published,TCG-TPM-2.0-Library-v1.85-Part3-Published,standard,library,TCG-TPM-2.0-Library-v1.85-Part3-Published,https://trustedcomputinggroup.org/resource/tpm-library-specification/,,active,,
standard:tcg-tpm-pqc-spec-2025,TCG-TPM-PQC-Spec-2025,standard,library,TCG-TPM-PQC-Spec-2025,https://trustedcomputinggroup.org/wp-content/uploads/Trusted-Platform-Module-2.0-Library-Part-1-Architecture_Version-185_pub.pdf,,active,,
standard:tcg-tpm-v185-part0,TCG-TPM-V185-Part0,standard,library,TCG-TPM-V185-Part0,https://trustedcomputinggroup.org/wp-content/uploads/Trusted-Platform-Module-2.0-Library-Part-0-Introduction_Version-185_pub.pdf,,active,,
standard:tcg-tpm-v185-part1,TCG-TPM-V185-Part1,standard,library,TCG-TPM-V185-Part1,https://trustedcomputinggroup.org/wp-content/uploads/Trusted-Platform-Module-2.0-Library-Part-1-Architecture_Version-185_pub.pdf,,active,,
standard:tcg-tpm-v185-part2,TCG-TPM-V185-Part2,standard,library,TCG-TPM-V185-Part2,https://trustedcomputinggroup.org/wp-content/uploads/Trusted-Platform-Module-2.0-Library-Part-2-Structures_Version-185_pub.pdf,,active,,
standard:tcg-tpm-v185-part3,TCG-TPM-V185-Part3,standard,library,TCG-TPM-V185-Part3,https://trustedcomputinggroup.org/resource/tpm-library-specification/,,active,,
standard:technicalguidelines-on-sbomqbomcbomaibom-and-hbom-ver2-0,TechnicalGuidelines-on-SBOMQBOMCBOMAIBOM-and-HBOM-ver2.0,standard,library,TechnicalGuidelines-on-SBOMQBOMCBOMAIBOM-and-HBOM-ver2.0,,,active,,
standard:testing-measuring-and-managing-pqc-migration-wp,Testing.Measuring.and.Managing.PQC.Migration.WP,standard,library,Testing.Measuring.and.Managing.PQC.Migration.WP,,,active,,
standard:tno-pqc-migration-wp-2025,TNO-PQC-Migration-WP-2025,standard,library,TNO-PQC-Migration-WP-2025,,,active,,
standard:tsa-sd-pipeline-2021-02f,TSA-SD-PIPELINE-2021-02F,standard,library,TSA-SD-PIPELINE-2021-02F,https://www.tsa.gov/sites/default/files/tsa-security-directive-pipeline-2021-02f-and-memo-508c.pdf,,active,,
standard:uae-csc-encryption-policy,UAE-CSC-Encryption-Policy,standard,library,UAE-CSC-Encryption-Policy,https://www.uaecsc.gov.ae/,,active,,
standard:uae-desc-pqc-guideline,UAE-DESC-PQC-Guideline,standard,library,UAE-DESC-PQC-Guideline,https://www.desc.gov.ae/dubai-electronic-security-center-launches-new-innovative-projects-at-gisec-global-2025/,,active,,
standard:uefi-spec-2-10-secureboot,UEFI-SPEC-2.10-SecureBoot,standard,library,UEFI-SPEC-2.10-SecureBoot,https://uefi.org/sites/default/files/resources/UEFI_Spec_Final_2.11.pdf,,active,,
standard:uic-frmcs-t-v1-0-future-railway-mobile-communication-system,UIC-FRMCS-T-v1-0-Future-Railway-Mobile-Communication-System,standard,library,UIC-FRMCS-T-v1-0-Future-Railway-Mobile-Communication-System,https://uic.org/IMG/pdf/frmcs-t_v1_0_.pdf,,active,,
standard:uk-cmorg-pqc-guidance-2025,UK-CMORG-PQC-Guidance-2025,standard,library,UK-CMORG-PQC-Guidance-2025,https://www.cmorg.org.uk/sites/default/files/2025-06/CMORG%20-%20Guidance%20for%20Post-Quantum%20Cryptography%20-%20April%202025%20-%20TLP%20CLEAR%20(1).pdf,,active,,
standard:uk-dsit-cni-pqc-perspectives-2025,UK-DSIT-CNI-PQC-Perspectives-2025,standard,library,UK-DSIT-CNI-PQC-Perspectives-2025,https://www.gov.uk/government/publications/perspectives-on-the-plan-for-pqc-transition,,active,,
standard:un-regulation-no-155-cyber-security-and-cyber-security-manag,UN-Regulation-No-155-Cyber-Security-and-Cyber-Security-Manag,standard,library,UN-Regulation-No-155-Cyber-Security-and-Cyber-Security-Manag,https://eur-lex.europa.eu/legal-content/EN/TXT/?uri=CELEX:42021X0387,,active,,
standard:unece-wp29-r155,UNECE-WP29-R155,standard,library,UNECE-WP29-R155,https://unece.org/transport/documents/2021/03/standards/un-regulation-no-155-cyber-security-and-cyber-security,,active,,
standard:unisig-subset-137-ertms-etcs-on-line-key-management-fffis,UNISIG-SUBSET-137-ERTMS-ETCS-On-line-Key-Management-FFFIS,standard,library,UNISIG-SUBSET-137-ERTMS-ETCS-On-line-Key-Management-FFFIS,https://www.era.europa.eu/system/files/2023-01/sos3_index083_-_subset-137_v100.pdf,,active,,
standard:uov-round2-spec,UOV-Round2-Spec,standard,library,UOV-Round2-Spec,https://csrc.nist.gov/csrc/media/Projects/pqc-dig-sig/documents/round-2/spec-files/uov-spec-round2-web.pdf,,active,,
standard:us-qccpa-2022,US-QCCPA-2022,standard,library,US-QCCPA-2022,https://www.govinfo.gov/content/pkg/PLAW-117publ260/pdf/PLAW-117publ260.pdf,,active,,
standard:us-treasury-fsrmp-2025,US-TREASURY-FSRMP-2025,standard,library,US-TREASURY-FSRMP-2025,https://home.treasury.gov/,,active,,
standard:use-of-slh-dsa-in-tls-1-3,Use-of-SLH-DSA-in-TLS-1-3,standard,library,Use-of-SLH-DSA-in-TLS-1-3,https://datatracker.ietf.org/doc/draft-reddy-tls-slhdsa/,,active,,
standard:usenix-2024-hqc-division-timing,USENIX-2024-HQC-Division-Timing,standard,library,USENIX-2024-HQC-Division-Timing,https://www.usenix.org/conference/usenixsecurity24/presentation/schr%C3%B6der,,active,,
standard:venafi-ponemon-outage-cost,Venafi-Ponemon-Outage-Cost,standard,library,Venafi-Ponemon-Outage-Cost,https://www.cyberark.com/resources/ebooks/machine-identity-security,,active,,
standard:viavi-pqc-migration-wp-2026,VIAVI-PQC-Migration-WP-2026,standard,library,VIAVI-PQC-Migration-WP-2026,https://comms.viavisolutions.com/pqc-white-paper-vs13177,,active,,
standard:w3c-verifiable-credentials-data-model-v2-0,W3C-Verifiable-Credentials-Data-Model-v2-0,standard,library,W3C-Verifiable-Credentials-Data-Model-v2-0,https://www.w3.org/TR/vc-data-model-2.0/,,active,,
standard:w3c-webauthn,W3C WebAuthn,standard,library,W3C WebAuthn,https://www.w3.org/TR/webauthn-3/,,active,,
standard:wco-safe-framework-of-standards-2021,WCO-SAFE-Framework-of-Standards-2021,standard,library,WCO-SAFE-Framework-of-Standards-2021,https://www.wcoomd.org/-/media/wco/public/global/pdf/topics/facilitation/instruments-and-tools/tools/safe-package/safe-framework-of-standards.pdf,,active,,
standard:webpki-pqc-timeline,WebPKI PQC Timeline,standard,library,WebPKI PQC Timeline,https://github.com/WICG/webpackage,,active,,
standard:wef-2026-quantum-security-leaders,WEF-2026-Quantum-Security-Leaders,standard,library,WEF-2026-Quantum-Security-Leaders,https://www.weforum.org/reports/quantum-security/,,active,,
standard:wef-2026-quantumsafe-migration-cryptodepth,WEF-2026-QuantumSafe-Migration-CryptoDepth,standard,library,WEF-2026-QuantumSafe-Migration-CryptoDepth,https://www.weforum.org/stories/preview/ce35c20a-e144-4032-9c89-8ae67b114560/,,active,,
standard:weger-code-based-survey-2022,Weger-Code-Based-Survey-2022,standard,library,Weger-Code-Based-Survey-2022,https://arxiv.org/abs/2201.07119,,active,,
standard:westerbaan-pqcrypto2025-slides,Westerbaan-PQCrypto2025-Slides,standard,library,Westerbaan-PQCrypto2025-Slides,https://pqcrypto2025.iis.sinica.edu.tw/slides/Invited2.pdf,,active,,
standard:wh-pqc-report-2024,WH-PQC-Report-2024,standard,library,WH-PQC-Report-2024,https://bidenwhitehouse.archives.gov/wp-content/uploads/2024/07/REF_PQC-Report_FINAL_Send.pdf,,active,,
standard:x-509-certificate-policy-for-the-u-s-federal-pki-common-poli,X-509-Certificate-Policy-for-the-U-S-Federal-PKI-Common-Poli,standard,library,X-509-Certificate-Policy-for-the-U-S-Federal-PKI-Common-Poli,https://www.idmanagement.gov/docs/fpki-x509-cert-policy-common.pdf,,active,,
standard:x-509v3-ml-dsa-certificates-for-the-secure-shell-ssh-protoco,X-509v3-ML-DSA-Certificates-for-the-Secure-Shell-SSH-Protoco,standard,library,X-509v3-ML-DSA-Certificates-for-the-Secure-Shell-SSH-Protoco,https://datatracker.ietf.org/doc/draft-rpe-ssh-x509-mldsa/,,active,,
standard:x402-cryptographic-receipts-format-post-quantum-discipline-a,x402-Cryptographic-Receipts-Format-Post-Quantum-Discipline-a,standard,library,x402-Cryptographic-Receipts-Format-Post-Quantum-Discipline-a,https://datatracker.ietf.org/doc/draft-vauban-x402-consolidated/,,active,,
standard:yahoofinance-quantum-ready-2030-2026,YahooFinance-Quantum-Ready-2030-2026,standard,library,YahooFinance-Quantum-Ready-2030-2026,https://finance.yahoo.com/news/cybersecurity-apocalypse-2026-algorithm-according-130000288.html,,active,,
standard:za-popia-text,ZA-POPIA-TEXT,standard,library,ZA-POPIA-TEXT,https://www.justice.gov.za/legislation/acts/2013-004.pdf,,active,,
standard:zodia-custody,Zodia-Custody,standard,library,Zodia-Custody,,,active,,
algorithm:ml-dsa-44,ML-DSA-44,algorithm,standard_implements_algo_xref,ML-DSA-44,,,active,,
algorithm:ml-dsa-65,ML-DSA-65,algorithm,standard_implements_algo_xref,ML-DSA-65,,,active,,
algorithm:ml-dsa-87,ML-DSA-87,algorithm,standard_implements_algo_xref,ML-DSA-87,,,active,,
algorithm:ml-kem-1024,ML-KEM-1024,algorithm,standard_implements_algo_xref,ML-KEM-1024,,,active,,
algorithm:ml-kem-512,ML-KEM-512,algorithm,standard_implements_algo_xref,ML-KEM-512,,,active,,
algorithm:ml-kem-768,ML-KEM-768,algorithm,standard_implements_algo_xref,ML-KEM-768,,,active,,
algorithm:slh-dsa-sha2-128f,SLH-DSA-SHA2-128f,algorithm,standard_implements_algo_xref,SLH-DSA-SHA2-128f,,,active,,
algorithm:slh-dsa-sha2-128s,SLH-DSA-SHA2-128s,algorithm,standard_implements_algo_xref,SLH-DSA-SHA2-128s,,,active,,
algorithm:slh-dsa-sha2-192f,SLH-DSA-SHA2-192f,algorithm,standard_implements_algo_xref,SLH-DSA-SHA2-192f,,,active,,
algorithm:slh-dsa-sha2-192s,SLH-DSA-SHA2-192s,algorithm,standard_implements_algo_xref,SLH-DSA-SHA2-192s,,,active,,
algorithm:slh-dsa-sha2-256f,SLH-DSA-SHA2-256f,algorithm,standard_implements_algo_xref,SLH-DSA-SHA2-256f,,,active,,
algorithm:slh-dsa-sha2-256s,SLH-DSA-SHA2-256s,algorithm,standard_implements_algo_xref,SLH-DSA-SHA2-256s,,,active,,
algorithm:slh-dsa-shake-128f,SLH-DSA-SHAKE-128f,algorithm,standard_implements_algo_xref,SLH-DSA-SHAKE-128f,,,active,,
algorithm:slh-dsa-shake-128s,SLH-DSA-SHAKE-128s,algorithm,standard_implements_algo_xref,SLH-DSA-SHAKE-128s,,,active,,
algorithm:slh-dsa-shake-192f,SLH-DSA-SHAKE-192f,algorithm,standard_implements_algo_xref,SLH-DSA-SHAKE-192f,,,active,,
algorithm:slh-dsa-shake-192s,SLH-DSA-SHAKE-192s,algorithm,standard_implements_algo_xref,SLH-DSA-SHAKE-192s,,,active,,
algorithm:slh-dsa-shake-256f,SLH-DSA-SHAKE-256f,algorithm,standard_implements_algo_xref,SLH-DSA-SHAKE-256f,,,active,,
algorithm:slh-dsa-shake-256s,SLH-DSA-SHAKE-256s,algorithm,standard_implements_algo_xref,SLH-DSA-SHAKE-256s,,,active,,
timeline:1-6t-quantum-safe-optical-encryption,1.6T Quantum-Safe Optical Encryption,timeline,timeline,1.6T Quantum-Safe Optical Encryption,https://www.ciena.com/insights/blog/2026/1.6t-quantum-safe-encryption-protecting-critical-data-at-scale,,active,,
timeline:100th-research-paper-milestone,100th Research Paper Milestone,timeline,timeline,100th Research Paper Milestone,https://pqshield.com/pqshield-hits-100-research-papers-pushing-post-quantum-cryptography-from-theory-to-reality/,,active,,
timeline:112-bit-security-algorithms-fully-disallowed,112-bit Security Algorithms Fully Disallowed,timeline,timeline,112-bit Security Algorithms Fully Disallowed,https://csrc.nist.gov/pubs/ir/8547/ipd,,active,,
timeline:112-bit-security-deprecated,112-bit Security Deprecated,timeline,timeline,112-bit Security Deprecated,https://csrc.nist.gov/pubs/ir/8547/ipd,,active,,
timeline:3gpp-tr-33-938-pqc-transition-study,3GPP TR 33.938 PQC Transition Study,timeline,timeline,3GPP TR 33.938 PQC Transition Study,https://www.3gpp.org/DynaReport/33938.htm,3GPP TR 33.841 PQC Study,active,,
timeline:acdi-deployment-phase,ACDI Deployment Phase,timeline,timeline,ACDI Deployment Phase,https://www.cisa.gov/sites/default/files/2024-09/Strategy-for-Migrating-to-Automated-PQC-Discovery-and-Inventory-Tools.pdf,,active,,
timeline:acsc-annual-cyber-threat-report-202425-pqc-as-a-national-priority,ACSC Annual Cyber Threat Report 2024–25 — PQC as a National Priority,timeline,timeline,ACSC Annual Cyber Threat Report 2024–25 — PQC as a National Priority,https://www.cyber.gov.au/about-us/view-all-content/reports-and-statistics/annual-cyber-threat-report-2024-2025,,active,,
timeline:additional-signatures-round-3-advances,Additional Signatures Round 3 Advances,timeline,timeline,Additional Signatures Round 3 Advances,https://www.nist.gov/news-events/news/2026/05/nine-candidates-advance-third-round-additional-digital-signatures-pqc,,active,,
timeline:agency-pqc-migration-plans-due-to-omb-oncd-m-26-15,Agency PQC Migration Plans Due to OMB/ONCD (M-26-15),timeline,timeline,Agency PQC Migration Plans Due to OMB/ONCD (M-26-15),https://www.whitehouse.gov/wp-content/uploads/2026/06/M-26-15-Execution-of-the-Migration-to-Post-Quantum-Cryptography.pdf,,active,,
timeline:agreed-cryptographic-algorithms-v2,Agreed Cryptographic Algorithms v2,timeline,timeline,Agreed Cryptographic Algorithms v2,https://certification.enisa.europa.eu/document/download/f4657490-9757-4a97-8deb-fd4d6a1358ee_en?filename=EUCC_guidelines_Agreed%20Cryptographic%20Mechanisms%20v2.pdf,,active,,
timeline:aqtive-guard-fedramp-ready,AQtive Guard FedRAMP Ready,timeline,timeline,AQtive Guard FedRAMP Ready,https://www.sandboxaq.com/press/sandboxaq-achieves-fedramp-ready-status-powering-enterprise-readiness-across-the-defense-and-public-sector,,active,,
timeline:aqtive-guard-pentagon-5-year-agreement,AQtive Guard Pentagon 5-Year Agreement,timeline,timeline,AQtive Guard Pentagon 5-Year Agreement,https://www.sandboxaq.com/press/sandboxaq-and-dow-cio-partner-to-strengthen-us-defenses-against-quantum-and-ai-driven-cyber-threats,,active,,
timeline:asd-full-migration-phase,ASD Full Migration Phase,timeline,timeline,ASD Full Migration Phase,https://www.cyber.gov.au/business-government/secure-design/planning-for-post-quantum-cryptography,,active,,
timeline:automated-pqc-discovery-strategy,Automated PQC Discovery Strategy,timeline,timeline,Automated PQC Discovery Strategy,https://www.cisa.gov/sites/default/files/2024-09/Strategy-for-Migrating-to-Automated-PQC-Discovery-and-Inventory-Tools.pdf,,active,,
timeline:ballot-smc013-ml-dsa-for-s-mime-adopted,Ballot SMC013 ML-DSA for S/MIME Adopted,timeline,timeline,Ballot SMC013 ML-DSA for S/MIME Adopted,https://cabforum.org/2025/07/02/ballot-smc-013/,,active,,
timeline:banking-pqc-directive,Banking PQC Directive,timeline,timeline,Banking PQC Directive,https://www.boi.org.il/en/economic-roles/supervision-and-regulation/letters/letter202501en,,active,,
timeline:banking-system-preparedness-for-quantum-computing-cyber-risks,Banking System Preparedness for Quantum Computing Cyber Risks,timeline,timeline,Banking System Preparedness for Quantum Computing Cyber Risks,https://www.boi.org.il/media/sm4f1ssu/202501en.pdf,,active,,
timeline:bip-360-pay-to-merkle-root-proposal,BIP-360 Pay-to-Merkle-Root Proposal,timeline,timeline,BIP-360 Pay-to-Merkle-Root Proposal,https://github.com/bitcoin/bips/blob/master/bip-0360.mediawiki,,active,,
timeline:bitcoin-quantum-testnet-launch,Bitcoin Quantum Testnet Launch,timeline,timeline,Bitcoin Quantum Testnet Launch,https://www.btq.com/news,,active,,
timeline:bom-guidelines-expanded,BOM Guidelines Expanded,timeline,timeline,BOM Guidelines Expanded,"https://www.cert-in.org.in/PDF/TechnicalGuidelines-on-SBOM,QBOM&CBOM,AIBOM_and_HBOM_ver2.0.pdf",,active,,
timeline:bsi-approved-400g-pqc-encryptor,BSI-Approved 400G PQC Encryptor,timeline,timeline,BSI-Approved 400G PQC Encryptor,https://www.advasecurity.com/en/newsroom/press-releases/20250925-adva-network-security-scores-world-first-with-bsi-approved-400g-encryption-solution,,active,,
timeline:bsi-signals-future-hybrid-pqc-key-exchange-for-tls,BSI Signals Future Hybrid PQC Key Exchange for TLS,timeline,timeline,BSI Signals Future Hybrid PQC Key Exchange for TLS,https://www.bsi.bund.de/SharedDocs/Downloads/EN/BSI/Publications/TechGuidelines/TG02102/BSI-TR-02102-2.pdf?__blob=publicationFile&v=11,,active,,
timeline:bsi-tr-02102-1-2026-edition,BSI TR-02102-1 2026 Edition,timeline,timeline,BSI TR-02102-1 2026 Edition,https://www.bsi.bund.de/SharedDocs/Downloads/EN/BSI/Publications/TechGuidelines/TG02102/BSI-TR-02102-1.pdf,,active,,
timeline:bsi-vs-it-umstellungsfristen-fuer-post-quanten-kryptografie-vereinbart,BSI: VS-IT Umstellungsfristen fuer Post-Quanten-Kryptografie vereinbart,timeline,timeline,BSI: VS-IT Umstellungsfristen fuer Post-Quanten-Kryptografie vereinbart,https://www.bsi.bund.de/DE/Service-Navi/Presse/Alle-Meldungen-News/Meldungen/PQC-Umstellungsfristen_251031.html,,active,,
timeline:cacr-pqc-competition-results,CACR PQC Competition Results,timeline,timeline,CACR PQC Competition Results,https://en.qapp.tech/help/cacr,,active,,
timeline:carahsoft-government-partnership,Carahsoft Government Partnership,timeline,timeline,Carahsoft Government Partnership,https://pqshield.com/pqshield-and-carahsoft-partner-to-make-powerful-post-quantum-cryptography-solutions-available-to-government-agencies/,,active,,
timeline:cccs-pqc-migration-roadmap-published,CCCS PQC Migration Roadmap Published,timeline,timeline,CCCS PQC Migration Roadmap Published,https://www.cyber.gc.ca/en/guidance/roadmap-migration-post-quantum-cryptography-government-canada-itsm40001,,active,,
timeline:ccn-tec-009-post-quantum-transition,CCN-TEC 009 Post-Quantum Transition,timeline,timeline,CCN-TEC 009 Post-Quantum Transition,https://www.ccn.cni.es/gl/docman/documentos-publicos/boletines-pytec/499-ccn-tec-009-recomendaciones-transicion-postcuantica-segura-english/file,,active,,
timeline:cea-leti-cesti-pqc-accreditation,CEA-Leti CESTI PQC Accreditation,timeline,timeline,CEA-Leti CESTI PQC Accreditation,https://cyber.gouv.fr/actualites/premiers-visas-de-securite-incluant-de-la-cryptographie-post-quantique,,active,,
timeline:cii-pqc-foundations-deadline,CII PQC Foundations Deadline,timeline,timeline,CII PQC Foundations Deadline,https://dst.gov.in/sites/default/files/Quantum-Safe-Ecosystem-in-India.pdf,,active,,
timeline:cisa-cbom-guidance-far-contractor-vdp-rule-due-eo-14412,CISA CBOM Guidance & FAR Contractor VDP Rule Due (EO 14412),timeline,timeline,CISA CBOM Guidance & FAR Contractor VDP Rule Due (EO 14412),https://www.whitehouse.gov/presidential-actions/2026/06/securing-the-nation-against-advanced-cryptographic-attacks/,,active,,
timeline:cisa-pqc-product-category-list-eo-14306-deadline,CISA PQC Product Category List — EO 14306 Deadline,timeline,timeline,CISA PQC Product Category List — EO 14306 Deadline,https://www.cisa.gov/quantum,,active,,
timeline:cisa-pqc-product-category-list-publication,CISA PQC Product Category List Publication,timeline,timeline,CISA PQC Product Category List Publication,https://www.cisa.gov/resources-tools/resources/product-categories-technologies-use-post-quantum-cryptography-standards,,active,,
timeline:cni-perspectives-report,CNI Perspectives Report,timeline,timeline,CNI Perspectives Report,https://www.gov.uk/government/publications/perspectives-on-the-plan-for-pqc-transition,,active,,
timeline:cnsa-1-0-compliance-deadline-for-nss,CNSA 1.0 Compliance Deadline for NSS,timeline,timeline,CNSA 1.0 Compliance Deadline for NSS,https://media.defense.gov/2022/Sep/07/2003071836/-1/-1/0/CSI_CNSA_2.0_FAQ_.PDF,,active,,
timeline:cnsa-2-0-algorithms-revised,CNSA 2.0 Algorithms Revised,timeline,timeline,CNSA 2.0 Algorithms Revised,https://media.defense.gov/2022/Sep/07/2003071836/-1/-1/0/CSI_CNSA_2.0_FAQ_.PDF,,active,,
timeline:cnsa-2-0-exclusive-network-signing,CNSA 2.0 Exclusive - Network/Signing,timeline,timeline,CNSA 2.0 Exclusive - Network/Signing,https://www.quantum.gov/nsa-releases-future-quantum-resistant-algorithm-requirements-for-national-security-systems/,,active,,
timeline:cnsa-2-0-exclusive-os-web-cloud,CNSA 2.0 Exclusive - OS/Web/Cloud,timeline,timeline,CNSA 2.0 Exclusive - OS/Web/Cloud,https://www.quantum.gov/nsa-releases-future-quantum-resistant-algorithm-requirements-for-national-security-systems/,,active,,
timeline:cnsa-2-0-published,CNSA 2.0 Published,timeline,timeline,CNSA 2.0 Published,https://www.quantum.gov/nsa-releases-future-quantum-resistant-algorithm-requirements-for-national-security-systems/,,active,,
timeline:commonwealth-cyber-security-posture-in-2025,Commonwealth Cyber Security Posture in 2025,timeline,timeline,Commonwealth Cyber Security Posture in 2025,https://www.cyber.gov.au/about-us/view-all-content/reports-and-statistics/the-commonwealth-cyber-security-posture-in-2025,,active,,
timeline:coordinated-roadmap-v1-1,Coordinated Roadmap v1.1,timeline,timeline,Coordinated Roadmap v1.1,https://digital-strategy.ec.europa.eu/en/library/coordinated-implementation-roadmap-transition-post-quantum-cryptography,,active,,
timeline:core-infrastructure-transition,Core Infrastructure Transition,timeline,timeline,Core Infrastructure Transition,https://www.microsoft.com/en-us/security/blog/2025/08/20/quantum-safe-security-progress-towards-next-generation-cryptography/,,active,,
timeline:critical-applications-pqc-hybrid-no-longer-required,Critical Applications PQC — Hybrid No Longer Required,timeline,timeline,Critical Applications PQC — Hybrid No Longer Required,https://www.bsi.bund.de/SharedDocs/Downloads/EN/BSI/Publications/TechGuidelines/TG02102/BSI-TR-02102-1.pdf?__blob=publicationFile,,active,,
timeline:critical-infrastructure-cybersecurity-ordinance,Critical Infrastructure Cybersecurity Ordinance,timeline,timeline,Critical Infrastructure Cybersecurity Ordinance,https://www.info.gov.hk/gia/general/202506/27/P2025062700238.htm,,active,,
timeline:critical-infrastructure-migration,Critical Infrastructure Migration,timeline,timeline,Critical Infrastructure Migration,https://digital-strategy.ec.europa.eu/en/library/coordinated-implementation-roadmap-transition-post-quantum-cryptography,,active,,
timeline:critical-systems-migration,Critical Systems Migration,timeline,timeline,Critical Systems Migration,https://itbusinesstoday.com/tech/cybersecurity/japans-national-cyber-defense-push-preparing-for-quantum-driven-threats/,,active,,
timeline:critical-systems-migration-start,Critical Systems Migration Start,timeline,timeline,Critical Systems Migration Start,https://www.cyber.gov.au/business-government/secure-design/planning-for-post-quantum-cryptography,,active,,
timeline:cross-border-pqc-experiment,Cross-Border PQC Experiment,timeline,timeline,Cross-Border PQC Experiment,https://www.mas.gov.sg/news/media-releases/2024/bdf-and-mas-conduct-groundbreaking-post-quantum-cryptography-experiment,,active,,
timeline:cryptographic-accreditation-doctrine-updated,Cryptographic Accreditation Doctrine Updated,timeline,timeline,Cryptographic Accreditation Doctrine Updated,https://cyber.gouv.fr/actualites/premiers-visas-de-securite-incluant-de-la-cryptographie-post-quantique,,active,,
timeline:cryptographic-inventory,Cryptographic Inventory,timeline,timeline,Cryptographic Inventory,https://bidenwhitehouse.archives.gov/briefing-room/statements-releases/2022/05/04/national-security-memorandum-on-promoting-united-states-leadership-in-quantum-computing-while-mitigating-risks-to-vulnerable-cryptographic-systems/,,active,,
timeline:cryptographic-inventory-mandate,Cryptographic Inventory Mandate,timeline,timeline,Cryptographic Inventory Mandate,https://digital-strategy.ec.europa.eu/en/library/recommendation-coordinated-implementation-roadmap-transition-post-quantum-cryptography,,active,,
timeline:cryptographic-recommendations,Cryptographic Recommendations,timeline,timeline,Cryptographic Recommendations,https://nukib.gov.cz/download/publications_en/Minimum%20Requirements%20for%20Cryptographic%20Algorithms.pdf,,active,,
timeline:cryptrec-adds-ml-kem-to-ciphers-list,CRYPTREC Adds ML-KEM to Ciphers List,timeline,timeline,CRYPTREC Adds ML-KEM to Ciphers List,https://www.cryptrec.go.jp/en/method.html,,active,,
timeline:cswp-48-pqc-migration-mappings-draft,CSWP 48 PQC Migration Mappings Draft,timeline,timeline,CSWP 48 PQC Migration Mappings Draft,https://www.nist.gov/news-events/news/2025/09/new-draft-white-paper-pqc-migration-mappings-risk-framework-docs,,active,,
timeline:cybersecurity-industry-policy-package,Cybersecurity Industry Policy Package,timeline,timeline,Cybersecurity Industry Policy Package,https://itbusinesstoday.com/tech/cybersecurity/japans-national-cyber-defense-push-preparing-for-quantum-driven-threats/,,active,,
timeline:czqci-euroqci-backbone-launched,CZQCI EuroQCI Backbone Launched,timeline,timeline,CZQCI EuroQCI Backbone Launched,https://www.cybersecurityhub.cz/en/strategic-projects/czqci,,active,,
timeline:departmental-planning-phase,Departmental Planning Phase,timeline,timeline,Departmental Planning Phase,https://www.cyber.gc.ca/en/guidance/roadmap-migration-post-quantum-cryptography-government-canada-itsm40001,,active,,
timeline:departmental-pqc-migration-plans-due,Departmental PQC Migration Plans Due,timeline,timeline,Departmental PQC Migration Plans Due,https://www.cyber.gc.ca/en/guidance/roadmap-migration-post-quantum-cryptography-government-canada-itsm40001,,active,,
timeline:digital-signature-migration-deadline-eo-june-22-2026,Digital-Signature Migration Deadline (EO June 22 2026),timeline,timeline,Digital-Signature Migration Deadline (EO June 22 2026),https://www.whitehouse.gov/presidential-actions/2026/06/securing-the-nation-against-advanced-cryptographic-attacks/,,active,,
timeline:discovery-planning-phase,Discovery & Planning Phase,timeline,timeline,Discovery & Planning Phase,https://www.ncsc.gov.uk/guidance/pqc-migration-timelines,,active,,
timeline:dod-pqc-migration-memorandum,DoD PQC Migration Memorandum,timeline,timeline,DoD PQC Migration Memorandum,https://dodcio.defense.gov/Library/,,active,,
timeline:draft-ietf-lamps-kyber-certificates,draft-ietf-lamps-kyber-certificates,timeline,timeline,draft-ietf-lamps-kyber-certificates,https://datatracker.ietf.org/doc/draft-ietf-lamps-kyber-certificates/,,active,,
timeline:draft-ietf-tls-ecdhe-mlkem-hybrid-kex,draft-ietf-tls-ecdhe-mlkem Hybrid KEX,timeline,timeline,draft-ietf-tls-ecdhe-mlkem Hybrid KEX,https://datatracker.ietf.org/doc/draft-ietf-tls-ecdhe-mlkem/,,active,,
timeline:dubai-pqc-guideline-launched,Dubai PQC Guideline Launched,timeline,timeline,Dubai PQC Guideline Launched,https://www.desc.gov.ae/dubai-electronic-security-center-launches-new-innovative-projects-at-gisec-global-2025/,,active,,
timeline:early-quantum-safe-adoption,Early Quantum-Safe Adoption,timeline,timeline,Early Quantum-Safe Adoption,https://www.microsoft.com/en-us/security/blog/2025/08/20/quantum-safe-security-progress-towards-next-generation-cryptography/,,active,,
timeline:ecc-22024-cybersecurity-controls,ECC-2:2024 Cybersecurity Controls,timeline,timeline,ECC-2:2024 Cybersecurity Controls,https://cdn.nca.gov.sa/api/files/public/upload/86e09090-44e4-481f-bc28-355673607654_ECC--2024-EN.pdf,,active,,
timeline:encryption-migration-complete,Encryption Migration Complete,timeline,timeline,Encryption Migration Complete,https://nukib.gov.cz/en/,,active,,
timeline:enisa-pqc-anticipating-threats,ENISA PQC Anticipating Threats,timeline,timeline,ENISA PQC Anticipating Threats,https://www.enisa.europa.eu/news/post-quantum-cryptography-anticipating-threats-and-preparing-the-future,,active,,
timeline:estonia-pqc-transition-led-by-cybernetica,Estonia PQC Transition Led by Cybernetica,timeline,timeline,Estonia PQC Transition Led by Cybernetica,https://cyber.ee/resources/news/estonia-pqc-transition/,,active,,
timeline:etsi-iqc-qsc-conference-2026,ETSI/IQC QSC Conference 2026,timeline,timeline,ETSI/IQC QSC Conference 2026,https://www.etsi.org/events/2592-etsi-iqc-qsc-conference-2026,,active,,
timeline:etsi-ts-104-015-hybrid-pqc-standard-published,ETSI TS 104 015 Hybrid PQC Standard Published,timeline,timeline,ETSI TS 104 015 Hybrid PQC Standard Published,https://www.etsi.org/deliver/etsi_ts/104000_104099/104015/01.01.01_60/ts_104015v010101p.pdf,,active,,
timeline:eu-cyber-resilience-act-in-force,EU Cyber Resilience Act In Force,timeline,timeline,EU Cyber Resilience Act In Force,https://eur-lex.europa.eu/eli/reg/2024/2847/oj,,active,,
timeline:eu-joint-statement-on-pqc,EU Joint Statement on PQC,timeline,timeline,EU Joint Statement on PQC,https://www.bsi.bund.de/SharedDocs/Downloads/EN/BSI/Crypto/PQC-joint-statement.pdf,,active,,
timeline:eu-pqc-recommendation-published,EU PQC Recommendation Published,timeline,timeline,EU PQC Recommendation Published,https://digital-strategy.ec.europa.eu/en/library/recommendation-coordinated-implementation-roadmap-transition-post-quantum-cryptography,,active,,
timeline:eu-pqc-survey-launched,EU PQC Survey Launched,timeline,timeline,EU PQC Survey Launched,https://digital-strategy.ec.europa.eu/en/news/survey-eu-roadmap-post-quantum-cryptography,,active,,
timeline:executive-order-14144,Executive Order 14144,timeline,timeline,Executive Order 14144,https://www.federalregister.gov/documents/2025/01/17/2025-01470/strengthening-and-promoting-innovation-in-the-nations-cybersecurity,,active,,
timeline:executive-order-14306-issued,Executive Order 14306 Issued,timeline,timeline,Executive Order 14306 Issued,https://www.whitehouse.gov/presidential-actions/2025/06/sustaining-select-efforts-to-strengthen-the-nations-cybersecurity-and-amending-executive-order-13694-and-executive-order-14144/,,active,,
timeline:executive-order-14413-issued-quantum-innovation-qc-adds,Executive Order 14413 Issued — Quantum Innovation / QC-ADDS,timeline,timeline,Executive Order 14413 Issued — Quantum Innovation / QC-ADDS,https://www.whitehouse.gov/presidential-actions/2026/06/ushering-in-the-next-frontier-of-quantum-innovation/,,active,,
timeline:faa-request-for-information-post-quantum-cryptography-support-rfi-697dck-26-rfi-pqc,FAA Request for Information: Post Quantum Cryptography Support (RFI 697DCK-26-RFI-PQC),timeline,timeline,FAA Request for Information: Post Quantum Cryptography Support (RFI 697DCK-26-RFI-PQC),https://fedscoop.com/wp-content/uploads/sites/5/2026/03/PCQRFI697DCK-26-RFI-PQCFinal.pdf,,active,,
timeline:far-council-proposed-rule-contractor-pqc-fips-compliance-eo-14412,FAR Council Proposed Rule — Contractor PQC/FIPS Compliance (EO 14412),timeline,timeline,FAR Council Proposed Rule — Contractor PQC/FIPS Compliance (EO 14412),https://www.whitehouse.gov/presidential-actions/2026/06/securing-the-nation-against-advanced-cryptographic-attacks/,,active,,
timeline:federal-pqc-procurement-guidance,Federal PQC Procurement Guidance,timeline,timeline,Federal PQC Procurement Guidance,https://www.cisa.gov/resources-tools/resources/product-categories-technologies-use-post-quantum-cryptography-standards,,active,,
timeline:financial-sector-planning,Financial Sector Planning,timeline,timeline,Financial Sector Planning,https://www.mas.gov.sg/regulation/circulars/advisory-on-addressing-the-cybersecurity-risks-associated-with-quantum,,active,,
timeline:financial-sector-pqc-guidance,Financial Sector PQC Guidance,timeline,timeline,Financial Sector PQC Guidance,https://www.cmorg.org.uk/sites/default/files/2025-06/CMORG%20-%20Guidance%20for%20Post-Quantum%20Cryptography%20-%20April%202025%20-%20TLP%20CLEAR%20(1).pdf,,active,,
timeline:financial-sector-pqc-migration-complete,Financial Sector PQC Migration Complete,timeline,timeline,Financial Sector PQC Migration Complete,https://www.hkma.gov.hk/eng/news-and-media/press-releases/2026/02/20260203-3/,,active,,
timeline:financial-sector-pqc-migration-plans-due,Financial Sector PQC Migration Plans Due,timeline,timeline,Financial Sector PQC Migration Plans Due,https://www.mas.gov.sg/regulation/circulars/advisory-on-addressing-the-cybersecurity-risks-associated-with-quantum,,active,,
timeline:financial-sector-pqc-planning,Financial Sector PQC Planning,timeline,timeline,Financial Sector PQC Planning,https://www.hkma.gov.hk/eng/news-and-media/press-releases/2026/02/20260203-3/,,active,,
timeline:financial-sector-qkd-sandbox-completed,Financial Sector QKD Sandbox Completed,timeline,timeline,Financial Sector QKD Sandbox Completed,https://www.mas.gov.sg/news/media-releases/2025/mas-and-industry-partners-publish-technical-report-on-proof-of-concept-sandbox,,active,,
timeline:fintech-2030-strategy-pqc-resilience-pillar,Fintech 2030 Strategy: PQC Resilience Pillar,timeline,timeline,Fintech 2030 Strategy: PQC Resilience Pillar,https://www.hkma.gov.hk/eng/news-and-media/press-releases/2025/11/20251103-3/,,active,,
timeline:fintech-promotion-blueprint-published,Fintech Promotion Blueprint Published,timeline,timeline,Fintech Promotion Blueprint Published,https://www.hkma.gov.hk/media/eng/doc/key-information/press-release/2026/20260203e3a1.pdf,,active,,
timeline:fintech-promotion-blueprint-quantum-preparedness-index,Fintech Promotion Blueprint: Quantum Preparedness Index,timeline,timeline,Fintech Promotion Blueprint: Quantum Preparedness Index,https://www.hkma.gov.hk/eng/news-and-media/press-releases/2026/02/20260203-3/,,active,,
timeline:fips-203-204-205-published,"FIPS 203, 204, 205 Published",timeline,timeline,"FIPS 203, 204, 205 Published",https://csrc.nist.gov/pubs/fips/203/final,,active,,
timeline:fips-206-fn-dsa-draft-submitted,FIPS 206 (FN-DSA) Draft Submitted,timeline,timeline,FIPS 206 (FN-DSA) Draft Submitted,https://csrc.nist.gov/projects/post-quantum-cryptography,,active,,
timeline:first-cc-eal6-pqc-security-controller,First CC EAL6 PQC Security Controller,timeline,timeline,First CC EAL6 PQC Security Controller,https://www.infineon.com/market-news/2025/INFCSS202510-004,,active,,
timeline:first-post-quantum-mainnet-transaction,First Post-Quantum Mainnet Transaction,timeline,timeline,First Post-Quantum Mainnet Transaction,https://algorand.co/technology/post-quantum,,active,,
timeline:first-pqc-hardware-accelerator-announced,First PQC Hardware Accelerator Announced,timeline,timeline,First PQC Hardware Accelerator Announced,https://www.idemia.com/press-release/idemia-secure-transactions-announces-its-first-hardware-accelerator-designed-post-quantum-cryptography-2025-03-18,,active,,
timeline:first-pqc-security-visas-issued,First PQC Security Visas Issued,timeline,timeline,First PQC Security Visas Issued,https://cyber.gouv.fr/actualites/premiers-visas-de-securite-incluant-de-la-cryptographie-post-quantique,,active,,
timeline:first-quantum-computer-in-ksa,First Quantum Computer in KSA,timeline,timeline,First Quantum Computer in KSA,https://www.aramco.com/en/news-media/news/2025/aramco-and-pasqal-make-history-with-saudi-arabias-first-quantum-computer,,active,,
timeline:five-year-pqc-plan,Five-Year PQC Plan,timeline,timeline,Five-Year PQC Plan,https://moda.gov.tw/ADI/news/latest-news/16090,,active,,
timeline:four-phase-pqc-approach,Four-Phase PQC Approach,timeline,timeline,Four-Phase PQC Approach,https://www.ccn-cert.cni.es/es/seguridad-al-dia/novedades-ccn-cert/12234-recomendaciones-para-una-transicion-postcuantica-segura-de-ccn-pytec.html,,active,,
timeline:fs-isac-pqc-migration-timeline-position-paper-published,FS-ISAC PQC Migration Timeline Position Paper Published,timeline,timeline,FS-ISAC PQC Migration Timeline Position Paper Published,https://www.fsisac.com/the-timeline-for-post-quantum-cryptographic-migration,,active,,
timeline:full-cnsa-2-0-transition-complete,Full CNSA 2.0 Transition Complete,timeline,timeline,Full CNSA 2.0 Transition Complete,https://www.quantum.gov/nsa-releases-future-quantum-resistant-algorithm-requirements-for-national-security-systems/,,active,,
timeline:full-eu-pqc-transition,Full EU PQC Transition,timeline,timeline,Full EU PQC Transition,https://digital-strategy.ec.europa.eu/en/library/coordinated-implementation-roadmap-transition-post-quantum-cryptography,,active,,
timeline:full-gc-migration-complete,Full GC Migration Complete,timeline,timeline,Full GC Migration Complete,https://www.cyber.gc.ca/en/guidance/roadmap-migration-post-quantum-cryptography-government-canada-itsm40001,,active,,
timeline:full-nationwide-pqc-adoption,Full Nationwide PQC Adoption,timeline,timeline,Full Nationwide PQC Adoption,https://dst.gov.in/sites/default/files/Quantum-Safe-Ecosystem-in-India.pdf,,active,,
timeline:full-pqc-compliance,Full PQC Compliance,timeline,timeline,Full PQC Compliance,https://www.ncsc.gov.uk/guidance/pqc-migration-timelines,,active,,
timeline:full-pqc-roadmap-complete,Full PQC Roadmap Complete,timeline,timeline,Full PQC Roadmap Complete,https://seed.kisa.or.kr/kisa/ngc/pqc.do,,active,,
timeline:full-pqc-transition-standalone-algorithms-required,Full PQC Transition — Standalone Algorithms Required,timeline,timeline,Full PQC Transition — Standalone Algorithms Required,https://www.bsi.bund.de/SharedDocs/Downloads/EN/BSI/Publications/TechGuidelines/TG02102/BSI-TR-02102-1.pdf,,active,,
timeline:g7-financial-sector-critical-systems-pqc-transition,G7 Financial Sector Critical Systems PQC Transition,timeline,timeline,G7 Financial Sector Critical Systems PQC Transition,https://home.treasury.gov/system/files/136/G7-CYBER-EXPERT-GROUP-STATEMENT-PLANNING-OPPORTUNITIES-RISKS-QUANTUM-COMPUTING.pdf,,active,,
timeline:g7-financial-sector-pqc-roadmap,G7 Financial Sector PQC Roadmap,timeline,timeline,G7 Financial Sector PQC Roadmap,https://home.treasury.gov/news/press-releases/sb0355,,active,,
timeline:g7-statement-on-quantum-computing,G7 Statement on Quantum Computing,timeline,timeline,G7 Statement on Quantum Computing,https://home.treasury.gov/system/files/136/G7-CYBER-EXPERT-GROUP-STATEMENT-PLANNING-OPPORTUNITIES-RISKS-QUANTUM-COMPUTING.pdf,,active,,
timeline:germany-quantum-secure-id-card-demonstrator,Germany Quantum-Secure ID Card Demonstrator,timeline,timeline,Germany Quantum-Secure ID Card Demonstrator,https://www.bsi.bund.de/,,active,,
timeline:going-beyond-encryption-malaysia-rolls-out-quantum-cryptography-sandbox-to-safeguard-digital-borders-malay-mail,"Going beyond encryption, Malaysia rolls out quantum cryptography sandbox to safeguard digital borders | Malay Mail",timeline,timeline,"Going beyond encryption, Malaysia rolls out quantum cryptography sandbox to safeguard digital borders | Malay Mail",https://www.malaymail.com/news/malaysia/2026/07/09/going-beyond-encryption-malaysia-rolls-out-quantum-cryptography-sandbox-to-safeguard-digital-borders/226998,,active,,
timeline:google-cloud-ml-kem-default-and-chrome-mtc-program,Google Cloud ML-KEM Default and Chrome MTC Program,timeline,timeline,Google Cloud ML-KEM Default and Chrome MTC Program,https://blog.google/innovation-and-ai/technology/safety-security/the-quantum-era-is-coming-are-we-ready-to-secure-it/,,active,,
timeline:google-pqc-migration-2029-timeline,Google PQC Migration 2029 Timeline,timeline,timeline,Google PQC Migration 2029 Timeline,https://blog.google/innovation-and-ai/technology/safety-security/cryptography-migration-timeline/,,active,,
timeline:government-pqc-transition-deadline,Government PQC Transition Deadline,timeline,timeline,Government PQC Transition Deadline,https://www.cas.go.jp/jp/seisaku/pqc/pdf/report_202511.pdf,,active,,
timeline:government-threat-assessment,Government Threat Assessment,timeline,timeline,Government Threat Assessment,https://www.ynetnews.com/business/article/h1srzlgqkl,,active,,
timeline:gsa-pqc-buyer-guide-v1-0,GSA PQC Buyer Guide v1.0,timeline,timeline,GSA PQC Buyer Guide v1.0,https://buy.gsa.gov/api/system/files/documents/final-508c-pqc_buyer-s_guide_2025.pdf,,active,,
timeline:guideline-b-13-technology-and-cyber-risk-management,Guideline B-13 — Technology and Cyber Risk Management,timeline,timeline,Guideline B-13 — Technology and Cyber Risk Management,https://www.osfi-bsif.gc.ca/en/guidance/guidance-library/osfi-releases-final-guideline-b-13-technology-cyber-risk-management-letter-2022,,active,,
timeline:helios-quantum-computer-commercial-launch,Helios Quantum Computer Commercial Launch,timeline,timeline,Helios Quantum Computer Commercial Launch,https://www.quantinuum.com/press-releases/quantinuum-announces-commercial-launch-of-new-helios-quantum-computer-that-offers-unprecedented-accuracy-to-enable-generative-quantum-ai-genqai,,active,,
timeline:helios-quantum-computer-singapore-deployment,Helios Quantum Computer Singapore Deployment,timeline,timeline,Helios Quantum Computer Singapore Deployment,https://www.quantinuum.com/press-releases/singapores-national-quantum-office-and-quantinuum-forge-strategic-partnership-to-accelerate-quantum-computing,,active,,
timeline:high-priority-migration-phase,High Priority Migration Phase,timeline,timeline,High Priority Migration Phase,https://www.cyber.gc.ca/en/guidance/roadmap-migration-post-quantum-cryptography-government-canada-itsm40001,,active,,
timeline:high-priority-system-migration-begins,High-Priority System Migration Begins,timeline,timeline,High-Priority System Migration Begins,https://digital-strategy.ec.europa.eu/en/library/recommendation-coordinated-implementation-roadmap-transition-post-quantum-cryptography,,active,,
timeline:high-priority-systems-complete,High Priority Systems Complete,timeline,timeline,High Priority Systems Complete,https://www.cyber.gc.ca/en/guidance/roadmap-migration-post-quantum-cryptography-government-canada-itsm40001,,active,,
timeline:high-risk-systems-secured,High-Risk Systems Secured,timeline,timeline,High-Risk Systems Secured,https://digital-strategy.ec.europa.eu/en/library/coordinated-implementation-roadmap-transition-post-quantum-cryptography,,active,,
timeline:hkma-fintech-adoption-report-pqc-commitment,HKMA Fintech Adoption Report: PQC Commitment,timeline,timeline,HKMA Fintech Adoption Report: PQC Commitment,https://www.hkma.gov.hk/eng/news-and-media/speeches/2025/07/20250716-1/,,active,,
timeline:hqc-selected-as-fifth-algorithm,HQC Selected as Fifth Algorithm,timeline,timeline,HQC Selected as Fifth Algorithm,https://www.nist.gov/news-events/news/2025/03/nist-selects-hqc-fifth-algorithm-post-quantum-encryption,,active,,
timeline:hqc-standard-finalized-expected,HQC Standard Finalized (Expected),timeline,timeline,HQC Standard Finalized (Expected),https://www.nist.gov/news-events/news/2025/03/nist-selects-hqc-fifth-algorithm-post-quantum-encryption,,active,,
timeline:hybrid-ipsec-and-ssh-required,Hybrid IPsec and SSH Required,timeline,timeline,Hybrid IPsec and SSH Required,https://www.bsi.bund.de/SharedDocs/Downloads/EN/BSI/Publications/TechGuidelines/TG02102/BSI-TR-02102-3.pdf,,active,,
timeline:hybrid-quantum-safe-system-launched,Hybrid Quantum-Safe System Launched,timeline,timeline,Hybrid Quantum-Safe System Launched,https://www.chinatelecom.com.cn/ct/news/jczt/2025pt/ttyw/161497.html,,active,,
timeline:ibm-heron-r2-processor-available,IBM Heron R2 Processor Available,timeline,timeline,IBM Heron R2 Processor Available,https://www.ibm.com/quantum/blog/qdc-2024,,active,,
timeline:ibm-kookaburra-processor-released,IBM Kookaburra Processor Released,timeline,timeline,IBM Kookaburra Processor Released,https://www.ibm.com/quantum/blog/qdc-2024,,active,,
timeline:ibm-next-gen-processor-development,IBM Next-Gen Processor Development,timeline,timeline,IBM Next-Gen Processor Development,https://www.ibm.com/quantum/blog/qdc-2024,,active,,
timeline:ibm-quantum-advantage-target,IBM Quantum Advantage Target,timeline,timeline,IBM Quantum Advantage Target,"https://newsroom.ibm.com/2025-11-12-ibm-delivers-new-quantum-processors,-software,-and-algorithm-breakthroughs-on-path-to-advantage-and-fault-tolerance",,active,,
timeline:icp-brasil-mandates-ml-dsa-and-ml-kem-certificate-standards,ICP-Brasil Mandates ML-DSA and ML-KEM Certificate Standards,timeline,timeline,ICP-Brasil Mandates ML-DSA and ML-KEM Certificate Standards,https://repositorio.iti.gov.br/instrucoes-normativas/IN2026_35_DOC_ICP_01.01_PQC.htm,,active,,
timeline:india-national-pqc-migration,India National PQC Migration,timeline,timeline,India National PQC Migration,https://dst.gov.in/sites/default/files/Quantum-Safe-Ecosystem-in-India.pdf,,active,,
timeline:indonesia-bssn-pqc-migration-initiated,Indonesia BSSN PQC Migration Initiated,timeline,timeline,Indonesia BSSN PQC Migration Initiated,https://bsn.go.id/main/berita/detail/25342/bsn-bssn-perkuat-sinergi-persiapan-migrasi-ke-algoritma-post-quantum-cryptography,,active,,
timeline:initial-pqc-planning-guide,Initial PQC Planning Guide,timeline,timeline,Initial PQC Planning Guide,https://www.cyber.gov.au/business-government/secure-design/planning-for-post-quantum-cryptography,,active,,
timeline:initial-pqc-position-paper,Initial PQC Position Paper,timeline,timeline,Initial PQC Position Paper,https://cyber.gouv.fr/en/publications/anssi-views-post-quantum-cryptography-transition,,active,,
timeline:interim-quantum-safe-milestone,Interim Quantum-Safe Milestone,timeline,timeline,Interim Quantum-Safe Milestone,https://moda.gov.tw/ADI/news/latest-news/16090,,active,,
timeline:inventory-planning-phase,Inventory & Planning Phase,timeline,timeline,Inventory & Planning Phase,https://www.gov.il/BlobFolder/generalpage/quantum_computing/he/Best%20Practices%20-%20Organizational%20Cyber%20Readiness%20to%20the%20Post-Quantum%20Age%20v.1.85.pdf,,active,,
timeline:ipsec-dr-referential-update-planned,IPsec DR Referential Update (Planned),timeline,timeline,IPsec DR Referential Update (Planned),https://cyber.gouv.fr/cryptographie-post-quantique-faq,,active,,
timeline:ir-8547-public-comments-published,IR 8547 Public Comments Published,timeline,timeline,IR 8547 Public Comments Published,https://csrc.nist.gov/files/pubs/ir/8547/ipd/docs/nist-ir-8547-ipd-comments-received.pdf,,active,,
timeline:ism-december-2024-update,ISM December 2024 Update,timeline,timeline,ISM December 2024 Update,https://www.cyber.gov.au/sites/default/files/2025-07/22.%20ISM%20-%20Guidelines%20for%20cryptography%20(June%202025).pdf,,active,,
timeline:ism-june-2025-cryptography-guidelines-update,ISM June 2025 Cryptography Guidelines Update,timeline,timeline,ISM June 2025 Cryptography Guidelines Update,https://www.cyber.gov.au/sites/default/files/2025-07/22.%20ISM%20-%20Guidelines%20for%20cryptography%20(June%202025).pdf,,active,,
timeline:iso-iec-sc27-pqc-standardization,ISO/IEC SC27 PQC Standardization,timeline,timeline,ISO/IEC SC27 PQC Standardization,https://www.iso.org/committee/45306.html,,active,,
timeline:itsp-40-111-v4-pqc-algorithms-approved,ITSP.40.111 v4 PQC Algorithms Approved,timeline,timeline,ITSP.40.111 v4 PQC Algorithms Approved,https://www.cyber.gc.ca/en/guidance/cryptographic-algorithms-non-classified-protected-and-protected-b-information-itsp40111,,active,,
timeline:itu-t-x-1811-quantum-safe-security-guidelines-for-5g-published,ITU-T X.1811 Quantum-Safe Security Guidelines for 5G Published,timeline,timeline,ITU-T X.1811 Quantum-Safe Security Guidelines for 5G Published,https://www.itu.int/rec/T-REC-X.1811-202104-P,,active,,
timeline:joint-qkd-position-paper,Joint QKD Position Paper,timeline,timeline,Joint QKD Position Paper,https://www.bsi.bund.de/SharedDocs/Downloads/EN/BSI/Crypto/Quantum_Positionspapier.pdf?__blob=publicationFile&v=4,,active,,
timeline:jordan-financial-sector-pqc-roadmap,Jordan Financial Sector PQC Roadmap,timeline,timeline,Jordan Financial Sector PQC Roadmap,https://thequantuminsider.com/2026/01/05/central-bank-of-jordan-releases-road-map-to-prepare-for-quantum-transition/,,active,,
timeline:k-pqc-master-plan-to-2035,K-PQC Master Plan to 2035,timeline,timeline,K-PQC Master Plan to 2035,https://kpqc.cryptolab.co.kr/,,active,,
timeline:k-program-pqc-research,K Program PQC Research,timeline,timeline,K Program PQC Research,https://prtimes.jp/main/html/rd/p/000000002.000103613.html,,active,,
timeline:key-establishment-migration,Key Establishment Migration,timeline,timeline,Key Establishment Migration,https://nukib.gov.cz/en/,,active,,
timeline:key-establishment-migration-deadline-eo-june-22-2026,Key-Establishment Migration Deadline (EO June 22 2026),timeline,timeline,Key-Establishment Migration Deadline (EO June 22 2026),https://www.whitehouse.gov/presidential-actions/2026/06/securing-the-nation-against-advanced-cryptographic-attacks/,,active,,
timeline:kpqc-competition-results,KpqC Competition Results,timeline,timeline,KpqC Competition Results,https://www.kpqc.or.kr/competition_02.html,,active,,
timeline:large-pki-systems-migration,Large PKI Systems Migration,timeline,timeline,Large PKI Systems Migration,https://www.quantum.gov/nsa-releases-future-quantum-resistant-algorithm-requirements-for-national-security-systems/,,active,,
timeline:law-151-2020-executive-regulations-issued,Law 151/2020 Executive Regulations Issued,timeline,timeline,Law 151/2020 Executive Regulations Issued,https://www.legal500.com/developments/thought-leadership/overview-of-the-executive-regulations-of-the-egyptian-personal-data-protection-law/,,active,,
timeline:legacy-asymmetric-crypto-disallowed-full-pqc-transition,Legacy Asymmetric Crypto Disallowed — Full PQC Transition,timeline,timeline,Legacy Asymmetric Crypto Disallowed — Full PQC Transition,https://www.cyber.gov.au/resources-business-and-government/maintaining-devices-and-systems/cryptography/guidelines-for-cryptography,,active,,
timeline:m-23-02-cryptographic-inventory,M-23-02 Cryptographic Inventory,timeline,timeline,M-23-02 Cryptographic Inventory,https://www.whitehouse.gov/wp-content/uploads/2022/11/M-23-02-M-Memo-on-Migrating-to-Post-Quantum-Cryptography.pdf,,active,,
timeline:majorana-1-quantum-chip,Majorana 1 Quantum Chip,timeline,timeline,Majorana 1 Quantum Chip,https://azure.microsoft.com/en-us/blog/quantum/2025/02/19/microsoft-unveils-majorana-1-the-worlds-first-quantum-processor-powered-by-topological-qubits/,,active,,
timeline:malabo-convention-enters-into-force,Malabo Convention Enters Into Force,timeline,timeline,Malabo Convention Enters Into Force,https://au.int/en/treaties/african-union-convention-cyber-security-and-personal-data-protection,,active,,
timeline:malaysia-national-pqc-migration,Malaysia National PQC Migration,timeline,timeline,Malaysia National PQC Migration,https://nacsa.gov.my,,active,,
timeline:member-state-strategy-initiation,Member State Strategy Initiation,timeline,timeline,Member State Strategy Initiation,https://digital-strategy.ec.europa.eu/en/library/coordinated-implementation-roadmap-transition-post-quantum-cryptography,,active,,
timeline:microsoft-full-pqc-transition,Microsoft Full PQC Transition,timeline,timeline,Microsoft Full PQC Transition,https://www.microsoft.com/en-us/security/blog/2025/08/20/quantum-safe-security-progress-towards-next-generation-cryptography/,,active,,
timeline:microsoft-qsp-roadmap-published,Microsoft QSP Roadmap Published,timeline,timeline,Microsoft QSP Roadmap Published,https://www.microsoft.com/en-us/security/blog/2025/08/20/quantum-safe-security-progress-towards-next-generation-cryptography/,,active,,
timeline:migration-planning-phase,Migration Planning Phase,timeline,timeline,Migration Planning Phase,https://www.cyber.gov.au/business-government/secure-design/planning-for-post-quantum-cryptography,,active,,
timeline:ml-kem-embedded-secure-element-breakthrough,ML-KEM Embedded Secure Element Breakthrough,timeline,timeline,ML-KEM Embedded Secure Element Breakthrough,https://www.businesswire.com/news/home/20260106145232/en/Thales-Powers-CES-Winning-Post-Quantum-Chip-From-Samsung-Electronics,,active,,
timeline:mobile-network-operator-pqc-transition-window,Mobile Network Operator PQC Transition Window,timeline,timeline,Mobile Network Operator PQC Transition Window,https://www.gsma.com/solutions-and-impact/technologies/networks/ng116/,,active,,
timeline:national-cyber-and-information-security-agency-eu-member-states-warn-of-the-quantum-threat-and-call-for-the-transition-to-post-quantum-cryptography,National Cyber and Information Security Agency - EU Member States Warn of the Quantum Threat and Call for the Transition to Post-Quantum Cryptography,timeline,timeline,National Cyber and Information Security Agency - EU Member States Warn of the Quantum Threat and Call for the Transition to Post-Quantum Cryptography,https://nukib.gov.cz/en/infoservis-en/news/2209-eu-member-states-warn-of-the-quantum-threat-and-call-for-the-transition-to-post-quantum-cryptography/,,active,,
timeline:national-cyber-and-information-security-agency-letter-of-support-to-the-position-paper-on-quantum-key-distribution,National Cyber and Information Security Agency - Letter of Support to the Position Paper on Quantum Key Distribution,timeline,timeline,National Cyber and Information Security Agency - Letter of Support to the Position Paper on Quantum Key Distribution,https://nukib.gov.cz/en/infoservis-en/news/2163-letter-of-support-to-the-position-paper-on-quantum-key-distribution/,,active,,
timeline:national-cybersecurity-strategy-2025-2028,National Cybersecurity Strategy 2025-2028,timeline,timeline,National Cybersecurity Strategy 2025-2028,https://www.gov.il/BlobFolder/news/cyber_strategy_2025/en/israel_national_cybersecurity_strategy_feb2025.pdf,,active,,
timeline:national-encryption-policy-approved,National Encryption Policy Approved,timeline,timeline,National Encryption Policy Approved,https://www.wam.ae/en/article/15w563h-uae-announces-approval-national-encryption-policy,,active,,
timeline:national-pqc-migration-plan-published,National PQC Migration Plan Published,timeline,timeline,National PQC Migration Plan Published,https://nacsa.gov.my,,active,,
timeline:national-pqc-migration-program,National PQC Migration Program,timeline,timeline,National PQC Migration Program,https://www.atrc.gov.ae/news/uae-cybersecurity-council-advances-national-readiness-future-quantum-threats-atrcs-quantumgate,,active,,
timeline:national-pqc-migration-roadmap-task-force-inaugural-meeting,National PQC Migration Roadmap Task Force — Inaugural Meeting,timeline,timeline,National PQC Migration Roadmap Task Force — Inaugural Meeting,https://www.komite.id/2026/06/30/bssn-pembentukan-task-force-roadmap-pqc-migration-better-late-than-never-oleh-dr-rudi-rusdiah-anggota-taskforce-national-pqc-migration-road-map/,,active,,
timeline:national-quantum-initiative-reauthorization-act,National Quantum Initiative Reauthorization Act,timeline,timeline,National Quantum Initiative Reauthorization Act,https://www.commerce.senate.gov/2026/1/cantwell-young-colleagues-introduce-bipartisan-national-quantum-initiative-reauthorization-act,,active,,
timeline:national-quantum-safe-deployment,National Quantum-Safe Deployment,timeline,timeline,National Quantum-Safe Deployment,https://www.sandboxaq.com/press/bahrain-government-takes-definitive-step-toward-building-a-quantum-safe-economy-through-strategic-partnership-with-sandboxaq,,active,,
timeline:national-quantum-safe-roadmap-published,National Quantum-Safe Roadmap Published,timeline,timeline,National Quantum-Safe Roadmap Published,https://dst.gov.in/sites/default/files/Quantum-Safe-Ecosystem-in-India.pdf,,active,,
timeline:national-quantum-strategy,National Quantum Strategy,timeline,timeline,National Quantum Strategy,https://www.industry.gov.au/publications/national-quantum-strategy,,active,,
timeline:national-quantum-strategy-launched,National Quantum Strategy Launched,timeline,timeline,National Quantum Strategy Launched,https://www.minciencia.gob.cl/noticias/chile-presenta-sus-estrategias-nacionales-de-biotecnologia-y-tecnologias-cuanticas/,,active,,
timeline:national-recommendations-for-the-transition-to-quantum-safe-cryptography,National Recommendations for the Transition to Quantum-Safe Cryptography,timeline,timeline,National Recommendations for the Transition to Quantum-Safe Cryptography,https://www.ncsc.se/siteassets/publikationer/nationella-rekommendationer-for-overgangen-till-kvantsaker-kryptografi-2026_tga.pdf,,active,,
timeline:ncsc-full-migration-phase,NCSC Full Migration Phase,timeline,timeline,NCSC Full Migration Phase,https://www.ncsc.gov.uk/guidance/pqc-migration-timelines,,active,,
timeline:ncsc-post-quantum-cryptography-pqc-migration-workshop-report,NCSC: Post-Quantum Cryptography (PQC) migration workshop report,timeline,timeline,NCSC: Post-Quantum Cryptography (PQC) migration workshop report,https://www.ncsc.gov.uk/blogs/post-quantum-cryptography-pqc-migration-workshop-report,,active,,
timeline:ncsc-pqc-migration-roadmap-published,NCSC PQC Migration Roadmap Published,timeline,timeline,NCSC PQC Migration Roadmap Published,https://www.ncsc.gov.uk/guidance/pqc-migration-timelines,,active,,
timeline:ndpa-general-application-directive-2025,NDPA General Application Directive 2025,timeline,timeline,NDPA General Application Directive 2025,https://ndpc.gov.ng/wp-content/uploads/2025/07/NDP-ACT-GAID-2025-MARCH-20TH.pdf,,active,,
timeline:ngcc-algorithm-evaluation,NGCC Algorithm Evaluation,timeline,timeline,NGCC Algorithm Evaluation,https://www.niccs.org.cn/symmbzyjy/tzgg/pc/content/1976155884915003392/content_1976155884915003392.html,,active,,
timeline:ngcc-financial-sector-pqc-migration-phase,NGCC Financial-Sector PQC Migration Phase,timeline,timeline,NGCC Financial-Sector PQC Migration Phase,https://www.sca.gov.cn,,active,,
timeline:ngcc-program-launched,NGCC Program Launched,timeline,timeline,NGCC Program Launched,https://www.niccs.org.cn/symmbzyjy/tzgg/pc/content/1937422988373135360/content_1937422988373135360.html,,active,,
timeline:nigeria-data-protection-act-2023-enacted,Nigeria Data Protection Act 2023 Enacted,timeline,timeline,Nigeria Data Protection Act 2023 Enacted,https://ndpc.gov.ng/download/nigeria-data-protection-act-2023,,active,,
timeline:nist-additional-signatures-round-2-contributions,NIST Additional Signatures Round 2 Contributions,timeline,timeline,NIST Additional Signatures Round 2 Contributions,https://csrc.nist.gov/projects/pqc-dig-sig/round-2-additional-signatures,,active,,
timeline:nist-ir-8545-round-4-status-report,NIST IR 8545 Round 4 Status Report,timeline,timeline,NIST IR 8545 Round 4 Status Report,https://nvlpubs.nist.gov/nistpubs/ir/2025/NIST.IR.8545.pdf,,active,,
timeline:nist-ir-8547-ipd2-published,NIST IR 8547 IPD2 Published,timeline,timeline,NIST IR 8547 IPD2 Published,https://csrc.nist.gov/pubs/ir/8547/ipd,,active,,
timeline:nist-ir-8547-transition-guidance-draft,NIST IR 8547 Transition Guidance (Draft),timeline,timeline,NIST IR 8547 Transition Guidance (Draft),https://csrc.nist.gov/pubs/ir/8547/ipd,,active,,
timeline:nist-pqc-algorithms-in-windows-platform,NIST PQC Algorithms in Windows Platform,timeline,timeline,NIST PQC Algorithms in Windows Platform,https://www.microsoft.com/en-us/security/blog/2025/08/20/quantum-safe-security-progress-towards-next-generation-cryptography/,,active,,
timeline:nist-pqc-migration-pilot-complete-eo-june-22-2026,NIST PQC Migration Pilot Complete (EO June 22 2026),timeline,timeline,NIST PQC Migration Pilot Complete (EO June 22 2026),https://www.whitehouse.gov/presidential-actions/2026/06/securing-the-nation-against-advanced-cryptographic-attacks/,,active,,
timeline:nist-sp-800-208-published-lms-xmss,NIST SP 800-208 Published (LMS/XMSS),timeline,timeline,NIST SP 800-208 Published (LMS/XMSS),https://csrc.nist.gov/pubs/sp/800/208/final,,active,,
timeline:nist-sp-800-227-kem-recommendations,NIST SP 800-227 KEM Recommendations,timeline,timeline,NIST SP 800-227 KEM Recommendations,https://csrc.nist.gov/pubs/sp/800/227/final,,active,,
timeline:nqsn-launched,NQSN+ Launched,timeline,timeline,NQSN+ Launched,https://www.imda.gov.sg/about-imda/emerging-technologies-and-research/quantum-safe-technologies,,active,,
timeline:nsm-10-published,NSM-10 Published,timeline,timeline,NSM-10 Published,https://bidenwhitehouse.archives.gov/briefing-room/statements-releases/2022/05/04/national-security-memorandum-on-promoting-united-states-leadership-in-quantum-computing-while-mitigating-risks-to-vulnerable-cryptographic-systems/,,active,,
timeline:nspm-12-published,NSPM-12 Published,timeline,timeline,NSPM-12 Published,https://www.whitehouse.gov/presidential-actions/2026/06/national-security-presidential-memorandum-nspm-12/,,active,,
timeline:nss-acquisitions-cnsa-2-0-required,NSS Acquisitions CNSA 2.0 Required,timeline,timeline,NSS Acquisitions CNSA 2.0 Required,https://media.defense.gov/2022/Sep/07/2003071836/-1/-1/0/CSI_CNSA_2.0_FAQ_.PDF,,active,,
timeline:nss-quantum-resistant-majority,NSS Quantum Resistant Majority,timeline,timeline,NSS Quantum Resistant Majority,https://media.defense.gov/2022/Sep/07/2003071836/-1/-1/0/CSI_CNSA_2.0_FAQ_.PDF,,active,,
timeline:nzism-v3-8-updated,NZISM v3.8 Updated,timeline,timeline,NZISM v3.8 Updated,https://www.ncsc.govt.nz/news/nzism-v3-8-release/,,active,,
timeline:nzism-v3-9-published,NZISM v3.9 Published,timeline,timeline,NZISM v3.9 Published,https://www.ncsc.govt.nz/news/nzism-v3-9-release/,,active,,
timeline:odpc-guidance-on-data-protection-by-design,ODPC Guidance on Data Protection by Design,timeline,timeline,ODPC Guidance on Data Protection by Design,https://www.odpc.go.ke/guidelines-2/,,active,,
timeline:omb-memorandum-m-26-15-published,OMB Memorandum M-26-15 Published,timeline,timeline,OMB Memorandum M-26-15 Published,https://www.whitehouse.gov/wp-content/uploads/2026/06/M-26-15-Execution-of-the-Migration-to-Post-Quantum-Cryptography.pdf,,active,,
timeline:openssl-3-5-0-native-pqc-release,OpenSSL 3.5.0 Native PQC Release,timeline,timeline,OpenSSL 3.5.0 Native PQC Release,https://www.openssl.org/news/openssl-3.5-notes.html,,active,,
timeline:openssl-3-6-1-pqc-release,OpenSSL 3.6.1 PQC Release,timeline,timeline,OpenSSL 3.6.1 PQC Release,https://openssl-library.org/post/2026-01-27-release-announcement/,,active,,
timeline:operating-systems-transition,Operating Systems Transition,timeline,timeline,Operating Systems Transition,https://www.quantum.gov/nsa-releases-future-quantum-resistant-algorithm-requirements-for-national-security-systems/,,active,,
timeline:paper-158-quantum-roadmap,Paper 158 Quantum Roadmap,timeline,timeline,Paper 158 Quantum Roadmap,https://www.bis.org/publ/bppdf/bispap158.htm,,active,,
timeline:pg-083-cryptographic-guide-update-planned,PG-083 Cryptographic Guide Update (Planned),timeline,timeline,PG-083 Cryptographic Guide Update (Planned),https://cyber.gouv.fr/cryptographie-post-quantique-faq,,active,,
timeline:phase-1-pre-quantum-security,Phase 1 - Pre-Quantum Security,timeline,timeline,Phase 1 - Pre-Quantum Security,https://cyber.gouv.fr/en/publications/anssi-views-post-quantum-cryptography-transition,,active,,
timeline:phase-2-hybridization-required,Phase 2 - Hybridization Required,timeline,timeline,Phase 2 - Hybridization Required,https://cyber.gouv.fr/en/publications/anssi-views-post-quantum-cryptography-transition,,active,,
timeline:phase-3-standalone-pqc-optional,Phase 3 - Standalone PQC Optional,timeline,timeline,Phase 3 - Standalone PQC Optional,https://cyber.gouv.fr/en/publications/anssi-views-post-quantum-cryptography-transition,,active,,
timeline:pilot-transition-phase,Pilot Transition Phase,timeline,timeline,Pilot Transition Phase,https://seed.kisa.or.kr/kisa/ngc/pqc.do,,active,,
timeline:pionier-q-quantum-network-launched,PIONIER-Q Quantum Network Launched,timeline,timeline,PIONIER-Q Quantum Network Launched,https://www.psnc.pl/pionier-q-construction-of-cross-border-quantum-key-encryption-connections/,,active,,
timeline:pkcs11-v3-2-pqc-mechanisms-draft-published,PKCS#11 v3.2 PQC Mechanisms Draft Published,timeline,timeline,PKCS#11 v3.2 PQC Mechanisms Draft Published,https://docs.oasis-open.org/pkcs11/pkcs11-spec/v3.2/csd01/pkcs11-spec-v3.2-csd01.html,,active,,
timeline:pki-consortium-pqc-conference-2025-conclusions,PKI Consortium PQC Conference 2025 Conclusions,timeline,timeline,PKI Consortium PQC Conference 2025 Conclusions,https://pkic.org/2025/11/04/post-quantum-cryptography-conference-2025-concludes-with-urgent-call-for-global-migration-to-quantum-resistant-encryption-systems/,,active,,
timeline:planning-phase,Planning Phase,timeline,timeline,Planning Phase,https://www.ncsc.govt.nz/news/nzism-v3-9-release/,,active,,
timeline:popia-enforcement-begins,POPIA Enforcement Begins,timeline,timeline,POPIA Enforcement Begins,https://www.gov.za/sites/default/files/gcis_document/201409/3706726-11act4of2013popi.pdf,,active,,
timeline:post-quantum-cryptographic-mechanisms-working-group-wg-2-5,Post-Quantum Cryptographic Mechanisms Working Group (WG 2.5),timeline,timeline,Post-Quantum Cryptographic Mechanisms Working Group (WG 2.5),https://tc26.ru/en/events/symposium-ctcrypt/8th-workshop-on-current-trends-in-cryptology-ctcrypt-2018.html,,active,,
timeline:post-quantum-cryptography-transition-roadmap-declaration,Post-Quantum Cryptography Transition Roadmap Declaration,timeline,timeline,Post-Quantum Cryptography Transition Roadmap Declaration,https://www.banque-france.fr/fr/communiques-de-presse/declaration-relative-lavancement-dune-feuille-de-route-coordonnee-pour-la-transition-vers-la,,active,,
timeline:post-quantum-security-top-priority,Post-Quantum Security Top Priority,timeline,timeline,Post-Quantum Security Top Priority,https://blog.ethereum.org/,,active,,
timeline:post-quantum-vpn-research-initiated,Post-Quantum VPN Research Initiated,timeline,timeline,Post-Quantum VPN Research Initiated,https://pqshield.com/2025-a-landmark-year-for-pqc-research-at-pqshield/,,active,,
timeline:pq-03-v2-0-guidelines,PQ.03 v2.0 Guidelines,timeline,timeline,PQ.03 v2.0 Guidelines,https://www.gsma.com/newsroom/wp-content/uploads//PQ.03-Post-Quantum-Cryptography-Guidelines-for-Telecom-Use-Cases-v2.0-2.pdf,,active,,
timeline:pqc-best-practices-published,PQC Best Practices Published,timeline,timeline,PQC Best Practices Published,https://ised-isde.canada.ca/site/spectrum-management-telecommunications/sites/default/files/attachments/2023/cfdir-quantum-readiness-best-practices-v03.pdf,,active,,
timeline:pqc-considerations-for-ot,PQC Considerations for OT,timeline,timeline,PQC Considerations for OT,https://www.cisa.gov/sites/default/files/2024-10/Post-Quantum%20Considerations%20for%20Operational%20Technology%20(508).pdf,,active,,
timeline:pqc-faq-published,PQC FAQ Published,timeline,timeline,PQC FAQ Published,https://cyber.gouv.fr/cryptographie-post-quantique-faq,,active,,
timeline:pqc-guidance-published,PQC Guidance Published,timeline,timeline,PQC Guidance Published,https://www.acn.gov.it/portale/en/crittografia,,active,,
timeline:pqc-guideline-gl-2004-2022,PQC Guideline GL-2004-2022,timeline,timeline,PQC Guideline GL-2004-2022,https://www.cryptrec.go.jp/en/method.html,,active,,
timeline:pqc-integration-study,PQC Integration Study,timeline,timeline,PQC Integration Study,https://www.enisa.europa.eu/publications/post-quantum-cryptography-integration-study,,active,,
timeline:pqc-interoperability-testing,PQC Interoperability Testing,timeline,timeline,PQC Interoperability Testing,https://csrc.nist.gov/projects/post-quantum-cryptography,,active,,
timeline:pqc-market-studies-published,PQC Market Studies Published,timeline,timeline,PQC Market Studies Published,https://cyber.gouv.fr/actualites/lanssi-partage-deux-etudes-de-marche-sur-la-cryptographie-post-quantique-menees-aupres,,active,,
timeline:pqc-migration-handbook-2nd-edition,PQC Migration Handbook (2nd Edition),timeline,timeline,PQC Migration Handbook (2nd Edition),https://english.aivd.nl/latest/news/2024/12/03/aivd-cwi-and-tno-publish-renewed-handbook-for-quantum-safe-cryptography,,active,,
timeline:pqc-migration-planning,PQC Migration Planning,timeline,timeline,PQC Migration Planning,https://www.cryptrec.go.jp/en/method.html,,active,,
timeline:pqc-planning-guide-updated,PQC Planning Guide Updated,timeline,timeline,PQC Planning Guide Updated,https://www.cyber.gov.au/business-government/secure-design/planning-for-post-quantum-cryptography,,active,,
timeline:pqc-position-paper-follow-up,PQC Position Paper Follow-up,timeline,timeline,PQC Position Paper Follow-up,https://cyber.gouv.fr/sites/default/files/document/follow_up_position_paper_on_post_quantum_cryptography.pdf,,active,,
timeline:pqc-qualification-requirement,PQC Qualification Requirement,timeline,timeline,PQC Qualification Requirement,https://cyber.gouv.fr/actualites/premiers-visas-de-securite-incluant-de-la-cryptographie-post-quantique,,active,,
timeline:pqc-readiness-assessment-required,PQC Readiness Assessment Required,timeline,timeline,PQC Readiness Assessment Required,https://www.hkma.gov.hk/eng/news-and-media/press-releases/2026/02/20260203-3/,,active,,
timeline:pqc-readiness-guide-published,PQC Readiness Guide Published,timeline,timeline,PQC Readiness Guide Published,https://www.gov.il/BlobFolder/generalpage/quantum_computing/he/Best%20Practices%20-%20Organizational%20Cyber%20Readiness%20to%20the%20Post-Quantum%20Age%20v.1.85.pdf,,active,,
timeline:pqc-report-to-congress,PQC Report to Congress,timeline,timeline,PQC Report to Congress,https://bidenwhitehouse.archives.gov/wp-content/uploads/2024/07/REF_PQC-Report_FINAL_Send.pdf,,active,,
timeline:pqc-transition-period,PQC Transition Period,timeline,timeline,PQC Transition Period,https://www.ccn-cert.cni.es/es/seguridad-al-dia/novedades-ccn-cert/12234-recomendaciones-para-una-transicion-postcuantica-segura-de-ccn-pytec.html,,active,,
timeline:pqc-white-paper-updated,PQC White Paper Updated,timeline,timeline,PQC White Paper Updated,https://www.ncsc.gov.uk/whitepaper/next-steps-preparing-for-post-quantum-cryptography,,active,,
timeline:pqc-whitepaper-published,PQC Whitepaper Published,timeline,timeline,PQC Whitepaper Published,https://www.ncsc.gov.uk/whitepaper/next-steps-preparing-for-post-quantum-cryptography,,active,,
timeline:pqcc-pqc-migration-roadmap-published,PQCC PQC Migration Roadmap Published,timeline,timeline,PQCC PQC Migration Roadmap Published,https://pqcc.org/post-quantum-cryptography-migration-roadmap/,,active,,
timeline:priority-migration-phase,Priority Migration Phase,timeline,timeline,Priority Migration Phase,https://www.ncsc.gov.uk/guidance/pqc-migration-timelines,,active,,
timeline:q-safe-expert-committee-on-quantum-technology-risk,Q-SAFE Expert Committee on Quantum Technology Risk,timeline,timeline,Q-SAFE Expert Committee on Quantum Technology Risk,https://www.medianama.com/2026/05/223-rbi-forms-q-safe-quantum-technology-committee/,,active,,
timeline:qarc-project-execution,QARC Project Execution,timeline,timeline,QARC Project Execution,https://cordis.europa.eu/project/id/101225691,,active,,
timeline:qkd-high-speed-data-integration-demo,QKD High-Speed Data Integration Demo,timeline,timeline,QKD High-Speed Data Integration Demo,https://www.nict.go.jp/en/press/2025/09/16-1.html,,active,,
timeline:qsff-call-to-action,QSFF Call to Action,timeline,timeline,QSFF Call to Action,https://www.europol.europa.eu/publications-events/publications/quantum-safe-financial-forum-call-to-action,,active,,
timeline:quantity-initiative-launched,QUANTITY Initiative Launched,timeline,timeline,QUANTITY Initiative Launched,https://qci.dlr.de/en/dlr-x-bsi-working-together-for-more-security/,,active,,
timeline:quantum-computers-and-post-quantum-cryptography-technology-brief,Quantum Computers and Post-Quantum Cryptography — Technology Brief,timeline,timeline,Quantum Computers and Post-Quantum Cryptography — Technology Brief,https://www.ncsc.admin.ch/dam/ncsc/en/dokumente/dokumentation/technologiebetrachtungen/technologiebetrachtung-qcpqc-en.pdf.download.pdf/technologiebetrachtung-qcpqc-en.pdf,,active,,
timeline:quantum-computing-cybersecurity-preparedness-act,Quantum Computing Cybersecurity Preparedness Act,timeline,timeline,Quantum Computing Cybersecurity Preparedness Act,https://www.govinfo.gov/content/pkg/PLAW-117publ260/pdf/PLAW-117publ260.pdf,,active,,
timeline:quantum-computing-tech-horizons-report,Quantum Computing (Tech Horizons Report),timeline,timeline,Quantum Computing (Tech Horizons Report),https://ico.org.uk/about-the-ico/research-reports-impact-and-evaluation/research-and-reports/technology-and-innovation/tech-horizons-report/quantum-computing/,,active,,
timeline:quantum-economy-landscape-report,Quantum Economy Landscape Report,timeline,timeline,Quantum Economy Landscape Report,https://www.c4irsaudiarabia.org/docs/Quantum%20Economy%20Landscape%20in%20Saudi%20Arabia%20%20(23).pdf,,active,,
timeline:quantum-migration-kvantemigrasjon-guidance,Quantum Migration (Kvantemigrasjon) Guidance,timeline,timeline,Quantum Migration (Kvantemigrasjon) Guidance,https://nsm.no/fagomrader/digital-sikkerhet/kryptosikkerhet/kvantemigrasjon/hva-er-kvantemigrasjon,,active,,
timeline:quantum-ready-2030-roadmap,Quantum-Ready 2030 Roadmap,timeline,timeline,Quantum-Ready 2030 Roadmap,https://pqc-learn.ncsa.or.th,,active,,
timeline:quantum-resistant-encryption-roadmap-for-the-financial-sector,Quantum-Resistant Encryption Roadmap for the Financial Sector,timeline,timeline,Quantum-Resistant Encryption Roadmap for the Financial Sector,https://www.petra.gov.jo/Include/InnerPage.jsp?ID=79851&lang=en&name=en_news,,active,,
timeline:quantum-safe-encryption-transition-guidance-published,Quantum-Safe Encryption Transition Guidance Published,timeline,timeline,Quantum-Safe Encryption Transition Guidance Published,https://www.traficom.fi/fi/uutiset/ohje-kvanttiturvalliseen-salaukseen-siirtymisesta-julkaistu-kay-tutustumassa,,active,,
timeline:quantum-safe-explorer-launched,Quantum Safe Explorer Launched,timeline,timeline,Quantum Safe Explorer Launched,https://www.ibm.com/new/product-blog/empowering-cios-to-accelerate-crypto-agility-with-ibm-quantum-safe-explorer,,active,,
timeline:quantum-safe-handbook-and-quantum-readiness-index-released,Quantum-Safe Handbook and Quantum Readiness Index Released,timeline,timeline,Quantum-Safe Handbook and Quantum Readiness Index Released,https://isomer-user-content.by.gov.sg/36/11227d39-4350-4ded-9046-d62f99f561ab/Draft%20for%20Public%20Consultation%20-%20Quantum-Safe%20Handbook%20(Oct%202025).pdf,,active,,
timeline:quantum-safe-program-launch,Quantum Safe Program Launch,timeline,timeline,Quantum Safe Program Launch,https://www.microsoft.com/en-us/security/blog/2025/08/20/quantum-safe-security-progress-towards-next-generation-cryptography/,,active,,
timeline:quantum-secure-communications-testbed,Quantum-Secure Communications Testbed,timeline,timeline,Quantum-Secure Communications Testbed,https://www.adgm.com/media/announcements/adgm-and-adgm-academy-team-up-with-tii-hub71-and-aspire-to-launch-uaes-first-quantum-secure-communications-testbed,,active,,
timeline:quantum-secure-id-card-demonstrator,Quantum-Secure ID Card Demonstrator,timeline,timeline,Quantum-Secure ID Card Demonstrator,https://www.bundesdruckerei.de/en/newsroom/press-releases/deutschland-setzt-massstabe-fur-sichere-ausweisdokumente-im-zeitalter-der-quantencomputer,,active,,
timeline:quantum-technologies-strategy,Quantum Technologies Strategy,timeline,timeline,Quantum Technologies Strategy,https://www.nato.int/cps/en/natohq/news_221601.htm,,active,,
timeline:quantum-threat-timeline-report-2025,Quantum Threat Timeline Report 2025,timeline,timeline,Quantum Threat Timeline Report 2025,https://globalriskinstitute.org/publication/quantum-threat-timeline-report-2025b/,,active,,
timeline:remaining-systems-migration,Remaining Systems Migration,timeline,timeline,Remaining Systems Migration,https://www.cyber.gc.ca/en/guidance/roadmap-migration-post-quantum-cryptography-government-canada-itsm40001,,active,,
timeline:rfc-9370-multiple-key-exchanges-in-ikev2,RFC 9370 Multiple Key Exchanges in IKEv2,timeline,timeline,RFC 9370 Multiple Key Exchanges in IKEv2,https://datatracker.ietf.org/doc/rfc9370/,,active,,
timeline:rfc-9794-pqc-hybrid-terminology,RFC 9794 PQC Hybrid Terminology,timeline,timeline,RFC 9794 PQC Hybrid Terminology,https://www.rfc-editor.org/rfc/rfc9794.html,,active,,
timeline:rfc-9881-ml-dsa-in-x-509,RFC 9881 ML-DSA in X.509,timeline,timeline,RFC 9881 ML-DSA in X.509,https://datatracker.ietf.org/doc/rfc9881/,,active,,
timeline:rfc-9941-ssh-pq-hybrid-key-exchange,RFC 9941 SSH PQ-Hybrid Key Exchange,timeline,timeline,RFC 9941 SSH PQ-Hybrid Key Exchange,https://datatracker.ietf.org/doc/rfc9941/,,active,,
timeline:rwpqc-2025-conference,RWPQC 2025 Conference,timeline,timeline,RWPQC 2025 Conference,https://www.sandboxaq.com/press/rwpqc-2025-brings-together-industry-leaders-to-advance-cybersecurity-and-quantum-innovation,,active,,
timeline:sa-quti-quantum-communications-program,SA QuTI Quantum Communications Program,timeline,timeline,SA QuTI Quantum Communications Program,https://saquti.org/flagship-quantum-communications/,,active,,
timeline:saudi-national-cryptographic-standards,Saudi National Cryptographic Standards,timeline,timeline,Saudi National Cryptographic Standards,https://nca.gov.sa/en/regulatory-documents/frameworks-and-standard-list/ncs/,,active,,
timeline:securing-the-nation-against-advanced-cryptographic-attacks-executive-order-june-22-2026,"Securing the Nation Against Advanced Cryptographic Attacks (Executive Order, June 22 2026)",timeline,timeline,"Securing the Nation Against Advanced Cryptographic Attacks (Executive Order, June 22 2026)",https://www.whitehouse.gov/presidential-actions/2026/06/securing-the-nation-against-advanced-cryptographic-attacks/,,active,,
timeline:sixth-pqc-standardization-conference,Sixth PQC Standardization Conference,timeline,timeline,Sixth PQC Standardization Conference,https://csrc.nist.gov/Events/2025/6th-pqc-standardization-conference,,active,,
timeline:software-firmware-signing-transition,Software/Firmware Signing Transition,timeline,timeline,Software/Firmware Signing Transition,https://media.defense.gov/2022/Sep/07/2003071836/-1/-1/0/CSA_CNSA_2.0_ALGORITHMS_.PDF,,active,,
timeline:spain-quantum-technologies-strategy-eur-808m,Spain Quantum Technologies Strategy (EUR 808M),timeline,timeline,Spain Quantum Technologies Strategy (EUR 808M),https://www.lamoncloa.gob.es/serviciosdeprensa/notasprensa/transformacion-digital-y-funcion-publica/paginas/2025/240425-lopez-estrategia-cuantica.aspx,,active,,
timeline:spin-notice-published,SPIN Notice Published,timeline,timeline,SPIN Notice Published,https://www.canada.ca/en/government/system/digital-government/policies-standards/spin/migrating-government-canada-post-quantum-cryptography.html,,active,,
timeline:stc-quantum-safe-framework-launched,STC Quantum-Safe Framework Launched,timeline,timeline,STC Quantum-Safe Framework Launched,https://mea.newsroom.ibm.com/IBM-stc-collaboration,,active,,
timeline:strawmap-pqc-roadmap-published,Strawmap PQC Roadmap Published,timeline,timeline,Strawmap PQC Roadmap Published,https://pq.ethereum.org/,,active,,
timeline:tec-technical-report-published,TEC Technical Report Published,timeline,timeline,TEC Technical Report Published,https://www.tec.gov.in/pdf/TR/Final%20technical%20report%20on%20migration%20to%20PQC%2028-03-25.pdf,,active,,
timeline:telefonica-quantum-centre-of-excellence-opened,Telefonica Quantum Centre of Excellence Opened,timeline,timeline,Telefonica Quantum Centre of Excellence Opened,https://www.telefonica.com/en/communication-room/press-room/telefonica-opens-dedicated-centre-excellence-quantum-technologies/,,active,,
timeline:tpm-2-0-pqc-library-specification-draft,TPM 2.0 PQC Library Specification Draft,timeline,timeline,TPM 2.0 PQC Library Specification Draft,https://datacentre.solutions/news/71976/new-tpm-20-specification-aims-to-enhance-security-against-quantum-threats,,active,,
timeline:tpm-2-0-v1-85-pqc-library-specification-draft,TPM 2.0 v1.85 PQC Library Specification Draft,timeline,timeline,TPM 2.0 v1.85 PQC Library Specification Draft,https://trustedcomputinggroup.org/resource/tpm-library-specification/,,active,,
timeline:tr-02102-1-pqc-update,TR-02102-1 PQC Update,timeline,timeline,TR-02102-1 PQC Update,https://www.bsi.bund.de/EN/Themen/Unternehmen-und-Organisationen/Informationen-und-Empfehlungen/Quantentechnologien-und-Post-Quanten-Kryptografie/quantentechnologien-und-post-quanten-kryptografie.html,,active,,
timeline:traditional-crypto-prohibited,Traditional Crypto Prohibited,timeline,timeline,Traditional Crypto Prohibited,https://www.cyber.gov.au/business-government/secure-design/planning-for-post-quantum-cryptography,,active,,
timeline:traditional-networking-transition,Traditional Networking Transition,timeline,timeline,Traditional Networking Transition,https://www.quantum.gov/nsa-releases-future-quantum-resistant-algorithm-requirements-for-national-security-systems/,,active,,
timeline:transition-phase,Transition Phase,timeline,timeline,Transition Phase,https://www.ncsc.govt.nz/news/nzism-v3-9-release/,,active,,
timeline:transition-to-quantum-safe-cryptography,Transition to Quantum-Safe Cryptography,timeline,timeline,Transition to Quantum-Safe Cryptography,https://samsik.dk/cybersikkerhed/temaer/overgangen-til-kvantesikker-kryptografi/,,active,,
timeline:uae-crypto-discovery-tool-and-pqc-index,UAE Crypto Discovery Tool and PQC Index,timeline,timeline,UAE Crypto Discovery Tool and PQC Index,https://www.mediaoffice.abudhabi/en/security/uae-cybersecurity-council-partners-with-quantumgate-to-launch-crypto-discovery-tool/,,active,,
timeline:ultrapq-suite-launched,UltraPQ-Suite Launched,timeline,timeline,UltraPQ-Suite Launched,https://pqshield.com/pqshield-launches-ultrapq-suite-for-deeply-specialized-implementations-of-post-quantum-cryptography/,,active,,
timeline:us-post-quantum-root-of-trust-service-launch,US Post-Quantum Root of Trust Service Launch,timeline,timeline,US Post-Quantum Root of Trust Service Launch,https://www.sealsq.com/investors/news-events,,active,,
timeline:ushering-in-the-next-frontier-of-quantum-innovation,Ushering in the Next Frontier of Quantum Innovation,timeline,timeline,Ushering in the Next Frontier of Quantum Innovation,https://www.federalregister.gov/documents/2026/06/25/2026-12910/ushering-in-the-next-frontier-of-quantum-innovation,,active,,
timeline:vitalik-buterin-publishes-pq-defense-roadmap,Vitalik Buterin Publishes PQ Defense Roadmap,timeline,timeline,Vitalik Buterin Publishes PQ Defense Roadmap,https://ethereum.org/roadmap/future-proofing/quantum-resistance/,,active,,
timeline:web-cloud-services-transition,Web/Cloud Services Transition,timeline,timeline,Web/Cloud Services Transition,https://media.defense.gov/2022/Sep/07/2003071836/-1/-1/0/CSA_CNSA_2.0_ALGORITHMS_.PDF,,active,,
