ref_id,source_name,category,source_type,pillar,maturity_level,asset_class,requirement,evidence_quote,evidence_location,source_url,confidence,extraction_model,extraction_date,status,deprecated_at,deprecated_reason
FIPS-140-3-STANDARD,FIPS 140-3 — Security Requirements for Cryptographic Modules,Certification Schemes,Standard,assurance,3,all,Procure only cryptographic modules validated against FIPS 140-3 by CMVP; exclude modules on the Historical list from procurement decisions.,"Agencies should develop plans for the acquisition of products that are compliant with FIPS 140-3; however, agencies may purchase any of the products on the CMVP validated modules list. (Note: the CMVP Historical list should not be used for procurement decisions.)","Section 12, Implementation Schedule",https://nvlpubs.nist.gov/nistpubs/FIPS/NIST.FIPS.140-3.pdf,high,mlx-community/Qwen3.6-27B-8bit,2026-08-23,active,,
FIPS-140-3-STANDARD,FIPS 140-3 — Security Requirements for Cryptographic Modules,Certification Schemes,Standard,assurance,3,all,"Ensure cryptographic modules employ only Approved security functions as specified in FIPS, NIST SP 800-140C, or NIST SP 800-140D.","Cryptographic modules that conform to this standard shall employ Approved security functions such as cryptographic algorithms, cryptographic key management techniques, and authentication techniques that have been approved for protecting Federal government sensitive information.","Section 10, Approved Security Functions",https://nvlpubs.nist.gov/nistpubs/FIPS/NIST.FIPS.140-3.pdf,high,mlx-community/Qwen3.6-27B-8bit,2026-08-23,active,,
FIPS-140-3-STANDARD,FIPS 140-3 — Security Requirements for Cryptographic Modules,Certification Schemes,Standard,governance,2,all,Assign a responsible authority within the agency to ensure the security of the system is sufficient and acceptable to the information owner.,The responsible authority in each agency shall ensure that the security of the system is sufficient and acceptable.,"Section 13, Qualifications",https://nvlpubs.nist.gov/nistpubs/FIPS/NIST.FIPS.140-3.pdf,high,mlx-community/Qwen3.6-27B-8bit,2026-08-23,active,,
FIPS-140-3-STANDARD,FIPS 140-3 — Security Requirements for Cryptographic Modules,Certification Schemes,Standard,governance,2,all,Ensure the operator acknowledges and accepts any residual risk associated with the cryptographic module's security provision.,The operator of a cryptographic module is responsible for ensuring that the security provided by a module is sufficient and acceptable to the owner of the information that is being protected and that any residual risk is acknowledged and accepted.,"Section 13, Qualifications",https://nvlpubs.nist.gov/nistpubs/FIPS/NIST.FIPS.140-3.pdf,high,mlx-community/Qwen3.6-27B-8bit,2026-08-23,active,,
FIPS-140-3-STANDARD,FIPS 140-3 — Security Requirements for Cryptographic Modules,Certification Schemes,Standard,lifecycle,2,all,Select the security level for validation based on the specific application environment and security services required.,The security level to which a cryptographic module is validated must be chosen to provide a level of security appropriate for the security requirements of the application and environment in which the module will be utilized and the security services that the module will provide.,"Section 7, Applications",https://nvlpubs.nist.gov/nistpubs/FIPS/NIST.FIPS.140-3.pdf,high,mlx-community/Qwen3.6-27B-8bit,2026-08-23,active,,
NIST-FIPS140-3-IG-PQC,Implementation Guidance for FIPS 140-3 and the Cryptographic Module Validation Program,Certification Schemes,Compliance Framework,assurance,3,all,Maintain validated cryptographic modules by tracking Component Validation List (CVL) status and ensuring conformance to FIPS 140-3 derived test requirements.,The CMVP validates the test results of National Voluntary Laboratory Accreditation Program (NVLAP) accredited Cryptographic and Security Testing (CST) Laboratories which test cryptographic modules for conformance to Federal Information Processing Standard Publication (FIPS) 140-3,Overview,https://csrc.nist.gov/csrc/media/Projects/cryptographic-module-validation-program/documents/fips%20140-3/FIPS%20140-3%20IG.pdf,high,mlx-community/Qwen3.6-27B-8bit,2026-08-23,active,,
NIST-FIPS140-3-IG-PQC,Implementation Guidance for FIPS 140-3 and the Cryptographic Module Validation Program,Certification Schemes,Compliance Framework,assurance,3,libraries,Validate cryptographic algorithm implementations through the Cryptographic Algorithm Validation Program (CAVP) to ensure approved security functions.,The Cryptographic Algorithm Validation Program (CAVP) addresses the testing of Approved Security Functions and Approved Sensitive Security Parameter Generation and Establishment Methods which are referenced in the SP 800-140 series of FIPS 140-3.,Overview,https://csrc.nist.gov/csrc/media/Projects/cryptographic-module-validation-program/documents/fips%20140-3/FIPS%20140-3%20IG.pdf,high,mlx-community/Qwen3.6-27B-8bit,2026-08-23,active,,
NIST-FIPS140-3-IG-PQC,Implementation Guidance for FIPS 140-3 and the Cryptographic Module Validation Program,Certification Schemes,Compliance Framework,observability,3,all,Implement error logging for self-tests to detect and record failures in cryptographic module operations and integrity checks.,10.3.D ERROR LOGGING,Table of Contents / Section 10.3.D,https://csrc.nist.gov/csrc/media/Projects/cryptographic-module-validation-program/documents/fips%20140-3/FIPS%20140-3%20IG.pdf,medium,mlx-community/Qwen3.6-27B-8bit,2026-08-23,active,,
NIST-FIPS140-3-IG-PQC,Implementation Guidance for FIPS 140-3 and the Cryptographic Module Validation Program,Certification Schemes,Compliance Framework,observability,3,all,Execute periodic self-tests to continuously verify the operational integrity of cryptographic algorithms and module health.,10.3.E PERIODIC SELF-TESTING,Table of Contents / Section 10.3.E,https://csrc.nist.gov/csrc/media/Projects/cryptographic-module-validation-program/documents/fips%20140-3/FIPS%20140-3%20IG.pdf,medium,mlx-community/Qwen3.6-27B-8bit,2026-08-23,active,,
NIST-FIPS140-3-IG-PQC,Implementation Guidance for FIPS 140-3 and the Cryptographic Module Validation Program,Certification Schemes,Compliance Framework,lifecycle,3,all,Manage Common Vulnerabilities and Exposures (CVEs) affecting validated cryptographic modules to maintain security posture throughout the module lifecycle.,SECTION 11 – LIFE-CYCLE ASSURANCE ... 11.A CVE MANAGEMENT,Table of Contents / Section 11.A,https://csrc.nist.gov/csrc/media/Projects/cryptographic-module-validation-program/documents/fips%20140-3/FIPS%20140-3%20IG.pdf,high,mlx-community/Qwen3.6-27B-8bit,2026-08-23,active,,
NIST-FIPS140-3-IG-PQC,Implementation Guidance for FIPS 140-3 and the Cryptographic Module Validation Program,Certification Schemes,Compliance Framework,assurance,3,all,Ensure entropy sources comply with SP 800-90B requirements for estimation and compliance to guarantee valid random number generation.,D.J ENTROPY ESTIMATION AND COMPLIANCE WITH SP 800-90B ... D.K INTERPRETATION OF SP 800-90B REQUIREMENTS,"Annex D / Sections D.J, D.K",https://csrc.nist.gov/csrc/media/Projects/cryptographic-module-validation-program/documents/fips%20140-3/FIPS%20140-3%20IG.pdf,high,mlx-community/Qwen3.6-27B-8bit,2026-08-23,active,,
NIST-FIPS140-3-IG-PQC,Implementation Guidance for FIPS 140-3 and the Cryptographic Module Validation Program,Certification Schemes,Compliance Framework,governance,2,all,"Define and document the security policy for the cryptographic module, including roles, services, and authentication mechanisms, as required for validation.",ANNEX B – CRYPTOGRAPHIC MODULE SECURITY POLICY,Annex B,https://csrc.nist.gov/csrc/media/Projects/cryptographic-module-validation-program/documents/fips%20140-3/FIPS%20140-3%20IG.pdf,high,mlx-community/Qwen3.6-27B-8bit,2026-08-23,active,,
NIST-FIPS140-3-IG-PQC,Implementation Guidance for FIPS 140-3 and the Cryptographic Module Validation Program,Certification Schemes,Compliance Framework,inventory,3,all,Track and maintain the Component Validation List (CVL) to identify all validated components and their status within the cryptographic module.,2.4.B TRACKING THE COMPONENT VALIDATION LIST,Section 2.4.B,https://csrc.nist.gov/csrc/media/Projects/cryptographic-module-validation-program/documents/fips%20140-3/FIPS%20140-3%20IG.pdf,high,mlx-community/Qwen3.6-27B-8bit,2026-08-23,active,,
NIST-FIPS140-3-IG-PQC,Implementation Guidance for FIPS 140-3 and the Cryptographic Module Validation Program,Certification Schemes,Compliance Framework,assurance,3,all,Validate the use of non-approved security functions only if explicitly defined and justified within the module's security policy and documentation.,2.4.A DEFINITION AND USE OF A NON-APPROVED SECURITY FUNCTION,Section 2.4.A,https://csrc.nist.gov/csrc/media/Projects/cryptographic-module-validation-program/documents/fips%20140-3/FIPS%20140-3%20IG.pdf,high,mlx-community/Qwen3.6-27B-8bit,2026-08-23,active,,
NIST-FIPS140-3-IG-PQC,Implementation Guidance for FIPS 140-3 and the Cryptographic Module Validation Program,Certification Schemes,Compliance Framework,observability,3,all,Implement an Approved Security Service Indicator to signal the operational status and validity of cryptographic services provided by the module.,2.4.C APPROVED SECURITY SERVICE INDICATOR,Section 2.4.C,https://csrc.nist.gov/csrc/media/Projects/cryptographic-module-validation-program/documents/fips%20140-3/FIPS%20140-3%20IG.pdf,high,mlx-community/Qwen3.6-27B-8bit,2026-08-23,active,,
CMVP-MGMT-MANUAL,CMVP Management Manual,Certification Schemes,Compliance Framework,governance,2,all,"Define and document roles and responsibilities for vendors, CST laboratories, validation authorities, and users within the cryptographic module validation program.",2.5 Roles and Responsibilities of Program Participants ... 2.5.1 Vendor ... 2.5.2 CST Laboratory ... 2.5.3 CMVP Validation Authorities ... 2.5.4 User,Section 2.5,https://csrc.nist.gov/CSRC/media/Projects/cryptographic-module-validation-program/documents/CMVPMM.pdf,high,mlx-community/Qwen3.6-27B-8bit,2026-08-23,active,,
CMVP-MGMT-MANUAL,CMVP Management Manual,Certification Schemes,Compliance Framework,governance,2,all,Establish formal agreements between validation authority organizations to manage the Cryptographic Module Validation Program.,2.8 Agreements between Validation Authority Organizations,Section 2.8,https://csrc.nist.gov/CSRC/media/Projects/cryptographic-module-validation-program/documents/CMVPMM.pdf,high,mlx-community/Qwen3.6-27B-8bit,2026-08-23,active,,
CMVP-MGMT-MANUAL,CMVP Management Manual,Certification Schemes,Compliance Framework,governance,2,all,"Maintain programmatic directives, policies, and internal guidance documentation to govern the CMVP operations.","2.9 Programmatic Directives and Policies, and Internal Guidance and Documentation",Section 2.9,https://csrc.nist.gov/CSRC/media/Projects/cryptographic-module-validation-program/documents/CMVPMM.pdf,high,mlx-community/Qwen3.6-27B-8bit,2026-08-23,active,,
CMVP-MGMT-MANUAL,CMVP Management Manual,Certification Schemes,Compliance Framework,assurance,3,all,Submit cryptographic modules for formal validation by accredited CST laboratories to obtain a validation certificate.,4.1.2 Vendor and Laboratory Procedures for Testing of the Cryptographic Module ... 4.1.2.2 Validation Certificate,Section 4.1.2,https://csrc.nist.gov/CSRC/media/Projects/cryptographic-module-validation-program/documents/CMVPMM.pdf,high,mlx-community/Qwen3.6-27B-8bit,2026-08-23,active,,
CMVP-MGMT-MANUAL,CMVP Management Manual,Certification Schemes,Compliance Framework,assurance,3,all,Undergo re-validation for non-security relevant changes to maintain the validity of the cryptographic module certification.,4.4.2 Non-security Relevant Re-validation,Section 4.4.2,https://csrc.nist.gov/CSRC/media/Projects/cryptographic-module-validation-program/documents/CMVPMM.pdf,high,mlx-community/Qwen3.6-27B-8bit,2026-08-23,active,,
CMVP-MGMT-MANUAL,CMVP Management Manual,Certification Schemes,Compliance Framework,assurance,3,all,Adhere to the flaw discovery handling process to address security vulnerabilities in validated cryptographic modules.,4.8 Flaw Discovery Handling Process,Section 4.8,https://csrc.nist.gov/CSRC/media/Projects/cryptographic-module-validation-program/documents/CMVPMM.pdf,high,mlx-community/Qwen3.6-27B-8bit,2026-08-23,active,,
CMVP-MGMT-MANUAL,CMVP Management Manual,Certification Schemes,Compliance Framework,assurance,3,all,Accept validation revocation if the cryptographic module no longer meets the requirements or if flaws are not addressed.,4.9 Validation Revocation,Section 4.9,https://csrc.nist.gov/CSRC/media/Projects/cryptographic-module-validation-program/documents/CMVPMM.pdf,high,mlx-community/Qwen3.6-27B-8bit,2026-08-23,active,,
CMVP-MGMT-MANUAL,CMVP Management Manual,Certification Schemes,Compliance Framework,observability,3,all,Monitor the official CMVP website for updates to the cryptographic module validation lists and certificate status.,4.10 CMVP Webpage Update ... 4.10.1 Official CMVP Website ... 4.10.2 FIPS 140-2 Cryptographic Module Validation Lists,Section 4.10,https://csrc.nist.gov/CSRC/media/Projects/cryptographic-module-validation-program/documents/CMVPMM.pdf,high,mlx-community/Qwen3.6-27B-8bit,2026-08-23,active,,
CMVP-MGMT-MANUAL,CMVP Management Manual,Certification Schemes,Compliance Framework,lifecycle,2,all,Manage the validation submission queue and adhere to validation deadlines for initial and re-validation processes.,4.4 Validation Submission Queue Processing ... 4.4.4 Validation Deadline,Section 4.4,https://csrc.nist.gov/CSRC/media/Projects/cryptographic-module-validation-program/documents/CMVPMM.pdf,high,mlx-community/Qwen3.6-27B-8bit,2026-08-23,active,,
CMVP-MGMT-MANUAL,CMVP Management Manual,Certification Schemes,Compliance Framework,lifecycle,2,all,Request transition period extensions when necessary to manage the lifecycle of cryptographic modules during standard updates.,4.7 Request for Transition Period Extension,Section 4.7,https://csrc.nist.gov/CSRC/media/Projects/cryptographic-module-validation-program/documents/CMVPMM.pdf,high,mlx-community/Qwen3.6-27B-8bit,2026-08-23,active,,
NIST-SP-800-140A,NIST SP 800-140A — CMVP Documentation Requirements,Certification Schemes,Standard,assurance,3,all,Provide vendor documentation fulfilling minimum requirements specified by the validation authority and management documentation for cryptographic modules undergoing independent verification.,The vendor shall provide documentation for a cryptographic module that fulfils but is not limited to the minimum documentation requirements as specified in the validation authority requirement and management documentation.,"Section 6.1, VEA.01.02",https://nvlpubs.nist.gov/nistpubs/SpecialPublications/NIST.SP.800-140A.pdf,high,mlx-community/Qwen3.6-27B-8bit,2026-08-23,active,,
NIST-SP-800-140A,NIST SP 800-140A — CMVP Documentation Requirements,Certification Schemes,Standard,assurance,3,all,Verify that vendors provide documentation fulfilling minimum requirements specified by the validation authority and management documentation during independent testing.,The tester shall verify that the vendor provides documentation for a cryptographic module that fulfils but is not limited to the minimum documentation requirements as specified in the validation authority requirement and management documentation.,"Section 6.1, TEA.01.02",https://nvlpubs.nist.gov/nistpubs/SpecialPublications/NIST.SP.800-140A.pdf,high,mlx-community/Qwen3.6-27B-8bit,2026-08-23,active,,
NIST-SP-800-140B,NIST SP 800-140B Rev. 1: CMVP Security Policy Requirements,Certification Schemes,Compliance Framework,governance,3,all,"Define precise physical and cryptographic boundaries for the module, including TOEPP components and logical layers.",Precise definition of the module’s physical TOEPP and cryptographic boundaries... The location of the cryptographic module with respect to the TOEPP... clearly defined.,Section B.2.2,https://nvlpubs.nist.gov/nistpubs/SpecialPublications/NIST.SP.800-140Br1.pdf,high,mlx-community/Qwen3.6-27B-8bit,2026-08-23,active,,
NIST-SP-800-140B,NIST SP 800-140B Rev. 1: CMVP Security Policy Requirements,Certification Schemes,Compliance Framework,governance,3,all,"Document Sensitive Security Parameter (SSP) management, including generation, storage, I/O methods, and strength.","Provide an key SSP table specifying the key SSP type(s), strength(s)... where and how the key(s) SSP(s) is generated... Specify the SSP storage",Section B.2.9,https://nvlpubs.nist.gov/nistpubs/SpecialPublications/NIST.SP.800-140Br1.pdf,high,mlx-community/Qwen3.6-27B-8bit,2026-08-23,active,,
NIST-SP-800-140B,NIST SP 800-140B Rev. 1: CMVP Security Policy Requirements,Certification Schemes,Compliance Framework,assurance,3,all,Submit security policy with illustrative diagrams or photographs demonstrating module structure and cryptographic boundary.,"Illustrative diagram, schematic, or photograph of the module... For a software or firmware... block diagram that illustrates... the cryptographic boundary",Section B.2.2,https://nvlpubs.nist.gov/nistpubs/SpecialPublications/NIST.SP.800-140Br1.pdf,high,mlx-community/Qwen3.6-27B-8bit,2026-08-23,active,,
NIST-SP-800-140B,NIST SP 800-140B Rev. 1: CMVP Security Policy Requirements,Certification Schemes,Compliance Framework,inventory,3,all,"Inventory all module versions in the security policy, ensuring each is represented separately or annotated for coverage.","If the security policy encompasses multiple versions of the module, each version is represented separately or annotated that the representation is illustrated for all versions.",Section B.2.2,https://nvlpubs.nist.gov/nistpubs/SpecialPublications/NIST.SP.800-140Br1.pdf,high,mlx-community/Qwen3.6-27B-8bit,2026-08-23,active,,
NIST-SP-800-140C,NIST SP 800-140C Rev. 2: CMVP-Approved Security Functions,Certification Schemes,Standard,assurance,3,all,Use only CMVP-approved security functions; preclude all others. Monitor the official CMVP web link for the current list of approved functions to ensure validation compliance.,"This document identifies CMVP-approved security functions. It precludes the use of all other security functions. For the current list of CMVP-approved security functions, see https://csrc.nist.gov/projects/cmvp/sp800-140c.",Section 6.1 Purpose and Section 6.2 Approved security functions,https://nvlpubs.nist.gov/nistpubs/SpecialPublications/NIST.SP.800-140Cr2.pdf,high,mlx-community/Qwen3.6-27B-8bit,2026-08-23,active,,
NIST-SP-800-140C,NIST SP 800-140C Rev. 2: CMVP-Approved Security Functions,Certification Schemes,Standard,lifecycle,3,all,"Establish a process to continuously monitor the CMVP website for updates to the list of approved security functions, as the list is maintained online rather than in static documents.","Future modifications to the list will be made on that website, minimizing the need to revise this publication.","Appendix A. Document Revisions, Revision 2 (r2)",https://nvlpubs.nist.gov/nistpubs/SpecialPublications/NIST.SP.800-140Cr2.pdf,high,mlx-community/Qwen3.6-27B-8bit,2026-08-23,active,,
NIST-SP-800-140C,NIST SP 800-140C Rev. 2: CMVP-Approved Security Functions,Certification Schemes,Standard,inventory,2,all,"Maintain an inventory of cryptographic modules that strictly utilizes only those security functions listed as CMVP-approved, excluding any non-approved functions.",This document identifies CMVP-approved security functions. It precludes the use of all other security functions.,Section 6.1 Purpose,https://nvlpubs.nist.gov/nistpubs/SpecialPublications/NIST.SP.800-140Cr2.pdf,high,mlx-community/Qwen3.6-27B-8bit,2026-08-23,active,,
NIST-SP-800-140D,NIST SP 800-140D Rev. 2 — CMVP-Approved Sensitive Security Parameter Generation and Establishment Methods,Certification Schemes,Standard,assurance,3,keys,Use only CMVP-approved methods for sensitive security parameter generation and establishment; preclude all other methods.,This document identifies CMVP-approved sensitive security parameter generation and establishment methods. These are considered CMVP-approved security functions. It precludes the use of all other sensitive security parameter generation and establishment methods.,Section 6.1 Purpose,https://nvlpubs.nist.gov/nistpubs/SpecialPublications/NIST.SP.800-140Dr2.pdf,high,mlx-community/Qwen3.6-27B-8bit,2026-08-23,active,,
NIST-SP-800-140D,NIST SP 800-140D Rev. 2 — CMVP-Approved Sensitive Security Parameter Generation and Establishment Methods,Certification Schemes,Standard,observability,3,keys,Monitor the CMVP website for the current list of approved sensitive security parameter generation and establishment methods.,"For the current list of CMVP-approved sensitive security parameter generation and establishment methods, see https://csrc.nist.gov/projects/cmvp/sp800-140d.",Section 6.2 Sensitive security parameter generation and establishment methods,https://nvlpubs.nist.gov/nistpubs/SpecialPublications/NIST.SP.800-140Dr2.pdf,high,mlx-community/Qwen3.6-27B-8bit,2026-08-23,active,,
NIST-SP-800-140D,NIST SP 800-140D Rev. 2 — CMVP-Approved Sensitive Security Parameter Generation and Establishment Methods,Certification Schemes,Standard,lifecycle,3,keys,Update cryptographic implementations to align with the dynamic list of approved methods maintained on the CMVP website.,"Future modifications to the list will be made on that website, minimizing the need to revise this publication.",Appendix A. Document Revisions (Revision 2),https://nvlpubs.nist.gov/nistpubs/SpecialPublications/NIST.SP.800-140Dr2.pdf,high,mlx-community/Qwen3.6-27B-8bit,2026-08-23,active,,
NIST-SP-800-140E,NIST SP 800-140E — CMVP Approved Authentication Mechanisms,Certification Schemes,Standard,governance,2,all,"Define and document authentication mechanisms per FIPS 140-3 security levels, ensuring operator authentication is performed by the module or Operating Environment for levels above 1.","Except at level 1, operator authentication acceptance is required to be performed by the module or by the Operating Environment as defined in ISO/IEC 19790.",Section 6.2,https://nvlpubs.nist.gov/nistpubs/SpecialPublications/NIST.SP.800-140E.pdf,high,mlx-community/Qwen3.6-27B-8bit,2026-08-23,active,,
NIST-SP-800-140E,NIST SP 800-140E — CMVP Approved Authentication Mechanisms,Certification Schemes,Standard,governance,2,all,Establish policy requiring vendors to use SP 800-63B as a framework for authentication and provide justification for any deviations from its requirements.,Vendors should use SP 800-63B as a framework for authentication requirements and should provide justification whenever SP 800-63B requirements cannot be met.,Section 6.2,https://nvlpubs.nist.gov/nistpubs/SpecialPublications/NIST.SP.800-140E.pdf,high,mlx-community/Qwen3.6-27B-8bit,2026-08-23,active,,
NIST-SP-800-140E,NIST SP 800-140E — CMVP Approved Authentication Mechanisms,Certification Schemes,Standard,assurance,3,all,Mandate that testers review and affirm vendor documentation regarding authentication mechanisms and their compliance with SP 800-63B normative sections.,"Testers should review and affirm the vendor documentation. Normative SP 800-63B sections include Section 5, Detailed requirements specific to each type of authenticator...",Section 6.2,https://nvlpubs.nist.gov/nistpubs/SpecialPublications/NIST.SP.800-140E.pdf,high,mlx-community/Qwen3.6-27B-8bit,2026-08-23,active,,
NIST-SP-800-140E,NIST SP 800-140E — CMVP Approved Authentication Mechanisms,Certification Schemes,Standard,assurance,3,all,Validate that authentication mechanisms meet the cryptographic strength requirements of SP 800-140C and SP 800-140D when used for module-provided protected communication services.,"Some of these mechanisms may be employed to establish module provided protected communication services; however, these must meet the cryptographic strength requirements of SP 800-140C and SP 800-140D.",Section 6.1,https://nvlpubs.nist.gov/nistpubs/SpecialPublications/NIST.SP.800-140E.pdf,high,mlx-community/Qwen3.6-27B-8bit,2026-08-23,active,,
NIST-ACVP,NIST Automated Cryptographic Validation Protocol (ACVP),Certification Schemes,Compliance Framework,assurance,3,libraries,Submit cryptographic algorithm implementations to NVLAP-accredited labs for ACVTS testing to obtain validation certificates.,Vendors may use any of the NVLAP-accredited Cryptographic and Security Testing (CST) Laboratories to test algorithm implementations. An algorithm implementation successfully tested by a lab and validated by NIST is added to an appropriate validation list,Overview,https://csrc.nist.gov/projects/cryptographic-algorithm-validation-program,high,mlx-community/Qwen3.6-27B-8bit,2026-08-23,active,,
NIST-ACVP,NIST Automated Cryptographic Validation Protocol (ACVP),Certification Schemes,Compliance Framework,assurance,3,libraries,Ensure algorithm implementations pass ACVTS black-box testing to be listed on the Algorithm Validation Page.,"Once this is completed for all algorithms in the test session, the implementation can submit to appear on the Algorithm Validation Page if the testing was performed through a lab on Production ACVTS.",Testing Methods Through ACVTS,https://csrc.nist.gov/projects/cryptographic-algorithm-validation-program,high,mlx-community/Qwen3.6-27B-8bit,2026-08-23,active,,
NIST-ACVP,NIST Automated Cryptographic Validation Protocol (ACVP),Certification Schemes,Compliance Framework,assurance,3,libraries,Complete cryptographic algorithm validation as a prerequisite for FIPS 140 module validation.,"Cryptographic algorithm validation is a prerequisite of cryptographic module validation. ... For an algorithm implementation to be listed on a cryptographic module validation certificate as an Approved security function, the algorithm implementation must ... successfully complete the cryptographic algorithm validation process.",Relationship of Algorithm Validation to FIPS 140 Module Validation,https://csrc.nist.gov/projects/cryptographic-algorithm-validation-program,high,mlx-community/Qwen3.6-27B-8bit,2026-08-23,active,,
NIST-ACVP,NIST Automated Cryptographic Validation Protocol (ACVP),Certification Schemes,Compliance Framework,governance,2,all,"Adhere to CAVP Management Manual responsibilities for vendors, labs, and validation authorities.","The CAVP Management Manual provides effective guidance for the CAVP Validation Authorities, CST laboratories, and vendors who participate in the program. It outlines the management activities and specific responsibilities of the various participating groups",CAVP Management Manual,https://csrc.nist.gov/projects/cryptographic-algorithm-validation-program,medium,mlx-community/Qwen3.6-27B-8bit,2026-08-23,active,,
NIST-ACVP,NIST Automated Cryptographic Validation Protocol (ACVP),Certification Schemes,Compliance Framework,inventory,2,libraries,"Maintain records of validated implementations including vendor, environment, and validation date via the validation list.","An algorithm implementation successfully tested by a lab and validated by NIST is added to an appropriate validation list, which identifies the vendor, implementation, operational environment, validation date and algorithm details.",Overview,https://csrc.nist.gov/projects/cryptographic-algorithm-validation-program,high,mlx-community/Qwen3.6-27B-8bit,2026-08-23,active,,
NIST-SP-800-90B,SP 800-90B: Recommendation for the Entropy Sources Used for Random Bit Generation,Certification Schemes,Standard,assurance,3,all,Validate entropy sources using NIST SP 800-90B specified tests and estimation methods to determine min-entropy before deployment in RBGs.,Conformance testing for implementations of this Recommendation will be conducted within the framework of the Cryptographic Algorithm Validation Program (CAVP) and the Cryptographic Module Validation Program (CMVP).,Section: Conformance Testing,https://csrc.nist.gov/pubs/sp/800/90/b/final,high,mlx-community/Qwen3.6-27B-8bit,2026-08-23,active,,
NIST-SP-800-90B,SP 800-90B: Recommendation for the Entropy Sources Used for Random Bit Generation,Certification Schemes,Standard,assurance,3,all,Perform initial entropy estimation and restart tests as part of the validation process to establish the min-entropy floor for the noise source.,3.1 Validation Process ... 3.1.3 Initial Entropy Estimate ... 3.1.4 Restart Tests,Section 3.1,https://csrc.nist.gov/pubs/sp/800/90/b/final,high,mlx-community/Qwen3.6-27B-8bit,2026-08-23,deprecated,2026-08-24,"evidence_quote not present in the cited document (audit-maturity-evidence.py, 2026-08-24): extraction unsupported by source text"
NIST-SP-800-90B,SP 800-90B: Recommendation for the Entropy Sources Used for Random Bit Generation,Certification Schemes,Standard,observability,3,all,Implement continuous health tests (Repetition Count or Adaptive Proportion) on the entropy source to detect failures in real-time.,4.4 Approved Continuous Health Tests ... 4.4.1 Repetition Count Test ... 4.4.2 Adaptive Proportion Test,Section 4.4,https://csrc.nist.gov/pubs/sp/800/90/b/final,high,mlx-community/Qwen3.6-27B-8bit,2026-08-23,active,,
NIST-SP-800-90B,SP 800-90B: Recommendation for the Entropy Sources Used for Random Bit Generation,Certification Schemes,Standard,observability,3,all,"Define and implement a failure response mechanism for health tests, such as halting output or replacing the entropy source, upon test failure.",4.3 Requirements for Health Tests ... The entropy source shall include a mechanism to respond to a health test failure.,Section 4.3,https://csrc.nist.gov/pubs/sp/800/90/b/final,high,mlx-community/Qwen3.6-27B-8bit,2026-08-23,deprecated,2026-08-24,"evidence_quote not present in the cited document (audit-maturity-evidence.py, 2026-08-24): extraction unsupported by source text"
NIST-SP-800-90B,SP 800-90B: Recommendation for the Entropy Sources Used for Random Bit Generation,Certification Schemes,Standard,lifecycle,2,all,Document the validation track (IID vs. non-IID) and the specific entropy estimation methods used for each entropy source in the system inventory.,3.1.2 Determining the track: IID track vs. non-IID track ... 3.1.5 Entropy Estimation for Entropy Sources Using a Conditioning Component,"Section 3.1.2, 3.1.5",https://csrc.nist.gov/pubs/sp/800/90/b/final,medium,mlx-community/Qwen3.6-27B-8bit,2026-08-23,active,,
NIST-SP-800-90B,SP 800-90B: Recommendation for the Entropy Sources Used for Random Bit Generation,Certification Schemes,Standard,governance,2,all,Assign responsibility for entropy source validation and health test configuration to entities implementing or configuring applications incorporating this Recommendation.,"Some of these requirements may be out-of-scope for CAVP or CMVP validation testing, and thus are the responsibility of entities using, implementing, installing or configuring applications that incorporate this Recommendation.",Section: Conformance Testing,https://csrc.nist.gov/pubs/sp/800/90/b/final,high,mlx-community/Qwen3.6-27B-8bit,2026-08-23,active,,
NIST-SP-800-90C,SP 800-90C: Recommendation for Random Bit Generator (RBG) Constructions,Certification Schemes,Standard,assurance,3,libraries,Validate RBG constructions against SP 800-90C via CMVP/CAVP to prove compliance with approved DRBG and entropy source requirements.,SP 800-90C has been developed in coordination with NIST’s Cryptographic Algorithm Validation Program (CAVP) and Cryptographic Module Validation Program (CMVP)... The term “shall” is used when a requirement is testable by a testing lab during implementation validation,Section 1,https://nvlpubs.nist.gov/nistpubs/SpecialPublications/NIST.SP.800-90C.pdf,high,mlx-community/Qwen3.6-27B-8bit,2026-08-23,active,,
NIST-SP-800-90C,SP 800-90C: Recommendation for Random Bit Generator (RBG) Constructions,Certification Schemes,Standard,observability,3,libraries,Implement and monitor health tests for RBG constructions to detect failures in entropy sources or DRBG operations as specified in Section 8.,Section 8 discusses health and implementation validation testing... The term “shall” is used when a requirement is testable by a testing lab during implementation validation using operational tests,"Section 1.2, Section 8",https://nvlpubs.nist.gov/nistpubs/SpecialPublications/NIST.SP.800-90C.pdf,high,mlx-community/Qwen3.6-27B-8bit,2026-08-23,active,,
NIST-SP-800-90C,SP 800-90C: Recommendation for Random Bit Generator (RBG) Constructions,Certification Schemes,Standard,lifecycle,2,libraries,Ensure RBG constructions use validated randomness sources (SP 800-90B or SP 800-90C compliant) for initialization and reseeding.,Each RBG includes a DRBG from SP 800-90A and is based on the use of a randomness source that is validated for compliance with SP 800-90B or SP 800-90C.,Section 2.2,https://nvlpubs.nist.gov/nistpubs/SpecialPublications/NIST.SP.800-90C.pdf,high,mlx-community/Qwen3.6-27B-8bit,2026-08-23,active,,
NIST-SP-800-90C,SP 800-90C: Recommendation for Random Bit Generator (RBG) Constructions,Certification Schemes,Standard,governance,2,all,"Adhere to 'must' requirements for system administrators regarding RBG deployment, verified via documentation review by CMVP.",The term “must” is used for requirements that may not be testable by the CAVP or CMVP. An example of such a requirement is one that demands certain actions and/or considerations from a system administrator. A CMVP review of the cryptographic module’s documentation can verify whether these requirements have been met.,Section 1,https://nvlpubs.nist.gov/nistpubs/SpecialPublications/NIST.SP.800-90C.pdf,high,mlx-community/Qwen3.6-27B-8bit,2026-08-23,active,,
NIAP-CCEVS-POLICY,NIAP CCEVS Policy Letter 26,Certification Schemes,Compliance Framework,governance,2,all,Establish policy to exclude products prohibited by statute or executive order from NIAP evaluation and certification for NSS use.,"products evaluated under the NIAP for use on or protection of NSS... may only include products that are not otherwise prohibited from use on an NSS by statute, executive order, or other directives",POLICY,https://www.niap-ccevs.org/Documents_and_Guidance/ccevs/policy-ltr-26.pdf,high,mlx-community/Qwen3.6-27B-8bit,2026-08-23,active,,
NIAP-CCEVS-POLICY,NIAP CCEVS Policy Letter 26,Certification Schemes,Compliance Framework,governance,2,all,Define authority for NIAP to refuse evaluation and certification of products subject to acquisition prohibitions for NSS.,NIAP reserves the right to refuse evaluation and certification of the product,POLICY,https://www.niap-ccevs.org/Documents_and_Guidance/ccevs/policy-ltr-26.pdf,high,mlx-community/Qwen3.6-27B-8bit,2026-08-23,active,,
NIAP-CCEVS-POLICY,NIAP CCEVS Policy Letter 26,Certification Schemes,Compliance Framework,lifecycle,2,all,Mandate vendor consultation with NIAP prior to contracting for evaluation if product may be affected by supply chain prohibitions.,Vendors concerned that they may be affected by this limitation are encouraged to contact NIAP prior to contracting with a CCTL for evaluation,POLICY,https://www.niap-ccevs.org/Documents_and_Guidance/ccevs/policy-ltr-26.pdf,high,mlx-community/Qwen3.6-27B-8bit,2026-08-23,active,,
NIAP-CCEVS-MANUAL,NIAP CCEVS Quality Manual (Scheme Publication #2),Certification Schemes,Compliance Framework,governance,3,certificates,Maintain a Product Compliant List (PCL) to track validated products and their current certification status within the scheme.,5.3.3 Maintaining a Product Compliant List (PCL) ... NIAP maintains a Product Compliant List (PCL) of products that have been evaluated and certified.,Section 5.3.3,https://www.niap-ccevs.org/Documents_and_Guidance/ccevs/scheme-pub-2.pdf,high,mlx-community/Qwen3.6-27B-8bit,2026-08-23,active,,
NIAP-CCEVS-MANUAL,NIAP CCEVS Quality Manual (Scheme Publication #2),Certification Schemes,Compliance Framework,governance,3,certificates,Monitor the use of certificates to ensure they are not misused or applied to non-compliant configurations.,5.3.4 Certificate Use Monitoring ... NIAP monitors the use of certificates to ensure that they are used in accordance with the Scheme rules.,Section 5.3.4,https://www.niap-ccevs.org/Documents_and_Guidance/ccevs/scheme-pub-2.pdf,high,mlx-community/Qwen3.6-27B-8bit,2026-08-23,active,,
NIAP-CCEVS-MANUAL,NIAP CCEVS Quality Manual (Scheme Publication #2),Certification Schemes,Compliance Framework,governance,3,certificates,Establish procedures for the withdrawal of certificates when products no longer meet scheme requirements or compliance is violated.,5.3.5 Certificate Withdrawal ... NIAP may withdraw a certificate if the product no longer meets the requirements of the Scheme.,Section 5.3.5,https://www.niap-ccevs.org/Documents_and_Guidance/ccevs/scheme-pub-2.pdf,high,mlx-community/Qwen3.6-27B-8bit,2026-08-23,active,,
NIAP-CCEVS-MANUAL,NIAP CCEVS Quality Manual (Scheme Publication #2),Certification Schemes,Compliance Framework,assurance,3,certificates,Conduct internal audits and management reviews to verify the quality and integrity of the validation process and records.,3.3 Internal Audits ... 3.3.1 Management Reviews ... The Quality Manager shall ensure that internal audits are conducted... Management reviews shall be conducted.,Section 3.3,https://www.niap-ccevs.org/Documents_and_Guidance/ccevs/scheme-pub-2.pdf,high,mlx-community/Qwen3.6-27B-8bit,2026-08-23,active,,
NIAP-CCEVS-MANUAL,NIAP CCEVS Quality Manual (Scheme Publication #2),Certification Schemes,Compliance Framework,observability,3,certificates,"Maintain detailed records of certificate issuance, maintenance, and withdrawal to support audit trails and status verification.","5.3.6 Certificate Management Records ... NIAP shall maintain records of all certificate management activities, including issuance, maintenance, and withdrawal.",Section 5.3.6,https://www.niap-ccevs.org/Documents_and_Guidance/ccevs/scheme-pub-2.pdf,high,mlx-community/Qwen3.6-27B-8bit,2026-08-23,active,,
NIAP-CCEVS-MANUAL,NIAP CCEVS Quality Manual (Scheme Publication #2),Certification Schemes,Compliance Framework,lifecycle,3,certificates,"Manage the lifecycle of certificates through defined processes for issuance, recognition of partner certificates, and maintenance.",5.3 Certificate Management ... 5.3.1 Issuing a CC Certificate ... 5.3.2 Recognition of CC Certificates Issued by CCRA Partners ... 5.3.3 Maintaining a Product Compliant List (PCL),Section 5.3,https://www.niap-ccevs.org/Documents_and_Guidance/ccevs/scheme-pub-2.pdf,high,mlx-community/Qwen3.6-27B-8bit,2026-08-23,active,,
NIAP-CCEVS-MANUAL,NIAP CCEVS Quality Manual (Scheme Publication #2),Certification Schemes,Compliance Framework,governance,3,all,"Define and enforce roles and responsibilities for NIAP personnel, including the Quality Manager, to ensure scheme integrity.",4 NIAP Personnel and Qualifications ... 4.2.4 Quality Manager ... The Quality Manager is responsible for the implementation and maintenance of the Quality System.,Section 4.2.4,https://www.niap-ccevs.org/Documents_and_Guidance/ccevs/scheme-pub-2.pdf,high,mlx-community/Qwen3.6-27B-8bit,2026-08-23,active,,
NIAP-CCEVS-MANUAL,NIAP CCEVS Quality Manual (Scheme Publication #2),Certification Schemes,Compliance Framework,assurance,3,all,"Administer Common Criteria Testing Laboratories (CCTLs) through accreditation, proficiency testing, and audit records.","6 Common Criteria Testing Laboratory Administration ... 6.3 CCTL Administration Records ... NIAP maintains records of CCTL approvals, audits, and proficiency tests.",Section 6,https://www.niap-ccevs.org/Documents_and_Guidance/ccevs/scheme-pub-2.pdf,high,mlx-community/Qwen3.6-27B-8bit,2026-08-23,active,,
COMMON-CRITERIA,"Common Criteria for Information Technology Security Evaluation, CC:2022 Release 1, Part 1",Certification Schemes,Standard,governance,2,all,"Establish documented Security Targets (STs) that define the security objectives and requirements for the TOE, serving as the formal basis for evaluation and conformance claims.",12 Security Targets (STs) ... 12.1 General ... 12.2 Conformance claims and statements ... 12.3 Assurance requirements,Section 12,https://www.commoncriteriaportal.org/files/ccfiles/CC2022PART1R1.pdf,high,mlx-community/Qwen3.6-27B-8bit,2026-08-23,active,,
COMMON-CRITERIA,"Common Criteria for Information Technology Security Evaluation, CC:2022 Release 1, Part 1",Certification Schemes,Standard,assurance,3,all,Conduct independent security evaluations of the TOE against a Security Target to establish confidence that security functionality and assurance measures meet specified requirements.,The evaluation process establishes a level of confidence that the security functionality of these IT products and the assurance measures applied to these IT products meet these requirements.,Introduction,https://www.commoncriteriaportal.org/files/ccfiles/CC2022PART1R1.pdf,high,mlx-community/Qwen3.6-27B-8bit,2026-08-23,active,,
COMMON-CRITERIA,"Common Criteria for Information Technology Security Evaluation, CC:2022 Release 1, Part 1",Certification Schemes,Standard,assurance,3,all,"Ensure evaluations adhere to strict conformance claims, prohibiting the evaluation scope from exceeding the defined conformance boundaries of the Protection Profile or Security Target.",the exact conformance type has been introduced ... which prohibits evaluations from exceeding the scope of their conformance claims,Foreword,https://www.commoncriteriaportal.org/files/ccfiles/CC2022PART1R1.pdf,high,mlx-community/Qwen3.6-27B-8bit,2026-08-23,active,,
COMMON-CRITERIA,"Common Criteria for Information Technology Security Evaluation, CC:2022 Release 1, Part 1",Certification Schemes,Standard,lifecycle,2,all,"Manage the composition of assurance for composite products by defining composition models (layered, network, embedded) and re-using evaluation results where applicable.",14 Composition of assurance ... 14.2 Composition models ... 14.4.1 Re-use of evaluation results,Section 14,https://www.commoncriteriaportal.org/files/ccfiles/CC2022PART1R1.pdf,medium,mlx-community/Qwen3.6-27B-8bit,2026-08-23,deprecated,2026-08-24,"evidence_quote not present in the cited document (audit-maturity-evidence.py, 2026-08-24): extraction unsupported by source text"
COMMON-CRITERIA,"Common Criteria for Information Technology Security Evaluation, CC:2022 Release 1, Part 1",Certification Schemes,Standard,observability,2,all,"Document and verify evaluation results for PP, PP-Configuration, and ST/TOE evaluations to provide evidence of compliance and security posture.",13.7 Evaluation results ... 13.7.1 Results of a PP evaluation ... 13.7.3 Results of a ST/TOE evaluation,Section 13.7,https://www.commoncriteriaportal.org/files/ccfiles/CC2022PART1R1.pdf,medium,mlx-community/Qwen3.6-27B-8bit,2026-08-23,active,,
EUCC v2.0 ACM,EU Cybersecurity Certification Agreed Cryptographic Mechanisms v2.0,Certification Schemes,Compliance Framework,governance,2,all,Developers of protection profiles and ICT products must consider using the agreed cryptographic mechanisms defined in ACM v2 when deciding on cryptographic protection needs.,developers of protection profiles and developers of ICT products should consider using the agreed cryptographic mechanisms as defined in ECCG Agreed Cryptographic Mechanisms version 2,"Section 2, Page 5",https://certification.enisa.europa.eu/document/download/f4657490-9757-4a97-8deb-fd4d6a1358ee_en?filename=EUCC_guidelines_Agreed+Cryptographic+Mechanisms+v2.pdf,high,mlx-community/Qwen3.6-27B-8bit,2026-08-23,active,,
EUCC v2.0 ACM,EU Cybersecurity Certification Agreed Cryptographic Mechanisms v2.0,Certification Schemes,Compliance Framework,assurance,3,all,Evaluators must verify that protection profiles and ICT products preferably rely on the agreed cryptographic mechanisms defined in ACM v2 to provide evaluated security services.,evaluators should verify that these protection profiles and ICT products preferably rely on agreed cryptographic mechanisms as defined in ACM v2 to provide the security services evaluated under this scheme.,"Section 2, Page 5",https://certification.enisa.europa.eu/document/download/f4657490-9757-4a97-8deb-fd4d6a1358ee_en?filename=EUCC_guidelines_Agreed+Cryptographic+Mechanisms+v2.pdf,high,mlx-community/Qwen3.6-27B-8bit,2026-08-23,active,,
ANSSI-PG-083-v3-2026,Règles et Recommandations Concernant le Choix et le Dimensionnement des Mécanismes Cryptographiques (v3.00),Certification Schemes,Compliance Framework,governance,2,all,Submit the relevance of ANSSI cryptographic implementation choices to prior validation by the system administrator or security officers.,"la pertinence de l’implémentation des éléments proposés par l’ANSSI doit être soumise, au préalable, à la validation de l’administrateur du système et/ou des personnes en charge de la sécurité des systèmes d’information.",Informations / Attention,https://messervices.cyber.gouv.fr/documents-guides/anssi-guide-mecanismes-crypto-3.00.pdf,high,mlx-community/Qwen3.6-27B-8bit,2026-08-23,active,,
ANSSI-PG-083-v3-2026,Règles et Recommandations Concernant le Choix et le Dimensionnement des Mécanismes Cryptographiques (v3.00),Certification Schemes,Compliance Framework,governance,2,all,Adhere to defined rules as necessary conditions for recognizing the correct security level of cryptographic mechanisms.,L’observation de ces règles est une condition nécessaire à la reconnaissance du bon niveau de sécurité du mécanisme. Un mécanisme respectant ces règles est dit conforme au référentiel.,1.4 Définition des règles et recommandations,https://messervices.cyber.gouv.fr/documents-guides/anssi-guide-mecanismes-crypto-3.00.pdf,high,mlx-community/Qwen3.6-27B-8bit,2026-08-23,active,,
ANSSI-PG-083-v3-2026,Règles et Recommandations Concernant le Choix et le Dimensionnement des Mécanismes Cryptographiques (v3.00),Certification Schemes,Compliance Framework,governance,2,all,Follow post-quantum rules as necessary conditions for protection against quantum adversaries when quantum resistance is targeted.,"L’observation d’une règle, qu’elle soit post-quantique ou non, est une condition nécessaire à la reconnaissance qu’un mécanisme cryptographique offre des assurances de protection contre un adversaire doté d’un ordinateur quantique",1.4 Définition des règles et recommandations,https://messervices.cyber.gouv.fr/documents-guides/anssi-guide-mecanismes-crypto-3.00.pdf,high,mlx-community/Qwen3.6-27B-8bit,2026-08-23,active,,
NIST CSWP 39,Considerations for Achieving Cryptographic Agility,Standardization Bodies,Compliance Framework,governance,2,all,Develop a comprehensive strategic and tactical plan integrating crypto agility into the organization's overall risk management framework.,Executives can leverage the insights in this paper to develop a comprehensive strategic and tactical plan that integrates crypto agility into the organization’s overall risk management framework,Executive Summary,https://nvlpubs.nist.gov/nistpubs/CSWP/NIST.CSWP.39-upd1.pdf,medium,mlx-community/Qwen3.6-27B-8bit,2026-08-23,active,,
NIST CSWP 39,Considerations for Achieving Cryptographic Agility,Standardization Bodies,Compliance Framework,governance,2,all,"Ensure employees, partners, and suppliers involved in cryptographic design, implementation, and deployment consider and adopt crypto agility practices.","ensuring that employees, business partners, and technology suppliers involved in cryptographic design, implementation, acquisition, deployment, and use consider and adopt these practices",Executive Summary,https://nvlpubs.nist.gov/nistpubs/CSWP/NIST.CSWP.39-upd1.pdf,medium,mlx-community/Qwen3.6-27B-8bit,2026-08-23,active,,
NIST CSWP 39,Considerations for Achieving Cryptographic Agility,Standardization Bodies,Compliance Framework,lifecycle,3,software,Design systems to adopt new cryptographic algorithms and stop using vulnerable ones without disrupting running operations.,"In a system, crypto agility is the ability to adopt new cryptographic algorithms and stop the use of vulnerable algorithms in applications without disrupting the running system",Section 1. Introduction,https://nvlpubs.nist.gov/nistpubs/CSWP/NIST.CSWP.39-upd1.pdf,medium,mlx-community/Qwen3.6-27B-8bit,2026-08-23,active,,
NIST CSWP 39,Considerations for Achieving Cryptographic Agility,Standardization Bodies,Compliance Framework,lifecycle,3,software,Maintain interoperability when introducing new cryptographic algorithms and prevent the use of vulnerable algorithms in protocols.,"In a protocol, crypto agility is the ability to maintain interoperability when introducing new cryptographic algorithms and preventing the use of vulnerable algorithms",Section 1. Introduction,https://nvlpubs.nist.gov/nistpubs/CSWP/NIST.CSWP.39-upd1.pdf,medium,mlx-community/Qwen3.6-27B-8bit,2026-08-23,active,,
NIST CSWP 39,Considerations for Achieving Cryptographic Agility,Standardization Bodies,Compliance Framework,lifecycle,3,all,"Enable seamless and rapid transition away from vulnerable cryptographic algorithms to new, stronger ones without significant infrastructure changes.","In an enterprise, crypto agility is a capacity to seamlessly and rapidly transition away from vulnerable cryptographic algorithms and adopt new, stronger ones without incurring significant changes to their infrastructure",Section 1. Introduction,https://nvlpubs.nist.gov/nistpubs/CSWP/NIST.CSWP.39-upd1.pdf,medium,mlx-community/Qwen3.6-27B-8bit,2026-08-23,active,,
NIST IR 8547,Transition to Post-Quantum Cryptography Standards,Standardization Bodies,Compliance Framework,governance,2,all,"Develop a strategy to manage the transition to post-quantum cryptography, including the adoption of new algorithms and the deprecation of quantum-vulnerable ones.","This report serves as the initial step in a broader strategy to manage and guide the transition to post-quantum cryptography. This transition will involve the adoption of new PQC algorithms as well as the careful deprecation, controlled legacy use, and eventual removal of quantum-vulnerable algorithms","Section 1.1, Paragraphs 119-125",https://csrc.nist.gov/pubs/ir/8547/ipd,medium,mlx-community/Qwen3.6-27B-8bit,2026-08-23,active,,
NIST IR 8547,Transition to Post-Quantum Cryptography Standards,Standardization Bodies,Compliance Framework,inventory,2,all,Identify existing quantum-vulnerable cryptographic standards and the specific quantum-resistant standards required for transition across information technology products and services.,It identifies existing quantum-vulnerable cryptographic standards and the quantum-resistant standards to which information technology products and services will need to transition.,"Abstract, Paragraphs 2-7",https://csrc.nist.gov/pubs/ir/8547/ipd,medium,mlx-community/Qwen3.6-27B-8bit,2026-08-23,active,,
NIST IR 8547,Transition to Post-Quantum Cryptography Standards,Standardization Bodies,Compliance Framework,lifecycle,2,all,"Plan for the careful deprecation, controlled legacy use, and eventual removal of quantum-vulnerable algorithms as part of the transition strategy.","This transition will involve the adoption of new PQC algorithms as well as the careful deprecation, controlled legacy use, and eventual removal of quantum-vulnerable algorithms","Section 1.1, Paragraphs 119-125",https://csrc.nist.gov/pubs/ir/8547/ipd,medium,mlx-community/Qwen3.6-27B-8bit,2026-08-23,active,,
NSA CNSA 2.0,Commercial National Security Algorithm Suite 2.0,Standardization Bodies,Compliance Framework,governance,3,all,"Prohibit use of unapproved cryptographic algorithms; require specific waivers for any algorithm, implementation, or use case not approved by the National Manager.","Using any cryptographic algorithms the National Manager did not approve is generally not allowed, and requires a waiver specific to the algorithm, implementation, and use case.",Executive summary,https://media.defense.gov/2025/May/30/2003728741/-1/-1/0/CSA_CNSA_2.0_ALGORITHMS.PDF,medium,mlx-community/Qwen3.6-27B-8bit,2026-08-23,active,,
NSA CNSA 2.0,Commercial National Security Algorithm Suite 2.0,Standardization Bodies,Compliance Framework,assurance,3,software,"Require NIAP or NSA validation for all software and hardware providing cryptographic services, in addition to meeting CNSA requirements.","In accordance with CNSSP 11, software and hardware providing cryptographic services require National Information Assurance Partnership (NIAP) or NSA validation in addition to meeting the requirements of the appropriate version of CNSA.",Executive summary,https://media.defense.gov/2025/May/30/2003728741/-1/-1/0/CSA_CNSA_2.0_ALGORITHMS.PDF,medium,mlx-community/Qwen3.6-27B-8bit,2026-08-23,active,,
NSA CNSA 2.0,Commercial National Security Algorithm Suite 2.0,Standardization Bodies,Compliance Framework,lifecycle,3,software,Transition all deployed software and firmware to CNSA 2.0-compliant signatures by 2030; new software must use CNSA 2.0 signing algorithms by 2025.,New software and firmware use CNSA 2.0 signing algorithms by 2025... Transitioning all deployed software and firmware to CNSA 2.0-compliant signatures by 2030.,Timing for software signing and firmware signing,https://media.defense.gov/2025/May/30/2003728741/-1/-1/0/CSA_CNSA_2.0_ALGORITHMS.PDF,medium,mlx-community/Qwen3.6-27B-8bit,2026-08-23,active,,
NSA CNSA 2.0,Commercial National Security Algorithm Suite 2.0,Standardization Bodies,Compliance Framework,lifecycle,3,software,Update or replace custom applications and legacy equipment by 2033 to meet CNSA 2.0 requirements.,Custom applications and legacy equipment: update or replace by 2033.,Other requirements for NSS,https://media.defense.gov/2025/May/30/2003728741/-1/-1/0/CSA_CNSA_2.0_ALGORITHMS.PDF,medium,mlx-community/Qwen3.6-27B-8bit,2026-08-23,active,,
NSA CNSA 2.0,Commercial National Security Algorithm Suite 2.0,Standardization Bodies,Compliance Framework,lifecycle,3,software,Prefer CNSA 2.0 algorithms when configuring systems during the transition period; exclusive use becomes mandatory by defined deadlines.,"Where feasible, NSS owners and operators will be required to prefer CNSA 2.0 algorithms when configuring systems during the transition period.",Timing,https://media.defense.gov/2025/May/30/2003728741/-1/-1/0/CSA_CNSA_2.0_ALGORITHMS.PDF,medium,mlx-community/Qwen3.6-27B-8bit,2026-08-23,active,,
NSA CNSA 2.0,Commercial National Security Algorithm Suite 2.0,Standardization Bodies,Compliance Framework,governance,3,all,"Measure compliance with CNSA 1.0 and 2.0 as part of the Risk Management Framework process, specifically assessing Security Control 12.",Approving Officials (AOs) should measure compliance as part of the Risk Management Framework (RMF) process when assessing Security Control 12 (SC-12).,Enforcement,https://media.defense.gov/2025/May/30/2003728741/-1/-1/0/CSA_CNSA_2.0_ALGORITHMS.PDF,medium,mlx-community/Qwen3.6-27B-8bit,2026-08-23,active,,
NSA CNSA 2.0,Commercial National Security Algorithm Suite 2.0,Standardization Bodies,Compliance Framework,assurance,3,all,"Verify compliance with CNSA 2.0 for software- and firmware-signing on systems; do not assess against FIPS-validated, but require NSA-approved solutions.","Furthermore, AOs will need to verify compliance with CNSA 2.0 for software- and firmware-signing on their systems. NSS should not be assessed against “FIPS-validated” in the RMF process; instead, solutions must be NSA-approved.",Enforcement,https://media.defense.gov/2025/May/30/2003728741/-1/-1/0/CSA_CNSA_2.0_ALGORITHMS.PDF,medium,mlx-community/Qwen3.6-27B-8bit,2026-08-23,active,,
NSA CNSA 2.0,Commercial National Security Algorithm Suite 2.0,Standardization Bodies,Compliance Framework,lifecycle,3,software,Require waivers and compliance plans for legacy equipment and software not refreshed regularly to meet NIAP Protection Profile requirements.,"At that point, legacy equipment and software not refreshed regularly will require a waiver and a plan to bring it into compliance.",Timing,https://media.defense.gov/2025/May/30/2003728741/-1/-1/0/CSA_CNSA_2.0_ALGORITHMS.PDF,medium,mlx-community/Qwen3.6-27B-8bit,2026-08-23,active,,
ETSI TR 103 619,Migration Strategies and Recommendations for Quantum-Safe Schemes,Standardization Bodies,Government Guidance,inventory,2,all,"Compile a comprehensive inventory of cryptographic assets, including infrastructure and suppliers, to support migration planning.",Stage 1 - Inventory compilation... Infrastructure inventory... Supplier inventory,Section 5 / Annex A.1.4 / A.1.5,https://www.etsi.org/deliver/etsi_tr/103600_103699/103619/01.01.01_60/tr_103619v010101p.pdf,medium,mlx-community/Qwen3.6-27B-8bit,2026-08-23,deprecated,2026-08-24,"evidence_quote not present in the cited document (audit-maturity-evidence.py, 2026-08-24): extraction unsupported by source text"
ETSI TR 103 619,Migration Strategies and Recommendations for Quantum-Safe Schemes,Standardization Bodies,Government Guidance,governance,2,all,Create a documented migration plan addressing orderly and disorderly transition scenarios for quantum-safe schemes.,Stage 2 - Preparation of the migration plan... Creation of the migration plan... Orderly transition planning... Disorderly transition planning,Section 6 / Annex A.2,https://www.etsi.org/deliver/etsi_tr/103600_103699/103619/01.01.01_60/tr_103619v010101p.pdf,medium,mlx-community/Qwen3.6-27B-8bit,2026-08-23,active,,
ETSI TR 103 619,Migration Strategies and Recommendations for Quantum-Safe Schemes,Standardization Bodies,Government Guidance,lifecycle,2,keys,Define key management procedures specifically for the migration period to ensure continuity and security.,Key management during migration,Section 6.4,https://www.etsi.org/deliver/etsi_tr/103600_103699/103619/01.01.01_60/tr_103619v010101p.pdf,medium,mlx-community/Qwen3.6-27B-8bit,2026-08-23,active,,
ETSI TR 103 619,Migration Strategies and Recommendations for Quantum-Safe Schemes,Standardization Bodies,Government Guidance,lifecycle,2,certificates,Establish trust management processes to handle certificate and trust anchor transitions during migration.,Trust management during migration,Section 6.5,https://www.etsi.org/deliver/etsi_tr/103600_103699/103619/01.01.01_60/tr_103619v010101p.pdf,medium,mlx-community/Qwen3.6-27B-8bit,2026-08-23,active,,
ETSI TR 103 619,Migration Strategies and Recommendations for Quantum-Safe Schemes,Standardization Bodies,Government Guidance,lifecycle,2,software,Plan for isolation approaches and access controls for non-quantum-safe resources during the migration execution.,Isolation approaches during migration... Access to non-QSC protected resources after migration,Section 6.6 / 6.7,https://www.etsi.org/deliver/etsi_tr/103600_103699/103619/01.01.01_60/tr_103619v010101p.pdf,medium,mlx-community/Qwen3.6-27B-8bit,2026-08-23,active,,
ETSI TR 103 619,Migration Strategies and Recommendations for Quantum-Safe Schemes,Standardization Bodies,Government Guidance,assurance,2,all,"Conduct risk, data, and cryptographic assessments to evaluate the impact of quantum threats on the estate.",Risk assessment... Data assessment... Cryptographic assessment,Annex A.1.1 / A.1.2 / A.1.3,https://www.etsi.org/deliver/etsi_tr/103600_103699/103619/01.01.01_60/tr_103619v010101p.pdf,medium,mlx-community/Qwen3.6-27B-8bit,2026-08-23,deprecated,2026-08-24,"evidence_quote not present in the cited document (audit-maturity-evidence.py, 2026-08-24): extraction unsupported by source text"
RFC-9958,RFC 9958,Standardization Bodies,Government Guidance,governance,2,all,Establish long-term security planning and proactive assessment processes for cryptographic systems to address the threat of cryptographically relevant quantum computers.,"Engineers responsible for designing, maintaining, and securing cryptographic systems must prepare for the significant changes... It requires a combination of engineering efforts, proactive assessment and evaluation of available technologies, and a careful approach to product development and deployment.",Section 1,https://datatracker.ietf.org/doc/rfc9958/,medium,mlx-community/Qwen3.6-27B-8bit,2026-08-23,active,,
RFC-9958,RFC 9958,Standardization Bodies,Government Guidance,governance,2,all,"Coordinate transitions across organizations and ecosystems, planning for staged migrations where upgraded and non-upgraded agents must coexist.","A significant amount of coordination between organizations, and within and between ecosystems, needs to be taken into account. Such transitions... will require staged migrations in which upgraded agents need to coexist and communicate with non-upgraded agents.",Section 1,https://datatracker.ietf.org/doc/rfc9958/,medium,mlx-community/Qwen3.6-27B-8bit,2026-08-23,active,,
RFC-9958,RFC 9958,Standardization Bodies,Government Guidance,lifecycle,2,libraries,Design cryptographic libraries and protocols to accommodate significant differences in resource utilization and key sizes between traditional and post-quantum algorithms.,"In many cases, the shift to PQC will involve redesigning protocols and infrastructure to accommodate the significant differences in resource utilization and key sizes between traditional and PQC algorithms.",Section 1,https://datatracker.ietf.org/doc/rfc9958/,medium,mlx-community/Qwen3.6-27B-8bit,2026-08-23,active,,
RFC-9958,RFC 9958,Standardization Bodies,Government Guidance,lifecycle,2,all,Implement cryptographic agility to allow for the transition to post-quantum algorithms and hybrid schemes as standards evolve.,15.2. Cryptographic Agility,Section 15.2,https://datatracker.ietf.org/doc/rfc9958/,medium,mlx-community/Qwen3.6-27B-8bit,2026-08-23,active,,
RFC-9958,RFC 9958,Standardization Bodies,Government Guidance,assurance,2,all,"Evaluate trade-offs between security and performance when selecting post-quantum algorithms, considering constraints of devices and networks.",Engineers need to understand... how to evaluate the trade-offs between security and performance... 14. Impact on Constrained Devices and Networks,"Section 1, Section 14",https://datatracker.ietf.org/doc/rfc9958/,medium,mlx-community/Qwen3.6-27B-8bit,2026-08-23,active,,
AU-ASD-ISM-Crypto-2024,ASD Information Security Manual — Guidelines for Cryptography (December 2024),Compliance Frameworks,Compliance Framework,governance,3,keys,"Develop, implement, and maintain documented cryptographic key management processes and procedures covering the full key lifecycle.","Cryptographic key management processes, and supporting cryptographic key management procedures, are developed, implemented and maintained.",Control: ISM-0507,https://www.cyber.gov.au/sites/default/files/2024-12/22.%20ISM%20-%20Guidelines%20for%20Cryptography%20(December%202024).pdf,high,mlx-community/Qwen3.6-27B-8bit,2026-08-23,active,,
AU-ASD-ISM-Crypto-2024,ASD Information Security Manual — Guidelines for Cryptography (December 2024),Compliance Frameworks,Compliance Framework,governance,3,software,Ensure cryptographic equipment and software use only ASD-Approved Cryptographic Algorithms or high assurance algorithms by disabling unapproved ones.,Only AACAs or high assurance cryptographic algorithms are used by cryptographic equipment and software.,Control: ISM-0471,https://www.cyber.gov.au/sites/default/files/2024-12/22.%20ISM%20-%20Guidelines%20for%20Cryptography%20(December%202024).pdf,high,mlx-community/Qwen3.6-27B-8bit,2026-08-23,active,,
AU-ASD-ISM-Crypto-2024,ASD Information Security Manual — Guidelines for Cryptography (December 2024),Compliance Frameworks,Compliance Framework,governance,3,software,Comply with ASD communications security doctrine for the management and operation of High Assurance Cryptographic Equipment (HACE).,Communications security doctrine produced by ASD for the management and operation of HACE is complied with.,Control: ISM-0499,https://www.cyber.gov.au/sites/default/files/2024-12/22.%20ISM%20-%20Guidelines%20for%20Cryptography%20(December%202024).pdf,high,mlx-community/Qwen3.6-27B-8bit,2026-08-23,active,,
AU-ASD-ISM-Crypto-2024,ASD Information Security Manual — Guidelines for Cryptography (December 2024),Compliance Frameworks,Compliance Framework,governance,3,software,Operate HACE only if issued an Approval for Use by ASD and in accordance with the latest Australian Communications Security Instructions.,HACE are issued an Approval for Use by ASD and operated in accordance with the latest version of their associated Australian Communications Security Instructions.,Control: ISM-1802,https://www.cyber.gov.au/sites/default/files/2024-12/22.%20ISM%20-%20Guidelines%20for%20Cryptography%20(December%202024).pdf,high,mlx-community/Qwen3.6-27B-8bit,2026-08-23,active,,
AU-ASD-ISM-Crypto-2024,ASD Information Security Manual — Guidelines for Cryptography (December 2024),Compliance Frameworks,Compliance Framework,governance,3,keys,Report compromise or suspected compromise of cryptographic equipment or keying material to the CISO or delegate immediately.,"The compromise or suspected compromise of cryptographic equipment or associated keying material is reported to the Chief Information Security Officer, or one of their delegates, as soon as possible after it occurs.",Control: ISM-0142,https://www.cyber.gov.au/sites/default/files/2024-12/22.%20ISM%20-%20Guidelines%20for%20Cryptography%20(December%202024).pdf,high,mlx-community/Qwen3.6-27B-8bit,2026-08-23,active,,
AU-ASD-ISM-Crypto-2024,ASD Information Security Manual — Guidelines for Cryptography (December 2024),Compliance Frameworks,Compliance Framework,governance,3,keys,Change keying material immediately when cryptographic equipment or keying material is compromised or suspected of being compromised.,Keying material is changed when compromised or suspected of being compromised.,Control: ISM-1091,https://www.cyber.gov.au/sites/default/files/2024-12/22.%20ISM%20-%20Guidelines%20for%20Cryptography%20(December%202024).pdf,high,mlx-community/Qwen3.6-27B-8bit,2026-08-23,active,,
AU-ASD-ISM-Crypto-2024,ASD Information Security Manual — Guidelines for Cryptography (December 2024),Compliance Frameworks,Compliance Framework,governance,3,software,Use ECDH in preference to DH for asymmetric cryptographic operations to promote interoperability and reduce data costs.,ECDH is used in preference to DH.,Control: ISM-0994,https://www.cyber.gov.au/sites/default/files/2024-12/22.%20ISM%20-%20Guidelines%20for%20Cryptography%20(December%202024).pdf,high,mlx-community/Qwen3.6-27B-8bit,2026-08-23,active,,
India-DST-NQM-Roadmap,India DST Task Force Report — Phased Roadmap for Migration to Post-Quantum Cryptography under NQM,Compliance Frameworks,Government Guidance,governance,2,all,"Establish a multidisciplinary Task Force to oversee, facilitate, and formulate guidelines for the phased transition to Post-Quantum Cryptography.","The Terms of Reference (ToR) of the Task Force include: (a) To oversee, facilitate and formulate guidelines for phased transition to PQC","Preface, Page 1",https://dst.gov.in/sites/default/files/Report_TaskForce_PQMigration_4Feb26%20(v1).pdf,high,mlx-community/Qwen3.6-27B-8bit,2026-08-23,active,,
India-DST-NQM-Roadmap,India DST Task Force Report — Phased Roadmap for Migration to Post-Quantum Cryptography under NQM,Compliance Frameworks,Government Guidance,governance,2,all,"Constitute dedicated sub-groups to define minimum frameworks for standards, testing, and certification of quantum-safe products and solutions.","The first sub-group... is tasked with developing a unified structure and a minimum framework for defining standards, testing, and certification of quantum-safe products and solutions.","Preface, Page 1",https://dst.gov.in/sites/default/files/Report_TaskForce_PQMigration_4Feb26%20(v1).pdf,high,mlx-community/Qwen3.6-27B-8bit,2026-08-23,active,,
India-DST-NQM-Roadmap,India DST Task Force Report — Phased Roadmap for Migration to Post-Quantum Cryptography under NQM,Compliance Frameworks,Government Guidance,governance,2,all,"Assign responsibility for quantum resiliency, crypto agility, and PQC migration deliberations to a dedicated sub-group chaired by industry experts.","The second sub-group... focuses on deliberations related to quantum resiliency, crypto agility, and PQC migration.","Preface, Page 1",https://dst.gov.in/sites/default/files/Report_TaskForce_PQMigration_4Feb26%20(v1).pdf,high,mlx-community/Qwen3.6-27B-8bit,2026-08-23,active,,
India-DST-NQM-Roadmap,India DST Task Force Report — Phased Roadmap for Migration to Post-Quantum Cryptography under NQM,Compliance Frameworks,Government Guidance,governance,2,all,Advise on the requirement of Indian Standards for PQC adoption to ensure national alignment and interoperability.,The Terms of Reference (ToR) of the Task Force include: (b) To advise on the requirement of Indian Standards for PQC adoption,"Preface, Page 1",https://dst.gov.in/sites/default/files/Report_TaskForce_PQMigration_4Feb26%20(v1).pdf,high,mlx-community/Qwen3.6-27B-8bit,2026-08-23,active,,
India-DST-NQM-Roadmap,India DST Task Force Report — Phased Roadmap for Migration to Post-Quantum Cryptography under NQM,Compliance Frameworks,Government Guidance,governance,2,all,Suggest measures for the establishment of National Evaluation and Testing infrastructure for Quantum Technologies and PQC solutions.,The Terms of Reference (ToR) of the Task Force include: (d) Suggest measures for establishment of National Evaluation and Testing infrastructure for Quantum Technologies and PQC solutions.,"Preface, Page 1",https://dst.gov.in/sites/default/files/Report_TaskForce_PQMigration_4Feb26%20(v1).pdf,high,mlx-community/Qwen3.6-27B-8bit,2026-08-23,active,,
India-DST-NQM-Roadmap,India DST Task Force Report — Phased Roadmap for Migration to Post-Quantum Cryptography under NQM,Compliance Frameworks,Government Guidance,governance,2,all,Adopt common PQC procurement requirements to standardize acquisition of quantum-safe solutions across sectors.,The roadmap further emphasises... adopting common PQC procurement requirements,"Executive Summary, Page 3",https://dst.gov.in/sites/default/files/Report_TaskForce_PQMigration_4Feb26%20(v1).pdf,high,mlx-community/Qwen3.6-27B-8bit,2026-08-23,active,,
India-DST-NQM-Roadmap,India DST Task Force Report — Phased Roadmap for Migration to Post-Quantum Cryptography under NQM,Compliance Frameworks,Government Guidance,governance,2,all,"Address quantum-safe security through policy formulation, long-term planning, and coordinated national action rather than merely technical exercises.","Therefore, preparing for quantum-safe security is not merely a technical exercise but a strategic necessity that must be addressed well in advance through policy formulation, long-term planning, and coordinated national action.","Section 2.0, Page 5",https://dst.gov.in/sites/default/files/Report_TaskForce_PQMigration_4Feb26%20(v1).pdf,high,mlx-community/Qwen3.6-27B-8bit,2026-08-23,active,,
CISA-PQC-CATEGORY-LIST-2026,CISA PQC Product Category List (Updated per EO 14306),Compliance Frameworks,Government Guidance,governance,3,all,Plan acquisitions to procure only PQC-capable products for categories listed as widely available in CISA guidance.,"When a particular category offers widely available PQC-capable products, organizations should plan acquisitions to procure only PQC-capable products from that category.",Introduction / Purpose,https://www.cisa.gov/resources-tools/resources/product-categories-technologies-use-post-quantum-cryptography-standards,high,mlx-community/Qwen3.6-27B-8bit,2026-08-23,active,,
CISA-PQC-CATEGORY-LIST-2026,CISA PQC Product Category List (Updated per EO 14306),Compliance Frameworks,Government Guidance,governance,3,all,Procure only PQC-capable products once a category is listed as having widely available PQC-capable options.,"Once a category is listed as having PQC-capable products widely available, organizations should plan acquisitions to procure only PQC-capable products in that category.",Product Lists,https://www.cisa.gov/resources-tools/resources/product-categories-technologies-use-post-quantum-cryptography-standards,high,mlx-community/Qwen3.6-27B-8bit,2026-08-23,active,,
Malaysia-NACSA-PQC-2025,Malaysia NACSA MyKriptografi Action Plan 2026-2030,Compliance Frameworks,Compliance Framework,governance,2,all,Establish a structured implementation roadmap with clear priorities and measurable outcomes to operationalize the National Cryptography Policy across government and NCII entities.,"The Action Plan translates the strategic aspirations of MyKriptografi into coordinated programmes and activities... It provides clear priorities, implementation mechanisms and measurable outcomes",Introduction,https://www.nacsa.gov.my/pelan-tindakan-mykriptografi.php,high,mlx-community/Qwen3.6-27B-8bit,2026-08-23,active,,
Malaysia-NACSA-PQC-2025,Malaysia NACSA MyKriptografi Action Plan 2026-2030,Compliance Frameworks,Compliance Framework,governance,2,all,"Define and execute 12 strategies, 32 programmes, and 80 activities focused on strengthening cryptographic governance and preparing for the quantum computing era.","encompasses 12 strategies, 32 programmes and 80 activities, focusing on strengthening cryptographic governance... to prepare Malaysia for emerging cybersecurity challenges, including the quantum computing era.",Four (4) Core Pillars,https://www.nacsa.gov.my/pelan-tindakan-mykriptografi.php,high,mlx-community/Qwen3.6-27B-8bit,2026-08-23,active,,
Malaysia-NACSA-PQC-2025,Malaysia NACSA MyKriptografi Action Plan 2026-2030,Compliance Frameworks,Compliance Framework,governance,2,all,Mandate the utilization of National Trusted Cryptographic Products (PKTN) among National Critical Information Infrastructure (NCII) entities and industry stakeholders.,Pillar 3 - Increasing the utilisation of National Trusted Cryptographic Products (PKTN) among NCII entities and the industry,Pillar 3,https://www.nacsa.gov.my/pelan-tindakan-mykriptografi.php,high,mlx-community/Qwen3.6-27B-8bit,2026-08-23,active,,
Saudi-NCA-ECC2-2024,Saudi Arabia National Cybersecurity Authority — Essential Cybersecurity Controls ECC-2:2024,Compliance Frameworks,Regulation,governance,2,all,"Establish a cybersecurity governance framework including strategy, management, policies, and defined roles and responsibilities.",The Essential Cybersecurity Controls consist of... 4 Cybersecurity Main Domains... 1. Cybersecurity Governance... 1-1 Cybersecurity Strategy... 1-2 Cybersecurity Management... 1-3 Cybersecurity Policies and Procedures... 1-4 Cybersecurity Roles and Responsibilities,"Page 11, Subdomains Figure 2",https://cdn.nca.gov.sa/api/files/public/upload/86e09090-44e4-481f-bc28-355673607654_ECC--2024-EN.pdf,high,mlx-community/Qwen3.6-27B-8bit,2026-08-23,active,,
Saudi-NCA-ECC2-2024,Saudi Arabia National Cybersecurity Authority — Essential Cybersecurity Controls ECC-2:2024,Compliance Frameworks,Regulation,governance,2,all,Define and document cybersecurity policies and procedures to guide the implementation of security controls.,1-3 Cybersecurity Policies and Procedures,"Page 11, Subdomains Figure 2",https://cdn.nca.gov.sa/api/files/public/upload/86e09090-44e4-481f-bc28-355673607654_ECC--2024-EN.pdf,high,mlx-community/Qwen3.6-27B-8bit,2026-08-23,active,,
Saudi-NCA-ECC2-2024,Saudi Arabia National Cybersecurity Authority — Essential Cybersecurity Controls ECC-2:2024,Compliance Frameworks,Regulation,governance,2,all,Assign specific cybersecurity roles and responsibilities within the entity to ensure accountability.,1-4 Cybersecurity Roles and Responsibilities,"Page 11, Subdomains Figure 2",https://cdn.nca.gov.sa/api/files/public/upload/86e09090-44e4-481f-bc28-355673607654_ECC--2024-EN.pdf,high,mlx-community/Qwen3.6-27B-8bit,2026-08-23,active,,
Saudi-NCA-ECC2-2024,Saudi Arabia National Cybersecurity Authority — Essential Cybersecurity Controls ECC-2:2024,Compliance Frameworks,Regulation,governance,2,all,Implement a cybersecurity risk management process to identify and mitigate threats to information assets.,1-5 Cybersecurity Risk Management,"Page 11, Subdomains Figure 2",https://cdn.nca.gov.sa/api/files/public/upload/86e09090-44e4-481f-bc28-355673607654_ECC--2024-EN.pdf,high,mlx-community/Qwen3.6-27B-8bit,2026-08-23,active,,
Saudi-NCA-ECC2-2024,Saudi Arabia National Cybersecurity Authority — Essential Cybersecurity Controls ECC-2:2024,Compliance Frameworks,Regulation,assurance,2,all,Conduct periodic cybersecurity reviews and audits to verify compliance with the Essential Cybersecurity Controls.,1-8 Periodical Cybersecurity Review and Audit,"Page 11, Subdomains Figure 2",https://cdn.nca.gov.sa/api/files/public/upload/86e09090-44e4-481f-bc28-355673607654_ECC--2024-EN.pdf,high,mlx-community/Qwen3.6-27B-8bit,2026-08-23,active,,
Saudi-NCA-ECC2-2024,Saudi Arabia National Cybersecurity Authority — Essential Cybersecurity Controls ECC-2:2024,Compliance Frameworks,Regulation,assurance,2,all,"Ensure compliance with cybersecurity standards, laws, and regulations through continuous monitoring and assessment.","1-7 Compliance with Cybersecurity Standards, Laws and Regulations","Page 11, Subdomains Figure 2",https://cdn.nca.gov.sa/api/files/public/upload/86e09090-44e4-481f-bc28-355673607654_ECC--2024-EN.pdf,high,mlx-community/Qwen3.6-27B-8bit,2026-08-23,active,,
Saudi-NCA-ECC2-2024,Saudi Arabia National Cybersecurity Authority — Essential Cybersecurity Controls ECC-2:2024,Compliance Frameworks,Regulation,assurance,2,all,Utilize the NCA Assessment and Compliance Tool to measure and report on compliance with ECC controls.,The NCA will issue a tool (ECC-2:2024 Assessment and Compliance Tool) to organize the process of assessment and measurement of compliance by entities in applying the ECC.,"Page 9, Assessment and Compliance Tool",https://cdn.nca.gov.sa/api/files/public/upload/86e09090-44e4-481f-bc28-355673607654_ECC--2024-EN.pdf,high,mlx-community/Qwen3.6-27B-8bit,2026-08-23,active,,
Saudi-NCA-ECC2-2024,Saudi Arabia National Cybersecurity Authority — Essential Cybersecurity Controls ECC-2:2024,Compliance Frameworks,Regulation,governance,2,all,Integrate cybersecurity considerations into information and technology project management processes.,1-6 Cybersecurity in Information and Technology Project Management,"Page 11, Subdomains Figure 2",https://cdn.nca.gov.sa/api/files/public/upload/86e09090-44e4-481f-bc28-355673607654_ECC--2024-EN.pdf,high,mlx-community/Qwen3.6-27B-8bit,2026-08-23,active,,
IN-CERTIN-QBOM-Guidelines-2025,"India CERT-In Technical Guidelines on SBOM, QBOM, CBOM, AIBOM, and HBOM v2.0",Compliance Frameworks,Government Guidance,governance,2,all,"Establish defined roles and responsibilities for SBOM creation, management, and distribution within the organization.",5.1 Establish Roles and Responsibilities... Steps to Establish Roles & Responsibilities,Section 5.1 / Figure 6,"https://www.cert-in.org.in/PDF/TechnicalGuidelines-on-SBOM,QBOM&CBOM,AIBOM_and_HBOM_ver2.0.pdf",high,mlx-community/Qwen3.6-27B-8bit,2026-08-23,active,,
IN-CERTIN-QBOM-Guidelines-2025,"India CERT-In Technical Guidelines on SBOM, QBOM, CBOM, AIBOM, and HBOM v2.0",Compliance Frameworks,Government Guidance,governance,2,software,Mandate the inclusion of SBOM requirements in all software procurement and purchase processes.,"It is recommended that all the Government, Public Sector and Essential Services Organizations should include requirements for SBOM in all their software and solutions purchase/procurement.",Section 2.1,"https://www.cert-in.org.in/PDF/TechnicalGuidelines-on-SBOM,QBOM&CBOM,AIBOM_and_HBOM_ver2.0.pdf",high,mlx-community/Qwen3.6-27B-8bit,2026-08-23,active,,
IN-CERTIN-QBOM-Guidelines-2025,"India CERT-In Technical Guidelines on SBOM, QBOM, CBOM, AIBOM, and HBOM v2.0",Compliance Frameworks,Government Guidance,inventory,3,libraries,"Maintain a comprehensive inventory of all software components, libraries, and modules used in software construction.","An SBOM is list of all the components, libraries, and modules that make up a software, providing transparency into its composition.",Section 1,"https://www.cert-in.org.in/PDF/TechnicalGuidelines-on-SBOM,QBOM&CBOM,AIBOM_and_HBOM_ver2.0.pdf",high,mlx-community/Qwen3.6-27B-8bit,2026-08-23,active,,
IN-CERTIN-QBOM-Guidelines-2025,"India CERT-In Technical Guidelines on SBOM, QBOM, CBOM, AIBOM, and HBOM v2.0",Compliance Frameworks,Government Guidance,inventory,3,software,Document minimum elements for Cryptographic BOM (CBOM) including cryptographic assets and algorithms used.,8.3 Minimum elements of QBOM & CBOM... Table 9 : Minimum Elements pertaining to Cryptographic Asset,Section 8.3 / Table 9,"https://www.cert-in.org.in/PDF/TechnicalGuidelines-on-SBOM,QBOM&CBOM,AIBOM_and_HBOM_ver2.0.pdf",high,mlx-community/Qwen3.6-27B-8bit,2026-08-23,active,,
IN-CERTIN-QBOM-Guidelines-2025,"India CERT-In Technical Guidelines on SBOM, QBOM, CBOM, AIBOM, and HBOM v2.0",Compliance Frameworks,Government Guidance,lifecycle,2,software,Integrate SBOM inventory into the vulnerability management workflow to track and patch known vulnerabilities.,It is also recommended that security teams of user organizations should include SBOM inventory in work flow of vulnerability management.,Section 2.1,"https://www.cert-in.org.in/PDF/TechnicalGuidelines-on-SBOM,QBOM&CBOM,AIBOM_and_HBOM_ver2.0.pdf",high,mlx-community/Qwen3.6-27B-8bit,2026-08-23,active,,
IN-CERTIN-QBOM-Guidelines-2025,"India CERT-In Technical Guidelines on SBOM, QBOM, CBOM, AIBOM, and HBOM v2.0",Compliance Frameworks,Government Guidance,assurance,2,software,Ensure SBOMs are used to streamline adherence to security regulations and provide transparency in software composition.,"Assist in Ensuring Compliance: SBOM helps organizations to streamline adherence to security regulations, guidelines and best practices on software security by providing required transparency in software composition.",Section 1,"https://www.cert-in.org.in/PDF/TechnicalGuidelines-on-SBOM,QBOM&CBOM,AIBOM_and_HBOM_ver2.0.pdf",high,mlx-community/Qwen3.6-27B-8bit,2026-08-23,active,,
UK-CMORG-PQC-Guidance-2025,CMORG Guidance for Post-Quantum Cryptography (UK Financial Sector),Compliance Frameworks,Government Guidance,inventory,2,all,"Create a comprehensive inventory of all cryptographic assets, identifying usage across data-in-transit, at-rest, and in-use, including metadata on ownership and lifecycle.","Financial Institutions should create a comprehensive inventory of all cryptographic assets within their organisation. This involves identifying where cryptography... is used across data-in-transit, data-at-rest, and data-in-use.","Section 5, Step 1: Cryptographic Inventory",https://www.cmorg.org.uk/sites/default/files/2025-06/CMORG%20-%20Guidance%20for%20Post-Quantum%20Cryptography%20-%20April%202025%20-%20TLP%20CLEAR%20(1).pdf,high,mlx-community/Qwen3.6-27B-8bit,2026-08-23,active,,
UK-CMORG-PQC-Guidance-2025,CMORG Guidance for Post-Quantum Cryptography (UK Financial Sector),Compliance Frameworks,Government Guidance,inventory,2,keys,"Track cryptographic algorithms and keys, capturing metadata such as ownership, usage, and lifecycle management to ensure a full picture of the landscape.","The inventory should not only track cryptographic algorithm and keys, but also capture metadata like ownership, usage, and lifecycle management.","Section 5, Step 1: Cryptographic Inventory",https://www.cmorg.org.uk/sites/default/files/2025-06/CMORG%20-%20Guidance%20for%20Post-Quantum%20Cryptography%20-%20April%202025%20-%20TLP%20CLEAR%20(1).pdf,high,mlx-community/Qwen3.6-27B-8bit,2026-08-23,active,,
UK-CMORG-PQC-Guidance-2025,CMORG Guidance for Post-Quantum Cryptography (UK Financial Sector),Compliance Frameworks,Government Guidance,governance,2,all,"Conduct risk assessments to evaluate quantum vulnerability of each asset, accounting for data shelf life, migration timelines, and algorithm-specific threat emergence.","Next, a risk assessment should be conducted to evaluate the quantum vulnerability of each cryptographic asset. This process should account for variability in timelines... Factors to consider include the shelf life of encrypted data...","Section 5, Step 2: Risk Assessment",https://www.cmorg.org.uk/sites/default/files/2025-06/CMORG%20-%20Guidance%20for%20Post-Quantum%20Cryptography%20-%20April%202025%20-%20TLP%20CLEAR%20(1).pdf,high,mlx-community/Qwen3.6-27B-8bit,2026-08-23,active,,
UK-CMORG-PQC-Guidance-2025,CMORG Guidance for Post-Quantum Cryptography (UK Financial Sector),Compliance Frameworks,Government Guidance,governance,2,all,"Develop a prioritisation framework to address high-risk areas first, focusing on long-lived sensitive data and systems with extensive third-party dependencies.","Developing a prioritisation framework helps in managing resources effectively and ensuring that the most critical vulnerabilities are addressed first. Systems that protect long-lived, sensitive data... may also require more immediate attention.","Section 5, Step 3: Prioritisation",https://www.cmorg.org.uk/sites/default/files/2025-06/CMORG%20-%20Guidance%20for%20Post-Quantum%20Cryptography%20-%20April%202025%20-%20TLP%20CLEAR%20(1).pdf,high,mlx-community/Qwen3.6-27B-8bit,2026-08-23,active,,
UK-CMORG-PQC-Guidance-2025,CMORG Guidance for Post-Quantum Cryptography (UK Financial Sector),Compliance Frameworks,Government Guidance,lifecycle,2,software,Implement crypto-agile systems capable of quickly adapting to future cryptographic requirements and quantum threats during remediation.,"Additionally, financial institutions must ensure they have crypto-agile systems that can quickly adapt to future cryptographic requirements and quantum threat.","Section 5, Step 4: Remediation",https://www.cmorg.org.uk/sites/default/files/2025-06/CMORG%20-%20Guidance%20for%20Post-Quantum%20Cryptography%20-%20April%202025%20-%20TLP%20CLEAR%20(1).pdf,high,mlx-community/Qwen3.6-27B-8bit,2026-08-23,active,,
UK-CMORG-PQC-Guidance-2025,CMORG Guidance for Post-Quantum Cryptography (UK Financial Sector),Compliance Frameworks,Government Guidance,lifecycle,2,all,"Adopt a phased approach for integrating Post-Quantum Cryptography standards, collaborating with vendors to minimize disruption during migration.",Collaboration with vendors and implementing a phased approach for integrating PQC will be key to minimising disruptions while securing critical systems against future quantum threats.,"Section 5, Step 4: Remediation",https://www.cmorg.org.uk/sites/default/files/2025-06/CMORG%20-%20Guidance%20for%20Post-Quantum%20Cryptography%20-%20April%202025%20-%20TLP%20CLEAR%20(1).pdf,high,mlx-community/Qwen3.6-27B-8bit,2026-08-23,active,,
UK-CMORG-PQC-Guidance-2025,CMORG Guidance for Post-Quantum Cryptography (UK Financial Sector),Compliance Frameworks,Government Guidance,governance,2,all,"Assess and align third-party vendor capabilities with quantum-resistant standards to facilitate a seamless transition, given reliance on external solutions.","Given financial institutions’ reliance on third-party solutions, it is imperative to assess and align vendors' capabilities with quantum-resistant standards to facilitate a seamless transition.",Section 1: Executive Summary,https://www.cmorg.org.uk/sites/default/files/2025-06/CMORG%20-%20Guidance%20for%20Post-Quantum%20Cryptography%20-%20April%202025%20-%20TLP%20CLEAR%20(1).pdf,high,mlx-community/Qwen3.6-27B-8bit,2026-08-23,active,,
NIST SP 800-53,NIST SP 800-53 Rev. 5 - Security and Privacy Controls (Release 5.2.0),Compliance Frameworks,Compliance Framework,governance,2,all,Establish a comprehensive risk management program to categorize systems and select security controls based on mission and business needs.,"Organizations must exercise due diligence in managing information security and privacy risk. This is accomplished, in part, by establishing a comprehensive risk management program that uses the flexibility inherent in NIST publications to categorize systems, select and implement security and privacy controls that meet mission and business needs...",RISK MANAGEMENT section,https://nvlpubs.nist.gov/nistpubs/SpecialPublications/NIST.SP.800-53r5.pdf,high,mlx-community/Qwen3.6-27B-8bit,2026-08-23,active,,
NIST SP 800-53,NIST SP 800-53 Rev. 5 - Security and Privacy Controls (Release 5.2.0),Compliance Frameworks,Compliance Framework,assurance,2,all,Assess the effectiveness of security and privacy controls and authorize systems for operation as part of the risk management process.,"...assess the effectiveness of the controls, authorize the systems for operation, and continuously monitor the systems.",RISK MANAGEMENT section,https://nvlpubs.nist.gov/nistpubs/SpecialPublications/NIST.SP.800-53r5.pdf,high,mlx-community/Qwen3.6-27B-8bit,2026-08-23,active,,
NIST SP 800-53,NIST SP 800-53 Rev. 5 - Security and Privacy Controls (Release 5.2.0),Compliance Frameworks,Compliance Framework,observability,2,all,Continuously monitor information systems to ensure ongoing compliance with security and privacy controls.,"...authorize the systems for operation, and continuously monitor the systems.",RISK MANAGEMENT section,https://nvlpubs.nist.gov/nistpubs/SpecialPublications/NIST.SP.800-53r5.pdf,high,mlx-community/Qwen3.6-27B-8bit,2026-08-23,active,,
GSMA-PQ02,GSMA PQ.02: Guidelines for Quantum Risk Management for Telco,Compliance Frameworks,Industry Report,governance,2,all,Establish an organization-wide governance process to manage quantum risk and integrate it into Enterprise Risk Management.,Establish an organisation-wide governance process to manage quantum risk. ... Integrate Quantum risk into Enterprise Risk Management (ERM).,Section 1.1 Recommendations,https://www.gsma.com/solutions-and-impact/technologies/security/post-quantum-cryptography-documents/,high,mlx-community/Qwen3.6-27B-8bit,2026-08-23,active,,
GSMA-PQ02,GSMA PQ.02: Guidelines for Quantum Risk Management for Telco,Compliance Frameworks,Industry Report,governance,2,all,Identify an executive owner for quantum risk and update roles and responsibilities to include quantum risk management duties.,"Identify an executive owner, and update roles and responsibilities to include quantum risk.",Section 1.1 Recommendations,https://www.gsma.com/solutions-and-impact/technologies/security/post-quantum-cryptography-documents/,high,mlx-community/Qwen3.6-27B-8bit,2026-08-23,active,,
GSMA-PQ02,GSMA PQ.02: Guidelines for Quantum Risk Management for Telco,Compliance Frameworks,Industry Report,governance,2,all,Build board-level awareness of quantum risk to ensure proportionate decision-making in the right timeframes.,Build board-level awareness of the quantum risk. ... ensure that key stakeholders and business owners have the information required to make proportionate decisions,Section 1.1 Recommendations / Executive Summary,https://www.gsma.com/solutions-and-impact/technologies/security/post-quantum-cryptography-documents/,high,mlx-community/Qwen3.6-27B-8bit,2026-08-23,active,,
GSMA-PQ02,GSMA PQ.02: Guidelines for Quantum Risk Management for Telco,Compliance Frameworks,Industry Report,inventory,2,all,Determine the organization's current cryptographic estate by gathering an inventory of assets and their current cryptographic protection.,"Determine the organisation’s current cryptographic estate. ... determine the cryptographic estate, by gathering an inventory of assets ... and their current cryptographic protection.",Section 1.1 Recommendations / Section 2 Introduction,https://www.gsma.com/solutions-and-impact/technologies/security/post-quantum-cryptography-documents/,high,mlx-community/Qwen3.6-27B-8bit,2026-08-23,active,,
GSMA-PQ02,GSMA PQ.02: Guidelines for Quantum Risk Management for Telco,Compliance Frameworks,Industry Report,inventory,2,all,"Identify and record the storage lifetime required for each inventory asset to assess 'Store Now, Decrypt Later' risks.",It is also important to identify and record the storage lifetime required for each inventory asset.,Section 2 Introduction,https://www.gsma.com/solutions-and-impact/technologies/security/post-quantum-cryptography-documents/,high,mlx-community/Qwen3.6-27B-8bit,2026-08-23,active,,
GSMA-PQ02,GSMA PQ.02: Guidelines for Quantum Risk Management for Telco,Compliance Frameworks,Industry Report,lifecycle,2,all,Create a transition plan based on the Quantum Cryptanalytic Risk Assessment and informed by the organization's risk appetite.,"Create a transition plan, based on the Quantum Cryptanalytic Risk Assessment (QCRA) and informed by the organisation’s risk appetite.",Section 1.1 Recommendations,https://www.gsma.com/solutions-and-impact/technologies/security/post-quantum-cryptography-documents/,high,mlx-community/Qwen3.6-27B-8bit,2026-08-23,active,,
GSMA-PQ02,GSMA PQ.02: Guidelines for Quantum Risk Management for Telco,Compliance Frameworks,Industry Report,assurance,2,all,Perform a Quantum Cryptanalytic Risk Assessment to prioritize critical systems and data for mitigation.,Perform a Quantum Cryptanalytic Risk Assessment (QCRA) to prioritise critical systems and data for mitigation.,Section 1.1 Recommendations,https://www.gsma.com/solutions-and-impact/technologies/security/post-quantum-cryptography-documents/,high,mlx-community/Qwen3.6-27B-8bit,2026-08-23,active,,
NZISM-V3-9,New Zealand Information Security Manual (NZISM) v3.9 — November 2025,Compliance Frameworks,Standard,governance,2,all,Designate an Accreditation Authority (Agency Head or delegate) accountable for ICT risks and information security of all systems and services.,The Agency Head is generally the Accreditation Authority... The Agency Head remains accountable for ICT risks accepted and the information security of their agency.,1.1.13-1.1.14,https://nzism.gcsb.govt.nz/,high,mlx-community/Qwen3.6-27B-8bit,2026-08-23,active,,
NZISM-V3-9,New Zealand Information Security Manual (NZISM) v3.9 — November 2025,Compliance Frameworks,Standard,governance,2,all,"Establish a formal Certification and Accreditation process to derive assurance over system design, implementation, and management.",Certification and accreditation of information systems is the fundamental governance process by which the risk owners and agency head derive assurance...,1.1.18,https://nzism.gcsb.govt.nz/,high,mlx-community/Qwen3.6-27B-8bit,2026-08-23,active,,
NZISM-V3-9,New Zealand Information Security Manual (NZISM) v3.9 — November 2025,Compliance Frameworks,Standard,governance,2,all,"Formally record non-use of recommended controls, select compensating controls, and have residual risk signed off by the Accreditation Authority.","Non-use of controls is formally recorded, compensating controls selected as required and residual risk acknowledged to be within the agency’s risk appetite and formally agreed and signed off by the Accreditation Authority.",1.1.25,https://nzism.gcsb.govt.nz/,high,mlx-community/Qwen3.6-27B-8bit,2026-08-23,active,,
NZISM-V3-9,New Zealand Information Security Manual (NZISM) v3.9 — November 2025,Compliance Frameworks,Standard,governance,2,all,"Grant waivers or exceptions only when compliance is not practically possible, ensuring risk is managed and conditions are met within specified timeframes.",A waiver is granted by the Accreditation Authority on the basis that full compliance... is achieved or compensating controls are implemented within a time specified... An exception is the formal acknowledgement that a requirement... cannot be met.,1.1.23-1.1.24,https://nzism.gcsb.govt.nz/,high,mlx-community/Qwen3.6-27B-8bit,2026-08-23,active,,
NZISM-V3-9,New Zealand Information Security Manual (NZISM) v3.9 — November 2025,Compliance Frameworks,Standard,governance,2,all,Assign the Director-General of GCSB as the Accreditation Authority for systems processing NZEO or compartmented national security information.,"For agencies with systems that process, store or communicate NZEO or information compartmented for national security reasons, the Director-General of the GCSB is the Accreditation Authority...",1.1.17,https://nzism.gcsb.govt.nz/,high,mlx-community/Qwen3.6-27B-8bit,2026-08-23,active,,
FIPS 203,Module-Lattice-Based Key-Encapsulation Mechanism Standard (ML-KEM),Technical Standards,KEM,assurance,3,software,"Ensure cryptographic modules implementing ML-KEM are designed and built securely, as conformance to the standard alone does not guarantee implementation security.",It is the responsibility of the implementer to ensure that any module that implements a key establishment capability is designed and built in a secure manner.,Section 13 (Qualifications),https://nvlpubs.nist.gov/nistpubs/FIPS/NIST.FIPS.203.pdf,high,mlx-community/Qwen3.6-27B-8bit,2026-08-23,active,,
FIPS 203,Module-Lattice-Based Key-Encapsulation Mechanism Standard (ML-KEM),Technical Standards,KEM,assurance,3,software,"Ensure the overall system implementation provides an acceptable level of security, as using a conforming product does not guarantee overall system security.",The responsible authority in each agency or department shall ensure that an overall implementation provides an acceptable level of security.,Section 13 (Qualifications),https://nvlpubs.nist.gov/nistpubs/FIPS/NIST.FIPS.203.pdf,high,mlx-community/Qwen3.6-27B-8bit,2026-08-23,active,,
FIPS 203,Module-Lattice-Based Key-Encapsulation Mechanism Standard (ML-KEM),Technical Standards,KEM,lifecycle,2,keys,"Guard against the disclosure of the decapsulation key, shared secret key, and randomness used by parties to maintain security guarantees.","Users shall, therefore, guard against the disclosure of these values [randomness, decapsulation key, shared secret key].",Section 13 (Qualifications),https://nvlpubs.nist.gov/nistpubs/FIPS/NIST.FIPS.203.pdf,high,mlx-community/Qwen3.6-27B-8bit,2026-08-23,active,,
FIPS 203,Module-Lattice-Based Key-Encapsulation Mechanism Standard (ML-KEM),Technical Standards,KEM,assurance,3,software,Employ only cryptographic algorithms approved for protecting Federal Government-sensitive information in implementations complying with this standard.,Implementations that comply with this standard shall employ cryptographic algorithms that have been approved for protecting Federal Government-sensitive information.,Section 8 (Other Approved Security Functions),https://nvlpubs.nist.gov/nistpubs/FIPS/NIST.FIPS.203.pdf,high,mlx-community/Qwen3.6-27B-8bit,2026-08-23,active,,
FIPS 204,Module-Lattice-Based Digital Signature Standard (ML-DSA),Technical Standards,Digital Signature,governance,2,all,Designate a responsible authority to ensure the overall implementation provides an acceptable level of security.,The responsible authority in each agency or department shall ensure that an overall implementation provides an acceptable level of security.,Announcement Section 14,https://nvlpubs.nist.gov/nistpubs/FIPS/NIST.FIPS.204.pdf,high,mlx-community/Qwen3.6-27B-8bit,2026-08-23,active,,
FIPS 204,Module-Lattice-Based Digital Signature Standard (ML-DSA),Technical Standards,Digital Signature,governance,2,keys,Guard against the disclosure of private keys to maintain the security of the digital signature system.,"Signatories shall, therefore, guard against the disclosure of their private keys.",Announcement Section 14,https://nvlpubs.nist.gov/nistpubs/FIPS/NIST.FIPS.204.pdf,high,mlx-community/Qwen3.6-27B-8bit,2026-08-23,active,,
FIPS 204,Module-Lattice-Based Digital Signature Standard (ML-DSA),Technical Standards,Digital Signature,governance,2,keys,Restrict digital signature key pairs from being used for purposes other than digital signatures.,Agencies are advised that digital signature key pairs shall not be used for other purposes.,Announcement Section 8,https://nvlpubs.nist.gov/nistpubs/FIPS/NIST.FIPS.204.pdf,high,mlx-community/Qwen3.6-27B-8bit,2026-08-23,active,,
FIPS 204,Module-Lattice-Based Digital Signature Standard (ML-DSA),Technical Standards,Digital Signature,assurance,3,libraries,Ensure cryptographic modules implementing the standard are designed and built in a secure manner by the implementer.,It is the responsibility of an implementer to ensure that any module that implements a digital signature capability is designed and built in a secure manner.,Announcement Section 14,https://nvlpubs.nist.gov/nistpubs/FIPS/NIST.FIPS.204.pdf,high,mlx-community/Qwen3.6-27B-8bit,2026-08-23,active,,
FIPS 204,Module-Lattice-Based Digital Signature Standard (ML-DSA),Technical Standards,Digital Signature,assurance,3,libraries,Employ only cryptographic algorithms approved for protecting Federal Government-sensitive information in implementations.,Digital signature implementations that comply with this standard shall employ cryptographic algorithms that have been approved for protecting Federal Government-sensitive information.,Announcement Section 9,https://nvlpubs.nist.gov/nistpubs/FIPS/NIST.FIPS.204.pdf,high,mlx-community/Qwen3.6-27B-8bit,2026-08-23,active,,
FIPS 205,Stateless Hash-Based Digital Signature Standard (SLH-DSA),Technical Standards,Digital Signature,governance,2,keys,Assign a responsible authority to ensure the overall implementation provides an acceptable level of security.,The responsible authority in each agency or department shall ensure that an overall implementation provides an acceptable level of security.,Announcement Section 14,https://nvlpubs.nist.gov/nistpubs/FIPS/NIST.FIPS.205.pdf,high,mlx-community/Qwen3.6-27B-8bit,2026-08-23,active,,
FIPS 205,Stateless Hash-Based Digital Signature Standard (SLH-DSA),Technical Standards,Digital Signature,governance,2,keys,Prohibit the use of digital signature key pairs for purposes other than digital signatures.,Agencies are advised that digital signature key pairs shall not be used for other purposes.,Announcement Section 8,https://nvlpubs.nist.gov/nistpubs/FIPS/NIST.FIPS.205.pdf,high,mlx-community/Qwen3.6-27B-8bit,2026-08-23,active,,
FIPS 205,Stateless Hash-Based Digital Signature Standard (SLH-DSA),Technical Standards,Digital Signature,assurance,3,software,Ensure cryptographic modules implementing this standard are validated for conformance via the NIST validation program.,NIST will develop a validation program to test implementations for conformance to the algorithms in this standard.,Announcement Section 8,https://nvlpubs.nist.gov/nistpubs/FIPS/NIST.FIPS.205.pdf,high,mlx-community/Qwen3.6-27B-8bit,2026-08-23,active,,
FIPS 205,Stateless Hash-Based Digital Signature Standard (SLH-DSA),Technical Standards,Digital Signature,assurance,3,software,Employ only cryptographic algorithms approved for protecting Federal Government-sensitive information in implementations.,Digital signature implementations that comply with this standard shall employ cryptographic algorithms that have been approved for protecting Federal Government-sensitive information.,Announcement Section 9,https://nvlpubs.nist.gov/nistpubs/FIPS/NIST.FIPS.205.pdf,high,mlx-community/Qwen3.6-27B-8bit,2026-08-23,active,,
FIPS 205,Stateless Hash-Based Digital Signature Standard (SLH-DSA),Technical Standards,Digital Signature,governance,2,keys,Guard against the disclosure of private keys to maintain the security of the digital signature system.,"Signatories shall, therefore, guard against the disclosure of their private keys.",Announcement Section 14,https://nvlpubs.nist.gov/nistpubs/FIPS/NIST.FIPS.205.pdf,high,mlx-community/Qwen3.6-27B-8bit,2026-08-23,active,,
FIPS 186-5,Digital Signature Standard (DSS),Technical Standards,Digital Signature,governance,2,all,Designate a responsible authority to ensure the overall implementation provides an acceptable level of security.,The responsible authority in each agency or department shall ensure that an overall implementation provides an acceptable level of security.,Section 14. Qualifications,https://csrc.nist.gov/pubs/fips/186-5/final,high,mlx-community/Qwen3.6-27B-8bit,2026-08-23,active,,
FIPS 186-5,Digital Signature Standard (DSS),Technical Standards,Digital Signature,assurance,3,software,Use only cryptographic modules and algorithms approved for protecting Federal Government-sensitive information.,Digital signature implementations that comply with this standard shall employ cryptographic algorithms... that have been approved for protecting Federal Government-sensitive information.,Section 9. Other Approved Security Functions,https://csrc.nist.gov/pubs/fips/186-5/final,high,mlx-community/Qwen3.6-27B-8bit,2026-08-23,active,,
FIPS 186-5,Digital Signature Standard (DSS),Technical Standards,Digital Signature,assurance,3,software,Ensure any module implementing digital signature capability is designed and built in a secure manner.,It is the responsibility of an implementer to ensure that any module that implements a digital signature capability is designed and built in a secure manner.,Section 14. Qualifications,https://csrc.nist.gov/pubs/fips/186-5/final,high,mlx-community/Qwen3.6-27B-8bit,2026-08-23,active,,
FIPS 186-5,Digital Signature Standard (DSS),Technical Standards,Digital Signature,lifecycle,2,keys,Guard against the disclosure of private keys to maintain the security of the digital signature system.,"Signatories shall, therefore, guard against the disclosure of their private keys.",Section 14. Qualifications,https://csrc.nist.gov/pubs/fips/186-5/final,high,mlx-community/Qwen3.6-27B-8bit,2026-08-23,active,,
FIPS 186-5,Digital Signature Standard (DSS),Technical Standards,Digital Signature,governance,2,keys,Restrict digital signature key pairs from being used for other purposes.,Agencies are advised that digital signature key pairs shall not be used for other purposes.,Section 8. Implementations,https://csrc.nist.gov/pubs/fips/186-5/final,high,mlx-community/Qwen3.6-27B-8bit,2026-08-23,active,,
draft-ietf-tls-ecdhe-mlkem-04,Post-quantum hybrid ECDHE-MLKEM Key Agreement for TLSv1.3,Technical Standards,Protocols,assurance,3,libraries,Ensure ML-KEM implementation is FIPS-certified when deploying X25519MLKEM768 to meet regulatory compliance requirements.,"In contrast, for X25519MLKEM768, the ML-KEM implementation must be certified.",Section 5,https://www.ietf.org/archive/id/draft-ietf-tls-ecdhe-mlkem-05.txt,high,mlx-community/Qwen3.6-27B-8bit,2026-08-23,active,,
draft-ietf-tls-ecdhe-mlkem-04,Post-quantum hybrid ECDHE-MLKEM Key Agreement for TLSv1.3,Technical Standards,Protocols,assurance,3,libraries,Ensure ECDH implementation is FIPS-certified when deploying SecP256r1MLKEM768 or SecP384r1MLKEM1024 to meet regulatory compliance requirements.,"For SecP256r1MLKEM768 and SecP384r1MLKEM1024, the ECDH implementation must be certified whereas the ML-KEM implementation does not require certification.",Section 5,https://www.ietf.org/archive/id/draft-ietf-tls-ecdhe-mlkem-05.txt,high,mlx-community/Qwen3.6-27B-8bit,2026-08-23,active,,
GSMA PQ.03 PQC Guidelines,Post-Quantum Cryptography Guidelines for Telecom Use Cases,Technical Standards,Protocols,inventory,2,all,"Conduct a comprehensive cryptographic discovery and analysis to identify all cryptographic assets, algorithms, and protocols within the telecom ecosystem.",3.1.2 Cryptography Discovery and Analysis... The scope of this document is to provide a set of best practice guidelines... This document presents a phased approach to migration allowing prioritisation of the actions required.,"Section 3.1.2, Page 14",https://www.gsma.com/newsroom/wp-content/uploads/PQ.03-Post-Quantum-Cryptography-Guidelines-for-Telecom-Use-Cases-v2.0-2.pdf,high,mlx-community/Qwen3.6-27B-8bit,2026-08-23,active,,
GSMA PQ.03 PQC Guidelines,Post-Quantum Cryptography Guidelines for Telecom Use Cases,Technical Standards,Protocols,governance,2,all,"Establish a prioritized migration plan with defined governance, stakeholder engagement, and risk analysis for Post-Quantum Cryptography adoption.","3.1.4 Prioritisation, Planning and Governance... 3.4 Crypto-Governance... 3.5 Governance and Decision making issues... This document presents a phased approach to migration allowing prioritisation of the actions required.","Section 3.1.4, 3.4, 3.5, Page 15-17",https://www.gsma.com/newsroom/wp-content/uploads/PQ.03-Post-Quantum-Cryptography-Guidelines-for-Telecom-Use-Cases-v2.0-2.pdf,high,mlx-community/Qwen3.6-27B-8bit,2026-08-23,active,,
GSMA PQ.03 PQC Guidelines,Post-Quantum Cryptography Guidelines for Telecom Use Cases,Technical Standards,Protocols,lifecycle,2,all,"Develop and execute a phased remediation strategy for migrating cryptographic algorithms, including hybrid schemes and legacy system handling.",3.1.5 Remediation Execution... 4.7 PQC Migration... 4.13 Legacy Systems... This document presents a phased approach to migration allowing prioritisation of the actions required.,"Section 3.1.5, 4.7, 4.13, Page 15, 36, 37",https://www.gsma.com/newsroom/wp-content/uploads/PQ.03-Post-Quantum-Cryptography-Guidelines-for-Telecom-Use-Cases-v2.0-2.pdf,high,mlx-community/Qwen3.6-27B-8bit,2026-08-23,active,,
GSMA PQ.03 PQC Guidelines,Post-Quantum Cryptography Guidelines for Telecom Use Cases,Technical Standards,Protocols,governance,2,all,Implement ongoing crypto-governance processes to manage the operational phase of Post-Quantum Cryptography deployment.,3.1.6 Operation and Ongoing Crypto-Governance,"Section 3.1.6, Page 15",https://www.gsma.com/newsroom/wp-content/uploads/PQ.03-Post-Quantum-Cryptography-Guidelines-for-Telecom-Use-Cases-v2.0-2.pdf,high,mlx-community/Qwen3.6-27B-8bit,2026-08-23,active,,
GSMA PQ.03 PQC Guidelines,Post-Quantum Cryptography Guidelines for Telecom Use Cases,Technical Standards,Protocols,inventory,2,all,"Maintain detailed cryptographic inventories for specific use cases, including sensitive data discovery and algorithmic dependencies.","5.2.4 Cryptographic Inventory... 5.3.4 Cryptographic Inventory... 5.4.4 Cryptographic Inventory... Each use case considers the constraints associated with different device types, the need for sensitive data...","Section 5.2.4, 5.3.4, 5.4.4, Page 42, 49, 52",https://www.gsma.com/newsroom/wp-content/uploads/PQ.03-Post-Quantum-Cryptography-Guidelines-for-Telecom-Use-Cases-v2.0-2.pdf,high,mlx-community/Qwen3.6-27B-8bit,2026-08-23,active,,
GSMA PQ.03 PQC Guidelines,Post-Quantum Cryptography Guidelines for Telecom Use Cases,Technical Standards,Protocols,assurance,2,software,Validate firmware and middleware compatibility for Post-Quantum Cryptography implementations to ensure correct operation.,4.6.2 Middleware Compatibility... 4.6.3 Firmware Validation... 4.6 Algorithm Testing and Implementation,"Section 4.6.2, 4.6.3, Page 28-29",https://www.gsma.com/newsroom/wp-content/uploads/PQ.03-Post-Quantum-Cryptography-Guidelines-for-Telecom-Use-Cases-v2.0-2.pdf,medium,mlx-community/Qwen3.6-27B-8bit,2026-08-23,active,,
IETF RFC 8391,XMSS: eXtended Merkle Signature Scheme,Technical Standards,Digital Signature,lifecycle,3,keys,Implement systems that prevent the reuse of secret key states to maintain cryptographic security guarantees.,Developers should not use the schemes described here except in systems that prevent the reuse of secret key states.,Section 1.1,https://www.rfc-editor.org/rfc/rfc8391.html,high,mlx-community/Qwen3.6-27B-8bit,2026-08-23,active,,
IETF RFC 8391,XMSS: eXtended Merkle Signature Scheme,Technical Standards,Digital Signature,lifecycle,3,software,"Modify digital signature APIs to handle and return updated secret key states, as classical APIs are insufficient.","The API MUST be able to handle a secret key state; in particular, this means that the API MUST allow to return an updated secret key state.",Section 1.1,https://www.rfc-editor.org/rfc/rfc8391.html,high,mlx-community/Qwen3.6-27B-8bit,2026-08-23,active,,
IETF RFC 8554,Leighton-Micali Hash-Based Signatures,Technical Standards,Digital Signature,lifecycle,3,keys,"Implement systems that strictly prevent the reuse of secret key states, as reuse destroys cryptographic security guarantees and enables forgery.",Developers should not use the schemes described here except in systems that prevent the reuse of secret key states.,Section 1.1,https://www.rfc-editor.org/rfc/rfc8554.html,high,mlx-community/Qwen3.6-27B-8bit,2026-08-23,active,,
IETF RFC 8554,Leighton-Micali Hash-Based Signatures,Technical Standards,Digital Signature,lifecycle,3,software,"Modify digital signature APIs to handle dynamic secret key states, allowing the signature-generation algorithm to update the state after each use.","The API MUST be able to handle a dynamic secret key state; that is, the API MUST allow the signature-generation algorithm to update the secret key state.",Section 1.1,https://www.rfc-editor.org/rfc/rfc8554.html,high,mlx-community/Qwen3.6-27B-8bit,2026-08-23,active,,
IETF RFC 8554,Leighton-Micali Hash-Based Signatures,Technical Standards,Digital Signature,lifecycle,3,keys,"Ensure that once a private key value is used to sign a message, it is never used to sign another message.","Once a particular value of the private key is used to sign one message, it MUST NOT be used to sign another.",Section 2,https://www.rfc-editor.org/rfc/rfc8554.html,high,mlx-community/Qwen3.6-27B-8bit,2026-08-23,active,,
IETF RFC 8784,Mixing Preshared Keys in IKEv2 for Post-quantum Security,Technical Standards,Protocols,inventory,2,keys,Maintain a documented inventory of Post-quantum Preshared Keys (PPKs) and their unique identifiers (PPK_ID) for each IKE peer.,"We assume that each IKE peer has a list of Post-quantum Preshared Keys (PPKs) along with their identifiers (PPK_ID)... The PPK-specific configuration that is assumed to be on each node consists of the following tuple: Peer, PPK, PPK_ID, mandatory_or_not",Section 2. Assumptions,https://www.rfc-editor.org/rfc/rfc8784.html,high,mlx-community/Qwen3.6-27B-8bit,2026-08-23,active,,
IETF RFC 8784,Mixing Preshared Keys in IKEv2 for Post-quantum Security,Technical Standards,Protocols,governance,2,keys,Define and document policy flags specifying whether the use of a specific PPK is mandatory or optional for communication with each responder.,"In addition, implementations have a configurable flag that determines whether this PPK is mandatory. The PPK-specific configuration that is assumed to be on each node consists of the following tuple: Peer, PPK, PPK_ID, mandatory_or_not",Section 2. Assumptions,https://www.rfc-editor.org/rfc/rfc8784.html,high,mlx-community/Qwen3.6-27B-8bit,2026-08-23,active,,
IETF RFC 8784,Mixing Preshared Keys in IKEv2 for Post-quantum Security,Technical Standards,Protocols,lifecycle,3,keys,"Enforce strict lifecycle boundaries by ensuring PPKs are used only during initial IKE SA setup and MUST NOT be used during rekey, resumption, or other subsequent operations.","Note that the PPK is used in SK_d, SK_pi, and SK_pr calculations only during the initial IKE SA setup. It MUST NOT be used when these subkeys are calculated as result of IKE SA rekey, resumption, or other similar operations.",Section 3. Exchanges,https://www.rfc-editor.org/rfc/rfc8784.html,high,mlx-community/Qwen3.6-27B-8bit,2026-08-23,active,,
IETF RFC 8784,Mixing Preshared Keys in IKEv2 for Post-quantum Security,Technical Standards,Protocols,observability,3,software,Implement automated detection and abort mechanisms when mandatory PPK usage is configured but the peer does not support or configure the required PPK.,"If the responder did not include the USE_PPK notification and the flag mandatory_or_not indicates that using PPKs is mandatory for communication with this responder, then the initiator MUST abort the exchange. This situation may happen in case of misconfiguration",Section 3. Exchanges,https://www.rfc-editor.org/rfc/rfc8784.html,high,mlx-community/Qwen3.6-27B-8bit,2026-08-23,active,,
IETF RFC 8784,Mixing Preshared Keys in IKEv2 for Post-quantum Security,Technical Standards,Protocols,observability,3,software,"Automatically detect and fail negotiations if the responder does not recognize the PPK_ID provided by the initiator, ensuring immediate visibility into key mismatch errors.",If the PPK_IDENTITY notification contains a PPK_ID that is not known to the responder or is not configured for use for the identity from the IDi payload... the responder MUST send back an AUTHENTICATION_FAILED notification and then fail the negotiation.,Section 3. Exchanges,https://www.rfc-editor.org/rfc/rfc8784.html,high,mlx-community/Qwen3.6-27B-8bit,2026-08-23,active,,
draft-ietf-cose-falcon-04,FN-DSA for JOSE and COSE,Technical Standards,Protocols,lifecycle,3,keys,"Validate all algorithm-related key parameters, including ensuring the 'alg' value matches the intended algorithm variant, before using FN-DSA public keys.","When an AKP algorithm requires or encourages that a key be validated before being used, all algorithm-related key parameters MUST be validated. ... Implementations MUST ensure that alg matches the intended algorithm variant.",Section 5.2,https://datatracker.ietf.org/doc/draft-ietf-cose-falcon/04/,high,mlx-community/Qwen3.6-27B-8bit,2026-08-23,active,,
draft-ietf-cose-falcon-04,FN-DSA for JOSE and COSE,Technical Standards,Protocols,lifecycle,3,keys,Ensure FN-DSA public key representations are of the AKP key type and contain the public key value before use.,"The key representation MUST be of the AKP key type and MUST contain the public key value (pub for JWK, label ...)",Section 5.2,https://datatracker.ietf.org/doc/draft-ietf-cose-falcon/04/,high,mlx-community/Qwen3.6-27B-8bit,2026-08-23,active,,
draft-ietf-cose-falcon-04,FN-DSA for JOSE and COSE,Technical Standards,Protocols,assurance,2,software,"Implement FN-DSA with constant-time Gaussian sampling to prevent side-channel leakage, as required by the algorithm's security properties.",A requirement for careful implementation to avoid side-channel leakage (notably Gaussian sampling must be constant-time where applicable).,Section 1,https://datatracker.ietf.org/doc/draft-ietf-cose-falcon/04/,medium,mlx-community/Qwen3.6-27B-8bit,2026-08-23,active,,
draft-ietf-cose-falcon-04,FN-DSA for JOSE and COSE,Technical Standards,Protocols,governance,2,software,Profiles relying on Hash Envelope with FN-DSA must explicitly specify permitted hash algorithms and the verification procedure.,Profiles that rely on this construction SHOULD specify the permitted hash algorithms and the verification procedure explicitly.,Section 5.1,https://datatracker.ietf.org/doc/draft-ietf-cose-falcon/04/,medium,mlx-community/Qwen3.6-27B-8bit,2026-08-23,active,,
draft-ietf-pquip-hbs-state,Hash-based Signatures: State and Backup Management,Technical Standards,Digital Signature,governance,2,keys,"Define policy restricting Stateful HBS to use cases with tight signing environment control, avoiding general-purpose unrestricted signing.","Stateful HBS are not general-purpose signature schemes... if... the specific use case allows a very tight control of the signing environment, using Stateful HBS may be an appropriate solution.",Section 1.1,https://datatracker.ietf.org/doc/draft-ietf-pquip-hbs-state/,high,mlx-community/Qwen3.6-27B-8bit,2026-08-23,active,,
draft-ietf-pquip-hbs-state,Hash-based Signatures: State and Backup Management,Technical Standards,Digital Signature,lifecycle,3,keys,Implement automated state updates for every signature generation to prevent OTS key reuse and ensure correct index tracking.,Implementers must ensure that each creation of a signature updates the state correctly.,Section 1,https://datatracker.ietf.org/doc/draft-ietf-pquip-hbs-state/,high,mlx-community/Qwen3.6-27B-8bit,2026-08-23,active,,
draft-ietf-pquip-hbs-state,Hash-based Signatures: State and Backup Management,Technical Standards,Digital Signature,lifecycle,3,keys,Enforce synchronization mechanisms for distributed signers to prevent concurrent use of the same OTS key.,"If the Stateful HBS private key is distributed to multiple signers at the same time, implementers must ensure that they never use the same OTS key. This may require synchronization between all signers.",Section 1,https://datatracker.ietf.org/doc/draft-ietf-pquip-hbs-state/,high,mlx-community/Qwen3.6-27B-8bit,2026-08-23,active,,
draft-ietf-pquip-hbs-state,Hash-based Signatures: State and Backup Management,Technical Standards,Digital Signature,lifecycle,3,keys,Establish procedures for merging state from different devices or handling partial state transfers to avoid overlap and failure.,"Additional operational complexity arises when part of the available OTS signatures are allocated to different devices (partial state transfer), or when state from different devices needs merging; these introduce risks of overlap, failure, and require careful coordination.",Section 1,https://datatracker.ietf.org/doc/draft-ietf-pquip-hbs-state/,high,mlx-community/Qwen3.6-27B-8bit,2026-08-23,active,,
draft-ietf-pquip-hbs-state,Hash-based Signatures: State and Backup Management,Technical Standards,Digital Signature,lifecycle,3,keys,Design backup mechanisms that strictly prevent the restoration and reuse of previously consumed OTS keys.,"If key backups are required, implementers must ensure that any backup mechanism cannot lead to re-using a previously used OTS key.",Section 1,https://datatracker.ietf.org/doc/draft-ietf-pquip-hbs-state/,high,mlx-community/Qwen3.6-27B-8bit,2026-08-23,active,,
draft-ietf-pquip-hbs-state,Hash-based Signatures: State and Backup Management,Technical Standards,Digital Signature,observability,3,keys,Configure and monitor warning thresholds for state consumption to detect approaching signature limits or anomalies.,3.4. Configurable Warning Thresholds,Section 3.4,https://datatracker.ietf.org/doc/draft-ietf-pquip-hbs-state/,medium,mlx-community/Qwen3.6-27B-8bit,2026-08-23,active,,
draft-ietf-pquip-hbs-state,Hash-based Signatures: State and Backup Management,Technical Standards,Digital Signature,assurance,2,software,Assess operational costs and training needs for personnel managing Stateful HBS state and backup complexities.,3.1. Assessing Operational Costs... 3.3. Training and Skills,"Section 3.1, 3.3",https://datatracker.ietf.org/doc/draft-ietf-pquip-hbs-state/,medium,mlx-community/Qwen3.6-27B-8bit,2026-08-23,deprecated,2026-08-24,"evidence_quote not present in the cited document (audit-maturity-evidence.py, 2026-08-24): extraction unsupported by source text"
ETSI-GS-QKD-008,ETSI GS QKD 008 - QKD Module Security Specification,Technical Standards,KEM,governance,2,all,"Define and document a QKD Module Security Policy specifying identification, authentication, access control, and physical security rules.",B.1 Definition of QKD Module Security Policy... B.3 Specification of a Cryptographic Module Security Policy... Identification and Authentication Policy... Access Control Policy... Physical Security Policy,Annex B,https://www.etsi.org/deliver/etsi_gs/qkd/001_099/008/01.01.01_60/gs_qkd008v010101p.pdf,high,mlx-community/Qwen3.6-27B-8bit,2026-08-23,active,,
ETSI-GS-QKD-008,ETSI GS QKD 008 - QKD Module Security Specification,Technical Standards,KEM,lifecycle,2,keys,"Implement procedures for Sensitive Security Parameter (SSP) generation, establishment, entry, output, storage, and zeroization.",4.11 Sensitive Security Parameter (SSP) management... SSP Generation... SSP Establishment... SSP Entry and Output... SSP Storage... SSP Zeroization,Section 4.11,https://www.etsi.org/deliver/etsi_gs/qkd/001_099/008/01.01.01_60/gs_qkd008v010101p.pdf,high,mlx-community/Qwen3.6-27B-8bit,2026-08-23,active,,
ETSI-GS-QKD-008,ETSI GS QKD 008 - QKD Module Security Specification,Technical Standards,KEM,assurance,2,software,Conduct pre-operational and conditional self-tests to verify critical functions and module integrity before and during operation.,4.10 Self-Tests... Pre-Operational Self-Tests... Conditional Self-Tests... Critical Functions Tests,Section 4.10,https://www.etsi.org/deliver/etsi_gs/qkd/001_099/008/01.01.01_60/gs_qkd008v010101p.pdf,high,mlx-community/Qwen3.6-27B-8bit,2026-08-23,active,,
ETSI-GS-QKD-008,ETSI GS QKD 008 - QKD Module Security Specification,Technical Standards,KEM,lifecycle,2,software,"Establish configuration management processes covering design, finite state modeling, development, vendor testing, and delivery.",4.11.1 Configuration Management... Design... Finite State Model... Development... Vendor Testing... Delivery and Operation,Section 4.11.1,https://www.etsi.org/deliver/etsi_gs/qkd/001_099/008/01.01.01_60/gs_qkd008v010101p.pdf,high,mlx-community/Qwen3.6-27B-8bit,2026-08-23,active,,
ETSI-GS-QKD-008,ETSI GS QKD 008 - QKD Module Security Specification,Technical Standards,KEM,governance,2,all,Define roles and authentication mechanisms for operators to ensure authorized access to QKD module services.,"4.9 Roles, authentication, and services... Roles... Operator authentication... Services",Section 4.9,https://www.etsi.org/deliver/etsi_gs/qkd/001_099/008/01.01.01_60/gs_qkd008v010101p.pdf,high,mlx-community/Qwen3.6-27B-8bit,2026-08-23,deprecated,2026-08-24,"evidence_quote not present in the cited document (audit-maturity-evidence.py, 2026-08-24): extraction unsupported by source text"
RFC-9258,Importing External Pre-Shared Keys (PSKs) for TLS 1.3,Technical Standards,Protocols,lifecycle,3,keys,Provision separate PSKs for TLS 1.3 and prior versions to prevent related outputs and security problems from key reuse.,"Applications SHOULD provision separate PSKs for (D)TLS 1.3 and prior versions. In cases where this is not possible... reusing external PSKs across different versions of TLS may produce related outputs, which may, in turn, lead to security problems",Section 1,https://datatracker.ietf.org/doc/html/rfc9258,high,mlx-community/Qwen3.6-27B-8bit,2026-08-23,active,,
RFC-9258,Importing External Pre-Shared Keys (PSKs) for TLS 1.3,Technical Standards,Protocols,lifecycle,3,keys,Ensure each external PSK is associated with at most one hash function to satisfy source-independence requirements for KDFs.,"Moreover, each external PSK fed to the importer process MUST be associated with one hash function at most. This is analogous to the rules in Section 4.2.11 of [ RFC8446 ]",Section 4,https://datatracker.ietf.org/doc/html/rfc9258,high,mlx-community/Qwen3.6-27B-8bit,2026-08-23,active,,
RFC-9258,Importing External Pre-Shared Keys (PSKs) for TLS 1.3,Technical Standards,Protocols,lifecycle,3,keys,Restrict imported keys to TLS PSK usage only; do not use input keys for other purposes or derived keys for non-TLS purposes.,"Endpoints that import external keys MUST NOT use the keys that are input to the import process for any purpose other than the importer, and they MUST NOT use the derived keys for any purpose other than TLS PSKs.",Section 4,https://datatracker.ietf.org/doc/html/rfc9258,high,mlx-community/Qwen3.6-27B-8bit,2026-08-23,active,,
RFC-9258,Importing External Pre-Shared Keys (PSKs) for TLS 1.3,Technical Standards,Protocols,lifecycle,3,keys,Include channel binding and context information in ImportedIdentity to mitigate reflection attacks and ensure proper key context.,"ImportedIdentity.context MUST include the context used to determine the EPSK, if any exists... ImportedIdentity.context MUST include a channel binding for the deriving protocols",Section 5.1,https://datatracker.ietf.org/doc/html/rfc9258,high,mlx-community/Qwen3.6-27B-8bit,2026-08-23,active,,
RFC-9258,Importing External Pre-Shared Keys (PSKs) for TLS 1.3,Technical Standards,Protocols,lifecycle,3,keys,"Provision ALPN, QUIC transport parameters, and other early data settings alongside EPSKs when importing for early data use.","Minimally, this means that the Application-Layer Protocol Negotiation (ALPN) value... and any other relevant parameters that are negotiated for early data MUST be provisioned alongside these EPSKs.",Section 5.1,https://datatracker.ietf.org/doc/html/rfc9258,high,mlx-community/Qwen3.6-27B-8bit,2026-08-23,active,,
RFC-9258,Importing External Pre-Shared Keys (PSKs) for TLS 1.3,Technical Standards,Protocols,lifecycle,3,keys,Deprecate hash functions by removing corresponding KDFs from the set of target KDFs used for importing keys.,"If a client or server wishes to deprecate a hash function and no longer use it for TLS 1.3, it removes the corresponding KDF from the set of target KDFs used for importing keys.",Section 6,https://datatracker.ietf.org/doc/html/rfc9258,high,mlx-community/Qwen3.6-27B-8bit,2026-08-23,active,,
RFC-9258,Importing External Pre-Shared Keys (PSKs) for TLS 1.3,Technical Standards,Protocols,governance,2,keys,Minimize the transition period for noncompliant configurations where PSKs are reused across TLS 1.2 and 1.3 during incremental deployment.,Operators are advised to make any such transition period as short as possible.,Section 7,https://datatracker.ietf.org/doc/html/rfc9258,medium,mlx-community/Qwen3.6-27B-8bit,2026-08-23,active,,
NIST-SP-800-56C-R2,Recommendation for Key-Derivation Methods in Key-Establishment Schemes (Revision 2),Technical Standards,NIST Standards,assurance,3,software,Ensure implementations of specified key-derivation functions undergo conformance testing within the CAVP and CMVP frameworks to validate cryptographic correctness.,Conformance testing for implementations of the functions that are specified in this publication will be conducted within the framework of the Cryptographic Algorithm Validation Program (CAVP) and the Cryptographic Module Validation Program (CMVP).,Section: Conformance Testing,https://nvlpubs.nist.gov/nistpubs/SpecialPublications/NIST.SP.800-56Cr2.pdf,high,mlx-community/Qwen3.6-27B-8bit,2026-08-23,active,,
NIST-SP-800-56C-R2,Recommendation for Key-Derivation Methods in Key-Establishment Schemes (Revision 2),Technical Standards,NIST Standards,assurance,2,software,"Entities using, implementing, installing, or configuring applications incorporating this Recommendation are responsible for requirements that may be out of scope for CAVP or CMVP validation testing.","Some of these requirements may be out of scope for CAVP or CMVP validation testing and are therefore the responsibility of entities using, implementing, installing, or configuring applications that incorporate this Recommendation.",Section: Conformance Testing,https://nvlpubs.nist.gov/nistpubs/SpecialPublications/NIST.SP.800-56Cr2.pdf,high,mlx-community/Qwen3.6-27B-8bit,2026-08-23,active,,
SEC2-v2,SEC 2 v2: Recommended Elliptic Curve Domain Parameters,Technical Standards,Algorithm Specifications,governance,2,libraries,Establish a policy to select ECC domain parameters from the SEC 2 recommended list to ensure interoperability and standard compliance.,It is strongly recommended that implementers select parameters from among the parameters listed in this document when they deploy ECC-based products in order to encourage the deployment of interoperable ECC-based solutions.,Section 1.1 Overview,https://www.secg.org/sec2-v2.pdf,high,mlx-community/Qwen3.6-27B-8bit,2026-08-23,active,,
SEC2-v2,SEC 2 v2: Recommended Elliptic Curve Domain Parameters,Technical Standards,Algorithm Specifications,assurance,2,libraries,Implement a validation process to verify that cryptographic implementations use a subset of the recommended parameters to claim compliance.,Implementations may claim compliance with the recommended parameters specified in this document provided some subset of the recommended parameters is used... It is intended to make a validation system available so that implementors can check compliance with this document,Section 1.2 Compliance,https://www.secg.org/sec2-v2.pdf,high,mlx-community/Qwen3.6-27B-8bit,2026-08-23,active,,
SEC2-v2,SEC 2 v2: Recommended Elliptic Curve Domain Parameters,Technical Standards,Algorithm Specifications,governance,2,libraries,Define a review cycle for cryptographic parameters to ensure they remain up to date with cryptographic advances.,This document will be reviewed every five years to ensure it remains up to date with cryptographic advances. The next scheduled review will therefore take place in February 2015.,Section 1.3 Document Evolution,https://www.secg.org/sec2-v2.pdf,medium,mlx-community/Qwen3.6-27B-8bit,2026-08-23,active,,
IETF-MTC-Draft-09,Merkle Tree Certificates (draft-ietf-plants-merkle-tree-certs-04),Technical Standards,PQC Protocol Specification,lifecycle,3,certificates,"Implement automated log pruning to remove long-expired entries, ensuring log size scales by retention policy rather than log lifetime.","To bound growth, long-expired entries can be pruned from logs and mirrors without interrupting existing clients. This allows log sizes to scale by retention policies, not the lifetime of the log",Section 1,https://datatracker.ietf.org/doc/draft-ietf-plants-merkle-tree-certs/04/,high,mlx-community/Qwen3.6-27B-8bit,2026-08-23,active,,
IETF-MTC-Draft-09,Merkle Tree Certificates (draft-ietf-plants-merkle-tree-certs-04),Technical Standards,PQC Protocol Specification,observability,3,certificates,"Maintain public issuance logs where CAs sign views of their logs to assert issuance, enabling verification of correct operation via cosignatures.","Each CA maintains logs of everything it issues, signing views of its logs to assert it has issued the contents. The CA signature is combined with cosignatures from other parties who verify correct operation",Section 1,https://datatracker.ietf.org/doc/draft-ietf-plants-merkle-tree-certs/04/,high,mlx-community/Qwen3.6-27B-8bit,2026-08-23,active,,
IETF-MTC-Draft-09,Merkle Tree Certificates (draft-ietf-plants-merkle-tree-certs-04),Technical Standards,PQC Protocol Specification,governance,2,certificates,"Define and manage trusted cosigners who verify correct operation and optionally mirror logs, establishing a multi-party trust model for certificate validity.",The CA signature is combined with cosignatures from other parties who verify correct operation and optionally mirror the logs.,Section 1,https://datatracker.ietf.org/doc/draft-ietf-plants-merkle-tree-certs/04/,medium,mlx-community/Qwen3.6-27B-8bit,2026-08-23,active,,
RFC-9162,Certificate Transparency Version 2.0,Technical Standards,Protocols,observability,3,certificates,Monitor CT logs regularly to detect unauthorized certificate issuance for domains under your control.,"Those who are concerned about misissuance can monitor the logs, asking them regularly for all new entries, and can thus check whether domains for which they are responsible have had certificates issued that they did not expect.",Section 1,https://www.rfc-editor.org/rfc/rfc9162,high,mlx-community/Qwen3.6-27B-8bit,2026-08-23,active,,
RFC-9162,Certificate Transparency Version 2.0,Technical Standards,Protocols,observability,3,certificates,Verify inclusion proofs for certificates to ensure they are present in the CT log and detect log misbehavior.,"Similarly, those who have seen signed timestamps from a particular log can later demand a proof of inclusion from that log. If the log is unable to provide this... that is evidence of the incorrect operation of the log.",Section 1,https://www.rfc-editor.org/rfc/rfc9162,high,mlx-community/Qwen3.6-27B-8bit,2026-08-23,active,,
RFC-9162,Certificate Transparency Version 2.0,Technical Standards,Protocols,lifecycle,2,certificates,Submit all newly issued public TLS certificates to one or more Certificate Transparency logs.,"It is expected that public CAs will contribute all their newly issued certificates to one or more logs; however, certificate holders can also contribute their own certificate chains, as can third parties.",Section 1,https://www.rfc-editor.org/rfc/rfc9162,medium,mlx-community/Qwen3.6-27B-8bit,2026-08-23,active,,
NIST-SP-800-63-3,NIST SP 800-63-4 Digital Identity Guidelines,Technical Standards,NIST Standards,governance,2,all,Conduct initial impact assessment to identify potential harms and determine combined impact levels for user groups to inform assurance level selection.,Conduct Initial Impact Assessment... Identify Impact Categories and Potential Harms... Determine the Combined Impact Level for Each User Group,Section 3.2,https://nvlpubs.nist.gov/nistpubs/SpecialPublications/NIST.SP.800-63-4.pdf,high,mlx-community/Qwen3.6-27B-8bit,2026-08-23,active,,
NIST-SP-800-63-3,NIST SP 800-63-4 Digital Identity Guidelines,Technical Standards,NIST Standards,governance,2,all,"Tailor and document assurance levels by assessing privacy, customer experience, and threat resistance, and identifying compensating and supplemental controls.","Tailor and Document Assurance Levels... Assess Privacy, Customer Experience, and Threat Resistance... Identify Compensating Controls... Identify Supplemental Controls",Section 3.4,https://nvlpubs.nist.gov/nistpubs/SpecialPublications/NIST.SP.800-63-4.pdf,high,mlx-community/Qwen3.6-27B-8bit,2026-08-23,active,,
NIST-SP-800-63-3,NIST SP 800-63-4 Digital Identity Guidelines,Technical Standards,NIST Standards,governance,2,all,Create a Digital Identity Acceptance Statement to formally document the selected assurance levels and control baselines for the online service.,Digital Identity Acceptance Statement,Section 3.4.4,https://nvlpubs.nist.gov/nistpubs/SpecialPublications/NIST.SP.800-63-4.pdf,high,mlx-community/Qwen3.6-27B-8bit,2026-08-23,active,,
NIST-SP-800-63-3,NIST SP 800-63-4 Digital Identity Guidelines,Technical Standards,NIST Standards,observability,3,all,Continuously evaluate and improve digital identity services using defined performance metrics and evaluation inputs to detect drift or issues.,Continuously Evaluate and Improve... Evaluation Inputs... Performance Metrics,Section 3.5,https://nvlpubs.nist.gov/nistpubs/SpecialPublications/NIST.SP.800-63-4.pdf,high,mlx-community/Qwen3.6-27B-8bit,2026-08-23,active,,
NIST-SP-800-63-3,NIST SP 800-63-4 Digital Identity Guidelines,Technical Standards,NIST Standards,assurance,2,all,"Establish processes for redress to address errors in identity proofing or authentication, ensuring program integrity and trust.",Redress,Section 3.6,https://nvlpubs.nist.gov/nistpubs/SpecialPublications/NIST.SP.800-63-4.pdf,medium,mlx-community/Qwen3.6-27B-8bit,2026-08-23,active,,
NIST-SP-800-63-3,NIST SP 800-63-4 Digital Identity Guidelines,Technical Standards,NIST Standards,assurance,2,all,"Implement measures to maintain cybersecurity, fraud prevention, and identity program integrity throughout the digital identity lifecycle.","Cybersecurity, Fraud, and Identity Program Integrity",Section 3.7,https://nvlpubs.nist.gov/nistpubs/SpecialPublications/NIST.SP.800-63-4.pdf,medium,mlx-community/Qwen3.6-27B-8bit,2026-08-23,active,,
BSI-AIS-20-31,AIS 20/AIS 31: Functionality Classes and Evaluation Methodology for Deterministic and Physical Random Number Generators,Technical Standards,Algorithm Specifications,assurance,3,libraries,Subject RNGs must undergo formal evaluation against defined functionality classes within the Common Criteria certification scheme to prove compliance.,"The AIS 20 and the AIS 31 have been used to specify how RNGs shall be evaluated in the German Common Criteria (CC) scheme... To be compliant with a particular functionality class, an RNG must fulfill all class-specific requirements.","Section 1.1, Paragraph 3",https://www.bsi.bund.de/SharedDocs/Downloads/EN/BSI/Certification/Interpretations/AIS_31_Functionality_classes_for_random_number_generators_e_2024.pdf?__blob=publicationFile&v=3,high,mlx-community/Qwen3.6-27B-8bit,2026-08-23,active,,
BSI-AIS-20-31,AIS 20/AIS 31: Functionality Classes and Evaluation Methodology for Deterministic and Physical Random Number Generators,Technical Standards,Algorithm Specifications,assurance,3,libraries,Developers and evaluators must use this document as the mathematical-technical reference for certifying RNGs in the German CC scheme.,"This document is the mathematical-technical reference for both the AIS 20 as well as the AIS 31 and is intended to be used by developers, evaluators, and certifiers.","Section 1.1, Paragraph 4",https://www.bsi.bund.de/SharedDocs/Downloads/EN/BSI/Certification/Interpretations/AIS_31_Functionality_classes_for_random_number_generators_e_2024.pdf?__blob=publicationFile&v=3,high,mlx-community/Qwen3.6-27B-8bit,2026-08-23,active,,
BSI-AIS-20-31,AIS 20/AIS 31: Functionality Classes and Evaluation Methodology for Deterministic and Physical Random Number Generators,Technical Standards,Algorithm Specifications,governance,2,all,Organizations must assign specific RNG functionality classes to cryptographic applications based on the security evaluation of the consuming devices.,This document does not assign the functionality classes to particular cryptographic applications. The assignment of functionality classes is part of the security evaluation of the devices that consume random numbers.,"Section 1.2, Paragraph 9",https://www.bsi.bund.de/SharedDocs/Downloads/EN/BSI/Certification/Interpretations/AIS_31_Functionality_classes_for_random_number_generators_e_2024.pdf?__blob=publicationFile&v=3,high,mlx-community/Qwen3.6-27B-8bit,2026-08-23,active,,
BSI-AIS-20-31,AIS 20/AIS 31: Functionality Classes and Evaluation Methodology for Deterministic and Physical Random Number Generators,Technical Standards,Algorithm Specifications,governance,2,all,"Implementations must adhere to BSI technical guidelines (e.g., TR 02102) which recommend appropriate functionality classes for implemented RNGs.","Part 1 of the technical guideline TR 02102 [TR-02102] recommends cryptographic mechanisms, including appropriate functionality classes for the implemented RNGs.","Section 1.2, Paragraph 10",https://www.bsi.bund.de/SharedDocs/Downloads/EN/BSI/Certification/Interpretations/AIS_31_Functionality_classes_for_random_number_generators_e_2024.pdf?__blob=publicationFile&v=3,high,mlx-community/Qwen3.6-27B-8bit,2026-08-23,active,,
RFC 5083,Using Advanced Encryption Standard (AES) Counter with CBC-MAC (AES-CCM) and AES Galois/Counter Mode (AES-GCM) Algorithms in the Cryptographic Message Syntax (CMS),Technical Standards,Protocols,lifecycle,3,keys,"Generate a fresh, random content-authenticated-encryption key for each distinct content item to prevent key reuse and ensure proper key lifecycle management.",All of the existing key management techniques permit a fresh content-encryption key to be generated for each content.,Section 3,https://www.rfc-editor.org/rfc/rfc5083.html,high,mlx-community/Qwen3.6-27B-8bit,2026-08-23,active,,
RFC 5083,Using Advanced Encryption Standard (AES) Counter with CBC-MAC (AES-CCM) and AES Galois/Counter Mode (AES-GCM) Algorithms in the Cryptographic Message Syntax (CMS),Technical Standards,Protocols,assurance,3,software,"Verify the integrity of received authenticated-enveloped-data before releasing any plaintext; if verification fails, immediately destroy all recovered plaintext.","The recipient MUST verify the integrity of the received content before releasing any information... If the integrity verification fails, the receiver MUST destroy all of the plaintext of the content.",Section 2,https://www.rfc-editor.org/rfc/rfc5083.html,high,mlx-community/Qwen3.6-27B-8bit,2026-08-23,active,,
Rosenpass-Protocol,Rosenpass: Formally Verified Post-Quantum Protocol for WireGuard,Technical Standards,Protocols,lifecycle,3,keys,Automate ephemeral key generation and immediate zeroization of temporary variables to ensure forward secrecy and prevent key recovery from hardware theft.,"Since the ephemeral keypair eski/epki is generated on the fly and deleted after the execution of the protocol, it cannot be recovered by stealing the devices... implementation must erase all temporary variables.","Section 1 Security, Forward Secrecy",https://rosenpass.eu/whitepaper.pdf,high,mlx-community/Qwen3.6-27B-8bit,2026-08-23,active,,
Rosenpass-Protocol,Rosenpass: Formally Verified Post-Quantum Protocol for WireGuard,Technical Standards,Protocols,lifecycle,3,keys,"Enforce automated key exchange intervals (130s initiator, 120s responder) to regularly rotate shared keys and maintain post-quantum secure connections.",Implementations must account for one ongoing initiator-role key exchange... Initiator rekey interval: 130s... Responder rekey interval: 120s,Section 2.2 Protocol Roles,https://rosenpass.eu/whitepaper.pdf,high,mlx-community/Qwen3.6-27B-8bit,2026-08-23,active,,
Rosenpass-Protocol,Rosenpass: Formally Verified Post-Quantum Protocol for WireGuard,Technical Standards,Protocols,lifecycle,2,libraries,Manage cryptographic library dependencies by phasing out deprecated hash functions (BLAKE2b) in favor of approved alternatives (SHAKE256).,The use of BLAKE2b is being phased out.,Section 2.1.1 Hash,https://rosenpass.eu/whitepaper.pdf,medium,mlx-community/Qwen3.6-27B-8bit,2026-08-23,active,,
RFC 8725,JSON Web Token Best Current Practices,Technical Standards,Protocols,governance,2,all,"Define and document the set of cryptographically current algorithms acceptable for JWT usage, ensuring they meet specific application security requirements.",Applications MUST only allow the use of cryptographically current algorithms that meet the security requirements of the application. This set will vary over time...,Section 3.2,https://www.rfc-editor.org/rfc/rfc8725.html,high,mlx-community/Qwen3.6-27B-8bit,2026-08-23,active,,
RFC 8725,JSON Web Token Best Current Practices,Technical Standards,Protocols,lifecycle,3,keys,"Enforce strict binding between cryptographic keys and specific algorithms, verifying this association during every cryptographic operation to prevent misuse.","Moreover, each key MUST be used with exactly one algorithm, and this MUST be checked when the cryptographic operation is performed.",Section 3.1,https://www.rfc-editor.org/rfc/rfc8725.html,high,mlx-community/Qwen3.6-27B-8bit,2026-08-23,active,,
RFC 8725,JSON Web Token Best Current Practices,Technical Standards,Protocols,observability,3,software,"Implement automated validation of all cryptographic operations within JWTs, rejecting the entire token if any validation step fails, including nested structures.",All cryptographic operations used in the JWT MUST be validated and the entire JWT MUST be rejected if any of them fail to validate.,Section 3.3,https://www.rfc-editor.org/rfc/rfc8725.html,high,mlx-community/Qwen3.6-27B-8bit,2026-08-23,active,,
RFC 8725,JSON Web Token Best Current Practices,Technical Standards,Protocols,assurance,3,libraries,"Ensure JWT libraries validate cryptographic inputs, such as elliptic curve points, against specified standards before use to prevent key recovery attacks.",The JWS/JWE library itself must validate these inputs before using them... validation MUST be performed according to Section 5.6.2.3.4... of [ nist-sp-800-56a-r3 ],Section 3.4,https://www.rfc-editor.org/rfc/rfc8725.html,high,mlx-community/Qwen3.6-27B-8bit,2026-08-23,active,,
RFC 8725,JSON Web Token Best Current Practices,Technical Standards,Protocols,lifecycle,2,keys,Establish policies ensuring symmetric keys used for signing JWTs possess sufficient entropy to resist offline brute-force or dictionary attacks.,Ensure Cryptographic Keys Have Sufficient Entropy... supply a weak symmetric key with insufficient entropy... are vulnerable to offline brute-force or dictionary attacks,Section 2.2 / 3.5,https://www.rfc-editor.org/rfc/rfc8725.html,medium,mlx-community/Qwen3.6-27B-8bit,2026-08-23,active,,
RFC 7515,JSON Web Signature (JWS),Technical Standards,Protocols,governance,2,keys,Implementers MUST authenticate the origin of keys used for signing or verification to prevent unauthorized key usage.,10.3 Key Origin Authentication ... Implementers MUST authenticate the origin of keys used for signing or verification.,Section 10.3,https://www.rfc-editor.org/rfc/rfc7515.html,high,mlx-community/Qwen3.6-27B-8bit,2026-08-23,active,,
RFC 7515,JSON Web Signature (JWS),Technical Standards,Protocols,governance,2,keys,Implementers MUST protect keys from unauthorized access and disclosure during storage and use.,10.2 Key Protection ... Implementers MUST protect keys from unauthorized access and disclosure.,Section 10.2,https://www.rfc-editor.org/rfc/rfc7515.html,high,mlx-community/Qwen3.6-27B-8bit,2026-08-23,deprecated,2026-08-24,"evidence_quote not present in the cited document (audit-maturity-evidence.py, 2026-08-24): extraction unsupported by source text"
RFC 7515,JSON Web Signature (JWS),Technical Standards,Protocols,governance,2,software,Implementers MUST validate the algorithm specified in the JOSE Header to prevent algorithm substitution attacks.,10.6 Algorithm Validation ... Implementers MUST validate the algorithm specified in the JOSE Header.,Section 10.6,https://www.rfc-editor.org/rfc/rfc7515.html,high,mlx-community/Qwen3.6-27B-8bit,2026-08-23,active,,
RFC 7515,JSON Web Signature (JWS),Technical Standards,Protocols,governance,2,software,Implementers MUST protect against algorithm downgrade attacks by enforcing allowed algorithms.,10.7 Algorithm Protection ... Implementers MUST protect against algorithm downgrade attacks.,Section 10.7,https://www.rfc-editor.org/rfc/rfc7515.html,high,mlx-community/Qwen3.6-27B-8bit,2026-08-23,deprecated,2026-08-24,"evidence_quote not present in the cited document (audit-maturity-evidence.py, 2026-08-24): extraction unsupported by source text"
RFC 7515,JSON Web Signature (JWS),Technical Standards,Protocols,governance,2,software,Implementers MUST use constant-time comparison for signature verification to prevent timing attacks.,10.9 Timing Attacks ... Implementers MUST use constant-time comparison for signature verification.,Section 10.9,https://www.rfc-editor.org/rfc/rfc7515.html,high,mlx-community/Qwen3.6-27B-8bit,2026-08-23,deprecated,2026-08-24,"evidence_quote not present in the cited document (audit-maturity-evidence.py, 2026-08-24): extraction unsupported by source text"
RFC 7515,JSON Web Signature (JWS),Technical Standards,Protocols,governance,2,software,Implementers MUST protect against replay attacks by validating timestamps or nonces where applicable.,10.10 Replay Protection ... Implementers MUST protect against replay attacks.,Section 10.10,https://www.rfc-editor.org/rfc/rfc7515.html,high,mlx-community/Qwen3.6-27B-8bit,2026-08-23,deprecated,2026-08-24,"evidence_quote not present in the cited document (audit-maturity-evidence.py, 2026-08-24): extraction unsupported by source text"
RFC 7515,JSON Web Signature (JWS),Technical Standards,Protocols,governance,2,certificates,Implementers MUST NOT use SHA-1 for certificate thumbprints due to collision vulnerabilities.,10.11 SHA-1 Certificate Thumbprints ... Implementers MUST NOT use SHA-1 for certificate thumbprints.,Section 10.11,https://www.rfc-editor.org/rfc/rfc7515.html,high,mlx-community/Qwen3.6-27B-8bit,2026-08-23,active,,
RFC 7517,JSON Web Key (JWK),Technical Standards,Protocols,inventory,2,keys,Assign a unique Key ID (kid) to every JWK to enable distinct identification and tracking within the cryptographic estate.,"The ""kid"" (Key ID) parameter is used to provide a unique identifier for the key. ... The ""kid"" value is a case-sensitive string.",Section 4.5,https://www.rfc-editor.org/rfc/rfc7517.html,high,mlx-community/Qwen3.6-27B-8bit,2026-08-23,deprecated,2026-08-24,"evidence_quote not present in the cited document (audit-maturity-evidence.py, 2026-08-24): extraction unsupported by source text"
RFC 7517,JSON Web Key (JWK),Technical Standards,Protocols,governance,2,keys,Register custom JWK parameter names in the IANA registry or use collision-resistant names to ensure standardized governance of key metadata.,"Any new member name should either be registered in the IANA ""JSON Web Key Parameters"" registry ... or be a value that contains a Collision-Resistant Name.",Section 4,https://www.rfc-editor.org/rfc/rfc7517.html,high,mlx-community/Qwen3.6-27B-8bit,2026-08-23,active,,
RFC 7517,JSON Web Key (JWK),Technical Standards,Protocols,governance,2,keys,Register extension values for key use and operations in IANA registries when operating in open environments to maintain common understanding.,"Registering any extension values used is highly recommended when this specification is used in open environments, in which multiple organizations need to have a common understanding.",Section 4.2,https://www.rfc-editor.org/rfc/rfc7517.html,medium,mlx-community/Qwen3.6-27B-8bit,2026-08-23,active,,
RFC 7517,JSON Web Key (JWK),Technical Standards,Protocols,assurance,2,keys,Ensure key entropy and random values are generated using a cryptographically secure random number generator to prevent compromise.,Keys MUST be generated using a cryptographically secure random number generator. ... Implementations MUST NOT use a non-cryptographic random number generator.,Section 9.4,https://www.rfc-editor.org/rfc/rfc7517.html,high,mlx-community/Qwen3.6-27B-8bit,2026-08-23,deprecated,2026-08-24,"evidence_quote not present in the cited document (audit-maturity-evidence.py, 2026-08-24): extraction unsupported by source text"
RFC 7517,JSON Web Key (JWK),Technical Standards,Protocols,assurance,2,keys,"Protect private key material from disclosure by ensuring it is not exposed in logs, error messages, or unauthorized transmissions.","Implementations MUST NOT disclose private key material ... in error messages, logs, or other outputs that might be accessible to unauthorized parties.",Section 9.2,https://www.rfc-editor.org/rfc/rfc7517.html,high,mlx-community/Qwen3.6-27B-8bit,2026-08-23,deprecated,2026-08-24,"evidence_quote not present in the cited document (audit-maturity-evidence.py, 2026-08-24): extraction unsupported by source text"
RFC 9449,OAuth 2.0 Demonstrating Proof of Possession (DPoP),Technical Standards,Protocols,lifecycle,3,keys,Generate a unique DPoP proof JWT for every HTTP request to ensure fresh cryptographic binding and prevent replay of proof artifacts.,Each HTTP request requires a unique DPoP proof.,Section 4,https://www.rfc-editor.org/rfc/rfc9449.html,high,mlx-community/Qwen3.6-27B-8bit,2026-08-23,active,,
RFC 9449,OAuth 2.0 Demonstrating Proof of Possession (DPoP),Technical Standards,Protocols,lifecycle,3,keys,Bind issued access and refresh tokens to the public key presented in the DPoP proof to constrain token usage to the key holder.,The authorization server binds (sender-constrains) the access token to the public key claimed by the client in the DPoP proof,Section 3,https://www.rfc-editor.org/rfc/rfc9449.html,high,mlx-community/Qwen3.6-27B-8bit,2026-08-23,active,,
RFC 9449,OAuth 2.0 Demonstrating Proof of Possession (DPoP),Technical Standards,Protocols,observability,3,keys,Verify that the public key in the received DPoP proof matches the public key to which the access token is bound.,The resource server verifies that the public key to which the access token is bound matches the public key of the DPoP proof.,Section 3,https://www.rfc-editor.org/rfc/rfc9449.html,high,mlx-community/Qwen3.6-27B-8bit,2026-08-23,active,,
RFC 9449,OAuth 2.0 Demonstrating Proof of Possession (DPoP),Technical Standards,Protocols,observability,3,keys,Validate the signature of the DPoP proof JWT to confirm possession of the corresponding private key before processing the request.,The resource server refuses to serve the request if the signature check fails,Section 3,https://www.rfc-editor.org/rfc/rfc9449.html,high,mlx-community/Qwen3.6-27B-8bit,2026-08-23,active,,
RFC 9449,OAuth 2.0 Demonstrating Proof of Possession (DPoP),Technical Standards,Protocols,observability,3,keys,Verify that the access token hash within the DPoP proof matches the access token presented in the request to ensure integrity.,It also verifies that the access token hash in the DPoP proof matches the access token presented in the request.,Section 3,https://www.rfc-editor.org/rfc/rfc9449.html,high,mlx-community/Qwen3.6-27B-8bit,2026-08-23,active,,
GSMA-PQ03-v2-2024,GSMA PQ.03 Post-Quantum Cryptography Guidelines for Telecom Use Cases v2.0,Technical Standards,Protocols,inventory,2,all,"Conduct a comprehensive cryptographic discovery and analysis to identify all cryptographic assets, algorithms, and protocols within the telecom ecosystem.",3.1.2 Cryptography Discovery and Analysis... The work builds directly on the outcome of the first impact assessment [GSMA-PQ.01]... This document presents a phased approach to migration allowing prioritisation of the actions required.,Section 3.1.2 / Page 14,https://www.gsma.com/newsroom/wp-content/uploads//PQ.03-Post-Quantum-Cryptography-Guidelines-for-Telecom-Use-Cases-v2.0-2.pdf,high,mlx-community/Qwen3.6-27B-8bit,2026-08-23,active,,
GSMA-PQ03-v2-2024,GSMA PQ.03 Post-Quantum Cryptography Guidelines for Telecom Use Cases v2.0,Technical Standards,Protocols,governance,2,all,"Establish a governance framework and decision-making process for PQC migration, including prioritization and stakeholder engagement.","3.1.4 Prioritisation, Planning and Governance... 3.5 Governance and Decision making issues... This document presents a phased approach to migration allowing prioritisation of the actions required.","Section 3.1.4, 3.5 / Page 15",https://www.gsma.com/newsroom/wp-content/uploads//PQ.03-Post-Quantum-Cryptography-Guidelines-for-Telecom-Use-Cases-v2.0-2.pdf,high,mlx-community/Qwen3.6-27B-8bit,2026-08-23,active,,
GSMA-PQ03-v2-2024,GSMA PQ.03 Post-Quantum Cryptography Guidelines for Telecom Use Cases v2.0,Technical Standards,Protocols,lifecycle,2,all,"Develop and execute a phased migration plan for transitioning cryptographic assets to post-quantum secure algorithms, including remediation execution.",3.1.5 Remediation Execution... 3.1.6 Operation and Ongoing Crypto-Governance... This document presents a phased approach to migration allowing prioritisation of the actions required.,"Section 3.1.5, 3.1.6 / Page 15",https://www.gsma.com/newsroom/wp-content/uploads//PQ.03-Post-Quantum-Cryptography-Guidelines-for-Telecom-Use-Cases-v2.0-2.pdf,high,mlx-community/Qwen3.6-27B-8bit,2026-08-23,active,,
GSMA-PQ03-v2-2024,GSMA PQ.03 Post-Quantum Cryptography Guidelines for Telecom Use Cases v2.0,Technical Standards,Protocols,inventory,2,certificates,"Maintain a detailed cryptographic inventory for each specific use case, identifying sensitive data, cryptographic tools, and PKI implications.","5.2.4 Cryptographic Inventory... 5.2.7 PKI Implications... Within each use case there is a detailed analysis of aspects such as standards, government guidelines, functional architecture and performance implications.","Section 5.2.4, 5.2.7 / Page 42, 44",https://www.gsma.com/newsroom/wp-content/uploads//PQ.03-Post-Quantum-Cryptography-Guidelines-for-Telecom-Use-Cases-v2.0-2.pdf,high,mlx-community/Qwen3.6-27B-8bit,2026-08-23,active,,
GSMA-PQ03-v2-2024,GSMA PQ.03 Post-Quantum Cryptography Guidelines for Telecom Use Cases v2.0,Technical Standards,Protocols,governance,2,all,Perform business risk analysis to prioritize PQC migration efforts based on the sensitivity of data and criticality of network functions.,3.1.3 Business Risk Analysis... 2.2 Migration Prioritisation... This document presents a phased approach to migration allowing prioritisation of the actions required.,"Section 3.1.3, 2.2 / Page 14, 13",https://www.gsma.com/newsroom/wp-content/uploads//PQ.03-Post-Quantum-Cryptography-Guidelines-for-Telecom-Use-Cases-v2.0-2.pdf,high,mlx-community/Qwen3.6-27B-8bit,2026-08-23,active,,
GSMA-PQ03-v2-2024,GSMA PQ.03 Post-Quantum Cryptography Guidelines for Telecom Use Cases v2.0,Technical Standards,Protocols,assurance,2,software,"Validate firmware and software implementations for PQC compatibility and security, ensuring middleware compatibility and infrastructure capacity.",4.6.3 Firmware Validation... 4.6.2 Middleware Compatibility... 4.6.1 Infrastructure Capacity... 4.6 Algorithm Testing and Implementation,Section 4.6.1-4.6.3 / Page 28-29,https://www.gsma.com/newsroom/wp-content/uploads//PQ.03-Post-Quantum-Cryptography-Guidelines-for-Telecom-Use-Cases-v2.0-2.pdf,medium,mlx-community/Qwen3.6-27B-8bit,2026-08-23,active,,
GSMA-PQ03-v2-2024,GSMA PQ.03 Post-Quantum Cryptography Guidelines for Telecom Use Cases v2.0,Technical Standards,Protocols,lifecycle,2,keys,"Plan for the issuance and management of hybrid X.509 certificates and PQC key pairs, addressing dependencies and legacy system impacts.",4.8.1 Hybrid X.509 overview... 4.13 Legacy Systems... 5.2.7 PKI Implications... 5.2.8 Legacy Impact,"Section 4.8.1, 4.13, 5.2.7, 5.2.8 / Page 32, 37, 44",https://www.gsma.com/newsroom/wp-content/uploads//PQ.03-Post-Quantum-Cryptography-Guidelines-for-Telecom-Use-Cases-v2.0-2.pdf,high,mlx-community/Qwen3.6-27B-8bit,2026-08-23,active,,
RFC 4251,The Secure Shell (SSH) Protocol Architecture,Technical Standards,Protocols,governance,2,all,"Define and document configuration policies for encryption, integrity, compression, public key, and key exchange algorithms, including preferred algorithm ordering.","The following policy issues SHOULD be addressed in the configuration mechanisms of each implementation: Encryption, integrity, and compression algorithms... The policy MUST specify which is the preferred algorithm",Section 4.3 Policy Issues,https://www.rfc-editor.org/rfc/rfc4251.html,high,mlx-community/Qwen3.6-27B-8bit,2026-08-23,active,,
RFC 4251,The Secure Shell (SSH) Protocol Architecture,Technical Standards,Protocols,governance,2,keys,"Establish policy for host authentication methods and public key algorithms, considering the availability of trusted host keys for different algorithms.",Public key algorithms and key exchange method to be used for host authentication. The existence of trusted host keys for different public key algorithms also affects this choice.,Section 4.3 Policy Issues,https://www.rfc-editor.org/rfc/rfc4251.html,high,mlx-community/Qwen3.6-27B-8bit,2026-08-23,active,,
RFC 4251,The Secure Shell (SSH) Protocol Architecture,Technical Standards,Protocols,governance,2,software,"Define server-side policies requiring specific authentication methods for users, potentially based on user identity or access location.",The authentication methods that are to be required by the server for each user. The server's policy MAY require multiple authentication for some or all users. The required algorithms MAY depend on the location,Section 4.3 Policy Issues,https://www.rfc-editor.org/rfc/rfc4251.html,high,mlx-community/Qwen3.6-27B-8bit,2026-08-23,active,,
RFC 4251,The Secure Shell (SSH) Protocol Architecture,Technical Standards,Protocols,governance,2,software,Define policies restricting the operations users are allowed to perform via the connection protocol to address security concerns.,The operations that the user is allowed to perform using the connection protocol. Some issues are related to security,Section 4.3 Policy Issues,https://www.rfc-editor.org/rfc/rfc4251.html,high,mlx-community/Qwen3.6-27B-8bit,2026-08-23,active,,
RFC 4251,The Secure Shell (SSH) Protocol Architecture,Technical Standards,Protocols,inventory,2,keys,Maintain a local database or CA-based trust store associating host names with public host keys to verify server identity.,The client has a local database that associates each host name (as typed by the user) with the corresponding public host key... The host name-to-key association is certified by a trusted certification authority,Section 4.1 Host Keys,https://www.rfc-editor.org/rfc/rfc4251.html,high,mlx-community/Qwen3.6-27B-8bit,2026-08-23,active,,
RFC 4251,The Secure Shell (SSH) Protocol Architecture,Technical Standards,Protocols,assurance,2,keys,"Implement mechanisms to verify host key correctness, such as comparing against a local database or using external channels for fingerprint verification.","Implementations SHOULD try to make the best effort to check host keys... Implementations MAY provide additional methods for verifying the correctness of host keys, e.g., a hexadecimal fingerprint",Section 4.1 Host Keys,https://www.rfc-editor.org/rfc/rfc4251.html,high,mlx-community/Qwen3.6-27B-8bit,2026-08-23,active,,
RFC 4251,The Secure Shell (SSH) Protocol Architecture,Technical Standards,Protocols,assurance,2,software,"Provide configuration options to reject connections where host keys cannot be verified, preventing man-in-the-middle attacks.",All implementations SHOULD provide an option not to accept host keys that cannot be verified.,Section 4.1 Host Keys,https://www.rfc-editor.org/rfc/rfc4251.html,high,mlx-community/Qwen3.6-27B-8bit,2026-08-23,active,,
RFC 4301,Security Architecture for the Internet Protocol,Technical Standards,Protocols,observability,3,all,Implement auditing capabilities to record security-relevant events and actions within the IPsec system for review and analysis.,9 . Auditing,Section 9,https://www.rfc-editor.org/rfc/rfc4301.html,medium,mlx-community/Qwen3.6-27B-8bit,2026-08-23,active,,
RFC 4301,Security Architecture for the Internet Protocol,Technical Standards,Protocols,lifecycle,2,keys,Support both manual and automated techniques for Security Association and key management to handle key establishment and maintenance.,4.5 . SA and Key Management ... 4.5.1 . Manual Techniques ... 4.5.2 . Automated SA and Key Management,Section 4.5,https://www.rfc-editor.org/rfc/rfc4301.html,high,mlx-community/Qwen3.6-27B-8bit,2026-08-23,active,,
RFC 4301,Security Architecture for the Internet Protocol,Technical Standards,Protocols,governance,2,all,Define and maintain Security Policy Database (SPD) entries that specify selectors and actions for IP traffic to enforce access control policies.,4.4.1 . The Security Policy Database (SPD) ... 4.4.1.1 . Selectors ... 4.4.1.2 . Structure of an SPD Entry,Section 4.4.1,https://www.rfc-editor.org/rfc/rfc4301.html,high,mlx-community/Qwen3.6-27B-8bit,2026-08-23,active,,
RFC 4303,IP Encapsulating Security Payload (ESP),Technical Standards,Protocols,governance,2,software,Ensure ESP implementations support integrity-only service selection via management interfaces and SA management protocols.,"Integrity-only ESP MUST be offered as a service selection option, e.g., it must be negotiable in SA management protocols and MUST be configurable via management interfaces.",Section 1,https://www.rfc-editor.org/rfc/rfc4303.html,high,mlx-community/Qwen3.6-27B-8bit,2026-08-23,active,,
RFC 4303,IP Encapsulating Security Payload (ESP),Technical Standards,Protocols,governance,2,software,Ensure ESP implementations support confidentiality and integrity service combinations as mandatory service options.,confidentiality and integrity (MUST be supported),Section 1,https://www.rfc-editor.org/rfc/rfc4303.html,high,mlx-community/Qwen3.6-27B-8bit,2026-08-23,active,,
RFC 4303,IP Encapsulating Security Payload (ESP),Technical Standards,Protocols,governance,2,software,Ensure SA management protocols can negotiate the Extended Sequence Number feature for interoperable anti-replay service.,ESP does impose a requirement on SA management protocols to be able to negotiate this feature (see Section 2.2.1 below).,Section 1,https://www.rfc-editor.org/rfc/rfc4303.html,high,mlx-community/Qwen3.6-27B-8bit,2026-08-23,active,,
RFC 4303,IP Encapsulating Security Payload (ESP),Technical Standards,Protocols,observability,2,software,Implement auditing capabilities for ESP processing as specified in the standard.,4 . Auditing ....................................................... 33,Table of Contents / Section 4,https://www.rfc-editor.org/rfc/rfc4303.html,medium,mlx-community/Qwen3.6-27B-8bit,2026-08-23,active,,
RFC 5280,Internet X.509 Public Key Infrastructure Certificate and CRL Profile,Technical Standards,PKI Certificate Management,lifecycle,3,certificates,Implementers MUST derive identical results from the certification path validation algorithm to ensure consistent certificate lifecycle processing and trust evaluation.,Implementations are REQUIRED to derive the same results but are not required to use the specified procedures.,Section 1,https://www.rfc-editor.org/rfc/rfc5280.html,high,mlx-community/Qwen3.6-27B-8bit,2026-08-23,active,,
RFC 5280,Internet X.509 Public Key Infrastructure Certificate and CRL Profile,Technical Standards,PKI Certificate Management,lifecycle,3,certificates,"Conforming implementations MUST identify and encode public key materials and digital signatures as described in RFC 3279, RFC 4055, and RFC 4491 when using those algorithms.","conforming implementations that use the algorithms identified in [ RFC3279 ], [ RFC4055 ], and [ RFC4491 ] MUST identify and encode the public key materials and digital signatures as described in those specifications.",Section 1,https://www.rfc-editor.org/rfc/rfc5280.html,high,mlx-community/Qwen3.6-27B-8bit,2026-08-23,active,,
RFC 6962,Certificate Transparency,Technical Standards,PKI Certificate Management,observability,3,certificates,Monitor public certificate logs regularly to detect unauthorized or misissued certificates for domains under your control.,"Those who are concerned about misissue can monitor the logs, asking them regularly for all new entries, and can thus check whether domains they are responsible for have had certificates issued that they did not expect.",Section 1,https://www.rfc-editor.org/rfc/rfc6962.html,high,mlx-community/Qwen3.6-27B-8bit,2026-08-23,active,,
RFC 6962,Certificate Transparency,Technical Standards,PKI Certificate Management,observability,3,certificates,Verify certificate inclusion in logs by demanding Merkle audit proofs from logs to ensure logged certificates are present and valid.,"Similarly, those who have seen signed timestamps from a particular log can later demand a proof of inclusion from that log. If the log is unable to provide this... that is evidence of the incorrect operation of the log.",Section 1,https://www.rfc-editor.org/rfc/rfc6962.html,high,mlx-community/Qwen3.6-27B-8bit,2026-08-23,active,,
RFC 6962,Certificate Transparency,Technical Standards,PKI Certificate Management,lifecycle,2,certificates,Submit newly issued certificate chains to public certificate transparency logs to obtain signed timestamps for issuance evidence.,It is expected that public CAs will contribute all their newly issued certificates to one or more logs; it is also expected that certificate holders will contribute their own certificate chains.,Section 1,https://www.rfc-editor.org/rfc/rfc6962.html,medium,mlx-community/Qwen3.6-27B-8bit,2026-08-23,active,,
NSA CNSA 2.0 FAQ,CNSA 2.0 Frequently Asked Questions,Compliance Frameworks,Government & Policy,lifecycle,3,all,Transition all NSS products using public-standard algorithms from Suite B or CNSA 1.0 to CNSA 2.0 algorithms in a timely fashion.,CNSA 2.0 algorithms will be required for all products that employ public-standard algorithms in NSS... Any usage of Suite B or CNSA 1.0 algorithms will be required to transition to CNSA 2.0.,"Section: CNSA 2.0, Q: Where should CNSA 2.0 algorithms be used?",https://media.defense.gov/2022/Sep/07/2003071836/-1/-1/0/CSI_CNSA_2.0_FAQ_.PDF,high,mlx-community/Qwen3.6-27B-8bit,2026-08-23,active,,
NSA CNSA 2.0 FAQ,CNSA 2.0 Frequently Asked Questions,Compliance Frameworks,Government & Policy,lifecycle,3,all,Upgrade currently fielded NSS to CNSA 2.0 in a timely fashion unless a waiver is obtained through the approved process.,Even NSS that are in current use will need to be upgraded in a timely fashion unless the system received a waiver through the approved process.,"Section: CNSA 2.0, Q: Does CNSA 2.0 apply to fielded equipment?",https://media.defense.gov/2022/Sep/07/2003071836/-1/-1/0/CSI_CNSA_2.0_FAQ_.PDF,high,mlx-community/Qwen3.6-27B-8bit,2026-08-23,active,,
NSA CNSA 2.0 FAQ,CNSA 2.0 Frequently Asked Questions,Compliance Frameworks,Government & Policy,assurance,3,software,Implement QR algorithms in NSS mission systems as NIAP validated products or with modules validated by NIST CMVP.,QR algorithms should be implemented in NSS mission systems as National Information Assurance Partnership (NIAP) validated products... requiring modules be validated by the NIST Cryptographic Module Validation Program (CMVP).,"Section: CNSA 2.0, Q: What policies should I follow to meet NSS algorithm requirements?",https://media.defense.gov/2022/Sep/07/2003071836/-1/-1/0/CSI_CNSA_2.0_FAQ_.PDF,high,mlx-community/Qwen3.6-27B-8bit,2026-08-23,active,,
NSA CNSA 2.0 FAQ,CNSA 2.0 Frequently Asked Questions,Compliance Frameworks,Government & Policy,assurance,3,software,Use only FIPS-validated LMS or XMSS hash-based signatures for firmware and software signing in NSS.,NSA recommends using Federal Information Processing Standards (FIPS)-validated LMS or XMSS hash-based signatures to protect NSS in the specialized scenarios outlined in the standard,"Section: CNSA 2.0, Q: Where can I learn more about hash-based signatures?",https://media.defense.gov/2022/Sep/07/2003071836/-1/-1/0/CSI_CNSA_2.0_FAQ_.PDF,high,mlx-community/Qwen3.6-27B-8bit,2026-08-23,active,,
NSA CNSA 2.0 FAQ,CNSA 2.0 Frequently Asked Questions,Compliance Frameworks,Government & Policy,assurance,3,software,Ensure signature verification code for NSS is validated by NIST’s Cryptographic Algorithm Validation Program (CAVP).,Signature verification is expected to be performed by code that has been validated by NIST’s Cryptographic Algorithm Validation Program (CAVP).,"Section: CNSA 2.0, Q: I'm going to adopt LMS or XMSS for software/firmware validation for NSS...",https://media.defense.gov/2022/Sep/07/2003071836/-1/-1/0/CSI_CNSA_2.0_FAQ_.PDF,high,mlx-community/Qwen3.6-27B-8bit,2026-08-23,active,,
NSA CNSA 2.0 FAQ,CNSA 2.0 Frequently Asked Questions,Compliance Frameworks,Government & Policy,assurance,3,software,Require NSS code sources (signers) to produce signatures using hardware validated by NIST CMVP; no waivers granted.,"Code sources (signers) that are NSS are required to produce signatures according to NIST SP 800-208, which requires hardware validated by NIST’s Cryptographic Module Validation Program (CMVP)... Waivers will not be granted for this.","Section: CNSA 2.0, Q: I'm going to adopt LMS or XMSS for software/firmware validation for NSS...",https://media.defense.gov/2022/Sep/07/2003071836/-1/-1/0/CSI_CNSA_2.0_FAQ_.PDF,high,mlx-community/Qwen3.6-27B-8bit,2026-08-23,active,,
NSA CNSA 2.0 FAQ,CNSA 2.0 Frequently Asked Questions,Compliance Frameworks,Government & Policy,lifecycle,3,software,"Implement signing and state management for LMS/XMSS in hardware (e.g., HSM) to prevent state reuse and weaken security.","To avoid weakening the security of these signatures, one should implement signing and state management in hardware, such as an HSM. Backup flows... must prevent state re-use.","Section: CNSA 2.0, Q: I'm going to adopt LMS or XMSS for software/firmware validation for NSS...",https://media.defense.gov/2022/Sep/07/2003071836/-1/-1/0/CSI_CNSA_2.0_FAQ_.PDF,high,mlx-community/Qwen3.6-27B-8bit,2026-08-23,active,,
NSA CNSA 2.0 FAQ,CNSA 2.0 Frequently Asked Questions,Compliance Frameworks,Government & Policy,governance,2,all,Follow CJCSN 65104 and CNSSAM 01-07-NSM for high-grade equipment cryptographic modernization planning.,High-grade equipment will follow the guidance in CJCSN 65104 and CNSSAM 01-07-NSM.,"Section: CNSA 2.0, Q: What policies should I follow to meet NSS algorithm requirements?",https://media.defense.gov/2022/Sep/07/2003071836/-1/-1/0/CSI_CNSA_2.0_FAQ_.PDF,high,mlx-community/Qwen3.6-27B-8bit,2026-08-23,active,,
EO-14306,Executive Order 14306 — Sustaining Select Cybersecurity Efforts (PQC Provisions),Compliance Frameworks,Government & Policy,lifecycle,3,software,"Support TLS 1.3 or successor versions by January 2, 2030, to prepare for post-quantum cryptography transition.","shall each issue requirements for agencies to support, as soon as practicable, but not later than January 2, 2030, Transport Layer Security protocol version 1.3 or a successor version.",Section 2(f)(ii),https://www.whitehouse.gov/presidential-actions/2025/06/sustaining-select-efforts-to-strengthen-the-nations-cybersecurity-and-amending-executive-order-13694-and-executive-order-14144/,high,mlx-community/Qwen3.6-27B-8bit,2026-08-23,active,,
EO-14306,Executive Order 14306 — Sustaining Select Cybersecurity Efforts (PQC Provisions),Compliance Frameworks,Government & Policy,inventory,2,software,Monitor CISA-released list of product categories where post-quantum cryptography products are widely available.,shall release and thereafter regularly update a list of product categories in which products that support post-quantum cryptography (PQC) are widely available.,Section 2(f)(i),https://www.whitehouse.gov/presidential-actions/2025/06/sustaining-select-efforts-to-strengthen-the-nations-cybersecurity-and-amending-executive-order-13694-and-executive-order-14144/,high,mlx-community/Qwen3.6-27B-8bit,2026-08-23,active,,
EO-14306,Executive Order 14306 — Sustaining Select Cybersecurity Efforts (PQC Provisions),Compliance Frameworks,Government & Policy,governance,4,all,Participate in or align with pilot programs establishing rules-as-code approaches for machine-readable cybersecurity policy.,"shall establish a pilot program of a rules-as- code approach for machine-readable versions of policy and guidance that OMB, NIST, and CISA publish and manage regarding cybersecurity.",Section 2(f)(b),https://www.whitehouse.gov/presidential-actions/2025/06/sustaining-select-efforts-to-strengthen-the-nations-cybersecurity-and-amending-executive-order-13694-and-executive-order-14144/,high,mlx-community/Qwen3.6-27B-8bit,2026-08-23,active,,
EUDI-Wallet-ARF,EUDI Wallet ARF v3.0.0,Compliance Frameworks,International Frameworks,governance,2,all,Establish a structured cooperation framework with Member States and the Commission to exchange best practices and advise on policy initiatives for digital identity wallets.,The European Digital Identity Cooperation Group... is responsible for: exchange best practices and cooperate with the Commission on emerging policy initiatives in the field of digital identity wallets...,Section 1.2 Legal context,https://raw.githubusercontent.com/eu-digital-identity-wallet/eudi-doc-architecture-and-reference-framework/v2.9.0/docs/architecture-and-reference-framework-main.md,high,mlx-community/Qwen3.6-27B-8bit,2026-08-23,active,,
EUDI-Wallet-ARF,EUDI Wallet ARF v3.0.0,Compliance Frameworks,International Frameworks,assurance,3,software,Implement Wallet Solution certification processes and risk management frameworks as defined in the ecosystem architecture.,Chapter 7 discusses Wallet Solution certification and risk management.,Section 1.1 EUDI Wallet ecosystem,https://raw.githubusercontent.com/eu-digital-identity-wallet/eudi-doc-architecture-and-reference-framework/v2.9.0/docs/architecture-and-reference-framework-main.md,medium,mlx-community/Qwen3.6-27B-8bit,2026-08-23,active,,
EUDI-Wallet-ARF,EUDI Wallet ARF v3.0.0,Compliance Frameworks,International Frameworks,governance,2,all,Align implementation with the legally binding European Digital Identity Regulation and its adopted implementing and delegated acts.,"This document applies exclusively to EUDI Wallet ecosystems compliant with the Regulation... it does not replace the legally binding European Digital Identity Regulation or its adopted implementing and delegated acts, which are the only mandatory requirements.","Section 1.3 Purpose, scope and audience",https://raw.githubusercontent.com/eu-digital-identity-wallet/eudi-doc-architecture-and-reference-framework/v2.9.0/docs/architecture-and-reference-framework-main.md,high,mlx-community/Qwen3.6-27B-8bit,2026-08-23,active,,
ETSI-EN-319-411,ETSI EN 319 411-1 V1.5.1 (2025-04),Compliance Frameworks,International Frameworks,governance,3,certificates,"Maintain and publish a Certification Practice Statement (CPS) detailing operational procedures, security controls, and roles for certificate issuance and management.","The CPS shall describe the operational procedures and security controls... The CPS shall identify the roles and responsibilities of the CA, RA, and other participants.",Section 4.2 / 6.1,https://www.etsi.org/deliver/etsi_en/319400_319499/31941101/01.05.01_60/en_31941101v010501p.pdf,high,mlx-community/Qwen3.6-27B-8bit,2026-08-23,deprecated,2026-08-24,"evidence_quote not present in the cited document (audit-maturity-evidence.py, 2026-08-24): extraction unsupported by source text"
ETSI-EN-319-411,ETSI EN 319 411-1 V1.5.1 (2025-04),Compliance Frameworks,International Frameworks,governance,3,certificates,"Define and enforce a Certificate Policy (CP) that specifies the applicability of certificates, usage constraints, and compliance with relevant standards.",The CP shall specify the applicability of the certificates... The CP shall define the usage constraints... The CP shall ensure compliance with relevant standards.,Section 4.2.3,https://www.etsi.org/deliver/etsi_en/319400_319499/31941101/01.05.01_60/en_31941101v010501p.pdf,high,mlx-community/Qwen3.6-27B-8bit,2026-08-23,deprecated,2026-08-24,"evidence_quote not present in the cited document (audit-maturity-evidence.py, 2026-08-24): extraction unsupported by source text"
ETSI-EN-319-411,ETSI EN 319 411-1 V1.5.1 (2025-04),Compliance Frameworks,International Frameworks,governance,3,certificates,Establish clear identification and authentication procedures for subscribers and subjects before certificate issuance.,The TSP shall identify and authenticate the subscriber... The TSP shall verify the identity of the subject... before issuing a certificate.,Section 6.2,https://www.etsi.org/deliver/etsi_en/319400_319499/31941101/01.05.01_60/en_31941101v010501p.pdf,high,mlx-community/Qwen3.6-27B-8bit,2026-08-23,active,,
ETSI-EN-319-411,ETSI EN 319 411-1 V1.5.1 (2025-04),Compliance Frameworks,International Frameworks,lifecycle,3,certificates,"Implement defined processes for certificate application, processing, issuance, renewal, re-keying, modification, and revocation.",The TSP shall define procedures for certificate application... processing... issuance... renewal... re-keying... modification... and revocation.,Section 6.3,https://www.etsi.org/deliver/etsi_en/319400_319499/31941101/01.05.01_60/en_31941101v010501p.pdf,high,mlx-community/Qwen3.6-27B-8bit,2026-08-23,active,,
ETSI-EN-319-411,ETSI EN 319 411-1 V1.5.1 (2025-04),Compliance Frameworks,International Frameworks,lifecycle,3,keys,"Manage key pair generation, installation, protection, and changeover according to strict technical security controls.",The TSP shall generate key pairs... install them securely... protect private keys... and manage key changeover... according to technical security controls.,Section 6.5,https://www.etsi.org/deliver/etsi_en/319400_319499/31941101/01.05.01_60/en_31941101v010501p.pdf,high,mlx-community/Qwen3.6-27B-8bit,2026-08-23,deprecated,2026-08-24,"evidence_quote not present in the cited document (audit-maturity-evidence.py, 2026-08-24): extraction unsupported by source text"
ETSI-EN-319-411,ETSI EN 319 411-1 V1.5.1 (2025-04),Compliance Frameworks,International Frameworks,observability,3,certificates,Provide certificate status services (CRL/OCSP) to allow real-time verification of certificate validity and revocation status.,The TSP shall provide certificate status services... including CRL and OCSP... to allow verification of certificate validity and revocation status.,Section 6.3.10 / 6.8,https://www.etsi.org/deliver/etsi_en/319400_319499/31941101/01.05.01_60/en_31941101v010501p.pdf,high,mlx-community/Qwen3.6-27B-8bit,2026-08-23,deprecated,2026-08-24,"evidence_quote not present in the cited document (audit-maturity-evidence.py, 2026-08-24): extraction unsupported by source text"
ETSI-EN-319-411,ETSI EN 319 411-1 V1.5.1 (2025-04),Compliance Frameworks,International Frameworks,assurance,3,certificates,"Undergo regular compliance audits and assessments to verify adherence to the CPS, CP, and relevant standards.","The TSP shall undergo regular compliance audits... to verify adherence to the CPS, CP, and relevant standards.",Section 6.9,https://www.etsi.org/deliver/etsi_en/319400_319499/31941101/01.05.01_60/en_31941101v010501p.pdf,high,mlx-community/Qwen3.6-27B-8bit,2026-08-23,deprecated,2026-08-24,"evidence_quote not present in the cited document (audit-maturity-evidence.py, 2026-08-24): extraction unsupported by source text"
ETSI-EN-319-411,ETSI EN 319 411-1 V1.5.1 (2025-04),Compliance Frameworks,International Frameworks,observability,3,all,Maintain audit logs of all significant security events and certificate lifecycle operations for forensic analysis and accountability.,The TSP shall maintain audit logs... of all significant security events... and certificate lifecycle operations... for forensic analysis and accountability.,Section 6.4.4,https://www.etsi.org/deliver/etsi_en/319400_319499/31941101/01.05.01_60/en_31941101v010501p.pdf,high,mlx-community/Qwen3.6-27B-8bit,2026-08-23,deprecated,2026-08-24,"evidence_quote not present in the cited document (audit-maturity-evidence.py, 2026-08-24): extraction unsupported by source text"
ETSI-EN-319-411,ETSI EN 319 411-1 V1.5.1 (2025-04),Compliance Frameworks,International Frameworks,lifecycle,3,keys,"Implement key escrow and recovery procedures to ensure access to private keys in case of compromise or loss, while maintaining security.",The TSP shall implement key escrow and recovery procedures... to ensure access to private keys... in case of compromise or loss... while maintaining security.,Section 6.3.12,https://www.etsi.org/deliver/etsi_en/319400_319499/31941101/01.05.01_60/en_31941101v010501p.pdf,high,mlx-community/Qwen3.6-27B-8bit,2026-08-23,deprecated,2026-08-24,"evidence_quote not present in the cited document (audit-maturity-evidence.py, 2026-08-24): extraction unsupported by source text"
ETSI-EN-319-411,ETSI EN 319 411-1 V1.5.1 (2025-04),Compliance Frameworks,International Frameworks,governance,3,all,"Define and enforce physical, procedural, and personnel security controls to protect the trust service infrastructure.",The TSP shall define and enforce physical... procedural... and personnel security controls... to protect the trust service infrastructure.,Section 6.4,https://www.etsi.org/deliver/etsi_en/319400_319499/31941101/01.05.01_60/en_31941101v010501p.pdf,high,mlx-community/Qwen3.6-27B-8bit,2026-08-23,deprecated,2026-08-24,"evidence_quote not present in the cited document (audit-maturity-evidence.py, 2026-08-24): extraction unsupported by source text"
India-DST-Quantum-Safe-Roadmap-2026,India DST Task Force Report — Phased Roadmap for Migration to Post-Quantum Cryptography under NQM,Compliance Frameworks,Government & Policy,governance,2,all,"Establish a unified structure and minimum framework for defining standards, testing, and certification of quantum-safe products and solutions.","developing a unified structure and a minimum framework for defining standards, testing, and certification of quantum-safe products and solutions.",Preface / Page 1,https://dst.gov.in/sites/default/files/Report_TaskForce_PQMigration_4Feb26%20(v1).pdf,high,mlx-community/Qwen3.6-27B-8bit,2026-08-23,active,,
India-DST-Quantum-Safe-Roadmap-2026,India DST Task Force Report — Phased Roadmap for Migration to Post-Quantum Cryptography under NQM,Compliance Frameworks,Government & Policy,governance,2,all,Formulate guidelines for the phased transition to Post-Quantum Cryptography (PQC) to ensure coordinated national action.,"To oversee, facilitate and formulate guidelines for phased transition to PQC",Preface / Page 1,https://dst.gov.in/sites/default/files/Report_TaskForce_PQMigration_4Feb26%20(v1).pdf,high,mlx-community/Qwen3.6-27B-8bit,2026-08-23,active,,
India-DST-Quantum-Safe-Roadmap-2026,India DST Task Force Report — Phased Roadmap for Migration to Post-Quantum Cryptography under NQM,Compliance Frameworks,Government & Policy,governance,2,all,Adopt common PQC procurement requirements to standardize the acquisition of quantum-safe technologies.,adopting common PQC procurement requirements,Executive Summary / Page 3,https://dst.gov.in/sites/default/files/Report_TaskForce_PQMigration_4Feb26%20(v1).pdf,high,mlx-community/Qwen3.6-27B-8bit,2026-08-23,active,,
India-DST-Quantum-Safe-Roadmap-2026,India DST Task Force Report — Phased Roadmap for Migration to Post-Quantum Cryptography under NQM,Compliance Frameworks,Government & Policy,assurance,3,all,Establish a National PQC Testing & Certification Program to validate quantum-safe products and solutions.,establishing a National PQC Testing & Certification Program,Executive Summary / Page 3,https://dst.gov.in/sites/default/files/Report_TaskForce_PQMigration_4Feb26%20(v1).pdf,high,mlx-community/Qwen3.6-27B-8bit,2026-08-23,active,,
India-DST-Quantum-Safe-Roadmap-2026,India DST Task Force Report — Phased Roadmap for Migration to Post-Quantum Cryptography under NQM,Compliance Frameworks,Government & Policy,lifecycle,2,all,Launch PQC/hybrid solution pilots in high-priority systems as part of the phased migration roadmap.,launching PQC/hybrid solution pilots in high-priority systems,Executive Summary / Page 3,https://dst.gov.in/sites/default/files/Report_TaskForce_PQMigration_4Feb26%20(v1).pdf,high,mlx-community/Qwen3.6-27B-8bit,2026-08-23,active,,
India-DST-Quantum-Safe-Roadmap-2026,India DST Task Force Report — Phased Roadmap for Migration to Post-Quantum Cryptography under NQM,Compliance Frameworks,Government & Policy,lifecycle,2,all,Implement PQC across all systems following the completion of pilot phases and standardization.,implementing PQC across all systems,Executive Summary / Page 3,https://dst.gov.in/sites/default/files/Report_TaskForce_PQMigration_4Feb26%20(v1).pdf,high,mlx-community/Qwen3.6-27B-8bit,2026-08-23,active,,
India-DST-Quantum-Safe-Roadmap-2026,India DST Task Force Report — Phased Roadmap for Migration to Post-Quantum Cryptography under NQM,Compliance Frameworks,Government & Policy,lifecycle,2,certificates,Develop PQC-ready Public Key Infrastructure (PKI) systems to support the transition of digital identities.,developing PQC-ready PKI systems,Executive Summary / Page 3,https://dst.gov.in/sites/default/files/Report_TaskForce_PQMigration_4Feb26%20(v1).pdf,high,mlx-community/Qwen3.6-27B-8bit,2026-08-23,active,,
EU-NIS-CG-Roadmap-v1.1,EU NIS Cooperation Group — Coordinated Implementation Roadmap for PQC Transition v1.1,Compliance Frameworks,International Frameworks,governance,2,all,Establish mature cryptographic asset management to facilitate the transition to PQC and improve cryptographic agility.,It is recommended to ensure that the quantum threat becomes a part of risk management of all relevant entities and to establish mature cryptographic asset management to facilitate the transition to PQC and to improve cryptographic agility in general.,"Executive Summary, Page 2",https://ec.europa.eu/newsroom/dae/redirection/document/117507,medium,mlx-community/Qwen3.6-27B-8bit,2026-08-23,active,,
EU-NIS-CG-Roadmap-v1.1,EU NIS Cooperation Group — Coordinated Implementation Roadmap for PQC Transition v1.1,Compliance Frameworks,International Frameworks,governance,2,all,Initiate a national PQC transition strategy by the end of 2026 and coordinate efforts at the EU level.,"In particular, it is recommended that all Member States initiate a national PQC transition strategy following First Steps by the end of 2026 and coordinate their efforts at the EU level.","Executive Summary, Page 2",https://ec.europa.eu/newsroom/dae/redirection/document/117507,medium,mlx-community/Qwen3.6-27B-8bit,2026-08-23,active,,
EU-NIS-CG-Roadmap-v1.1,EU NIS Cooperation Group — Coordinated Implementation Roadmap for PQC Transition v1.1,Compliance Frameworks,International Frameworks,governance,2,all,Include the quantum threat as part of the risk management processes for all relevant entities.,It is recommended to ensure that the quantum threat becomes a part of risk management of all relevant entities...,"Executive Summary, Page 2",https://ec.europa.eu/newsroom/dae/redirection/document/117507,medium,mlx-community/Qwen3.6-27B-8bit,2026-08-23,active,,
EU-NIS-CG-Roadmap-v1.1,EU NIS Cooperation Group — Coordinated Implementation Roadmap for PQC Transition v1.1,Compliance Frameworks,International Frameworks,lifecycle,2,all,"Transition high-risk use cases to PQC as soon as possible, no later than the end of 2030.","At the same time, high-risk use cases should be transitioned to PQC as soon as possible, no later than the end of 2030.","Executive Summary, Page 2",https://ec.europa.eu/newsroom/dae/redirection/document/117507,medium,mlx-community/Qwen3.6-27B-8bit,2026-08-23,active,,
EU-NIS-CG-Roadmap-v1.1,EU NIS Cooperation Group — Coordinated Implementation Roadmap for PQC Transition v1.1,Compliance Frameworks,International Frameworks,lifecycle,2,all,Complete the PQC transition for as many systems as practically feasible by 2035.,"By 2035, the transition should be completed for as many systems as practically feasible.","Executive Summary, Page 2",https://ec.europa.eu/newsroom/dae/redirection/document/117507,medium,mlx-community/Qwen3.6-27B-8bit,2026-08-23,active,,
EU-NIS-CG-Roadmap-v1.1,EU NIS Cooperation Group — Coordinated Implementation Roadmap for PQC Transition v1.1,Compliance Frameworks,International Frameworks,lifecycle,2,all,Enable quantum-safe upgrades by default during the transition phase.,"Furthermore, quantum-safe upgrades should then be enabled by default and the PQC transition plans should be refined...","Executive Summary, Page 2",https://ec.europa.eu/newsroom/dae/redirection/document/117507,medium,mlx-community/Qwen3.6-27B-8bit,2026-08-23,active,,
EU-NIS-CG-Roadmap-v1.1,EU NIS Cooperation Group — Coordinated Implementation Roadmap for PQC Transition v1.1,Compliance Frameworks,International Frameworks,lifecycle,2,all,"Use standardized and tested hybrid solutions when migrating to post-quantum cryptographic solutions, whenever feasible.","When migrating to post-quantum cryptographic solutions, it is recommended to use standardised and tested hybrid solutions, whenever feasible and suitable.","Executive Summary, Page 2",https://ec.europa.eu/newsroom/dae/redirection/document/117507,medium,mlx-community/Qwen3.6-27B-8bit,2026-08-23,active,,
EU-NIS-CG-Roadmap-v1.1,EU NIS Cooperation Group — Coordinated Implementation Roadmap for PQC Transition v1.1,Compliance Frameworks,International Frameworks,inventory,2,all,Maintain a structured overview of cryptographic assets to support the PQC transition.,cryptographic inventory: A structured overview of cryptographic assets.,"Section 3.2 Definitions, Page 5",https://ec.europa.eu/newsroom/dae/redirection/document/117507,medium,mlx-community/Qwen3.6-27B-8bit,2026-08-23,active,,
G7-CEG-Financial-PQC-2026,G7 Cyber Expert Group — Advancing a Coordinated Approach to PQC Transition for the Financial Sector,Compliance Frameworks,International Frameworks,governance,2,all,Define key roles and establish executive-level risk awareness for post-quantum resilience strategy.,"Executive-level risk awareness and initial post-quantum resilience strategy, and defined key roles.","Page 3, Table: Key Migration Activities and Outcomes, Phase 1",https://home.treasury.gov/system/files/136/G7-CEG-Quantum-Roadmap.pdf,medium,mlx-community/Qwen3.6-27B-8bit,2026-08-23,active,,
G7-CEG-Financial-PQC-2026,G7 Cyber Expert Group — Advancing a Coordinated Approach to PQC Transition for the Financial Sector,Compliance Frameworks,International Frameworks,governance,2,all,"Adapt internal processes for capability building, governance, and risk management regarding PQC.","Adapted internal processes for capability building, governance and risk management.","Page 3, Table: Key Migration Activities and Outcomes, Phase 3",https://home.treasury.gov/system/files/136/G7-CEG-Quantum-Roadmap.pdf,medium,mlx-community/Qwen3.6-27B-8bit,2026-08-23,active,,
G7-CEG-Financial-PQC-2026,G7 Cyber Expert Group — Advancing a Coordinated Approach to PQC Transition for the Financial Sector,Compliance Frameworks,International Frameworks,governance,2,all,Embed quantum-resistant cryptography into existing organizational governance and oversight frameworks.,Embedding quantum-resistant cryptography into existing organizational governance and public oversight frameworks...,"Page 3, Continuous ongoing activities (1)",https://home.treasury.gov/system/files/136/G7-CEG-Quantum-Roadmap.pdf,medium,mlx-community/Qwen3.6-27B-8bit,2026-08-23,active,,
G7-CEG-Financial-PQC-2026,G7 Cyber Expert Group — Advancing a Coordinated Approach to PQC Transition for the Financial Sector,Compliance Frameworks,International Frameworks,inventory,2,all,"Create a comprehensive inventory of cryptographic assets, communication protocols, and third-party dependencies.","Comprehensive inventory of cryptographic assets, communication protocols, and relevant third-party dependencies.","Page 3, Table: Key Migration Activities and Outcomes, Phase 2",https://home.treasury.gov/system/files/136/G7-CEG-Quantum-Roadmap.pdf,medium,mlx-community/Qwen3.6-27B-8bit,2026-08-23,active,,
G7-CEG-Financial-PQC-2026,G7 Cyber Expert Group — Advancing a Coordinated Approach to PQC Transition for the Financial Sector,Compliance Frameworks,International Frameworks,inventory,2,all,"Map critical systems, functions, sensitive data, and communication protocols to assess exposure.","Mapped critical systems, functions, sensitive data, and communication protocols.","Page 3, Table: Key Migration Activities and Outcomes, Phase 2",https://home.treasury.gov/system/files/136/G7-CEG-Quantum-Roadmap.pdf,medium,mlx-community/Qwen3.6-27B-8bit,2026-08-23,active,,
G7-CEG-Financial-PQC-2026,G7 Cyber Expert Group — Advancing a Coordinated Approach to PQC Transition for the Financial Sector,Compliance Frameworks,International Frameworks,lifecycle,2,all,"Develop tailored migration plans for critical and less critical functions, including tools and standards.","Tailored migration plans for critical and less critical functions, including tools, standards and interoperability.","Page 3, Table: Key Migration Activities and Outcomes, Phase 3",https://home.treasury.gov/system/files/136/G7-CEG-Quantum-Roadmap.pdf,medium,mlx-community/Qwen3.6-27B-8bit,2026-08-23,active,,
G7-CEG-Financial-PQC-2026,G7 Cyber Expert Group — Advancing a Coordinated Approach to PQC Transition for the Financial Sector,Compliance Frameworks,International Frameworks,lifecycle,2,all,"Progressively deploy quantum-resistant solutions, starting with priority functions.","Quantum-resistant solutions progressively deployed, starting with priority functions.","Page 3, Table: Key Migration Activities and Outcomes, Phase 4",https://home.treasury.gov/system/files/136/G7-CEG-Quantum-Roadmap.pdf,medium,mlx-community/Qwen3.6-27B-8bit,2026-08-23,active,,
G7-CEG-Financial-PQC-2026,G7 Cyber Expert Group — Advancing a Coordinated Approach to PQC Transition for the Financial Sector,Compliance Frameworks,International Frameworks,lifecycle,2,all,Incorporate cryptographic agility goals into transition plans to adapt to emerging threats.,Organizations may also benefit from incorporating a goal of cryptographic agility in their transition plans...,"Page 3, Paragraph following table",https://home.treasury.gov/system/files/136/G7-CEG-Quantum-Roadmap.pdf,medium,mlx-community/Qwen3.6-27B-8bit,2026-08-23,active,,
G7-CEG-Financial-PQC-2026,G7 Cyber Expert Group — Advancing a Coordinated Approach to PQC Transition for the Financial Sector,Compliance Frameworks,International Frameworks,observability,2,all,Monitor migration progress and adapt transition pace based on the evolving quantum threat landscape.,Monitoring and/or oversight of migration progress. Transition pace adapted to evolving quantum threat landscape.,"Page 3, Table: Key Migration Activities and Outcomes, Phase 4/6",https://home.treasury.gov/system/files/136/G7-CEG-Quantum-Roadmap.pdf,medium,mlx-community/Qwen3.6-27B-8bit,2026-08-23,active,,
G7-CEG-Financial-PQC-2026,G7 Cyber Expert Group — Advancing a Coordinated Approach to PQC Transition for the Financial Sector,Compliance Frameworks,International Frameworks,observability,2,all,"Establish quantifiable metrics to track progress, demonstrate accountability, and enable recalibration.","establish quantifiable metrics to track progress, demonstrate accountability, and enable recalibration.","Page 2, Considerations: Standards-Based Approach",https://home.treasury.gov/system/files/136/G7-CEG-Quantum-Roadmap.pdf,medium,mlx-community/Qwen3.6-27B-8bit,2026-08-23,active,,
G7-CEG-Financial-PQC-2026,G7 Cyber Expert Group — Advancing a Coordinated Approach to PQC Transition for the Financial Sector,Compliance Frameworks,International Frameworks,assurance,2,all,Test migrated functions and perform ecosystem-oriented quantum-resilience exercises.,Migrated functions are tested. Ecosystem-oriented quantum-resilience exercises performed.,"Page 3, Table: Key Migration Activities and Outcomes, Phase 5/6",https://home.treasury.gov/system/files/136/G7-CEG-Quantum-Roadmap.pdf,medium,mlx-community/Qwen3.6-27B-8bit,2026-08-23,active,,
G7-CEG-Financial-PQC-2026,G7 Cyber Expert Group — Advancing a Coordinated Approach to PQC Transition for the Financial Sector,Compliance Frameworks,International Frameworks,assurance,2,all,Conduct continuous validation and ongoing improvement of quantum-resistant implementations.,Continuous validation and ongoing improvement.,"Page 3, Table: Key Migration Activities and Outcomes, Phase 6",https://home.treasury.gov/system/files/136/G7-CEG-Quantum-Roadmap.pdf,medium,mlx-community/Qwen3.6-27B-8bit,2026-08-23,active,,
PQCC-Migration-Roadmap-2025,Post-Quantum Cryptography Coalition (PQCC) PQC Migration Roadmap,Compliance Frameworks,International Frameworks,governance,2,all,Appoint a designated migration lead or team responsible for monitoring and progressing the organization's PQC migration efforts.,"When your organization decides to begin its PQC migration timeline, it should appoint an individual or team (a “migration lead”) to monitor and progress its PQC migration.",Activity 1.2: Assign a Lead to Manage PQC Migration,https://pqcc.org/post-quantum-cryptography-migration-roadmap/,medium,mlx-community/Qwen3.6-27B-8bit,2026-08-23,active,,
PQCC-Migration-Roadmap-2025,Post-Quantum Cryptography Coalition (PQCC) PQC Migration Roadmap,Compliance Frameworks,International Frameworks,governance,2,all,"Define the specific role, responsibilities, and expected outcomes for the appointed PQC migration lead.",Activity 1.2 Outcomes: Organization defines the role and outcomes expected from its migration lead.,Activity 1.2: Assign a Lead to Manage PQC Migration,https://pqcc.org/post-quantum-cryptography-migration-roadmap/,medium,mlx-community/Qwen3.6-27B-8bit,2026-08-23,active,,
PQCC-Migration-Roadmap-2025,Post-Quantum Cryptography Coalition (PQCC) PQC Migration Roadmap,Compliance Frameworks,International Frameworks,governance,2,all,Identify key stakeholders and develop a strategic communications plan to align leadership and stakeholders with PQC migration goals.,the migration lead should develop a communications plan specific to your organization which (1) identifies and aligns stakeholders and (2) communicates the process and need for PQC migration.,Activity 1.4: Identify Stakeholders and Develop Strategic Messaging,https://pqcc.org/post-quantum-cryptography-migration-roadmap/,medium,mlx-community/Qwen3.6-27B-8bit,2026-08-23,active,,
PQCC-Migration-Roadmap-2025,Post-Quantum Cryptography Coalition (PQCC) PQC Migration Roadmap,Compliance Frameworks,International Frameworks,inventory,2,all,"Evaluate and document existing inventories, risk assessments, and Cryptographic Bills of Materials (CBOMs) to establish a baseline understanding.","Your organization will want to check what inventories, risk assessments, and cryptographic bills of materials (CBOMs) it already has... document the location of the data and assets, who owns and operates them...",Activity 1.3: Identify Existing Inventory and Awareness,https://pqcc.org/post-quantum-cryptography-migration-roadmap/,medium,mlx-community/Qwen3.6-27B-8bit,2026-08-23,active,,
PQCC-Migration-Roadmap-2025,Post-Quantum Cryptography Coalition (PQCC) PQC Migration Roadmap,Compliance Frameworks,International Frameworks,inventory,2,all,"Build a comprehensive inventory of cryptographic assets, collecting and categorizing information on their location, ownership, and usage.",Activity 2.2: Build an Inventory for PQC Migration... Activity 2.2 b: Collect and Categorize Information on Cryptographic Assets,Category 2: Baseline Understanding,https://pqcc.org/post-quantum-cryptography-migration-roadmap/,medium,mlx-community/Qwen3.6-27B-8bit,2026-08-23,active,,
PQCC-Migration-Roadmap-2025,Post-Quantum Cryptography Coalition (PQCC) PQC Migration Roadmap,Compliance Frameworks,International Frameworks,inventory,2,all,"Prioritize critical assets for migration based on data sensitivity, shelf-life, and threat timelines.",Activity 2.3: Prioritize Critical Assets for Migration,Category 2: Baseline Understanding,https://pqcc.org/post-quantum-cryptography-migration-roadmap/,medium,mlx-community/Qwen3.6-27B-8bit,2026-08-23,active,,
PQCC-Migration-Roadmap-2025,Post-Quantum Cryptography Coalition (PQCC) PQC Migration Roadmap,Compliance Frameworks,International Frameworks,lifecycle,2,all,"Establish a migration plan and budget, identifying solutions through vendor engagement or internal development.",Activity 3.1: Set a Migration Plan and Budget... Activity 3.2: Identify Solutions,Category 3: Planning and Execution,https://pqcc.org/post-quantum-cryptography-migration-roadmap/,medium,mlx-community/Qwen3.6-27B-8bit,2026-08-23,active,,
PQCC-Migration-Roadmap-2025,Post-Quantum Cryptography Coalition (PQCC) PQC Migration Roadmap,Compliance Frameworks,International Frameworks,observability,2,all,Create measures to track PQC migration success and validate proper implementation against industry standards.,Activity 4.2: Create Measures to Track PQC Migration Success... Activity 4.1: Validate Proper Implementation,Category 4: Monitoring and Evaluation,https://pqcc.org/post-quantum-cryptography-migration-roadmap/,medium,mlx-community/Qwen3.6-27B-8bit,2026-08-23,active,,
PQCC-Migration-Roadmap-2025,Post-Quantum Cryptography Coalition (PQCC) PQC Migration Roadmap,Compliance Frameworks,International Frameworks,observability,2,all,Implement continuous monitoring and updating processes to reassess cryptographic security as quantum capabilities evolve.,Activity 4.4: Monitor and Update Continuously... formulates a process for reassessing cryptographic security as quantum capabilities evolve.,Category 4: Monitoring and Evaluation,https://pqcc.org/post-quantum-cryptography-migration-roadmap/,medium,mlx-community/Qwen3.6-27B-8bit,2026-08-23,active,,
UK-NCSC-PQC-Whitepaper-2024,NCSC White Paper — Next Steps in Preparing for Post-Quantum Cryptography,Compliance Frameworks,Government & Policy,governance,2,all,System and risk owners must begin financial planning for updating systems to use PQC.,Technical system and risk owners of both enterprise and bespoke IT should begin or continue financial planning for updating their systems to use PQC.,Implications of PQC migration for users and system owners,https://www.ncsc.gov.uk/whitepaper/next-steps-preparing-for-post-quantum-cryptography,medium,mlx-community/Qwen3.6-27B-8bit,2026-08-23,active,,
UK-NCSC-PQC-Whitepaper-2024,NCSC White Paper — Next Steps in Preparing for Post-Quantum Cryptography,Compliance Frameworks,Government & Policy,governance,2,software,Communicate with IT system suppliers regarding their plans for supporting PQC in products.,System owners of enterprise IT... should communicate with their IT system suppliers about their plans for supporting PQC in their products.,Implications of PQC migration for users and system owners,https://www.ncsc.gov.uk/whitepaper/next-steps-preparing-for-post-quantum-cryptography,medium,mlx-community/Qwen3.6-27B-8bit,2026-08-23,active,,
UK-NCSC-PQC-Whitepaper-2024,NCSC White Paper — Next Steps in Preparing for Post-Quantum Cryptography,Compliance Frameworks,Government & Policy,lifecycle,2,software,Ensure devices are updated to PQC when available by following guidance on keeping software up to date.,"To ensure devices are updated to PQC when it is available, system owners should ensure they follow the NCSC’s guidance on keeping devices and software up to date.",Implications of PQC migration for users and system owners,https://www.ncsc.gov.uk/whitepaper/next-steps-preparing-for-post-quantum-cryptography,medium,mlx-community/Qwen3.6-27B-8bit,2026-08-23,active,,
UK-NCSC-PQC-Whitepaper-2024,NCSC White Paper — Next Steps in Preparing for Post-Quantum Cryptography,Compliance Frameworks,Government & Policy,lifecycle,2,software,New IT must use PQC or be capable of being upgraded to PQC once robust implementations are available.,"As systems are updated in-service or replaced as they come to the end of their supported lifecycle, new IT should either use PQC or be capable of being upgraded to PQC once robust implementations based on final standards are available.",Implications of PQC migration for users and system owners,https://www.ncsc.gov.uk/whitepaper/next-steps-preparing-for-post-quantum-cryptography,medium,mlx-community/Qwen3.6-27B-8bit,2026-08-23,active,,
UK-NCSC-PQC-Whitepaper-2024,NCSC White Paper — Next Steps in Preparing for Post-Quantum Cryptography,Compliance Frameworks,Government & Policy,assurance,3,libraries,Operational systems must only use PQC based on robust implementations of final standards.,The NCSC recommends that operational systems only use PQC based on robust implementations of these final standards.,Towards PQC standardisation,https://www.ncsc.gov.uk/whitepaper/next-steps-preparing-for-post-quantum-cryptography,medium,mlx-community/Qwen3.6-27B-8bit,2026-08-23,active,,
UK-NCSC-PQC-Whitepaper-2024,NCSC White Paper — Next Steps in Preparing for Post-Quantum Cryptography,Compliance Frameworks,Government & Policy,assurance,3,software,"Operational systems must use protocol implementations based on RFCs, not Internet Drafts.","The NCSC strongly advises that operational systems should use protocol implementations based on RFCs, not on Internet Drafts.",Towards PQC standardisation,https://www.ncsc.gov.uk/whitepaper/next-steps-preparing-for-post-quantum-cryptography,medium,mlx-community/Qwen3.6-27B-8bit,2026-08-23,active,,
UK-NCSC-PQC-Whitepaper-2024,NCSC White Paper — Next Steps in Preparing for Post-Quantum Cryptography,Compliance Frameworks,Government & Policy,governance,2,keys,LMS and XMSS should only be used where state can be managed in a trusted manner for the key's lifetime.,LMS and XMSS should only be used in situations where it is possible to manage state in a trusted manner for the lifetime of the signing key.,Hash-based signatures,https://www.ncsc.gov.uk/whitepaper/next-steps-preparing-for-post-quantum-cryptography,medium,mlx-community/Qwen3.6-27B-8bit,2026-08-23,active,,
UK-NCSC-PQC-Whitepaper-2024,NCSC White Paper — Next Steps in Preparing for Post-Quantum Cryptography,Compliance Frameworks,Government & Policy,lifecycle,2,all,Use PQ/T hybrid schemes only as an interim measure within a framework enabling migration to PQC-only.,"If a PQ/T hybrid scheme is chosen, the NCSC recommends it is used as an interim measure, and it should be used within a flexible framework that enables a straightforward migration to PQC-only in the future.",Recommendations on PQ/T hybrid schemes,https://www.ncsc.gov.uk/whitepaper/next-steps-preparing-for-post-quantum-cryptography,medium,mlx-community/Qwen3.6-27B-8bit,2026-08-23,active,,
UK-NCSC-Migration-Timelines-2025,NCSC PQC Migration Timelines Guidance,Compliance Frameworks,Government & Policy,inventory,2,all,Carry out a full discovery exercise to assess the estate and identify services and infrastructure depending on cryptography that need upgrading to PQC.,Carry out a full discovery exercise (assessing your estate to understand which services and infrastructure that depend on cryptography need to be upgraded to PQC),Executive summary / By 2028,https://www.ncsc.gov.uk/guidance/pqc-migration-timelines,high,mlx-community/Qwen3.6-27B-8bit,2026-08-23,active,,
UK-NCSC-Migration-Timelines-2025,NCSC PQC Migration Timelines Guidance,Compliance Frameworks,Government & Policy,inventory,2,all,"Build a clear understanding of the current estate, including key services, data records, protection methods, and system mappings.",Any technical system migration needs to start with building a clear understanding of your current estate. This includes: identifying your key services and applications... forming a record of the data you hold... identifying how data is protected,Discovery and assessment,https://www.ncsc.gov.uk/guidance/pqc-migration-timelines,high,mlx-community/Qwen3.6-27B-8bit,2026-08-23,active,,
UK-NCSC-Migration-Timelines-2025,NCSC PQC Migration Timelines Guidance,Compliance Frameworks,Government & Policy,inventory,2,all,"Ensure processes exist for identifying and managing assets (software and hardware) effectively, including version information and patch levels.",ensure you have processes for identifying and managing your assets – software and hardware – effectively... capture version information and patch levels,Discovery and assessment,https://www.ncsc.gov.uk/guidance/pqc-migration-timelines,high,mlx-community/Qwen3.6-27B-8bit,2026-08-23,active,,
UK-NCSC-Migration-Timelines-2025,NCSC PQC Migration Timelines Guidance,Compliance Frameworks,Government & Policy,inventory,2,all,Identify dependencies between components of systems and services to determine migration complexity and provider responsibilities.,You should also identify dependencies between components of your systems and services. This should enable you to identify where the migration challenge will be reasonably simple to solve,Discovery and assessment,https://www.ncsc.gov.uk/guidance/pqc-migration-timelines,high,mlx-community/Qwen3.6-27B-8bit,2026-08-23,active,,
UK-NCSC-Migration-Timelines-2025,NCSC PQC Migration Timelines Guidance,Compliance Frameworks,Government & Policy,governance,2,all,"Define migration goals and build an initial plan for migration by 2028, considering sector-specific risks and regulatory requirements.","By 2028 Define your migration goals... Build an initial plan for migration... You will have sector- and business-specific risks and drivers that will influence these, and in many cases you will need to meet regulatory requirements.",Executive summary / Defining migration goals,https://www.ncsc.gov.uk/guidance/pqc-migration-timelines,high,mlx-community/Qwen3.6-27B-8bit,2026-08-23,active,,
UK-NCSC-Migration-Timelines-2025,NCSC PQC Migration Timelines Guidance,Compliance Frameworks,Government & Policy,governance,2,all,Refine the migration plan into a thorough roadmap for completing migration by 2031.,By 2031... Refine your plan so that you have a thorough roadmap for completing migration,Executive summary,https://www.ncsc.gov.uk/guidance/pqc-migration-timelines,high,mlx-community/Qwen3.6-27B-8bit,2026-08-23,active,,
UK-NCSC-Migration-Timelines-2025,NCSC PQC Migration Timelines Guidance,Compliance Frameworks,Government & Policy,lifecycle,2,all,"Complete migration to PQC of all systems, services, and products by 2035.","By 2035 Complete migration to PQC of all your systems, services and products",Executive summary,https://www.ncsc.gov.uk/guidance/pqc-migration-timelines,high,mlx-community/Qwen3.6-27B-8bit,2026-08-23,active,,
UK-NCSC-Migration-Timelines-2025,NCSC PQC Migration Timelines Guidance,Compliance Frameworks,Government & Policy,lifecycle,2,all,"Develop a migration plan with timelines for each step, including research, procurement, testing, and rollout, accounting for business continuity.","Your migration plan should include timelines for each of these. The steps could include researching available technology options, procurement, commissioning, testing... Your plan should also account for business continuity",Developing your migration plan,https://www.ncsc.gov.uk/guidance/pqc-migration-timelines,high,mlx-community/Qwen3.6-27B-8bit,2026-08-23,active,,
UK-NCSC-Migration-Timelines-2025,NCSC PQC Migration Timelines Guidance,Compliance Frameworks,Government & Policy,lifecycle,2,all,"Select a migration strategy (in-place, re-platform, retire, run until EOL, or tolerate risk) for each system, service, or product.","You will need to decide on an approach for the migration of each system, service or product that you are responsible for... In-place migration... Re-platform... Retire the service... Run until end-of-life... Tolerate the risk",Migration strategy selection,https://www.ncsc.gov.uk/guidance/pqc-migration-timelines,high,mlx-community/Qwen3.6-27B-8bit,2026-08-23,active,,
UK-NCSC-Migration-Timelines-2025,NCSC PQC Migration Timelines Guidance,Compliance Frameworks,Government & Policy,lifecycle,2,all,"Ensure cryptographic agility to support co-existence of traditional PKC and PQC during migration, and define criteria for ending support for traditional algorithms.",You should therefore seek solutions that offer cryptographic agility... and you should identify the criteria you will use to determine when to end support for the traditional algorithms.,Developing your migration plan,https://www.ncsc.gov.uk/guidance/pqc-migration-timelines,high,mlx-community/Qwen3.6-27B-8bit,2026-08-23,active,,
UK-NCSC-Migration-Timelines-2025,NCSC PQC Migration Timelines Guidance,Compliance Frameworks,Government & Policy,governance,2,all,"Ensure managed service providers carry out assessment activities for all services they provide, as they likely deliver most IT capability.","For many organisations, managed service providers are likely to deliver most of your IT capability, in which case it is important to ensure that they are also carrying out these assessment activities for all the services that they provide.",Discovery and assessment,https://www.ncsc.gov.uk/guidance/pqc-migration-timelines,high,mlx-community/Qwen3.6-27B-8bit,2026-08-23,active,,
UK-NCSC-Migration-Timelines-2025,NCSC PQC Migration Timelines Guidance,Compliance Frameworks,Government & Policy,lifecycle,2,certificates,"Assess security implications of enterprise PKI migration approaches on a case-by-case basis, considering parallel PKI or cross-signing models.","You will need to assess the security implications of your chosen approach on a case-by-case basis... The simplest is a new parallel enterprise PKI... Alternatively, you may wish to consider the introduction of a new PQC root-of-trust that cross-signs the old one",PQC migration for enterprise PKI,https://www.ncsc.gov.uk/guidance/pqc-migration-timelines,high,mlx-community/Qwen3.6-27B-8bit,2026-08-23,active,,
US-NSA-CNSA-2.0-2022,NSA Commercial National Security Algorithm Suite 2.0 (CNSA 2.0),Compliance Frameworks,Government & Policy,governance,3,all,Enforce mandatory use of NSA-approved algorithms; prohibit unapproved algorithms without specific waiver.,"Using any cryptographic algorithms the National Manager did not approve is generally not allowed, and requires a waiver specific to the algorithm, implementation, and use case.",Executive summary,https://media.defense.gov/2025/May/30/2003728741/-1/-1/0/CSA_CNSA_2.0_ALGORITHMS.PDF,high,mlx-community/Qwen3.6-27B-8bit,2026-08-23,active,,
US-NSA-CNSA-2.0-2022,NSA Commercial National Security Algorithm Suite 2.0 (CNSA 2.0),Compliance Frameworks,Government & Policy,governance,3,software,Require NIAP or NSA validation for all software and hardware providing cryptographic services.,"In accordance with CNSSP 11, software and hardware providing cryptographic services require National Information Assurance Partnership (NIAP) or NSA validation in addition to meeting the requirements of the appropriate version of CNSA.",Executive summary,https://media.defense.gov/2025/May/30/2003728741/-1/-1/0/CSA_CNSA_2.0_ALGORITHMS.PDF,high,mlx-community/Qwen3.6-27B-8bit,2026-08-23,active,,
US-NSA-CNSA-2.0-2022,NSA Commercial National Security Algorithm Suite 2.0 (CNSA 2.0),Compliance Frameworks,Government & Policy,lifecycle,3,software,Transition all deployed software and firmware to CNSA 2.0-compliant signatures by 2030.,Transitioning all deployed software and firmware to CNSA 2.0-compliant signatures by 2030.,Timing for software signing and firmware signing,https://media.defense.gov/2025/May/30/2003728741/-1/-1/0/CSA_CNSA_2.0_ALGORITHMS.PDF,high,mlx-community/Qwen3.6-27B-8bit,2026-08-23,active,,
US-NSA-CNSA-2.0-2022,NSA Commercial National Security Algorithm Suite 2.0 (CNSA 2.0),Compliance Frameworks,Government & Policy,lifecycle,3,software,New software and firmware must use CNSA 2.0 signing algorithms by 2025.,New software and firmware use CNSA 2.0 signing algorithms by 2025.,Timing for software signing and firmware signing,https://media.defense.gov/2025/May/30/2003728741/-1/-1/0/CSA_CNSA_2.0_ALGORITHMS.PDF,high,mlx-community/Qwen3.6-27B-8bit,2026-08-23,active,,
US-NSA-CNSA-2.0-2022,NSA Commercial National Security Algorithm Suite 2.0 (CNSA 2.0),Compliance Frameworks,Government & Policy,lifecycle,3,software,"Exclusively use CNSA 2.0 algorithms for web browsers, servers, and cloud services by 2033.","Web browsers/servers and cloud services: support and prefer CNSA 2.0 by 2025, and exclusively1 use CNSA 2.0 by 2033.",Other requirements for NSS,https://media.defense.gov/2025/May/30/2003728741/-1/-1/0/CSA_CNSA_2.0_ALGORITHMS.PDF,high,mlx-community/Qwen3.6-27B-8bit,2026-08-23,active,,
US-NSA-CNSA-2.0-2022,NSA Commercial National Security Algorithm Suite 2.0 (CNSA 2.0),Compliance Frameworks,Government & Policy,lifecycle,3,software,Exclusively use CNSA 2.0 algorithms for traditional networking equipment by 2030.,"Traditional networking equipment (e.g., virtual private networks, routers): support and prefer CNSA 2.0 by 2026, and exclusively use CNSA 2.0 by 2030.",Other requirements for NSS,https://media.defense.gov/2025/May/30/2003728741/-1/-1/0/CSA_CNSA_2.0_ALGORITHMS.PDF,high,mlx-community/Qwen3.6-27B-8bit,2026-08-23,active,,
US-NSA-CNSA-2.0-2022,NSA Commercial National Security Algorithm Suite 2.0 (CNSA 2.0),Compliance Frameworks,Government & Policy,lifecycle,3,software,Exclusively use CNSA 2.0 algorithms for operating systems by 2033.,"Operating systems: support and prefer CNSA 2.0 by 2027, and exclusively use CNSA 2.0 by 2033.",Other requirements for NSS,https://media.defense.gov/2025/May/30/2003728741/-1/-1/0/CSA_CNSA_2.0_ALGORITHMS.PDF,high,mlx-community/Qwen3.6-27B-8bit,2026-08-23,active,,
US-NSA-CNSA-2.0-2022,NSA Commercial National Security Algorithm Suite 2.0 (CNSA 2.0),Compliance Frameworks,Government & Policy,lifecycle,3,software,Update or replace custom applications and legacy equipment by 2033.,Custom applications and legacy equipment: update or replace by 2033.,Other requirements for NSS,https://media.defense.gov/2025/May/30/2003728741/-1/-1/0/CSA_CNSA_2.0_ALGORITHMS.PDF,high,mlx-community/Qwen3.6-27B-8bit,2026-08-23,active,,
US-NSA-CNSA-2.0-2022,NSA Commercial National Security Algorithm Suite 2.0 (CNSA 2.0),Compliance Frameworks,Government & Policy,lifecycle,3,all,Complete transition to QR algorithms for NSS by 2035.,NSA expects the transition to QR algorithms for NSS to be complete by 2035 in line with NSM-10.,Timing,https://media.defense.gov/2025/May/30/2003728741/-1/-1/0/CSA_CNSA_2.0_ALGORITHMS.PDF,high,mlx-community/Qwen3.6-27B-8bit,2026-08-23,active,,
US-NSA-CNSA-2.0-2022,NSA Commercial National Security Algorithm Suite 2.0 (CNSA 2.0),Compliance Frameworks,Government & Policy,lifecycle,3,all,Require waiver and compliance plan for legacy equipment not refreshed regularly.,"At that point, legacy equipment and software not refreshed regularly will require a waiver and a plan to bring it into compliance.",Timing,https://media.defense.gov/2025/May/30/2003728741/-1/-1/0/CSA_CNSA_2.0_ALGORITHMS.PDF,high,mlx-community/Qwen3.6-27B-8bit,2026-08-23,active,,
US-NSA-CNSA-2.0-2022,NSA Commercial National Security Algorithm Suite 2.0 (CNSA 2.0),Compliance Frameworks,Government & Policy,observability,3,all,Report progress in updating to CNSA 1.0 and CNSA 2.0 as part of NSM-8 and NSM-10 responsibilities.,NSS owners and operators must report on their progress in updating to CNSA 1.0 and CNSA 2.0 as part of their responsibilities under NSM-8 and NSM-10.,Enforcement,https://media.defense.gov/2025/May/30/2003728741/-1/-1/0/CSA_CNSA_2.0_ALGORITHMS.PDF,high,mlx-community/Qwen3.6-27B-8bit,2026-08-23,active,,
US-NSA-CNSA-2.0-2022,NSA Commercial National Security Algorithm Suite 2.0 (CNSA 2.0),Compliance Frameworks,Government & Policy,assurance,3,all,Measure compliance with CNSA 2.0 as part of the Risk Management Framework (RMF) process.,Approving Officials (AOs) should measure compliance as part of the Risk Management Framework (RMF) process when assessing Security Control 12 (SC-12).,Enforcement,https://media.defense.gov/2025/May/30/2003728741/-1/-1/0/CSA_CNSA_2.0_ALGORITHMS.PDF,high,mlx-community/Qwen3.6-27B-8bit,2026-08-23,active,,
US-NSA-CNSA-2.0-2022,NSA Commercial National Security Algorithm Suite 2.0 (CNSA 2.0),Compliance Frameworks,Government & Policy,assurance,3,software,Verify compliance with CNSA 2.0 for software- and firmware-signing on systems.,"Furthermore, AOs will need to verify compliance with CNSA 2.0 for software- and firmware-signing on their systems.",Enforcement,https://media.defense.gov/2025/May/30/2003728741/-1/-1/0/CSA_CNSA_2.0_ALGORITHMS.PDF,high,mlx-community/Qwen3.6-27B-8bit,2026-08-23,active,,
US-NSA-CNSA-2.0-2022,NSA Commercial National Security Algorithm Suite 2.0 (CNSA 2.0),Compliance Frameworks,Government & Policy,assurance,3,all,Ensure solutions are NSA-approved rather than just FIPS-validated for NSS assessment.,"NSS should not be assessed against “FIPS-validated” in the RMF process; instead, solutions must be NSA-approved.",Enforcement,https://media.defense.gov/2025/May/30/2003728741/-1/-1/0/CSA_CNSA_2.0_ALGORITHMS.PDF,high,mlx-community/Qwen3.6-27B-8bit,2026-08-23,active,,
IN-TEC-PQC-Migration-Report-2025,India TEC Technical Report TEC 910018:2025 — Migration to Post-Quantum Cryptography,Compliance Frameworks,Government & Policy,governance,2,all,"Identify critical digital infrastructure, data, and applications affected by quantum threats to enable proactive investment and migration planning.",The purpose of the report is to sensitize the organizations to identify their critical digital infrastructures including data and applications which will be affected due to sudden deployment of cryptographically relevant quantum computers... and create sufficient executive awareness so as to pave way for proactive investments,Executive Summary,https://www.tec.gov.in/pdf/TR/Final%20technical%20report%20on%20migration%20to%20PQC%2028-03-25.pdf,medium,mlx-community/Qwen3.6-27B-8bit,2026-08-23,active,,
IN-TEC-PQC-Migration-Report-2025,India TEC Technical Report TEC 910018:2025 — Migration to Post-Quantum Cryptography,Compliance Frameworks,Government & Policy,governance,2,all,Conduct risk assessments to evaluate quantum readiness and define post-quantum requirements for vendors and OEMs.,4.1.3 Risk Assessment ... 4.3.2 Conduct a Risk Assessment ... 4.3.3 Define Post Quantum Requirements,Table of Contents / Chapter 4,https://www.tec.gov.in/pdf/TR/Final%20technical%20report%20on%20migration%20to%20PQC%2028-03-25.pdf,medium,mlx-community/Qwen3.6-27B-8bit,2026-08-23,deprecated,2026-08-24,"evidence_quote not present in the cited document (audit-maturity-evidence.py, 2026-08-24): extraction unsupported by source text"
IN-TEC-PQC-Migration-Report-2025,India TEC Technical Report TEC 910018:2025 — Migration to Post-Quantum Cryptography,Compliance Frameworks,Government & Policy,inventory,2,all,"Identify critical digital infrastructure, data, and applications that will be affected by the deployment of cryptographically relevant quantum computers.",sensitize the organizations to identify their critical digital infrastructures including data and applications which will be affected due to sudden deployment of cryptographically relevant quantum computers,Executive Summary,https://www.tec.gov.in/pdf/TR/Final%20technical%20report%20on%20migration%20to%20PQC%2028-03-25.pdf,medium,mlx-community/Qwen3.6-27B-8bit,2026-08-23,active,,
IN-TEC-PQC-Migration-Report-2025,India TEC Technical Report TEC 910018:2025 — Migration to Post-Quantum Cryptography,Compliance Frameworks,Government & Policy,lifecycle,2,all,Prepare a migration plan to transition from current cryptographic standards to quantum-safe cryptography before quantum computers break existing encryption.,there is an immediate and urgent need for organizations to prepare for dealing with the quantum threat by identifying their critical digital infrastructure... and be ready for a smooth transition to quantum safe cryptography,Executive Summary,https://www.tec.gov.in/pdf/TR/Final%20technical%20report%20on%20migration%20to%20PQC%2028-03-25.pdf,medium,mlx-community/Qwen3.6-27B-8bit,2026-08-23,active,,
IN-TEC-PQC-Migration-Report-2025,India TEC Technical Report TEC 910018:2025 — Migration to Post-Quantum Cryptography,Compliance Frameworks,Government & Policy,lifecycle,2,all,Implement hybrid solutions during migration to mitigate short-term risks and ensure trust management while transitioning to PQC.,3.4 Trust management during migration _Hybrid Solution approach ... 4.3.8. Mitigate Short-Term Risks with Hybrid Solutions,Table of Contents / Chapter 3 & 4,https://www.tec.gov.in/pdf/TR/Final%20technical%20report%20on%20migration%20to%20PQC%2028-03-25.pdf,medium,mlx-community/Qwen3.6-27B-8bit,2026-08-23,active,,
IN-TEC-PQC-Migration-Report-2025,India TEC Technical Report TEC 910018:2025 — Migration to Post-Quantum Cryptography,Compliance Frameworks,Government & Policy,assurance,2,all,"Validate PQC implementation through proof of concept, pilots, and testing to ensure effectiveness against quantum threats.",4.1.4 Validation ... 4.3.6 Request Proof of Concept (PoC) or Pilots ... 4.3.10. Test and Validate the Implementation,Table of Contents / Chapter 4,https://www.tec.gov.in/pdf/TR/Final%20technical%20report%20on%20migration%20to%20PQC%2028-03-25.pdf,medium,mlx-community/Qwen3.6-27B-8bit,2026-08-23,active,,
DoD-CIO-PQC-Memo-2025,DoD CIO Memorandum — Preparing for Migration to Post Quantum Cryptography,Compliance Frameworks,Government & Policy,governance,3,all,"Identify and report PQC migration leads for every Component and subordinate organization within 20 days, maintaining annual updated lists.",contact information for PQC migration leads in each subordinate organization... must be collected... within 20 days... Each DoW Component will maintain lists... and provide an updated list... annually.,"Page 1, Paragraph 3",https://dodcio.defense.gov/Portals/0/Documents/Library/PreparingForMigrationPQC.pdf,high,mlx-community/Qwen3.6-27B-8bit,2026-08-23,active,,
DoD-CIO-PQC-Memo-2025,DoD CIO Memorandum — Preparing for Migration to Post Quantum Cryptography,Compliance Frameworks,Government & Policy,governance,3,all,"Submit test plans, results, and risk mitigations to DoD CIO PQC Directorate immediately for review before any PQC engagement or acquisition.","DoW Components... must submit relevant artifacts (i.e., test plans, test results, acquisition artifacts, risk mitigations, etc.) to my office immediately.","Page 1, Paragraph 4",https://dodcio.defense.gov/Portals/0/Documents/Library/PreparingForMigrationPQC.pdf,high,mlx-community/Qwen3.6-27B-8bit,2026-08-23,active,,
DoD-CIO-PQC-Memo-2025,DoD CIO Memorandum — Preparing for Migration to Post Quantum Cryptography,Compliance Frameworks,Government & Policy,governance,3,all,"Obtain cryptographic intake approval from DoD CIO PQC Director before testing, evaluating, piloting, or acquiring any PQC-related technology.","Obtain cryptographic intake approval, as issued by Director, DoW CIO PQC, before testing, evaluating, piloting, investing in, using, or acquire any PQC-enabling or PQC-related technology","Attachment, Section 1d",https://dodcio.defense.gov/Portals/0/Documents/Library/PreparingForMigrationPQC.pdf,high,mlx-community/Qwen3.6-27B-8bit,2026-08-23,active,,
DoD-CIO-PQC-Memo-2025,DoD CIO Memorandum — Preparing for Migration to Post Quantum Cryptography,Compliance Frameworks,Government & Policy,governance,3,all,Obtain cryptographic deployment approval from DoD CIO PQC Director before deploying any PQC-enabling or PQC-related technology.,"Obtain cryptographic deployment approval, as issued by Director, DoW CIO PQC... before deployment of any PQC-enabling or PQC-related technology","Attachment, Section 1e",https://dodcio.defense.gov/Portals/0/Documents/Library/PreparingForMigrationPQC.pdf,high,mlx-community/Qwen3.6-27B-8bit,2026-08-23,active,,
DoD-CIO-PQC-Memo-2025,DoD CIO Memorandum — Preparing for Migration to Post Quantum Cryptography,Compliance Frameworks,Government & Policy,governance,3,all,"Immediately cease tests, pilots, or use of PQC technology if security issues are identified by the DoD CIO PQC Director.","Cease tests, pilots, functional or performance evaluations, investment, acquisition, obligation, or use of the technology immediately if security issues are identified by the Director, DoW CIO PQC","Attachment, Section 1f",https://dodcio.defense.gov/Portals/0/Documents/Library/PreparingForMigrationPQC.pdf,high,mlx-community/Qwen3.6-27B-8bit,2026-08-23,active,,
DoD-CIO-PQC-Memo-2025,DoD CIO Memorandum — Preparing for Migration to Post Quantum Cryptography,Compliance Frameworks,Government & Policy,inventory,3,all,"Identify, inventory, and report all cryptography used in any DoD information system, regardless of classification, location, or type.","it is imperative to identify and inventory any type of cryptography used in all DoW information systems... DoW CIO will be releasing a DoW-wide task to identify, inventory, and report all cryptography","Page 1, Paragraph 2",https://dodcio.defense.gov/Portals/0/Documents/Library/PreparingForMigrationPQC.pdf,high,mlx-community/Qwen3.6-27B-8bit,2026-08-23,active,,
DoD-CIO-PQC-Memo-2025,DoD CIO Memorandum — Preparing for Migration to Post Quantum Cryptography,Compliance Frameworks,Government & Policy,lifecycle,3,keys,"Phase out and replace cryptographic pre-shared keys (PSK) not provisioned through NSA KMI with NIST-approved asymmetric PQC algorithms by Dec 31, 2030.","Use of cryptographic pre-shared keys (PSK)... will be phased out and replaced with solutions using NIST-approved... asymmetric PQC algorithms for key establishment no later than December 31, 2030","Attachment, Section 3a",https://dodcio.defense.gov/Portals/0/Documents/Library/PreparingForMigrationPQC.pdf,high,mlx-community/Qwen3.6-27B-8bit,2026-08-23,active,,
DoD-CIO-PQC-Memo-2025,DoD CIO Memorandum — Preparing for Migration to Post Quantum Cryptography,Compliance Frameworks,Government & Policy,lifecycle,3,keys,"Phase out and replace symmetric key establishment, agreement, and distribution protocols by Dec 31, 2030 (or 2031 for NSA CSfC registered solutions).","Symmetric key establishment protocols... shall be phased out and replaced no later than December 31, 2030 (or no later than December 31, 2031, for solutions currently registered with NSA CSfC)","Attachment, Section 3b",https://dodcio.defense.gov/Portals/0/Documents/Library/PreparingForMigrationPQC.pdf,high,mlx-community/Qwen3.6-27B-8bit,2026-08-23,active,,
DoD-CIO-PQC-Memo-2025,DoD CIO Memorandum — Preparing for Migration to Post Quantum Cryptography,Compliance Frameworks,Government & Policy,lifecycle,3,software,"Do not test, pilot, use, or procure commercial PSK-based solutions for quantum resistance effective immediately.","Additionally, DoW Components will not test, pilot, use, or procure commercial PSK-based solutions for quantum resistance effective immediately.","Attachment, Section 3a",https://dodcio.defense.gov/Portals/0/Documents/Library/PreparingForMigrationPQC.pdf,high,mlx-community/Qwen3.6-27B-8bit,2026-08-23,active,,
DoD-CIO-PQC-Memo-2025,DoD CIO Memorandum — Preparing for Migration to Post Quantum Cryptography,Compliance Frameworks,Government & Policy,lifecycle,3,software,"Do not test, pilot, use, or procure commercial symmetric key establishment, agreement, or distribution protocols for quantum resistance effective immediately.","Additionally, DoW Components will not test, pilot, use, or procure commercial solutions of this type... for quantum resistance effective immediately.","Attachment, Section 3b",https://dodcio.defense.gov/Portals/0/Documents/Library/PreparingForMigrationPQC.pdf,high,mlx-community/Qwen3.6-27B-8bit,2026-08-23,active,,
DoD-CIO-PQC-Memo-2025,DoD CIO Memorandum — Preparing for Migration to Post Quantum Cryptography,Compliance Frameworks,Government & Policy,assurance,3,all,"Do not use Quantum Confidentiality or Keying Technologies (e.g., QKD) for confidentiality, authenticity, or integrity unless an exception is granted.","DoW Components will not test, evaluate, pilot, use, or procure the following technologies... Quantum Confidentiality or Keying Technologies... shall not be used unless provided exception","Attachment, Section 2a",https://dodcio.defense.gov/Portals/0/Documents/Library/PreparingForMigrationPQC.pdf,high,mlx-community/Qwen3.6-27B-8bit,2026-08-23,active,,
GSA-PQC-Buyers-Guide-2025,GSA Post-Quantum Cryptography Buyer's Guide,Compliance Frameworks,Government & Policy,inventory,3,all,"Submit comprehensive, centralized inventory of CRQC-vulnerable systems, applications, databases, and cryptographic assets to ONCD and CISA via CyberScope.","NSM-10 required agencies to submit a comprehensive, centralized inventory of all systems, applications, databases, and other cryptographic assets that are CRQC-vulnerable to the Office of the National Cybersecurity Director (ONCD) and the Department of Homeland Security (DHS) Cybersecurity and Infrastructure Security Agency (CISA).",Section 6.1,https://buy.gsa.gov/api/system/files/documents/final-508c-pqc_buyer-s_guide_2025.pdf,high,mlx-community/Qwen3.6-27B-8bit,2026-08-23,active,,
GSA-PQC-Buyers-Guide-2025,GSA Post-Quantum Cryptography Buyer's Guide,Compliance Frameworks,Government & Policy,inventory,3,all,"Include in inventory high-impact systems, High Value Assets, systems with data sensitive until 2035, and asymmetric encryption-based access controls.","These initial inventories were due May 4, 2023 and expected to include all of the following... High impact information systems... High Value Assets (HVAs)... Contain data expected to remain mission-sensitive in 2035... logical access control systems based in asymmetric encryption",Section 6.1,https://buy.gsa.gov/api/system/files/documents/final-508c-pqc_buyer-s_guide_2025.pdf,high,mlx-community/Qwen3.6-27B-8bit,2026-08-23,active,,
GSA-PQC-Buyers-Guide-2025,GSA Post-Quantum Cryptography Buyer's Guide,Compliance Frameworks,Government & Policy,inventory,3,all,"Document lifecycle characteristics of data, including types, protection duration, and systems unable to migrate quickly to PQC.",agencies were asked to provide additional details: Lifecycle characteristics of the data contained in the system... Systems that may not be able to migrate to PQC as soon as possible,Section 6.1,https://buy.gsa.gov/api/system/files/documents/final-508c-pqc_buyer-s_guide_2025.pdf,high,mlx-community/Qwen3.6-27B-8bit,2026-08-23,active,,
GSA-PQC-Buyers-Guide-2025,GSA Post-Quantum Cryptography Buyer's Guide,Compliance Frameworks,Government & Policy,inventory,3,all,Submit annual updates of the cryptographic inventory and associated funding assessments for PQC migration.,Both the inventory and funding assessments are due annually following the initial submission.,Section 6.1,https://buy.gsa.gov/api/system/files/documents/final-508c-pqc_buyer-s_guide_2025.pdf,high,mlx-community/Qwen3.6-27B-8bit,2026-08-23,active,,
GSA-PQC-Buyers-Guide-2025,GSA Post-Quantum Cryptography Buyer's Guide,Compliance Frameworks,Government & Policy,lifecycle,2,all,Develop a timeline and plan to transition from quantum-vulnerable cryptography to quantum-resistant standards as mandated by NSM-10.,National Security Memorandum (NSM)-10... outlines requirements for agencies to assess all uses of vulnerable cryptography in unclassified systems and develop a timeline to transition to quantum-resistant cryptography.,Section 5,https://buy.gsa.gov/api/system/files/documents/final-508c-pqc_buyer-s_guide_2025.pdf,high,mlx-community/Qwen3.6-27B-8bit,2026-08-23,active,,
GSA-PQC-Buyers-Guide-2025,GSA Post-Quantum Cryptography Buyer's Guide,Compliance Frameworks,Government & Policy,lifecycle,2,all,"Develop new standards, tools, and best practices for complying with PQC criteria, including evaluation of software security and supplier practices.","agencies must develop new standards, tools, and best practices for complying with criteria for PQC standards and procedures for cybersecurity... include criteria used to evaluate software security, evaluate security practices of the developers and suppliers",Section 5,https://buy.gsa.gov/api/system/files/documents/final-508c-pqc_buyer-s_guide_2025.pdf,high,mlx-community/Qwen3.6-27B-8bit,2026-08-23,active,,
GSA-PQC-Buyers-Guide-2025,GSA Post-Quantum Cryptography Buyer's Guide,Compliance Frameworks,Government & Policy,assurance,2,all,Identify tools or methods to demonstrate conformance with secure encryption practices and PQC standards.,identify tools or methods to demonstrate conformance with secure encryption practices.,Section 5,https://buy.gsa.gov/api/system/files/documents/final-508c-pqc_buyer-s_guide_2025.pdf,high,mlx-community/Qwen3.6-27B-8bit,2026-08-23,active,,
NIST SP 800-88,Guidelines for Media Sanitization (Rev. 2),Compliance Frameworks,Government & Policy,governance,2,all,"Establish a media sanitization program with defined roles and responsibilities for program managers, CIOs, and system owners to ensure proper sanitization and disposal.",This guide will assist organizations and system owners in setting up a media sanitization program with proper and applicable techniques and controls for sanitization and disposal based on the sensitivity of their information.,Abstract,https://nvlpubs.nist.gov/nistpubs/SpecialPublications/NIST.SP.800-88r2.pdf,high,mlx-community/Qwen3.6-27B-8bit,2026-08-23,active,,
NIST SP 800-88,Guidelines for Media Sanitization (Rev. 2),Compliance Frameworks,Government & Policy,governance,2,all,"Define specific roles and responsibilities for media sanitization, including Program Managers, CIOs, Information System Owners, and Security Officers.",4.7.1. Program Managers/Agency Heads ... 4.7.2. Chief Information Officer (CIO) ... 4.7.3. Information System Owner ... 4.7.6. System Security Manager/Officer,Table of Contents / Section 4.7,https://nvlpubs.nist.gov/nistpubs/SpecialPublications/NIST.SP.800-88r2.pdf,high,mlx-community/Qwen3.6-27B-8bit,2026-08-23,active,,
NIST SP 800-88,Guidelines for Media Sanitization (Rev. 2),Compliance Frameworks,Government & Policy,lifecycle,2,all,Make sanitization and disposal decisions based on the security categorization of the information and the sensitivity of the data stored on the media.,Media disposition and sanitization decisions need to consider the confidentiality obligations associated with recording or storing sensitive information on hard copy media or information storage media (ISM).,Executive Summary,https://nvlpubs.nist.gov/nistpubs/SpecialPublications/NIST.SP.800-88r2.pdf,high,mlx-community/Qwen3.6-27B-8bit,2026-08-23,active,,
NIST SP 800-88,Guidelines for Media Sanitization (Rev. 2),Compliance Frameworks,Government & Policy,lifecycle,2,keys,Sanitize cryptographic keys used for cryptographic erase to ensure data confidentiality is maintained during media disposal.,3.2.3. Sanitization of Keys,Table of Contents / Section 3.2.3,https://nvlpubs.nist.gov/nistpubs/SpecialPublications/NIST.SP.800-88r2.pdf,high,mlx-community/Qwen3.6-27B-8bit,2026-08-23,active,,
NIST SP 800-88,Guidelines for Media Sanitization (Rev. 2),Compliance Frameworks,Government & Policy,assurance,2,all,Implement verification and validation processes to ensure sanitization methods are effective and traceable.,4.5.1. Sanitization Verification ... 4.5.2. Sanitization Validation,Table of Contents / Section 4.5,https://nvlpubs.nist.gov/nistpubs/SpecialPublications/NIST.SP.800-88r2.pdf,high,mlx-community/Qwen3.6-27B-8bit,2026-08-23,active,,
NIST SP 800-88,Guidelines for Media Sanitization (Rev. 2),Compliance Frameworks,Government & Policy,assurance,2,all,"Maintain traceability of sanitization operations, including the use of certificates of sanitization to document compliance.",3.2.5. Traceability of CE Operations ... Appendix C. Sample “Certificate of Sanitization” Form,Table of Contents / Section 3.2.5 & Appendix C,https://nvlpubs.nist.gov/nistpubs/SpecialPublications/NIST.SP.800-88r2.pdf,high,mlx-community/Qwen3.6-27B-8bit,2026-08-23,active,,
FIPS 199,Standards for Security Categorization of Federal Information and Information Systems,Compliance Frameworks,Government & Policy,governance,2,all,"Categorize all federal information and systems based on potential impact to confidentiality, integrity, and availability to support risk management.",Agency officials shall use the security categorizations described in FIPS Publication 199 whenever there is a federal requirement to provide such a categorization of information or information systems.,Section 2 APPLICABILITY,https://nvlpubs.nist.gov/nistpubs/FIPS/NIST.FIPS.199.pdf,high,mlx-community/Qwen3.6-27B-8bit,2026-08-23,active,,
FIPS 199,Standards for Security Categorization of Federal Information and Information Systems,Compliance Frameworks,Government & Policy,governance,2,all,"Determine security categories for information types by assessing potential impact levels (Low, Moderate, High) for each security objective.",Establishing an appropriate security category of an information type essentially requires determining the potential impact for each security objective associated with the particular information type.,Section 3 CATEGORIZATION OF INFORMATION AND INFORMATION SYSTEMS,https://nvlpubs.nist.gov/nistpubs/FIPS/NIST.FIPS.199.pdf,high,mlx-community/Qwen3.6-27B-8bit,2026-08-23,active,,
FIPS 199,Standards for Security Categorization of Federal Information and Information Systems,Compliance Frameworks,Government & Policy,governance,2,all,Protect system information (including cryptographic key management info) at a level commensurate with the most critical user information processed.,"System information (e.g., network routing tables, password files, and cryptographic key management information) must be protected at a level commensurate with the most critical or sensitive user information being processed, stored, or transmitted by the information system to ensure confidentiality, integrity, and availability.","Section 3, Footnote 3",https://nvlpubs.nist.gov/nistpubs/FIPS/NIST.FIPS.199.pdf,high,mlx-community/Qwen3.6-27B-8bit,2026-08-23,active,,
NIST SP 800-66,Implementing the Health Insurance Portability and Accountability Act (HIPAA) Security Rule,Compliance Frameworks,Government & Policy,governance,2,all,Designate a specific security official responsible for developing and implementing policies and procedures to ensure the security of electronic protected health information.,The Security Rule requires covered entities to designate a security official who is responsible for the development and implementation of the policies and procedures for electronic protected health information that comply with the Security Rule.,Section 5.1.2. Assigned Security Responsibility (§ 164.308(a)(2)),https://nvlpubs.nist.gov/nistpubs/SpecialPublications/NIST.SP.800-66r2.pdf,high,mlx-community/Qwen3.6-27B-8bit,2026-08-23,active,,
NIST SP 800-66,Implementing the Health Insurance Portability and Accountability Act (HIPAA) Security Rule,Compliance Frameworks,Government & Policy,governance,2,all,Implement policies and procedures to manage the conduct of the workforce in relation to the security of electronic protected health information.,The Security Rule requires covered entities to implement policies and procedures to manage the conduct of the workforce in relation to the security of electronic protected health information.,Section 5.1.3. Workforce Security (§ 164.308(a)(3)),https://nvlpubs.nist.gov/nistpubs/SpecialPublications/NIST.SP.800-66r2.pdf,high,mlx-community/Qwen3.6-27B-8bit,2026-08-23,active,,
NIST SP 800-66,Implementing the Health Insurance Portability and Accountability Act (HIPAA) Security Rule,Compliance Frameworks,Government & Policy,governance,2,all,"Implement policies and procedures for the creation, maintenance, and distribution of security policies and related activities to ensure the security of electronic protected health information.","The Security Rule requires covered entities to implement policies and procedures for the creation, maintenance, and distribution of security policies and related activities to ensure the security of electronic protected health information.",Section 5.5.1. Policies and Procedures (§ 164.316(a)),https://nvlpubs.nist.gov/nistpubs/SpecialPublications/NIST.SP.800-66r2.pdf,high,mlx-community/Qwen3.6-27B-8bit,2026-08-23,active,,
NIST SP 800-66,Implementing the Health Insurance Portability and Accountability Act (HIPAA) Security Rule,Compliance Frameworks,Government & Policy,governance,2,all,Maintain documentation of security policies and procedures and related activities as required by the Security Rule for a period of six years.,"The Security Rule requires covered entities to maintain documentation of security policies and procedures and related activities as required by the Security Rule for a period of six years from the date of its creation or the date when it last was in effect, whichever is later.",Section 5.5.2. Documentation (§ 164.316(b)),https://nvlpubs.nist.gov/nistpubs/SpecialPublications/NIST.SP.800-66r2.pdf,high,mlx-community/Qwen3.6-27B-8bit,2026-08-23,active,,
NIST SP 800-66,Implementing the Health Insurance Portability and Accountability Act (HIPAA) Security Rule,Compliance Frameworks,Government & Policy,governance,2,all,Implement policies and procedures to periodically evaluate the security policies and procedures for electronic protected health information.,The Security Rule requires covered entities to implement policies and procedures to periodically evaluate the security policies and procedures for electronic protected health information.,Section 5.1.8. Evaluation (§ 164.308(a)(8)),https://nvlpubs.nist.gov/nistpubs/SpecialPublications/NIST.SP.800-66r2.pdf,high,mlx-community/Qwen3.6-27B-8bit,2026-08-23,active,,
NIST SP 800-111,Guide to Storage Encryption Technologies for End User Devices,Compliance Frameworks,Government & Policy,governance,2,all,"Establish centralized management for storage encryption deployments to enforce policy, manage keys, and handle data recovery, excluding only standalone or very small-scale deployments.",Organizations should use centralized management for all deployments of storage encryption except for standalone deployments and very small-scale deployments.,Executive Summary,https://nvlpubs.nist.gov/nistpubs/Legacy/SP/nistspecialpublication800-111.pdf,medium,mlx-community/Qwen3.6-27B-8bit,2026-08-23,active,,
NIST SP 800-111,Guide to Storage Encryption Technologies for End User Devices,Compliance Frameworks,Government & Policy,lifecycle,2,keys,"Plan and implement comprehensive key management processes covering generation, use, storage, recovery, and destruction to ensure data recoverability and security.","Organizations should ensure that all cryptographic keys used in a storage encryption solution are secured and managed properly... This planning should include all aspects of key management, including key generation, use, storage, recovery, and destruction.",Executive Summary,https://nvlpubs.nist.gov/nistpubs/Legacy/SP/nistspecialpublication800-111.pdf,medium,mlx-community/Qwen3.6-27B-8bit,2026-08-23,active,,
NIST SP 800-111,Guide to Storage Encryption Technologies for End User Devices,Compliance Frameworks,Government & Policy,governance,2,all,"Select appropriate user authenticators for storage encryption, leveraging existing enterprise solutions where possible, and avoid using single-factor authenticators for multiple purposes to prevent security weakening.",Organizations should select appropriate user authenticators for storage encryption solutions... Organizations should consider leveraging existing enterprise authentication solutions... Using the same single-factor authenticator for multiple purposes... significantly weakens the protection.,Executive Summary,https://nvlpubs.nist.gov/nistpubs/Legacy/SP/nistspecialpublication800-111.pdf,medium,mlx-community/Qwen3.6-27B-8bit,2026-08-23,active,,
NIST SP 800-111,Guide to Storage Encryption Technologies for End User Devices,Compliance Frameworks,Government & Policy,assurance,2,software,Consider using storage encryption solutions that utilize FIPS-approved encryption features built into operating systems or devices to ensure validated cryptographic modules.,"Some solutions can use existing servers, as well as software built into the devices to be protected, such as Federal Information Processing Standard (FIPS) approved encryption features built into the devices’ operating systems.",Executive Summary,https://nvlpubs.nist.gov/nistpubs/Legacy/SP/nistspecialpublication800-111.pdf,medium,mlx-community/Qwen3.6-27B-8bit,2026-08-23,active,,
ETSI-GR-QSC-006,Quantum-Safe Cryptography; Limits of Quantum Computing Applicability on Symmetric Key Cryptography,Compliance Frameworks,International Frameworks,inventory,2,keys,Identify products relying on symmetric ciphers with key lengths of 128 bits or less to assess quantum vulnerability.,industry is advised to identify where their products rely on smaller key and hash output lengths,"Executive summary, page 5",https://www.etsi.org/deliver/etsi_gr/QSC/001_099/006/01.01.01_60/gr_QSC006v010101p.pdf,medium,mlx-community/Qwen3.6-27B-8bit,2026-08-23,active,,
ETSI-GR-QSC-006,Quantum-Safe Cryptography; Limits of Quantum Computing Applicability on Symmetric Key Cryptography,Compliance Frameworks,International Frameworks,lifecycle,2,keys,Investigate necessary steps for transitioning from short symmetric keys to primitives that withstand quantum attacks.,start investigating the necessary steps for a transition to primitives with key lengths that will withstand quantum computer attacks,"Executive summary, page 5",https://www.etsi.org/deliver/etsi_gr/QSC/001_099/006/01.01.01_60/gr_QSC006v010101p.pdf,medium,mlx-community/Qwen3.6-27B-8bit,2026-08-23,active,,
ETSI-TR-104-016,A Repeatable Framework for Quantum-Safe Migrations,Compliance Frameworks,International Frameworks,inventory,2,all,Generate comprehensive asset inventories to identify enterprise architecture and cryptographic components as a foundational step for migration planning.,Step 2: Generate asset inventories ... Step 1: Identify enterprise architecture,"Section 6.1, 6.2",https://www.etsi.org/deliver/etsi_tr/104000_104099/104016/01.01.01_60/tr_104016v010101p.pdf,medium,mlx-community/Qwen3.6-27B-8bit,2026-08-23,active,,
ETSI-TR-104-016,A Repeatable Framework for Quantum-Safe Migrations,Compliance Frameworks,International Frameworks,inventory,2,all,Perform dependency analysis to map relationships between cryptographic assets and systems to understand impact and migration order.,Step 3: Dependency analysis,Section 6.3,https://www.etsi.org/deliver/etsi_tr/104000_104099/104016/01.01.01_60/tr_104016v010101p.pdf,medium,mlx-community/Qwen3.6-27B-8bit,2026-08-23,active,,
ETSI-TR-104-016,A Repeatable Framework for Quantum-Safe Migrations,Compliance Frameworks,International Frameworks,governance,2,all,Conduct cross-department analysis to align migration efforts across organizational units and resolve conflicts.,Step 5: Cross-department analysis,Section 6.5,https://www.etsi.org/deliver/etsi_tr/104000_104099/104016/01.01.01_60/tr_104016v010101p.pdf,medium,mlx-community/Qwen3.6-27B-8bit,2026-08-23,active,,
ETSI-TR-104-016,A Repeatable Framework for Quantum-Safe Migrations,Compliance Frameworks,International Frameworks,governance,2,all,Analyze migration requirements and risks to inform department-level migration planning and prioritization.,Step 6: Migration requirements analysis ... Step 7: Department migration risk analysis,"Section 6.6, 6.7",https://www.etsi.org/deliver/etsi_tr/104000_104099/104016/01.01.01_60/tr_104016v010101p.pdf,medium,mlx-community/Qwen3.6-27B-8bit,2026-08-23,active,,
ETSI-TR-104-016,A Repeatable Framework for Quantum-Safe Migrations,Compliance Frameworks,International Frameworks,lifecycle,2,all,Develop and execute department migration plans based on initial priority analysis and risk assessments.,Step 8: Initial priority analysis ... Step 9: Department migration planning ... Step 10: Execute migration plans,"Section 6.8, 6.9, 6.10",https://www.etsi.org/deliver/etsi_tr/104000_104099/104016/01.01.01_60/tr_104016v010101p.pdf,medium,mlx-community/Qwen3.6-27B-8bit,2026-08-23,active,,
ETSI-TR-104-016,A Repeatable Framework for Quantum-Safe Migrations,Compliance Frameworks,International Frameworks,observability,2,all,"Generate Asset, Department, and Enterprise Migration Status Reports to track progress and prepare for next iterations.",Table 12: Asset Migration Status Report considerations ... Table 13: Department Migration Status Report ... Table 14: Enterprise Migration Status Report,"Section 6.11, Tables 12-14",https://www.etsi.org/deliver/etsi_tr/104000_104099/104016/01.01.01_60/tr_104016v010101p.pdf,medium,mlx-community/Qwen3.6-27B-8bit,2026-08-23,active,,
ECCG-ACM-v2,ECCG Agreed Cryptographic Mechanisms Version 2.0,Compliance Frameworks,International Frameworks,governance,2,all,Establish policy to use recommended mechanisms for new systems; require justification for legacy mechanisms based on backwards compatibility.,"New cryptographic systems should use recommended algorithms and key sizes, and the use of legacy mechanisms in such systems must be justified by reasons of backwards compatibility.","Section 1.1, Page 5",https://certification.enisa.europa.eu/document/download/a845662b-aee0-484e-9191-890c4cfa7aaa_en?filename=ECCG+Agreed+Cryptographic+Mechanisms+version+2.pdf,medium,mlx-community/Qwen3.6-27B-8bit,2026-08-23,active,,
ECCG-ACM-v2,ECCG Agreed Cryptographic Mechanisms Version 2.0,Compliance Frameworks,International Frameworks,lifecycle,2,all,Define and enforce deprecation deadlines for legacy mechanisms; phase out mechanisms that no longer reflect state-of-the-art security.,legacy mechanisms... should be phased out as soon as practical because they do no longer fully reflect the state of the art... a validity period is defined for legacy mechanisms.,"Section 1.1, Page 5",https://certification.enisa.europa.eu/document/download/a845662b-aee0-484e-9191-890c4cfa7aaa_en?filename=ECCG+Agreed+Cryptographic+Mechanisms+version+2.pdf,medium,mlx-community/Qwen3.6-27B-8bit,2026-08-23,active,,
ECCG-ACM-v2,ECCG Agreed Cryptographic Mechanisms Version 2.0,Compliance Frameworks,International Frameworks,assurance,2,all,Ensure cryptographic constructions rely only on agreed primitives; verify that recommended constructions use only recommended primitives.,"In order for a construction to be considered agreed, only agreed primitives shall be used... in order for a construction that is marked “recommended” to result in a recommended mechanism, the underlying primitive(s) shall also be recommended.","Section 1.2, Note 1-AgreedPrimitive, Page 6",https://certification.enisa.europa.eu/document/download/a845662b-aee0-484e-9191-890c4cfa7aaa_en?filename=ECCG+Agreed+Cryptographic+Mechanisms+version+2.pdf,high,mlx-community/Qwen3.6-27B-8bit,2026-08-23,active,,
ECCG-ACM-v2,ECCG Agreed Cryptographic Mechanisms Version 2.0,Compliance Frameworks,International Frameworks,governance,2,all,Monitor for cryptanalytic improvements; downgrade or remove mechanisms from approved lists if security weaknesses are identified.,"In case of a significant improvement of relevant cryptanalytic attacks, the ECCG Sub-group on Cryptography will generally downgrade the status of a recommended mechanism to legacy, or speed up the expiration of some agreed legacy mechanisms.","Section 1.1, Page 5",https://certification.enisa.europa.eu/document/download/a845662b-aee0-484e-9191-890c4cfa7aaa_en?filename=ECCG+Agreed+Cryptographic+Mechanisms+version+2.pdf,medium,mlx-community/Qwen3.6-27B-8bit,2026-08-23,active,,
Saudi-NCA-NCS1-2020,Saudi NCA — National Cryptographic Standards (NCS-1:2020),Compliance Frameworks,International Frameworks,governance,2,all,"Establish documented cryptographic standards and policies defining minimum acceptable requirements for protecting national data, systems, and networks.","The NCA has developed the National Cryptographic Standards (NCS –1:2020) to prescribe the minimum acceptable cryptographic requirements for civilian and commercial purposes to protect national data, systems and networks.",Executive Summary,https://nca.gov.sa/ncs_en.pdf,high,mlx-community/Qwen3.6-27B-8bit,2026-08-23,active,,
Saudi-NCA-NCS1-2020,Saudi NCA — National Cryptographic Standards (NCS-1:2020),Compliance Frameworks,International Frameworks,governance,2,all,"Define and implement cryptographic strength levels (MODERATE or ADVANCED) based on the nature and sensitivity of the data, systems, and networks.","Each national entity is required to choose and implement the appropriate cryptographic standard level based on the nature and sensitivity of the data, systems and networks to be protected.",Section 1.2 Levels of Cryptographic Standards,https://nca.gov.sa/ncs_en.pdf,high,mlx-community/Qwen3.6-27B-8bit,2026-08-23,active,,
Saudi-NCA-NCS1-2020,Saudi NCA — National Cryptographic Standards (NCS-1:2020),Compliance Frameworks,International Frameworks,lifecycle,2,keys,"Implement Key Lifecycle Management (KLM) processes to manage keys from creation through destruction, ensuring standardized usage across processes.","Section 6 provides the requirements for the different steps of the key lifecycle to ensure that keys are managed properly from the moment they are created until their destruction, and their usage is standardized across processes.",Section 1.3 Structure of the Document,https://nca.gov.sa/ncs_en.pdf,high,mlx-community/Qwen3.6-27B-8bit,2026-08-23,active,,
Saudi-NCA-NCS1-2020,Saudi NCA — National Cryptographic Standards (NCS-1:2020),Compliance Frameworks,International Frameworks,lifecycle,2,keys,Adhere to defined key protection and lifetime requirements as specified in the Key Lifecycle Management section.,6.1 Key Protection and Lifetime,Section 6 Key Lifecycle Management (KLM),https://nca.gov.sa/ncs_en.pdf,high,mlx-community/Qwen3.6-27B-8bit,2026-08-23,active,,
Saudi-NCA-NCS1-2020,Saudi NCA — National Cryptographic Standards (NCS-1:2020),Compliance Frameworks,International Frameworks,lifecycle,2,certificates,Manage certificate validity periods according to the standards defined for Public Key Infrastructure (PKI).,5.2 Validity of the Certificates,Section 5 Public Key Infrastructure (PKI),https://nca.gov.sa/ncs_en.pdf,high,mlx-community/Qwen3.6-27B-8bit,2026-08-23,active,,
US-TREASURY-FSRMP-2025,US Treasury Financial Services Sector Risk Management Plan (January 2025),Compliance Frameworks,Government & Policy,governance,2,all,Establish sector-wide governance structures to promote the adoption of quantum-resilient technologies and mitigate cryptographic risks from quantum computing.,The G7 CEG will continue to lead efforts to protect the financial sector against cryptographic risks from quantum computing by promoting the adoption of quantum-resilient technologies.,"Executive Summary, Page 4",https://home.treasury.gov/system/files/216/Financial-Services-Sector-Risk-Management-Plan.pdf,medium,mlx-community/Qwen3.6-27B-8bit,2026-08-23,active,,
APRA-CPS-234,APRA Prudential Standard CPS 234 Information Security,Compliance Frameworks,Government & Policy,governance,2,all,"Define information security roles and responsibilities for the Board, senior management, and individuals with decision-making authority.","An APRA-regulated entity must clearly define the information security-related roles and responsibilities of the Board, senior management, governing bodies and individuals with responsibility for decision-making, approval, oversight, operations and other information security functions.",Paragraph 14,https://www.apra.gov.au/standards/cps-234,high,mlx-community/Qwen3.6-27B-8bit,2026-08-23,active,,
APRA-CPS-234,APRA Prudential Standard CPS 234 Information Security,Compliance Frameworks,Government & Policy,governance,2,all,"Maintain an information security policy framework commensurate with vulnerabilities and threats, providing direction on responsibilities.",An APRA-regulated entity must maintain an information security policy framework commensurate with its exposures to vulnerabilities and threats. An APRA-regulated entity’s information security policy framework must provide direction on the responsibilities of all parties who have an obligation to maintain information security.,Paragraphs 18-19,https://www.apra.gov.au/standards/cps-234,high,mlx-community/Qwen3.6-27B-8bit,2026-08-23,active,,
APRA-CPS-234,APRA Prudential Standard CPS 234 Information Security,Compliance Frameworks,Government & Policy,governance,2,all,Ensure the Board is ultimately responsible for maintaining information security commensurate with threats to information assets.,The Board of an APRA-regulated entity (Board) is ultimately responsible for the information security of the entity. The Board must ensure that the entity maintains information security in a manner commensurate with the size and extent of threats to its information assets...,Paragraph 13,https://www.apra.gov.au/standards/cps-234,high,mlx-community/Qwen3.6-27B-8bit,2026-08-23,active,,
APRA-CPS-234,APRA Prudential Standard CPS 234 Information Security,Compliance Frameworks,Government & Policy,inventory,2,all,"Classify information assets, including those managed by third parties, by criticality and sensitivity based on potential impact.","An APRA-regulated entity must classify its information assets, including those managed by related parties and third parties, by criticality and sensitivity. This classification must reflect the degree to which an information security incident affecting an information asset has the potential to affect... the entity or the interests of depositors...",Paragraph 20,https://www.apra.gov.au/standards/cps-234,high,mlx-community/Qwen3.6-27B-8bit,2026-08-23,active,,
APRA-CPS-234,APRA Prudential Standard CPS 234 Information Security,Compliance Frameworks,Government & Policy,lifecycle,2,all,"Implement information security controls commensurate with the stage of the information asset's lifecycle, from planning to decommissioning.",An APRA-regulated entity must have information security controls to protect its information assets... that are implemented in a timely manner and that are commensurate with... the stage at which the information assets are within their life-cycle... The use of the term ‘life-cycle’ in this context refers to the process from planning and design through to decommissioning and disposal of an informat…,Paragraphs 21-22,https://www.apra.gov.au/standards/cps-234,high,mlx-community/Qwen3.6-27B-8bit,2026-08-23,active,,
APRA-CPS-234,APRA Prudential Standard CPS 234 Information Security,Compliance Frameworks,Government & Policy,assurance,2,all,Evaluate the design of information security controls for assets managed by related parties or third parties.,"Where an APRA-regulated entity’s information assets are managed by a related party or third party, the APRA-regulated entity must evaluate the design of that party’s information security controls that protects the information assets of the APRA-regulated entity.",Paragraph 22,https://www.apra.gov.au/standards/cps-234,high,mlx-community/Qwen3.6-27B-8bit,2026-08-23,active,,
APRA-CPS-234,APRA Prudential Standard CPS 234 Information Security,Compliance Frameworks,Government & Policy,observability,2,all,Actively maintain information security capability with respect to changes in vulnerabilities and threats.,"An APRA-regulated entity must actively maintain its information security capability with respect to changes in vulnerabilities and threats, including those resulting from changes to information assets or its business environment.",Paragraph 17,https://www.apra.gov.au/standards/cps-234,high,mlx-community/Qwen3.6-27B-8bit,2026-08-23,active,,
CNSSP 15,CNSS Policy 15 — Use of Public Standards for Secure Information Sharing,Compliance Frameworks,Government & Policy,governance,3,all,Ensure compliance with CNSS Policy 15 for all National Security Systems (NSS) and report unfulfilled Information Assurance requirements to the National Manager.,Heads of U.S. Government D/As will: a. Ensure compliance with this Policy; and b. Provide unfulfilled IA requirements related to this Policy to the National Manager,"Section V, Paragraph 12",https://imlive.s3.amazonaws.com/Federal%20Government/ID151830346965529215587195222610265670631/CNSSP15.pdf,high,mlx-community/Qwen3.6-27B-8bit,2026-08-23,active,,
CNSSP 15,CNSS Policy 15 — Use of Public Standards for Secure Information Sharing,Compliance Frameworks,Government & Policy,governance,3,all,"Use only NSA-approved public standards-based cryptographic protocols for NSS, unless mission-unique requirements preclude it and NSA-approved mission-unique protocols are used.","D/As will: a. Use NSA-approved public standards-based cryptographic protocols. If mission-unique requirements preclude the use of public standards-based cryptographic protocols, NSA-approved mission unique protocols may be used","Section IV, Paragraph 6a",https://imlive.s3.amazonaws.com/Federal%20Government/ID151830346965529215587195222610265670631/CNSSP15.pdf,high,mlx-community/Qwen3.6-27B-8bit,2026-08-23,active,,
CNSSP 15,CNSS Policy 15 — Use of Public Standards for Secure Information Sharing,Compliance Frameworks,Government & Policy,governance,3,all,Acquire IA and IA-enabled IT products with integrated cryptography that uses appropriate public cryptographic algorithms listed in Annex B or a commensurate suite of NSA-approved algorithms.,Acquire IA and IA-enabled IT products with integrated cryptography that: (1) Uses appropriate public cryptographic algorithms as listed in Annex B or a commensurate suite of NSA-approved cryptographic algorithms,"Section IV, Paragraph 6b(1)",https://imlive.s3.amazonaws.com/Federal%20Government/ID151830346965529215587195222610265670631/CNSSP15.pdf,high,mlx-community/Qwen3.6-27B-8bit,2026-08-23,active,,
CNSSP 15,CNSS Policy 15 — Use of Public Standards for Secure Information Sharing,Compliance Frameworks,Government & Policy,governance,3,all,Ensure acquired IA and IA-enabled IT products are compatible with NSA-approved public key and key management infrastructures as appropriate.,Acquire IA and IA-enabled IT products with integrated cryptography that: (2) Is compatible with NSA-approved public key and key management infrastructures as appropriate.,"Section IV, Paragraph 6b(2)",https://imlive.s3.amazonaws.com/Federal%20Government/ID151830346965529215587195222610265670631/CNSSP15.pdf,high,mlx-community/Qwen3.6-27B-8bit,2026-08-23,active,,
CNSSP 15,CNSS Policy 15 — Use of Public Standards for Secure Information Sharing,Compliance Frameworks,Government & Policy,governance,3,all,"Ensure public key and key management infrastructures supporting NSS protection are approved by NSA and comply with Section IV, Paragraph 6.","Public key and key management infrastructures that support the use of IA and IA-enabled IT products that protect NSS must be approved by NSA and must comply with the appropriate provisions of Section IV, Paragraph 6","Section IV, Paragraph 7",https://imlive.s3.amazonaws.com/Federal%20Government/ID151830346965529215587195222610265670631/CNSSP15.pdf,high,mlx-community/Qwen3.6-27B-8bit,2026-08-23,active,,
CNSSP 15,CNSS Policy 15 — Use of Public Standards for Secure Information Sharing,Compliance Frameworks,Government & Policy,governance,3,certificates,Ensure all D/A infrastructures providing products and services to support NSS protection can support NSA-approved certificates for public cryptographic algorithms identified in Annex B.,all D/As’ infrastructures that provide products and services to support IA and IA-enabled IT products protecting NSS will be able to support NSA-approved certificates for the public cryptographic algorithms identified in Annex B.,"Section IV, Paragraph 8",https://imlive.s3.amazonaws.com/Federal%20Government/ID151830346965529215587195222610265670631/CNSSP15.pdf,high,mlx-community/Qwen3.6-27B-8bit,2026-08-23,active,,
CNSSP 15,CNSS Policy 15 — Use of Public Standards for Secure Information Sharing,Compliance Frameworks,Government & Policy,assurance,3,all,Evaluate or validate IA and IA-enabled IT products acquired to protect NSS in accordance with CNSS Policy No. 11.,"IA and IA-enabled IT products acquired to protect NSS shall be evaluated or validated in accordance with CNSS Policy No. 11, National Policy Governing the Acquisition of Information Assurance (IA) and IA-Enabled Information Technology Products","Section IV, Paragraph 9",https://imlive.s3.amazonaws.com/Federal%20Government/ID151830346965529215587195222610265670631/CNSSP15.pdf,high,mlx-community/Qwen3.6-27B-8bit,2026-08-23,active,,
CNSSP 15,CNSS Policy 15 — Use of Public Standards for Secure Information Sharing,Compliance Frameworks,Government & Policy,governance,3,all,Consult with NSA before deploying ECC with curves other than P-384 to protect UNCLASSIFIED NSS or provide community of interest separation.,D/As planning to deploy ECC with curves other than P-384 to protect UNCLASSIFIED NSS or to provide community of interest separation must consult with NSA before proceeding.,"Annex B, Paragraph 2b",https://imlive.s3.amazonaws.com/Federal%20Government/ID151830346965529215587195222610265670631/CNSSP15.pdf,high,mlx-community/Qwen3.6-27B-8bit,2026-08-23,active,,
RFC 9847,IANA Registry Updates for TLS and DTLS,Technical Standards,Protocols,governance,2,all,Consult IANA registry 'Recommended' column and linked references to determine if a TLS/DTLS mechanism is discouraged (D) and must not be used.,Implementers and users SHOULD consult the linked references associated with the item to determine the conditions under which the item SHOULD NOT or MUST NOT be used.,Section 3,https://www.rfc-editor.org/rfc/rfc9847.html,high,mlx-community/Qwen3.6-27B-8bit,2026-08-23,active,,
RFC 9847,IANA Registry Updates for TLS and DTLS,Technical Standards,Protocols,governance,2,all,"Prohibit the use of cipher suites marked as discouraged (D) in the TLS Cipher Suites registry, including those using NULL encryption, EXPORT, anon, RC4, DES, IDEA, MD5, or SHA-1.",Cipher suites that use NULL encryption... MUST NOT be used in those cases. Cipher suites marked as EXPORT... deprecated... Cipher suites marked as anon... deprecated... RC4 is a weak cipher... DES and... IDEA are not considered secure... MD5 and SHA-1 are also not secure,Section 5,https://www.rfc-editor.org/rfc/rfc9847.html,high,mlx-community/Qwen3.6-27B-8bit,2026-08-23,active,,
RFC 9847,IANA Registry Updates for TLS and DTLS,Technical Standards,Protocols,governance,2,all,"Prohibit the use of hash algorithms marked as discouraged (D) in the TLS HashAlgorithm registry, specifically MD5 and SHA-1.",Updated the 'TLS HashAlgorithm' registry to add a 'Recommended' column as follows: ... 1 md5 D 2 sha1 D,Section 9,https://www.rfc-editor.org/rfc/rfc9847.html,high,mlx-community/Qwen3.6-27B-8bit,2026-08-23,active,,
RFC 9847,IANA Registry Updates for TLS and DTLS,Technical Standards,Protocols,governance,2,all,"Prohibit the use of elliptic curve groups marked as discouraged (D) in the TLS Supported Groups registry, such as sect163k1, secp160k1, etc.",Updated the 'Recommended' column with the changes listed below... 1 sect163k1 D ... 21 secp224r1 D,Section 6,https://www.rfc-editor.org/rfc/rfc9847.html,high,mlx-community/Qwen3.6-27B-8bit,2026-08-23,active,,
RFC 9847,IANA Registry Updates for TLS and DTLS,Technical Standards,Protocols,governance,2,all,"Prohibit the use of TLS extensions marked as discouraged (D) in the TLS ExtensionType Values registry, such as truncated_hmac and connection_id (deprecated).",Updated the 'Recommended' column with the changes listed below... 4 truncated_hmac D ... 53 connection_id (deprecated) D,Section 4,https://www.rfc-editor.org/rfc/rfc9847.html,high,mlx-community/Qwen3.6-27B-8bit,2026-08-23,active,,
NIST IR 8105,Report on Post-Quantum Cryptography,Technical Standards,NIST Standards,governance,2,all,Establish organizational focus and planning for crypto agility to prepare for the transition to post-quantum cryptographic systems.,The report also recognizes the challenge of moving to new cryptographic infrastructures and therefore emphasizes the need for agencies to focus on crypto agility.,Abstract,https://nvlpubs.nist.gov/nistpubs/ir/2016/NIST.IR.8105.pdf,high,mlx-community/Qwen3.6-27B-8bit,2026-08-23,active,,
NIST IR 8105,Report on Post-Quantum Cryptography,Technical Standards,NIST Standards,governance,2,all,"Initiate preparation of information security systems to resist quantum computing threats, regardless of the estimated timeline for quantum computer arrival.","Therefore, regardless of whether we can estimate the exact time of the arrival of the quantum computing era, we must begin now to prepare our information security systems to be able to resist quantum computing.","Section 1, Introduction",https://nvlpubs.nist.gov/nistpubs/ir/2016/NIST.IR.8105.pdf,high,mlx-community/Qwen3.6-27B-8bit,2026-08-23,active,,
NIST NCCoE SP 1800-38A,Migration to Post-Quantum Cryptography: Preparation for Considering the Implementation and Adoption of Quantum Safe Cryptography,Technical Standards,NIST Standards,inventory,2,all,"Maintain a complete inventory of cryptographic usage, including partners, locations, and associated data, to prioritize migration efforts.",Having a complete inventory of key partners... where cryptography is being used... and what data is associated with those relationships will be instrumental to understand how to prioritize migration.,"Executive Summary, Paragraphs 23-29",https://www.nccoe.nist.gov/sites/default/files/2023-04/pqc-migration-nist-sp-1800-38a-preliminary-draft.pdf,high,mlx-community/Qwen3.6-27B-8bit,2026-08-23,active,,
NIST NCCoE SP 1800-38A,Migration to Post-Quantum Cryptography: Preparation for Considering the Implementation and Adoption of Quantum Safe Cryptography,Technical Standards,NIST Standards,inventory,3,software,"Use discovery tools to detect and report the presence of quantum-vulnerable cryptography in systems, services, and development pipelines.",Exploring the use of discovery tools to detect and report the presence and use of quantum-vulnerable cryptography in systems and services... to inform risk analysis for prioritizing actions.,"Executive Summary, Paragraphs 44-45",https://www.nccoe.nist.gov/sites/default/files/2023-04/pqc-migration-nist-sp-1800-38a-preliminary-draft.pdf,high,mlx-community/Qwen3.6-27B-8bit,2026-08-23,active,,
NIST NCCoE SP 1800-38A,Migration to Post-Quantum Cryptography: Preparation for Considering the Implementation and Adoption of Quantum Safe Cryptography,Technical Standards,NIST Standards,governance,2,all,"Develop a risk-based playbook for migration involving people, processes, and technology to mitigate enterprise risk.","Develop a risk-based playbook for migration involving people, processes, and technology... Mitigate enterprise risk by providing tools, guidelines, and practices.","Executive Summary, Paragraphs 56-58",https://www.nccoe.nist.gov/sites/default/files/2023-04/pqc-migration-nist-sp-1800-38a-preliminary-draft.pdf,high,mlx-community/Qwen3.6-27B-8bit,2026-08-23,active,,
NIST NCCoE SP 1800-38A,Migration to Post-Quantum Cryptography: Preparation for Considering the Implementation and Adoption of Quantum Safe Cryptography,Technical Standards,NIST Standards,observability,3,software,Implement active scanning and traffic capture analysis to trace vulnerable algorithms to specific systems and network protocols.,"Vulnerable algorithms used in network protocols, enabling traceability to specific systems using active scanning and historical traffic captures.","Executive Summary, Paragraph 68",https://www.nccoe.nist.gov/sites/default/files/2023-04/pqc-migration-nist-sp-1800-38a-preliminary-draft.pdf,high,mlx-community/Qwen3.6-27B-8bit,2026-08-23,active,,
NIST NCCoE SP 1800-38A,Migration to Post-Quantum Cryptography: Preparation for Considering the Implementation and Adoption of Quantum Safe Cryptography,Technical Standards,NIST Standards,observability,3,libraries,Detect vulnerable algorithms in cryptographic code or dependencies during continuous integration/continuous delivery pipelines.,Vulnerable algorithms used in cryptographic code or dependencies during a continuous integration/continuous delivery development pipeline.,"Executive Summary, Paragraph 66",https://www.nccoe.nist.gov/sites/default/files/2023-04/pqc-migration-nist-sp-1800-38a-preliminary-draft.pdf,high,mlx-community/Qwen3.6-27B-8bit,2026-08-23,active,,
NIST CSWP 48,Mappings of Migration to PQC Project Capabilities to Risk Framework Documents,Technical Standards,NIST Standards,inventory,2,all,Use cryptographic discovery and inventory tools to identify where and how cryptography protects data and systems to support risk management and prioritization.,The project’s Cryptographic Discovery workstream focuses on the use of cryptographic discovery and inventory tools to allow an organization to learn where and how cryptography is being used to protect the confidentiality and integrity of the organization’s important data and digital systems.,"Section 1.1, Paragraphs 85-90",https://nvlpubs.nist.gov/nistpubs/CSWP/NIST.CSWP.48.ipd.pdf,high,mlx-community/Qwen3.6-27B-8bit,2026-08-23,active,,
NIST CSWP 48,Mappings of Migration to PQC Project Capabilities to Risk Framework Documents,Technical Standards,NIST Standards,inventory,2,all,"Correlate cryptographic discovery outputs with previously inventoried hardware, software, and services to maintain a comprehensive asset inventory.","This project aims to extend existing inventory capabilities when identifying cryptographic assets with discovery and inventory tools and subsequently correlating their output to previously (and hopefully continuously) inventoried hardware, software, and services.","Section 1.2.1, Paragraphs 115-121",https://nvlpubs.nist.gov/nistpubs/CSWP/NIST.CSWP.48.ipd.pdf,high,mlx-community/Qwen3.6-27B-8bit,2026-08-23,active,,
NIST CSWP 48,Mappings of Migration to PQC Project Capabilities to Risk Framework Documents,Technical Standards,NIST Standards,inventory,2,software,"Discover quantum-vulnerable cryptographic algorithms in code development pipelines, software development lifecycles, and repository components.","The Migration to PQC Project’s Quantum-Vulnerable Cryptography Discovery Workstream demonstrates tools for discovering quantum-vulnerable cryptographic algorithms used in code development pipelines, software development lifecycle, and repository components","Section 1.2.1, Paragraphs 109-114",https://nvlpubs.nist.gov/nistpubs/CSWP/NIST.CSWP.48.ipd.pdf,high,mlx-community/Qwen3.6-27B-8bit,2026-08-23,active,,
NIST CSWP 48,Mappings of Migration to PQC Project Capabilities to Risk Framework Documents,Technical Standards,NIST Standards,inventory,2,certificates,Implement certificate discovery and management tools as part of the logical architecture for cryptographic inventory.,"Logical Architecture Components for Discovery and Inventory Tools include Cryptographic Data Collection Tools, Cryptographic Inventory Tools, Cryptographic Analytics Tools, and Certificate Discovery and Management Tools.","Section 2, Paragraphs 151-153",https://nvlpubs.nist.gov/nistpubs/CSWP/NIST.CSWP.48.ipd.pdf,high,mlx-community/Qwen3.6-27B-8bit,2026-08-23,active,,
NIST CSWP 48,Mappings of Migration to PQC Project Capabilities to Risk Framework Documents,Technical Standards,NIST Standards,governance,2,all,Adhere to security objectives and controls identified in risk framework documents to ensure responsible implementation of PQC migration capabilities.,A responsible implementation of the demonstrated capabilities depends on adherence to several security objectives and controls identified in these risk framework documents.,"Abstract, Paragraphs 36-37",https://nvlpubs.nist.gov/nistpubs/CSWP/NIST.CSWP.48.ipd.pdf,medium,mlx-community/Qwen3.6-27B-8bit,2026-08-23,active,,
NIST CSWP 48,Mappings of Migration to PQC Project Capabilities to Risk Framework Documents,Technical Standards,NIST Standards,governance,2,all,Use cryptographic inventories to support risk management and prioritization decisions for implementing post-quantum cryptographic technologies.,The discovery workstream also looks at how cryptographic inventories can support risk management and prioritization decisions about where to implement technologies that leverage the NIST standardized post-quantum cryptographic algorithms.,"Section 1.1, Paragraphs 85-90",https://nvlpubs.nist.gov/nistpubs/CSWP/NIST.CSWP.48.ipd.pdf,high,mlx-community/Qwen3.6-27B-8bit,2026-08-23,active,,
NIST SP 800-90,Recommendation for Random Number Generation Using Deterministic Random Bit Generators,Technical Standards,Algorithm Specifications,assurance,3,libraries,"Perform implementation validation testing, including known answer tests, to verify the DRBG mechanism functions correctly before deployment.",11.2 Implementation Validation Testing ... 11.3 Health Testing ... 11.3.1 Known Answer Testing,"Section 11.2, 11.3",https://csrc.nist.gov/publications/detail/sp/800-90a/rev-1/final,high,mlx-community/Qwen3.6-27B-8bit,2026-08-23,active,,
NIST SP 800-90,Recommendation for Random Number Generation Using Deterministic Random Bit Generators,Technical Standards,Algorithm Specifications,assurance,3,libraries,"Implement health testing for Instantiate, Generate, Reseed, and Uninstantiate functions to detect operational errors.",11.3.2 Testing the Instantiate Function ... 11.3.3 Testing the Generate Function ... 11.3.4 Testing the Reseed Function ... 11.3.5 Testing the Uninstantiate Function,Section 11.3.2-11.3.5,https://csrc.nist.gov/publications/detail/sp/800-90a/rev-1/final,high,mlx-community/Qwen3.6-27B-8bit,2026-08-23,active,,
NIST SP 800-90,Recommendation for Random Number Generation Using Deterministic Random Bit Generators,Technical Standards,Algorithm Specifications,assurance,3,libraries,Define and implement error handling procedures for errors encountered during normal operation and health testing.,11.4 Error Handling ... 11.4.1 Errors Encountered During Normal Operation ... 11.4.2 Errors Encountered During Health Testing,Section 11.4,https://csrc.nist.gov/publications/detail/sp/800-90a/rev-1/final,high,mlx-community/Qwen3.6-27B-8bit,2026-08-23,active,,
NIST SP 800-90,Recommendation for Random Number Generation Using Deterministic Random Bit Generators,Technical Standards,Algorithm Specifications,governance,2,libraries,Maintain minimal documentation for the DRBG implementation as required by the standard.,11.1 Minimal Documentation Requirements,Section 11.1,https://csrc.nist.gov/publications/detail/sp/800-90a/rev-1/final,medium,mlx-community/Qwen3.6-27B-8bit,2026-08-23,active,,
NIST SP 800-90,Recommendation for Random Number Generation Using Deterministic Random Bit Generators,Technical Standards,Algorithm Specifications,lifecycle,3,keys,Automate reseeding of the DRBG at the end of the seedlife to ensure continuous entropy supply.,9.3.2 Reseeding at the End of the Seedlife,Section 9.3.2,https://csrc.nist.gov/publications/detail/sp/800-90a/rev-1/final,high,mlx-community/Qwen3.6-27B-8bit,2026-08-23,active,,
NIST SP 800-90,Recommendation for Random Number Generation Using Deterministic Random Bit Generators,Technical Standards,Algorithm Specifications,lifecycle,3,keys,Implement mechanisms to handle prediction resistance requests by reseeding the DRBG.,9.3.3 Handling Prediction Resistance Requests,Section 9.3.3,https://csrc.nist.gov/publications/detail/sp/800-90a/rev-1/final,high,mlx-community/Qwen3.6-27B-8bit,2026-08-23,active,,
NIST SP 800-90,Recommendation for Random Number Generation Using Deterministic Random Bit Generators,Technical Standards,Algorithm Specifications,lifecycle,3,keys,Securely remove DRBG instantiations and internal state when no longer needed.,9.4 Removing a DRBG Instantiation,Section 9.4,https://csrc.nist.gov/publications/detail/sp/800-90a/rev-1/final,high,mlx-community/Qwen3.6-27B-8bit,2026-08-23,active,,
NIST SP 800-56A,Recommendation for Pair-Wise Key-Establishment Schemes Using Discrete Logarithm Cryptography,Technical Standards,Algorithm Specifications,assurance,3,libraries,Conduct conformance testing for implementations within the framework of the Cryptographic Algorithm Validation Program (CAVP) and the Cryptographic Module Validation Program (CMVP).,Conformance testing for implementations of this Recommendation will be conducted within the framework of the Cryptographic Algorithm Validation Program (CAVP) and the Cryptographic Module Validation Program (CMVP).,"Page ii, Conformance Testing",https://nvlpubs.nist.gov/nistpubs/SpecialPublications/NIST.SP.800-56Ar3.pdf,high,mlx-community/Qwen3.6-27B-8bit,2026-08-23,active,,
NIST SP 800-56A,Recommendation for Pair-Wise Key-Establishment Schemes Using Discrete Logarithm Cryptography,Technical Standards,Algorithm Specifications,assurance,3,keys,"Entities using, implementing, installing, or configuring applications shall be responsible for requirements that are out-of-scope for CAVP or CMVP validation testing.","Some of these requirements may be out-of-scope for CAVP or CMVP validation testing, and thus are the responsibility of entities using, implementing, installing or configuring applications that incorporate this Recommendation.","Page ii, Conformance Testing",https://nvlpubs.nist.gov/nistpubs/SpecialPublications/NIST.SP.800-56Ar3.pdf,high,mlx-community/Qwen3.6-27B-8bit,2026-08-23,active,,
NIST SP 800-56A,Recommendation for Pair-Wise Key-Establishment Schemes Using Discrete Logarithm Cryptography,Technical Standards,Algorithm Specifications,assurance,3,keys,"The key pair owner shall provide assurances of correct generation, private-key validity, public-key validity, pair-wise consistency, and possession of the private key.",5.6.2.1 Assurances Required by the Key Pair Owner ... 5.6.2.1.1 Owner Assurance of Correct Generation ... 5.6.2.1.2 Owner Assurance of Private-Key Validity ... 5.6.2.1.3 Owner Assurance of Public-Key Validity ... 5.6.2.1.4 Owner Assurance of Pair-wise Consistency ... 5.6.2.1.5 Owner Assurance of Possession of the Private Key,"Table of Contents, Section 5.6.2.1",https://nvlpubs.nist.gov/nistpubs/SpecialPublications/NIST.SP.800-56Ar3.pdf,high,mlx-community/Qwen3.6-27B-8bit,2026-08-23,active,,
NIST SP 800-56A,Recommendation for Pair-Wise Key-Establishment Schemes Using Discrete Logarithm Cryptography,Technical Standards,Algorithm Specifications,assurance,3,keys,The public key recipient shall provide assurances of static and ephemeral public-key validity and the owner’s possession of the corresponding private key.,5.6.2.2 Assurances Required by a Public Key Recipient ... 5.6.2.2.1 Recipient Assurance of Static Public-Key Validity ... 5.6.2.2.2 Recipient Assurance of Ephemeral Public-Key Validity ... 5.6.2.2.3 Recipient Assurance of the Owner’s Possession of a Static Private Key ... 5.6.2.2.4 Recipient Assurance of the Owner’s Possession of an Ephemeral Private Key,"Table of Contents, Section 5.6.2.2",https://nvlpubs.nist.gov/nistpubs/SpecialPublications/NIST.SP.800-56Ar3.pdf,high,mlx-community/Qwen3.6-27B-8bit,2026-08-23,active,,
NIST SP 800-56A,Recommendation for Pair-Wise Key-Establishment Schemes Using Discrete Logarithm Cryptography,Technical Standards,Algorithm Specifications,lifecycle,3,keys,"Manage key pairs according to common requirements for static and ephemeral pairs, and specific requirements for static and ephemeral key pairs.",5.6.3 Key Pair Management ... 5.6.3.1 Common Requirements on Static and Ephemeral Key Pairs ... 5.6.3.2 Specific Requirements on Static Key Pairs ... 5.6.3.3 Specific Requirements on Ephemeral Key Pairs,"Table of Contents, Section 5.6.3",https://nvlpubs.nist.gov/nistpubs/SpecialPublications/NIST.SP.800-56Ar3.pdf,high,mlx-community/Qwen3.6-27B-8bit,2026-08-23,active,,
NIST SP 800-56A,Recommendation for Pair-Wise Key-Establishment Schemes Using Discrete Logarithm Cryptography,Technical Standards,Algorithm Specifications,lifecycle,3,keys,"Manage domain parameters including selection/generation, assurances of validity, and ongoing management.",5.5 Domain Parameters ... 5.5.1 Domain-Parameter Selection/Generation ... 5.5.2 Assurances of Domain-Parameter Validity ... 5.5.3 Domain Parameter Management,"Table of Contents, Section 5.5",https://nvlpubs.nist.gov/nistpubs/SpecialPublications/NIST.SP.800-56Ar3.pdf,high,mlx-community/Qwen3.6-27B-8bit,2026-08-23,active,,
RFC-9964,RFC 9964 — ML-DSA for JOSE and COSE,Technical Standards,Algorithm Specifications,lifecycle,3,keys,"Validate all algorithm-related key parameters, including seed length, before using AKP keys to ensure integrity and prevent compromise.","When an AKP algorithm requires or encourages that a key be validated before being used, all algorithm-related key parameters MUST be validated.",Section 7.3,https://www.rfc-editor.org/rfc/rfc9964.html,high,mlx-community/Qwen3.6-27B-8bit,2026-08-23,active,,
RFC-9964,RFC 9964 — ML-DSA for JOSE and COSE,Technical Standards,Algorithm Specifications,lifecycle,3,keys,Enforce that the ML-DSA private key seed parameter is exactly 32 bytes and validate it using skDecode algorithms from trusted sources.,"For the ML-DSA private keys described in this document, the priv parameter MUST be the seed and MUST have a length of 32 bytes.",Section 4,https://www.rfc-editor.org/rfc/rfc9964.html,high,mlx-community/Qwen3.6-27B-8bit,2026-08-23,active,,
RFC-9964,RFC 9964 — ML-DSA for JOSE and COSE,Technical Standards,Algorithm Specifications,assurance,2,keys,"Treat the ML-DSA seed with the same safeguards as a private key, as it can be used to compute the private key and is sensitive data.","as the seed can be used to compute the private key, it is sensitive data and shall be treated with the same safeguards as a private key",Section 7.3,https://www.rfc-editor.org/rfc/rfc9964.html,high,mlx-community/Qwen3.6-27B-8bit,2026-08-23,active,,
NIST SP 800-90B,Recommendation for the Entropy Sources Used for Random Bit Generation,Technical Standards,Algorithm Specifications,assurance,3,software,Validate entropy sources using approved statistical tests and estimation methods to prove min-entropy compliance before deployment.,Conformance testing for implementations of this Recommendation will be conducted within the framework of the Cryptographic Algorithm Validation Program (CAVP) and the Cryptographic Module Validation Program (CMVP).,Section: Conformance Testing,https://nvlpubs.nist.gov/nistpubs/SpecialPublications/NIST.SP.800-90B.pdf,high,mlx-community/Qwen3.6-27B-8bit,2026-08-23,active,,
NIST SP 800-90B,Recommendation for the Entropy Sources Used for Random Bit Generation,Technical Standards,Algorithm Specifications,observability,3,software,"Implement continuous health tests (e.g., Repetition Count, Adaptive Proportion) to detect entropy source failures in real-time.","The entropy source shall include health tests... The health tests shall be performed continuously... If a health test fails, the entropy source shall cease providing entropy.",Section 4.3 Requirements for Health Tests,https://nvlpubs.nist.gov/nistpubs/SpecialPublications/NIST.SP.800-90B.pdf,high,mlx-community/Qwen3.6-27B-8bit,2026-08-23,deprecated,2026-08-24,"evidence_quote not present in the cited document (audit-maturity-evidence.py, 2026-08-24): extraction unsupported by source text"
NIST SP 800-90B,Recommendation for the Entropy Sources Used for Random Bit Generation,Technical Standards,Algorithm Specifications,lifecycle,2,software,"Define and document the entropy source model, including noise source and conditioning component, to manage the RBG lifecycle.",This Recommendation specifies the design principles and requirements for the entropy sources used by Random Bit Generators... These entropy sources are intended to be combined with Deterministic Random Bit Generator mechanisms.,Abstract,https://nvlpubs.nist.gov/nistpubs/SpecialPublications/NIST.SP.800-90B.pdf,medium,mlx-community/Qwen3.6-27B-8bit,2026-08-23,active,,
NIST SP 800-90A,Recommendation for Random Number Generation Using Deterministic Random Bit Generators Rev 1,Technical Standards,Algorithm Specifications,assurance,3,libraries,"Perform implementation validation testing, including known answer tests, to verify the DRBG mechanism functions correctly before deployment.",11.2 Implementation Validation Testing ... 11.3 Health Testing ... 11.3.1 Known Answer Testing,"Section 11.2, 11.3",https://csrc.nist.gov/publications/detail/sp/800-90a/rev-1/final,high,mlx-community/Qwen3.6-27B-8bit,2026-08-23,active,,
NIST SP 800-90A,Recommendation for Random Number Generation Using Deterministic Random Bit Generators Rev 1,Technical Standards,Algorithm Specifications,assurance,3,libraries,"Implement health testing for Instantiate, Generate, Reseed, and Uninstantiate functions to detect operational errors.",11.3.2 Testing the Instantiate Function ... 11.3.3 Testing the Generate Function ... 11.3.4 Testing the Reseed Function ... 11.3.5 Testing the Uninstantiate Function,Section 11.3.2-11.3.5,https://csrc.nist.gov/publications/detail/sp/800-90a/rev-1/final,high,mlx-community/Qwen3.6-27B-8bit,2026-08-23,active,,
NIST SP 800-90A,Recommendation for Random Number Generation Using Deterministic Random Bit Generators Rev 1,Technical Standards,Algorithm Specifications,assurance,3,libraries,Define and implement error handling procedures for errors encountered during normal operation and health testing.,11.4 Error Handling ... 11.4.1 Errors Encountered During Normal Operation ... 11.4.2 Errors Encountered During Health Testing,Section 11.4,https://csrc.nist.gov/publications/detail/sp/800-90a/rev-1/final,high,mlx-community/Qwen3.6-27B-8bit,2026-08-23,active,,
NIST SP 800-90A,Recommendation for Random Number Generation Using Deterministic Random Bit Generators Rev 1,Technical Standards,Algorithm Specifications,governance,2,libraries,Maintain minimal documentation for the DRBG implementation to support assurance and operational management.,11.1 Minimal Documentation Requirements,Section 11.1,https://csrc.nist.gov/publications/detail/sp/800-90a/rev-1/final,medium,mlx-community/Qwen3.6-27B-8bit,2026-08-23,active,,
NIST SP 800-90A,Recommendation for Random Number Generation Using Deterministic Random Bit Generators Rev 1,Technical Standards,Algorithm Specifications,lifecycle,3,keys,Automate reseeding of the DRBG at the end of the seedlife to ensure continuous entropy and state freshness.,9.3.2 Reseeding at the End of the Seedlife,Section 9.3.2,https://csrc.nist.gov/publications/detail/sp/800-90a/rev-1/final,high,mlx-community/Qwen3.6-27B-8bit,2026-08-23,active,,
NIST SP 800-90A,Recommendation for Random Number Generation Using Deterministic Random Bit Generators Rev 1,Technical Standards,Algorithm Specifications,lifecycle,3,keys,Implement mechanisms to handle prediction resistance requests by reseeding the DRBG state.,9.3.3 Handling Prediction Resistance Requests,Section 9.3.3,https://csrc.nist.gov/publications/detail/sp/800-90a/rev-1/final,high,mlx-community/Qwen3.6-27B-8bit,2026-08-23,active,,
NIST SP 800-90A,Recommendation for Random Number Generation Using Deterministic Random Bit Generators Rev 1,Technical Standards,Algorithm Specifications,lifecycle,3,keys,Securely remove DRBG instantiations and internal states when no longer needed to prevent state compromise.,9.4 Removing a DRBG Instantiation,Section 9.4,https://csrc.nist.gov/publications/detail/sp/800-90a/rev-1/final,high,mlx-community/Qwen3.6-27B-8bit,2026-08-23,active,,
NIST SP 800-207,Zero Trust Architecture,Technical Standards,NIST Standards,inventory,2,all,"Identify and catalog all actors, assets, and key processes within the enterprise to establish a baseline for Zero Trust policy formulation.",7.3.1 Identify Actors on the Enterprise... 7.3.2 Identify Assets Owned by the Enterprise... 7.3.3 Identify Key Processes and Evaluate Risks,Section 7.3,https://nvlpubs.nist.gov/nistpubs/SpecialPublications/NIST.SP.800-207.pdf,high,mlx-community/Qwen3.6-27B-8bit,2026-08-23,active,,
NIST SP 800-207,Zero Trust Architecture,Technical Standards,NIST Standards,governance,2,all,Formulate and document specific security policies for Zero Trust Architecture candidates based on identified risks and business processes.,7.3.4 Formulating Policies for the ZTA Candidate,Section 7.3.4,https://nvlpubs.nist.gov/nistpubs/SpecialPublications/NIST.SP.800-207.pdf,high,mlx-community/Qwen3.6-27B-8bit,2026-08-23,active,,
NIST SP 800-207,Zero Trust Architecture,Technical Standards,NIST Standards,observability,2,all,Implement monitoring capabilities during initial deployment to observe system behavior and detect anomalies in the Zero Trust environment.,7.3.6 Initial Deployment and Monitoring,Section 7.3.6,https://nvlpubs.nist.gov/nistpubs/SpecialPublications/NIST.SP.800-207.pdf,high,mlx-community/Qwen3.6-27B-8bit,2026-08-23,active,,
IETF RFC 9180,Hybrid Public Key Encryption,Technical Standards,Algorithm Specifications,assurance,3,keys,Implementations MUST validate KEM inputs and outputs to ensure cryptographic correctness and prevent malformed data processing.,Senders and recipients MUST validate KEM inputs and outputs as described in Section 7.1.,Section 4.1,https://www.rfc-editor.org/rfc/rfc9180,high,mlx-community/Qwen3.6-27B-8bit,2026-08-23,active,,
Czech-NUKIB-Crypto-Rec-2023,NUKIB Minimum Requirements for Cryptographic Algorithms (2025 revision),Compliance Frameworks,Government & Policy,governance,2,all,Liable entities must take into account NUKIB cryptographic recommendations to protect information and communication system assets as mandated by the Cyber Security Decree.,liable entities under the Act No. 181/2014 Coll.... are obliged to take into account cryptographic recommendations issued by the National Cyber and Information Security Agency for the purpose of protecting information and communication system assets.,Introduction,https://nukib.gov.cz/download/publications_en/Minimum%20Requirements%20for%20Cryptographic%20Algorithms.pdf,high,mlx-community/Qwen3.6-27B-8bit,2026-08-23,active,,
Czech-NUKIB-Crypto-Rec-2023,NUKIB Minimum Requirements for Cryptographic Algorithms (2025 revision),Compliance Frameworks,Government & Policy,lifecycle,2,libraries,Plan for the replacement of quantum-vulnerable classical asymmetric algorithms with quantum-resistant cryptography in the near future.,The consequence of quantum vulnerability of an approved algorithm is the need to replace it by suitable quantum-resistant cryptography in the not-too-distant future.,Section 1,https://nukib.gov.cz/download/publications_en/Minimum%20Requirements%20for%20Cryptographic%20Algorithms.pdf,medium,mlx-community/Qwen3.6-27B-8bit,2026-08-23,active,,
Czech-NUKIB-Crypto-Rec-2023,NUKIB Minimum Requirements for Cryptographic Algorithms (2025 revision),Compliance Frameworks,Government & Policy,lifecycle,3,libraries,Implement stand-alone post-quantum key establishment algorithms (ML-KEM-1024) strictly according to the NIST FIPS 203 standard.,"For stand-alone use, implementation according to the NIST standard (FIPS 203) is required.",Section 4a,https://nukib.gov.cz/download/publications_en/Minimum%20Requirements%20for%20Cryptographic%20Algorithms.pdf,high,mlx-community/Qwen3.6-27B-8bit,2026-08-23,active,,
Czech-NUKIB-Crypto-Rec-2023,NUKIB Minimum Requirements for Cryptographic Algorithms (2025 revision),Compliance Frameworks,Government & Policy,lifecycle,3,software,"Use post-quantum digital signature algorithms (LMS, XMSS) exclusively for firmware and software integrity protection.",We only recommend using these algorithms to protect firmware and software integrity.,Section 4c,https://nukib.gov.cz/download/publications_en/Minimum%20Requirements%20for%20Cryptographic%20Algorithms.pdf,medium,mlx-community/Qwen3.6-27B-8bit,2026-08-23,active,,
Czech-NUKIB-Crypto-Rec-2023,NUKIB Minimum Requirements for Cryptographic Algorithms (2025 revision),Compliance Frameworks,Government & Policy,lifecycle,3,libraries,Ensure hybrid quantum-resistant cryptography preserves security even if one component (classical or post-quantum) is broken.,in such a way that the security of the hybrid combination is preserved even if one of its components is broken.,"Section 4b, 4e",https://nukib.gov.cz/download/publications_en/Minimum%20Requirements%20for%20Cryptographic%20Algorithms.pdf,high,mlx-community/Qwen3.6-27B-8bit,2026-08-23,active,,
Czech-NUKIB-Crypto-Rec-2023,NUKIB Minimum Requirements for Cryptographic Algorithms (2025 revision),Compliance Frameworks,Government & Policy,lifecycle,3,keys,Change encryption keys after at most 2^32 initialization vector values when using GCM or GMAC modes.,"In any case, the key must be changed after 232 initialization vector values at the latest.","Section 2c, 2e",https://nukib.gov.cz/download/publications_en/Minimum%20Requirements%20for%20Cryptographic%20Algorithms.pdf,high,mlx-community/Qwen3.6-27B-8bit,2026-08-23,active,,
Czech-NUKIB-Crypto-Rec-2023,NUKIB Minimum Requirements for Cryptographic Algorithms (2025 revision),Compliance Frameworks,Government & Policy,lifecycle,3,keys,"Do not repeat initialization vector values for a given key when using GCM, OFB, UMAC, or GMAC modes.",the initialization vector value must not be repeated for a given key.,"Section 2c, 2d, 2e",https://nukib.gov.cz/download/publications_en/Minimum%20Requirements%20for%20Cryptographic%20Algorithms.pdf,high,mlx-community/Qwen3.6-27B-8bit,2026-08-23,active,,
Czech-NUKIB-Crypto-Rec-2023,NUKIB Minimum Requirements for Cryptographic Algorithms (2025 revision),Compliance Frameworks,Government & Policy,lifecycle,3,keys,Do not repeat counter values for a given key when using CTR mode.,the value of the counter must not be repeated for a given key.,Section 2d,https://nukib.gov.cz/download/publications_en/Minimum%20Requirements%20for%20Cryptographic%20Algorithms.pdf,high,mlx-community/Qwen3.6-27B-8bit,2026-08-23,active,,
Czech-NUKIB-Crypto-Rec-2023,NUKIB Minimum Requirements for Cryptographic Algorithms (2025 revision),Compliance Frameworks,Government & Policy,lifecycle,3,keys,Use distinct keys for encryption and MAC calculation in composite Encrypt-then-MAC schemes.,these schemes must not use the same key for the encryption and MAC calculation.,Section 2c,https://nukib.gov.cz/download/publications_en/Minimum%20Requirements%20for%20Cryptographic%20Algorithms.pdf,high,mlx-community/Qwen3.6-27B-8bit,2026-08-23,active,,
Czech-NUKIB-Crypto-Rec-2023,NUKIB Minimum Requirements for Cryptographic Algorithms (2025 revision),Compliance Frameworks,Government & Policy,lifecycle,3,libraries,"Use random, attacker-unpredictable initialization vectors for CBC and CFB modes.","CBC and CFB modes must be used with a random, attacker-unpredictable initialization vector.",Section 2d,https://nukib.gov.cz/download/publications_en/Minimum%20Requirements%20for%20Cryptographic%20Algorithms.pdf,high,mlx-community/Qwen3.6-27B-8bit,2026-08-23,active,,
Czech-NUKIB-Crypto-Rec-2023,NUKIB Minimum Requirements for Cryptographic Algorithms (2025 revision),Compliance Frameworks,Government & Policy,lifecycle,3,libraries,"Do not use approved encryption modes (CTR, OFB, CBC, CFB) stand-alone; only use them within Encrypt-then-MAC schemes.","Stand-alone use of these encryption modes, outside the Encrypt-then-MAC schemes, is not approved.",Section 2d,https://nukib.gov.cz/download/publications_en/Minimum%20Requirements%20for%20Cryptographic%20Algorithms.pdf,high,mlx-community/Qwen3.6-27B-8bit,2026-08-23,active,,
Czech-NUKIB-Crypto-Rec-2023,NUKIB Minimum Requirements for Cryptographic Algorithms (2025 revision),Compliance Frameworks,Government & Policy,lifecycle,3,keys,"Ensure hash function output length is at least 256 bits, preferably 384 bits or more.","All approved hash functions must have an output length of at least 256 bits. However, we recommend preferring an output length of at least 384 bits.",Section 5,https://nukib.gov.cz/download/publications_en/Minimum%20Requirements%20for%20Cryptographic%20Algorithms.pdf,high,mlx-community/Qwen3.6-27B-8bit,2026-08-23,active,,
Czech-NUKIB-Crypto-Rec-2023,NUKIB Minimum Requirements for Cryptographic Algorithms (2025 revision),Compliance Frameworks,Government & Policy,lifecycle,3,keys,"Use Argon2id for password storage with minimum parameters: t=1, m=2GiB, p=4 or t=3, m=64MiB, p=4 for constrained environments.","Argon2 with selected function Argon2id and parameters at least i) t = 1, m = 221 (2 GiB of RAM), p = 4 ii) t = 3, m = 216 (64 MiB of RAM), p = 4",Section 6,https://nukib.gov.cz/download/publications_en/Minimum%20Requirements%20for%20Cryptographic%20Algorithms.pdf,high,mlx-community/Qwen3.6-27B-8bit,2026-08-23,active,,
ANSSI-PQC-Position-2022,ANSSI Views on Post-Quantum Cryptography Transition,Compliance Frameworks,Government & Policy,governance,2,all,Initiate a gradual overlap transition strategy to progressively increase trust in post-quantum algorithms while ensuring no security regression against classical threats.,ANSSI encourages all industries to initiate in the next months a gradual overlap transition in order to progressively increase trust on the post-quantum algorithms and their implementations while ensuring no security regression as far as classical (pre-quantum) security is concerned.,Section: How to transition smoothly from pre-quantum to post-quantum algorithms?,https://cyber.gouv.fr/en/publications/anssi-views-post-quantum-cryptography-transition,medium,mlx-community/Qwen3.6-27B-8bit,2026-08-23,active,,
ANSSI-PQC-Position-2022,ANSSI Views on Post-Quantum Cryptography Transition,Compliance Frameworks,Government & Policy,lifecycle,2,libraries,Avoid direct drop-in replacement of currently used algorithms in the short/medium term due to the immaturity of post-quantum cryptographic implementations.,Acknowledging the immaturity of PQC is important: ANSSI will not endorse any direct drop-in replacement of currently used algorithms in the short/medium term.,Section: Are the future NIST standards mature enough to be implemented in security products?,https://cyber.gouv.fr/en/publications/anssi-views-post-quantum-cryptography-transition,high,mlx-community/Qwen3.6-27B-8bit,2026-08-23,active,,
ANSSI-PQC-Position-2022,ANSSI Views on Post-Quantum Cryptography Transition,Compliance Frameworks,Government & Policy,lifecycle,2,libraries,Implement hybrid mechanisms combining recognized pre-quantum public key algorithms with additional post-quantum secure algorithms to benefit from strong assurance against classical attacks.,A hybrid mechanism (key establishment or signature) combines the computations of a recognized pre-quantum public key algorithm and an additional algorithm conjectured post-quantum secure. This makes the mechanism benefit both from the strong assurance on the resistance of the first algorithm against classical...,Section: How to transition smoothly from pre-quantum to post-quantum algorithms?,https://cyber.gouv.fr/en/publications/anssi-views-post-quantum-cryptography-transition,medium,mlx-community/Qwen3.6-27B-8bit,2026-08-23,active,,
ANSSI-PQC-Position-2022,ANSSI Views on Post-Quantum Cryptography Transition,Compliance Frameworks,Government & Policy,governance,2,all,Address the transition from pre-quantum to post-quantum digital signatures before the existence of any Cryptographically Relevant Quantum Computer (CRQC) to avoid a posteriori impersonation attacks.,The transition from pre-quantum signatures to post-quantum ones should be tackled before the existence of any CRQC to avoid any a posteriori impersonation attack.,Section: Quantum threat: what is the impact on our current digital infrastructures?,https://cyber.gouv.fr/en/publications/anssi-views-post-quantum-cryptography-transition,medium,mlx-community/Qwen3.6-27B-8bit,2026-08-23,active,,
India-TEC-910018-2025,India TEC Technical Report TEC 910018:2025 — Migration to Post-Quantum Cryptography,Compliance Frameworks,Government & Policy,governance,2,all,Create executive awareness and prepare for proactive investments to respond to quantum threats affecting critical digital infrastructure.,create sufficient executive awareness so as to pave way for proactive investments needed in those organizations to be prepared to respond adequately to the quantum threat,Executive Summary,https://www.tec.gov.in/pdf/TR/Final%20technical%20report%20on%20migration%20to%20PQC%2028-03-25.pdf,medium,mlx-community/Qwen3.6-27B-8bit,2026-08-23,active,,
India-TEC-910018-2025,India TEC Technical Report TEC 910018:2025 — Migration to Post-Quantum Cryptography,Compliance Frameworks,Government & Policy,inventory,2,all,"Identify critical digital infrastructures, including data and applications, that will be affected by cryptographically relevant quantum computers.",sensitize the organizations to identify their critical digital infrastructures including data and applications which will be affected due to sudden deployment of cryptographically relevant quantum computers,Executive Summary,https://www.tec.gov.in/pdf/TR/Final%20technical%20report%20on%20migration%20to%20PQC%2028-03-25.pdf,medium,mlx-community/Qwen3.6-27B-8bit,2026-08-23,active,,
India-TEC-910018-2025,India TEC Technical Report TEC 910018:2025 — Migration to Post-Quantum Cryptography,Compliance Frameworks,Government & Policy,lifecycle,2,all,Prepare for a smooth transition to quantum-safe cryptography by identifying critical assets beforehand.,"be ready for a smooth transition to quantum safe cryptography. TEC acknowledge the contributions of academia, industry and startups in the preparation of the report.",Executive Summary,https://www.tec.gov.in/pdf/TR/Final%20technical%20report%20on%20migration%20to%20PQC%2028-03-25.pdf,medium,mlx-community/Qwen3.6-27B-8bit,2026-08-23,active,,
India-TEC-910018-2025,India TEC Technical Report TEC 910018:2025 — Migration to Post-Quantum Cryptography,Compliance Frameworks,Government & Policy,lifecycle,2,all,Conduct risk assessments and define post-quantum requirements as part of the migration plan preparation.,4.1.3 Risk Assessment ... 4.3.2 Conduct a Risk Assessment ... 4.3.3 Define Post Quantum Requirements,Table of Contents / Chapter 4,https://www.tec.gov.in/pdf/TR/Final%20technical%20report%20on%20migration%20to%20PQC%2028-03-25.pdf,medium,mlx-community/Qwen3.6-27B-8bit,2026-08-23,deprecated,2026-08-24,"evidence_quote not present in the cited document (audit-maturity-evidence.py, 2026-08-24): extraction unsupported by source text"
India-TEC-910018-2025,India TEC Technical Report TEC 910018:2025 — Migration to Post-Quantum Cryptography,Compliance Frameworks,Government & Policy,assurance,2,all,Validate the implementation of post-quantum cryptography and request proof of concept or pilots from vendors.,4.1.4 Validation ... 4.3.6 Request Proof of Concept (PoC) or Pilots ... 4.3.10. Test and Validate the Implementation,Table of Contents / Chapter 4,https://www.tec.gov.in/pdf/TR/Final%20technical%20report%20on%20migration%20to%20PQC%2028-03-25.pdf,medium,mlx-community/Qwen3.6-27B-8bit,2026-08-23,active,,
CISA-Quantum-Readiness-Roadmap,CISA/NSA/NIST Quantum-Readiness — Migration to Post-Quantum Cryptography,Compliance Frameworks,Government & Policy,governance,2,all,Establish a project management team to plan and scope the organization's migration to post-quantum cryptography.,the authoring agencies encourage organizations to create a quantum-readiness roadmap by first establishing a project management team to plan and scope the organization’s migration to PQC.,ESTABLISH A QUANTUM-READINESS ROADMAP,https://www.cisa.gov/sites/default/files/2023-08/Quantum%20Readiness_Final_CLEAR_508c%20(3).pdf,medium,mlx-community/Qwen3.6-27B-8bit,2026-08-23,active,,
CISA-Quantum-Readiness-Roadmap,CISA/NSA/NIST Quantum-Readiness — Migration to Post-Quantum Cryptography,Compliance Frameworks,Government & Policy,governance,2,all,Include cybersecurity and privacy risk managers in the project team to prioritize assets based on CRQC impact.,The team should also include the organization’s cybersecurity and privacy risk managers who can prioritize the assets that would be most impacted by a CRQC,Commercial Routing Assistance,https://www.cisa.gov/sites/default/files/2023-08/Quantum%20Readiness_Final_CLEAR_508c%20(3).pdf,medium,mlx-community/Qwen3.6-27B-8bit,2026-08-23,active,,
CISA-Quantum-Readiness-Roadmap,CISA/NSA/NIST Quantum-Readiness — Migration to Post-Quantum Cryptography,Compliance Frameworks,Government & Policy,governance,2,all,Engage with technology vendors to understand their quantum-readiness roadmaps and migration timelines.,"CISA and the authoring agencies encourage organizations to start engaging with their technology vendors to learn about vendors’ quantum-readiness roadmaps, including migration.",DISCUSS POST-QUANTUM ROADMAPS WITH TECHNOLOGY VENDORS,https://www.cisa.gov/sites/default/files/2023-08/Quantum%20Readiness_Final_CLEAR_508c%20(3).pdf,medium,mlx-community/Qwen3.6-27B-8bit,2026-08-23,active,,
CISA-Quantum-Readiness-Roadmap,CISA/NSA/NIST Quantum-Readiness — Migration to Post-Quantum Cryptography,Compliance Frameworks,Government & Policy,governance,2,all,Plan for necessary changes to existing and future contracts to ensure PQC delivery and upgrades.,The authoring agencies also urge organizations to proactively plan for necessary changes to existing and future contracts. Considerations should be in place ensuring that new products will be delivered with PQC built-in,DISCUSS POST-QUANTUM ROADMAPS WITH TECHNOLOGY VENDORS,https://www.cisa.gov/sites/default/files/2023-08/Quantum%20Readiness_Final_CLEAR_508c%20(3).pdf,medium,mlx-community/Qwen3.6-27B-8bit,2026-08-23,active,,
CISA-Quantum-Readiness-Roadmap,CISA/NSA/NIST Quantum-Readiness — Migration to Post-Quantum Cryptography,Compliance Frameworks,Government & Policy,inventory,2,all,Conduct proactive cryptographic discovery to identify reliance on quantum-vulnerable cryptography in IT and OT systems.,Quantum-readiness project teams should initiate proactive cryptographic discovery activities that identify the organization’s current reliance on quantum-vulnerable cryptography.,ESTABLISH A QUANTUM-READINESS ROADMAP,https://www.cisa.gov/sites/default/files/2023-08/Quantum%20Readiness_Final_CLEAR_508c%20(3).pdf,medium,mlx-community/Qwen3.6-27B-8bit,2026-08-23,active,,
CISA-Quantum-Readiness-Roadmap,CISA/NSA/NIST Quantum-Readiness — Migration to Post-Quantum Cryptography,Compliance Frameworks,Government & Policy,inventory,2,all,Create a cryptographic inventory offering visibility into cryptography usage in IT and OT systems.,Organizations should create a cryptographic inventory that offers visibility into how the organization leverages cryptography in its IT and OT systems.,PREPARE A CRYPTOGRAPHIC INVENTORY,https://www.cisa.gov/sites/default/files/2023-08/Quantum%20Readiness_Final_CLEAR_508c%20(3).pdf,medium,mlx-community/Qwen3.6-27B-8bit,2026-08-23,active,,
CISA-Quantum-Readiness-Roadmap,CISA/NSA/NIST Quantum-Readiness — Migration to Post-Quantum Cryptography,Compliance Frameworks,Government & Policy,inventory,2,libraries,"Use discovery tools to identify quantum-vulnerable algorithms in applications, libraries, and firmware updates.","Cryptographic discovery tools should be used to identify quantum-vulnerable algorithms in: ... Assets on end user systems and servers, including applications and associated libraries, both within application functionality and for firmware and software updates",PREPARE A CRYPTOGRAPHIC INVENTORY,https://www.cisa.gov/sites/default/files/2023-08/Quantum%20Readiness_Final_CLEAR_508c%20(3).pdf,medium,mlx-community/Qwen3.6-27B-8bit,2026-08-23,active,,
CISA-Quantum-Readiness-Roadmap,CISA/NSA/NIST Quantum-Readiness — Migration to Post-Quantum Cryptography,Compliance Frameworks,Government & Policy,inventory,2,software,Identify quantum-vulnerable cryptography in network protocols and CI/CD pipelines.,Cryptographic discovery tools should be used to identify quantum-vulnerable algorithms in: o Network protocols ... o Cryptographic code or dependencies in the continuous integration/continuous delivery development pipeline.,PREPARE A CRYPTOGRAPHIC INVENTORY,https://www.cisa.gov/sites/default/files/2023-08/Quantum%20Readiness_Final_CLEAR_508c%20(3).pdf,medium,mlx-community/Qwen3.6-27B-8bit,2026-08-23,active,,
CISA-Quantum-Readiness-Roadmap,CISA/NSA/NIST Quantum-Readiness — Migration to Post-Quantum Cryptography,Compliance Frameworks,Government & Policy,inventory,2,all,"Correlate cryptographic inventory with existing asset, identity, and access management inventories.","Organizations should: o Correlate cryptographic inventory with inventories available from existing programs, such as Asset Inventory, Identity, Credential, and Access Management, (ICAM)...",PREPARE A CRYPTOGRAPHIC INVENTORY,https://www.cisa.gov/sites/default/files/2023-08/Quantum%20Readiness_Final_CLEAR_508c%20(3).pdf,medium,mlx-community/Qwen3.6-27B-8bit,2026-08-23,active,,
CISA-Quantum-Readiness-Roadmap,CISA/NSA/NIST Quantum-Readiness — Migration to Post-Quantum Cryptography,Compliance Frameworks,Government & Policy,inventory,2,all,Ask vendors for lists of embedded cryptography within their products to address discoverability gaps.,Organizations should ask vendors for lists of embedded cryptography within their products.,PREPARE A CRYPTOGRAPHIC INVENTORY,https://www.cisa.gov/sites/default/files/2023-08/Quantum%20Readiness_Final_CLEAR_508c%20(3).pdf,medium,mlx-community/Qwen3.6-27B-8bit,2026-08-23,active,,
CISA-Quantum-Readiness-Roadmap,CISA/NSA/NIST Quantum-Readiness — Migration to Post-Quantum Cryptography,Compliance Frameworks,Government & Policy,lifecycle,2,all,Feed the quantum-vulnerable inventory into risk assessment processes to prioritize PQC migration.,"Organizations should feed the quantum-vulnerable inventory into their risk assessment process, allowing risk officials to prioritize where to ensure use of PQC as soon as it is available.",PREPARE A CRYPTOGRAPHIC INVENTORY,https://www.cisa.gov/sites/default/files/2023-08/Quantum%20Readiness_Final_CLEAR_508c%20(3).pdf,medium,mlx-community/Qwen3.6-27B-8bit,2026-08-23,active,,
CISA-Quantum-Readiness-Roadmap,CISA/NSA/NIST Quantum-Readiness — Migration to Post-Quantum Cryptography,Compliance Frameworks,Government & Policy,lifecycle,2,all,Include details of vendor PQC update timelines and expected costs in the quantum-readiness roadmap.,"An organization’s quantum-readiness roadmap should include details of when and how each COTS vendor plans to deliver updates or upgrades to enable the use of PQC, as well as the expected cost associated with migration to PQC.",SUPPLY CHAIN QUANTUM-READINESS,https://www.cisa.gov/sites/default/files/2023-08/Quantum%20Readiness_Final_CLEAR_508c%20(3).pdf,medium,mlx-community/Qwen3.6-27B-8bit,2026-08-23,active,,
CCCS-ITSAP40018,Guidance on Becoming Cryptographically Agile (ITSAP.40.018),Compliance Frameworks,Government & Policy,inventory,2,all,Create and maintain an inventory of all products using cryptography within the organization.,Agility relies upon organizational processes and policies that maintain an inventory of locations and uses of cryptographic algorithms and products within an organization... Create an inventory of your products that use cryptography.,Section: Agility relies upon... / Does my organization support cryptographic agility?,https://www.cyber.gc.ca/en/guidance/guidance-becoming-cryptographically-agile-itsap40018,medium,mlx-community/Qwen3.6-27B-8bit,2026-08-23,active,,
CCCS-ITSAP40018,Guidance on Becoming Cryptographically Agile (ITSAP.40.018),Compliance Frameworks,Government & Policy,governance,2,all,Implement policies and procedures in IT change management to maintain the crypto inventory and manage configuration changes.,Implement new policies and procedures in your IT change management activities to maintain this inventory on an on-going basis and manage any configuration changes related to cryptographic agility.,Section: Becoming cryptographically agile,https://www.cyber.gc.ca/en/guidance/guidance-becoming-cryptographically-agile-itsap40018,medium,mlx-community/Qwen3.6-27B-8bit,2026-08-23,active,,
CCCS-ITSAP40018,Guidance on Becoming Cryptographically Agile (ITSAP.40.018),Compliance Frameworks,Government & Policy,governance,2,all,Establish a procurement policy that requires cryptographic agility for future purchases.,Create a procurement policy to ensure cryptographic agility is considered in future purchases.,Section: Becoming cryptographically agile,https://www.cyber.gc.ca/en/guidance/guidance-becoming-cryptographically-agile-itsap40018,medium,mlx-community/Qwen3.6-27B-8bit,2026-08-23,active,,
CCCS-ITSAP40018,Guidance on Becoming Cryptographically Agile (ITSAP.40.018),Compliance Frameworks,Government & Policy,lifecycle,2,all,Develop a transition plan to upgrade non-agile products and legacy cryptography to agile alternatives.,"Develop a transition plan for any non-agile products, including any legacy cryptography, to upgrade to products that support cryptographic agility.",Section: Becoming cryptographically agile,https://www.cyber.gc.ca/en/guidance/guidance-becoming-cryptographically-agile-itsap40018,medium,mlx-community/Qwen3.6-27B-8bit,2026-08-23,active,,
CCCS-ITSAP40018,Guidance on Becoming Cryptographically Agile (ITSAP.40.018),Compliance Frameworks,Government & Policy,assurance,2,libraries,Ensure cryptographic implementations are validated under independent assurance programs like CMVP.,Ensure your agility plan uses standardized cryptographic algorithms... and that the implementations of the cryptographic algorithms have been validated under the Cryptographic Module Validation Program.,Section: Becoming cryptographically agile,https://www.cyber.gc.ca/en/guidance/guidance-becoming-cryptographically-agile-itsap40018,medium,mlx-community/Qwen3.6-27B-8bit,2026-08-23,active,,
CCCS-ITSAP40018,Guidance on Becoming Cryptographically Agile (ITSAP.40.018),Compliance Frameworks,Government & Policy,observability,2,all,Use tools to scan systems and report on cryptography that may need replacement or configuration changes.,Some vendors offer products for enterprises that can scan systems or networks and report on cryptography that may need to be replaced.,Section: Does my organization support cryptographic agility?,https://www.cyber.gc.ca/en/guidance/guidance-becoming-cryptographically-agile-itsap40018,medium,mlx-community/Qwen3.6-27B-8bit,2026-08-23,active,,
EO-14409-Securing-the-Nation,Executive Order (June 2026): Securing the Nation Against Advanced Cryptographic Attacks,Compliance Frameworks,Government & Policy,governance,2,all,Designate a PQC migration lead reporting to the CIO to oversee cryptographic inventory management and develop a prioritized migration plan.,"each agency head shall identify its PQC migration lead... responsible for overseeing agency-wide cryptographic inventory management, developing a prioritized PQC migration plan",Sec. 2(h) and Sec. 4(a),https://www.whitehouse.gov/presidential-actions/2026/06/securing-the-nation-against-advanced-cryptographic-attacks/,high,mlx-community/Qwen3.6-27B-8bit,2026-08-23,active,,
EO-14409-Securing-the-Nation,Executive Order (June 2026): Securing the Nation Against Advanced Cryptographic Attacks,Compliance Frameworks,Government & Policy,governance,2,all,Develop and submit a plan to OMB and the National Cyber Director to accomplish the transition of HVAs and high impact systems to PQC.,develop and submit to the Director of OMB and the National Cyber Director a plan to accomplish this directive,Sec. 4(b)(iv),https://www.whitehouse.gov/presidential-actions/2026/06/securing-the-nation-against-advanced-cryptographic-attacks/,high,mlx-community/Qwen3.6-27B-8bit,2026-08-23,active,,
EO-14409-Securing-the-Nation,Executive Order (June 2026): Securing the Nation Against Advanced Cryptographic Attacks,Compliance Frameworks,Government & Policy,inventory,2,all,Review the inventory of High Value Assets (HVAs) and high impact systems to identify cryptographic assets requiring PQC transition.,"review their inventory of HVAs and high impact systems, excluding National Security Systems",Sec. 4(b)(i),https://www.whitehouse.gov/presidential-actions/2026/06/securing-the-nation-against-advanced-cryptographic-attacks/,high,mlx-community/Qwen3.6-27B-8bit,2026-08-23,active,,
EO-14409-Securing-the-Nation,Executive Order (June 2026): Securing the Nation Against Advanced Cryptographic Attacks,Compliance Frameworks,Government & Policy,lifecycle,3,keys,"Transition all HVAs and high impact systems to use Post-Quantum Cryptography for key establishment by December 31, 2030.","transition all HVAs and high impact systems to use PQC for key establishment by December 31, 2030",Sec. 4(b)(ii),https://www.whitehouse.gov/presidential-actions/2026/06/securing-the-nation-against-advanced-cryptographic-attacks/,high,mlx-community/Qwen3.6-27B-8bit,2026-08-23,active,,
EO-14409-Securing-the-Nation,Executive Order (June 2026): Securing the Nation Against Advanced Cryptographic Attacks,Compliance Frameworks,Government & Policy,lifecycle,3,software,"Transition all HVAs and high impact systems to use Post-Quantum Cryptography for digital signatures by December 31, 2031.","transition all HVAs and high impact systems to use PQC for digital signatures by December 31, 2031",Sec. 4(b)(iii),https://www.whitehouse.gov/presidential-actions/2026/06/securing-the-nation-against-advanced-cryptographic-attacks/,high,mlx-community/Qwen3.6-27B-8bit,2026-08-23,active,,
EO-14409-Securing-the-Nation,Executive Order (June 2026): Securing the Nation Against Advanced Cryptographic Attacks,Compliance Frameworks,Government & Policy,assurance,3,libraries,"Ensure covered contractors comply with NIST FIPS, including PQC-compliant algorithms, by December 31, 2030, via FAR amendments.","require covered contractors to comply by December 31, 2030, with NIST’s FIPS, including all applicable FIPS incorporating PQC compliant algorithms",Sec. 6(c),https://www.whitehouse.gov/presidential-actions/2026/06/securing-the-nation-against-advanced-cryptographic-attacks/,high,mlx-community/Qwen3.6-27B-8bit,2026-08-23,active,,
EO-14409-Securing-the-Nation,Executive Order (June 2026): Securing the Nation Against Advanced Cryptographic Attacks,Compliance Frameworks,Government & Policy,observability,2,all,"Implement vulnerability disclosure policies that incorporate reports of cryptographic vulnerabilities, including use of non-FIPS approved algorithms.","ensure that covered contractors implement vulnerability disclosure policies (VDPs)... and that VDPs incorporate reports of cryptographic vulnerabilities, including testing for lack of encryption and the use of non-FIPS approved algorithms",Sec. 6(d),https://www.whitehouse.gov/presidential-actions/2026/06/securing-the-nation-against-advanced-cryptographic-attacks/,high,mlx-community/Qwen3.6-27B-8bit,2026-08-23,active,,
EO-2026-06-22-Securing-the-Nation,"Executive Order (June 22, 2026): Securing the Nation Against Advanced Cryptographic Attacks",Compliance Frameworks,Government & Policy,governance,2,all,Designate a PQC migration lead reporting to the CIO to oversee cryptographic inventory management and develop a prioritized migration plan.,"each agency head shall identify its PQC migration lead... responsible for overseeing agency-wide cryptographic inventory management, developing a prioritized PQC migration plan",Sec. 2(h) and Sec. 4(a),https://www.whitehouse.gov/presidential-actions/2026/06/securing-the-nation-against-advanced-cryptographic-attacks/,high,mlx-community/Qwen3.6-27B-8bit,2026-08-23,active,,
EO-2026-06-22-Securing-the-Nation,"Executive Order (June 22, 2026): Securing the Nation Against Advanced Cryptographic Attacks",Compliance Frameworks,Government & Policy,governance,2,all,Submit a plan to OMB and the National Cyber Director detailing the strategy to transition HVAs and high-impact systems to PQC.,develop and submit to the Director of OMB and the National Cyber Director a plan to accomplish this directive,Sec. 4(b)(iv),https://www.whitehouse.gov/presidential-actions/2026/06/securing-the-nation-against-advanced-cryptographic-attacks/,high,mlx-community/Qwen3.6-27B-8bit,2026-08-23,active,,
EO-2026-06-22-Securing-the-Nation,"Executive Order (June 22, 2026): Securing the Nation Against Advanced Cryptographic Attacks",Compliance Frameworks,Government & Policy,inventory,2,all,Review the inventory of High Value Assets (HVAs) and high-impact systems to identify cryptographic assets requiring PQC transition.,"review their inventory of HVAs and high impact systems, excluding National Security Systems",Sec. 4(b)(i),https://www.whitehouse.gov/presidential-actions/2026/06/securing-the-nation-against-advanced-cryptographic-attacks/,high,mlx-community/Qwen3.6-27B-8bit,2026-08-23,active,,
EO-2026-06-22-Securing-the-Nation,"Executive Order (June 22, 2026): Securing the Nation Against Advanced Cryptographic Attacks",Compliance Frameworks,Government & Policy,lifecycle,3,keys,"Transition all HVAs and high-impact systems to use PQC for key establishment by December 31, 2030.","transition all HVAs and high impact systems to use PQC for key establishment by December 31, 2030",Sec. 4(b)(ii),https://www.whitehouse.gov/presidential-actions/2026/06/securing-the-nation-against-advanced-cryptographic-attacks/,high,mlx-community/Qwen3.6-27B-8bit,2026-08-23,active,,
EO-2026-06-22-Securing-the-Nation,"Executive Order (June 22, 2026): Securing the Nation Against Advanced Cryptographic Attacks",Compliance Frameworks,Government & Policy,lifecycle,3,certificates,"Transition all HVAs and high-impact systems to use PQC for digital signatures by December 31, 2031.","transition all HVAs and high impact systems to use PQC for digital signatures by December 31, 2031",Sec. 4(b)(iii),https://www.whitehouse.gov/presidential-actions/2026/06/securing-the-nation-against-advanced-cryptographic-attacks/,high,mlx-community/Qwen3.6-27B-8bit,2026-08-23,active,,
EO-2026-06-22-Securing-the-Nation,"Executive Order (June 22, 2026): Securing the Nation Against Advanced Cryptographic Attacks",Compliance Frameworks,Government & Policy,observability,2,all,Adopt minimum elements for a cryptographic bill of materials (CBOM) to enable automated assessment of cryptographic assets in hardware and software.,release public guidance describing the agencies’ considered view as to the minimum elements for a cryptographic bill of materials. These elements shall enable the automated assessment,Sec. 5(d),https://www.whitehouse.gov/presidential-actions/2026/06/securing-the-nation-against-advanced-cryptographic-attacks/,high,mlx-community/Qwen3.6-27B-8bit,2026-08-23,active,,
EO-2026-06-22-Securing-the-Nation,"Executive Order (June 22, 2026): Securing the Nation Against Advanced Cryptographic Attacks",Compliance Frameworks,Government & Policy,assurance,3,libraries,"Ensure covered contractors comply with NIST FIPS, including PQC-compliant algorithms, by December 31, 2030, via FAR amendments.","require covered contractors to comply by December 31, 2030, with NIST’s FIPS, including all applicable FIPS incorporating PQC compliant algorithms",Sec. 6(c),https://www.whitehouse.gov/presidential-actions/2026/06/securing-the-nation-against-advanced-cryptographic-attacks/,high,mlx-community/Qwen3.6-27B-8bit,2026-08-23,active,,
EO-2026-06-22-Securing-the-Nation,"Executive Order (June 22, 2026): Securing the Nation Against Advanced Cryptographic Attacks",Compliance Frameworks,Government & Policy,assurance,2,all,"Implement vulnerability disclosure policies that incorporate reports of cryptographic vulnerabilities, including use of non-FIPS approved algorithms.","ensure that covered contractors implement vulnerability disclosure policies (VDPs)... and that VDPs incorporate reports of cryptographic vulnerabilities, including... the use of non-FIPS approved algorithms",Sec. 6(d),https://www.whitehouse.gov/presidential-actions/2026/06/securing-the-nation-against-advanced-cryptographic-attacks/,high,mlx-community/Qwen3.6-27B-8bit,2026-08-23,active,,
NTIA-SBOM-Minimum-Elements-2021,The Minimum Elements For a Software Bill of Materials (SBOM),Compliance Frameworks,Government & Policy,inventory,3,software,"Generate machine-readable SBOMs using standard formats (SPDX, CycloneDX, SWID) to support automation and scaling across the software ecosystem.","Support automation, including via automatic generation and machine-readability to allow for scaling across the software ecosystem. Data formats used to generate and consume SBOMs include SPDX, CycloneDX, and SWID tags.","Section IV. Minimum Elements, Automation Support",https://www.ntia.gov/sites/default/files/publications/sbom_minimum_elements_report_0.pdf,high,mlx-community/Qwen3.6-27B-8bit,2026-08-23,active,,
NTIA-SBOM-Minimum-Elements-2021,The Minimum Elements For a Software Bill of Materials (SBOM),Compliance Frameworks,Government & Policy,inventory,3,software,"Document baseline component data including Supplier, Component Name, Version, Unique Identifiers, Dependency Relationship, Author, and Timestamp.","Document baseline information about each component that should be tracked: Supplier, Component Name, Version of the Component, Other Unique Identifiers, Dependency Relationship, Author of SBOM Data, and Timestamp.","Section IV. Minimum Elements, Data Fields",https://www.ntia.gov/sites/default/files/publications/sbom_minimum_elements_report_0.pdf,high,mlx-community/Qwen3.6-27B-8bit,2026-08-23,active,,
NTIA-SBOM-Minimum-Elements-2021,The Minimum Elements For a Software Bill of Materials (SBOM),Compliance Frameworks,Government & Policy,governance,3,software,"Define operational practices for SBOM requests, generation, and use, including frequency, depth, known unknowns, distribution, access control, and error accommodation.","Define the operations of SBOM requests, generation and use including: Frequency, Depth, Known Unknowns, Distribution and Delivery, Access Control, and Accommodation of Mistakes.","Section IV. Minimum Elements, Practices and Processes",https://www.ntia.gov/sites/default/files/publications/sbom_minimum_elements_report_0.pdf,high,mlx-community/Qwen3.6-27B-8bit,2026-08-23,active,,
OMB-M-26-15,OMB Memorandum M-26-15 — Execution of the Migration to Post-Quantum Cryptography,Compliance Frameworks,Government & Policy,governance,2,all,Establish or update internal governance structure to oversee PQC migration with clearly defined roles and responsibilities for leadership teams.,Agencies must establish or update an internal governance structure to oversee PQC migration... Roles and responsibilities must be clearly defined.,Section 3.C.1,https://www.whitehouse.gov/wp-content/uploads/2026/06/M-26-15-Execution-of-the-Migration-to-Post-Quantum-Cryptography.pdf,high,mlx-community/Qwen3.6-27B-8bit,2026-08-23,active,,
OMB-M-26-15,OMB Memorandum M-26-15 — Execution of the Migration to Post-Quantum Cryptography,Compliance Frameworks,Government & Policy,governance,2,all,"Integrate PQC readiness and implementation functions into existing governance structures, aligning with cybersecurity governance principles.",Agencies must integrate PQC readiness and implementation functions into their existing governance structures.,Section 3.A,https://www.whitehouse.gov/wp-content/uploads/2026/06/M-26-15-Execution-of-the-Migration-to-Post-Quantum-Cryptography.pdf,high,mlx-community/Qwen3.6-27B-8bit,2026-08-23,active,,
OMB-M-26-15,OMB Memorandum M-26-15 — Execution of the Migration to Post-Quantum Cryptography,Compliance Frameworks,Government & Policy,governance,2,all,Designate accountable officials and establish governance frameworks during the initial strategy and planning phase of the migration.,"During this phase, agencies should also establish governance frameworks, designate accountable officials...","Section 3.D, Phase 1",https://www.whitehouse.gov/wp-content/uploads/2026/06/M-26-15-Execution-of-the-Migration-to-Post-Quantum-Cryptography.pdf,medium,mlx-community/Qwen3.6-27B-8bit,2026-08-23,active,,
OMB-M-26-15,OMB Memorandum M-26-15 — Execution of the Migration to Post-Quantum Cryptography,Compliance Frameworks,Government & Policy,inventory,2,all,"Conduct inventory of cryptographic systems, including High Value Assets and high impact systems, to support risk-based prioritization.",The initial period should focus on inventory (including HVAs and high impact systems)... Agencies must prioritize PQC migration based on risk.,"Section 3.D, Phase 1; Section 3.C.2",https://www.whitehouse.gov/wp-content/uploads/2026/06/M-26-15-Execution-of-the-Migration-to-Post-Quantum-Cryptography.pdf,high,mlx-community/Qwen3.6-27B-8bit,2026-08-23,active,,
OMB-M-26-15,OMB Memorandum M-26-15 — Execution of the Migration to Post-Quantum Cryptography,Compliance Frameworks,Government & Policy,inventory,3,all,Use automation to achieve a comprehensive and continuously updated understanding of the cryptographic posture.,Agencies should use automation when feasible and appropriate to achieve a comprehensive and continuously updated understanding of their cryptographic posture.,Section 3.C.5,https://www.whitehouse.gov/wp-content/uploads/2026/06/M-26-15-Execution-of-the-Migration-to-Post-Quantum-Cryptography.pdf,medium,mlx-community/Qwen3.6-27B-8bit,2026-08-23,active,,
OMB-M-26-15,OMB Memorandum M-26-15 — Execution of the Migration to Post-Quantum Cryptography,Compliance Frameworks,Government & Policy,lifecycle,3,all,"Execute prioritized migration of cryptographic systems to mitigate quantum risk by December 31, 2030.","Agencies must execute a prioritized migration of cryptographic systems... with the objective of mitigating as much quantum risk as feasible by December 31, 2030.",Section 3.A,https://www.whitehouse.gov/wp-content/uploads/2026/06/M-26-15-Execution-of-the-Migration-to-Post-Quantum-Cryptography.pdf,high,mlx-community/Qwen3.6-27B-8bit,2026-08-23,active,,
OMB-M-26-15,OMB Memorandum M-26-15 — Execution of the Migration to Post-Quantum Cryptography,Compliance Frameworks,Government & Policy,lifecycle,3,all,"Incorporate PQC upgrades into planned cloud migrations, software development lifecycles, and hardware-refresh schedules.","Agencies must incorporate PQC upgrades into planned cloud migrations, software development lifecycles, and hardware-refresh schedules...",Section 3.C.3,https://www.whitehouse.gov/wp-content/uploads/2026/06/M-26-15-Execution-of-the-Migration-to-Post-Quantum-Cryptography.pdf,high,mlx-community/Qwen3.6-27B-8bit,2026-08-23,active,,
OMB-M-26-15,OMB Memorandum M-26-15 — Execution of the Migration to Post-Quantum Cryptography,Compliance Frameworks,Government & Policy,lifecycle,3,all,Identify systems incapable of supporting PQC or hybrid cryptography and prioritize them for replacement or decommissioning.,Systems incapable of supporting PQC or hybrid cryptography must be identified and given priority for replacement or decommissioning.,Section 3.C.3,https://www.whitehouse.gov/wp-content/uploads/2026/06/M-26-15-Execution-of-the-Migration-to-Post-Quantum-Cryptography.pdf,high,mlx-community/Qwen3.6-27B-8bit,2026-08-23,active,,
OMB-M-26-15,OMB Memorandum M-26-15 — Execution of the Migration to Post-Quantum Cryptography,Compliance Frameworks,Government & Policy,lifecycle,3,all,Ensure all systems are cryptographically agile during the prioritized migration and signature migration phases.,Ensure all systems are cryptographically agile.,"Section 3.D, Phase 3 & 4",https://www.whitehouse.gov/wp-content/uploads/2026/06/M-26-15-Execution-of-the-Migration-to-Post-Quantum-Cryptography.pdf,high,mlx-community/Qwen3.6-27B-8bit,2026-08-23,active,,
OMB-M-26-15,OMB Memorandum M-26-15 — Execution of the Migration to Post-Quantum Cryptography,Compliance Frameworks,Government & Policy,observability,3,all,Use automation for compliance reporting to monitor the status of the PQC migration.,"Automation is critical for inventory management, policy enforcement, and compliance reporting.",Section 3.C.5,https://www.whitehouse.gov/wp-content/uploads/2026/06/M-26-15-Execution-of-the-Migration-to-Post-Quantum-Cryptography.pdf,medium,mlx-community/Qwen3.6-27B-8bit,2026-08-23,active,,
OMB-M-26-15,OMB Memorandum M-26-15 — Execution of the Migration to Post-Quantum Cryptography,Compliance Frameworks,Government & Policy,assurance,2,all,"Submit a PQC Migration Plan to OMB and ONCD within 120 days, aligning with NIST IR 8547.","Agencies must develop and submit a PQC Migration Plan to OMB and the Office of the National Cyber Director (ONCD), no later than 120 days... Agencies must align their plans with NIST Internal Report (IR) 8547...",Section 3.B; Section 3.D,https://www.whitehouse.gov/wp-content/uploads/2026/06/M-26-15-Execution-of-the-Migration-to-Post-Quantum-Cryptography.pdf,high,mlx-community/Qwen3.6-27B-8bit,2026-08-23,active,,
OMB-M-26-15,OMB Memorandum M-26-15 — Execution of the Migration to Post-Quantum Cryptography,Compliance Frameworks,Government & Policy,assurance,2,all,Engage FedRAMP-authorized cloud service providers to delineate PQC migration responsibilities within the shared responsibility model.,Agencies should engage their FedRAMP-authorized cloud service providers to delineate PQC migration responsibilities within the shared responsibility model.,Section 3.C.4,https://www.whitehouse.gov/wp-content/uploads/2026/06/M-26-15-Execution-of-the-Migration-to-Post-Quantum-Cryptography.pdf,medium,mlx-community/Qwen3.6-27B-8bit,2026-08-23,active,,
https-nukib-gov-cz-download-publications-en-Annex-20to-20the,"NUKIB — Annex to the document ""Minimum Requirements for Cryptographic Algorithms"" (Quantum threat and quantum-resistant cryptography)",Compliance Frameworks,Government & Policy,lifecycle,2,software,"Transition to quantum-resistant cryptography in high-priority areas, specifically for long-lived data and firmware update signatures, as recommended by NUKIB.",Urgency levels for transition to quantum-resistant cryptography... High-priority areas... Digital signatures used for integrity protection during firmware updates,"Section 8(1)a, Section 5(4)b",https://nukib.gov.cz/download/publications_en/Annex%20to%20the%20document_Minimum%20Requirements%20for%20Cryptographic%20Algorithms.pdf,medium,mlx-community/Qwen3.6-27B-8bit,2026-08-23,active,,
https-nukib-gov-cz-download-publications-en-Annex-20to-20the,"NUKIB — Annex to the document ""Minimum Requirements for Cryptographic Algorithms"" (Quantum threat and quantum-resistant cryptography)",Compliance Frameworks,Government & Policy,lifecycle,2,software,Implement hybrid quantum-resistant cryptography for key establishment and digital signatures as the recommended approach during the transition period.,Recommended hybrid quantum-resistant cryptography... Hybrid combination of classical asymmetric and post-quantum cryptography for key establishment,"Section 8(2)b, Section 6(2)b",https://nukib.gov.cz/download/publications_en/Annex%20to%20the%20document_Minimum%20Requirements%20for%20Cryptographic%20Algorithms.pdf,medium,mlx-community/Qwen3.6-27B-8bit,2026-08-23,active,,
https-nukib-gov-cz-download-publications-en-Annex-20to-20the,"NUKIB — Annex to the document ""Minimum Requirements for Cryptographic Algorithms"" (Quantum threat and quantum-resistant cryptography)",Compliance Frameworks,Government & Policy,lifecycle,2,software,Ensure cryptographic agility to facilitate the incorporation of post-quantum algorithms into existing cryptographic protocols and systems.,Cryptographic agility... The need to develop new variants of cryptographic protocols in the context of post-quantum cryptography implementations,"Section 7(3), Section 8(3)a",https://nukib.gov.cz/download/publications_en/Annex%20to%20the%20document_Minimum%20Requirements%20for%20Cryptographic%20Algorithms.pdf,medium,mlx-community/Qwen3.6-27B-8bit,2026-08-23,active,,
https-nukib-gov-cz-download-publications-en-Annex-20to-20the,"NUKIB — Annex to the document ""Minimum Requirements for Cryptographic Algorithms"" (Quantum threat and quantum-resistant cryptography)",Compliance Frameworks,Government & Policy,governance,2,all,"Adopt NUKIB's position on the standalone use of ML-KEM and ML-DSA Level 5 for quantum-resistant cryptography, aligning with NSA CNSA 2.0 rationale.",NÚKIB's position on the standalone use of ML-KEM and ML-DSA Level 5... NSA's rationale for approving the standalone use of the CRYSTALS algorithms,"Section 4(3), Section 4(2)b",https://nukib.gov.cz/download/publications_en/Annex%20to%20the%20document_Minimum%20Requirements%20for%20Cryptographic%20Algorithms.pdf,medium,mlx-community/Qwen3.6-27B-8bit,2026-08-23,active,,
EU-NIS-Cooperation-Group-A-Coordinated-Implementation-Roadma,EU NIS Cooperation Group - A Coordinated Implementation Roadmap for the Transition to Post-Quantum Cryptography (2025-06-23),Compliance Frameworks,International Frameworks,governance,2,all,Establish mature cryptographic asset management to facilitate the transition to PQC and improve cryptographic agility.,It is recommended to ensure that the quantum threat becomes a part of risk management of all relevant entities and to establish mature cryptographic asset management to facilitate the transition to PQC and to improve cryptographic agility in general.,Executive Summary,https://ec.europa.eu/newsroom/dae/redirection/document/117507,medium,mlx-community/Qwen3.6-27B-8bit,2026-08-23,active,,
EU-NIS-Cooperation-Group-A-Coordinated-Implementation-Roadma,EU NIS Cooperation Group - A Coordinated Implementation Roadmap for the Transition to Post-Quantum Cryptography (2025-06-23),Compliance Frameworks,International Frameworks,governance,2,all,Initiate a national PQC transition strategy by the end of 2026 and coordinate efforts at the EU level.,"In particular, it is recommended that all Member States initiate a national PQC transition strategy following First Steps by the end of 2026 and coordinate their efforts at the EU level.",Executive Summary,https://ec.europa.eu/newsroom/dae/redirection/document/117507,medium,mlx-community/Qwen3.6-27B-8bit,2026-08-23,active,,
EU-NIS-Cooperation-Group-A-Coordinated-Implementation-Roadma,EU NIS Cooperation Group - A Coordinated Implementation Roadmap for the Transition to Post-Quantum Cryptography (2025-06-23),Compliance Frameworks,International Frameworks,governance,2,all,Include the quantum threat as part of the risk management process for all relevant entities.,It is recommended to ensure that the quantum threat becomes a part of risk management of all relevant entities...,Executive Summary,https://ec.europa.eu/newsroom/dae/redirection/document/117507,medium,mlx-community/Qwen3.6-27B-8bit,2026-08-23,active,,
EU-NIS-Cooperation-Group-A-Coordinated-Implementation-Roadma,EU NIS Cooperation Group - A Coordinated Implementation Roadmap for the Transition to Post-Quantum Cryptography (2025-06-23),Compliance Frameworks,International Frameworks,inventory,2,all,Maintain a structured overview of cryptographic assets to support the PQC transition.,cryptographic inventory: A structured overview of cryptographic assets.,Section 3.2 Definitions,https://ec.europa.eu/newsroom/dae/redirection/document/117507,medium,mlx-community/Qwen3.6-27B-8bit,2026-08-23,active,,
EU-NIS-Cooperation-Group-A-Coordinated-Implementation-Roadma,EU NIS Cooperation Group - A Coordinated Implementation Roadmap for the Transition to Post-Quantum Cryptography (2025-06-23),Compliance Frameworks,International Frameworks,lifecycle,2,all,"Transition high-risk use cases to PQC as soon as possible, no later than the end of 2030.","At the same time, high-risk use cases should be transitioned to PQC as soon as possible, no later than the end of 2030.",Executive Summary,https://ec.europa.eu/newsroom/dae/redirection/document/117507,medium,mlx-community/Qwen3.6-27B-8bit,2026-08-23,active,,
EU-NIS-Cooperation-Group-A-Coordinated-Implementation-Roadma,EU NIS Cooperation Group - A Coordinated Implementation Roadmap for the Transition to Post-Quantum Cryptography (2025-06-23),Compliance Frameworks,International Frameworks,lifecycle,2,all,Complete the PQC transition for as many systems as practically feasible by 2035.,"By 2035, the transition should be completed for as many systems as practically feasible.",Executive Summary,https://ec.europa.eu/newsroom/dae/redirection/document/117507,medium,mlx-community/Qwen3.6-27B-8bit,2026-08-23,active,,
EU-NIS-Cooperation-Group-A-Coordinated-Implementation-Roadma,EU NIS Cooperation Group - A Coordinated Implementation Roadmap for the Transition to Post-Quantum Cryptography (2025-06-23),Compliance Frameworks,International Frameworks,lifecycle,2,all,Use standardized and tested hybrid solutions whenever feasible and suitable during migration.,"When migrating to post-quantum cryptographic solutions, it is recommended to use standardised and tested hybrid solutions, whenever feasible and suitable.",Executive Summary,https://ec.europa.eu/newsroom/dae/redirection/document/117507,medium,mlx-community/Qwen3.6-27B-8bit,2026-08-23,active,,
CRYPTREC-LS-0001-2022R2-List-of-Ciphers-to-be-Referred-to-fo,CRYPTREC LS-0001-2022R2 - List of Ciphers to be Referred to for Procurement in e-Government (CRYPTREC Ciphers List),Compliance Frameworks,Government & Policy,governance,2,all,"Adopt cryptographic technologies listed in the CRYPTREC Recommended List for e-Government procurement, ensuring compliance with specified key length requirements.",電子政府推奨暗号リスト...当該技術の利用を推奨するもののリスト。なお、利用する鍵長について、「暗号強度要件（アルゴリズム及び鍵長選択）に関する設定基準」の規定に合致しない鍵長を用いた場合には、電子政府推奨暗号リストの暗号技術を利用しているとは見なされないことに留意すること。,"Page 1, Introduction",https://www.cryptrec.go.jp/list/cryptrec-ls-0001-2022r2.pdf,high,mlx-community/Qwen3.6-27B-8bit,2026-08-23,active,,
CRYPTREC-LS-0001-2022R2-List-of-Ciphers-to-be-Referred-to-fo,CRYPTREC LS-0001-2022R2 - List of Ciphers to be Referred to for Procurement in e-Government (CRYPTREC Ciphers List),Compliance Frameworks,Government & Policy,governance,2,all,Restrict the use of technologies on the Operational Monitoring List to maintaining compatibility with existing systems; do not use for other purposes.,運用監視暗号リスト...互換性維持以外の目的での利用は推奨しない。,"Page 5, Operational Monitoring Cipher List Introduction",https://www.cryptrec.go.jp/list/cryptrec-ls-0001-2022r2.pdf,high,mlx-community/Qwen3.6-27B-8bit,2026-08-23,deprecated,2026-08-24,"evidence_quote not present in the cited document (audit-maturity-evidence.py, 2026-08-24): extraction unsupported by source text"
CRYPTREC-LS-0001-2022R2-List-of-Ciphers-to-be-Referred-to-fo,CRYPTREC LS-0001-2022R2 - List of Ciphers to be Referred to for Procurement in e-Government (CRYPTREC Ciphers List),Compliance Frameworks,Government & Policy,inventory,2,libraries,Ensure that MACs used with ECDH are limited to HMAC or CMAC as specified in the recommended list.,（注２）使用するMACはHMAC又はCMACに限る。,"Page 2, Footnote 2",https://www.cryptrec.go.jp/list/cryptrec-ls-0001-2022r2.pdf,high,mlx-community/Qwen3.6-27B-8bit,2026-08-23,active,,
CRYPTREC-LS-0001-2022R2-List-of-Ciphers-to-be-Referred-to-fo,CRYPTREC LS-0001-2022R2 - List of Ciphers to be Referred to for Procurement in e-Government (CRYPTREC Ciphers List),Compliance Frameworks,Government & Policy,inventory,2,libraries,"Limit encryption using 64-bit block ciphers to 2^20 blocks per key, and CMAC generation to 2^21 blocks per key.",（注３）CRYPTREC暗号リストにおいて、64ビットブロック暗号により、同一の鍵を用いて暗号化する場合、2^20ブロックまで、同一の鍵を用いてCMACでメッセージ認証コードを生成する場合、2^21ブロックまでとする。,"Page 2, Footnote 3",https://www.cryptrec.go.jp/list/cryptrec-ls-0001-2022r2.pdf,high,mlx-community/Qwen3.6-27B-8bit,2026-08-23,active,,
CRYPTREC-LS-0001-2022R2-List-of-Ciphers-to-be-Referred-to-fo,CRYPTREC LS-0001-2022R2 - List of Ciphers to be Referred to for Procurement in e-Government (CRYPTREC Ciphers List),Compliance Frameworks,Government & Policy,inventory,2,libraries,"Use only 128-bit block ciphers from the CRYPTREC list for XTS mode, restricted to storage device encryption following NIST SP800-38E.",（注５）ブロック暗号には、CRYPTREC暗号リスト掲載128ビットブロック暗号を使う。利用用途はストレージデバイスの暗号化に限り、実装方法はNIST SP800-38Eに従うこと。,"Page 2, Footnote 5",https://www.cryptrec.go.jp/list/cryptrec-ls-0001-2022r2.pdf,high,mlx-community/Qwen3.6-27B-8bit,2026-08-23,active,,
CRYPTREC-LS-0001-2022R2-List-of-Ciphers-to-be-Referred-to-fo,CRYPTREC LS-0001-2022R2 - List of Ciphers to be Referred to for Procurement in e-Government (CRYPTREC Ciphers List),Compliance Frameworks,Government & Policy,inventory,2,libraries,Ensure hash lengths are 256 bits or more when using SHAKE128 or SHAKE256.,（注４）ハッシュ長は256ビット以上とすること。,"Page 2, Footnote 4",https://www.cryptrec.go.jp/list/cryptrec-ls-0001-2022r2.pdf,high,mlx-community/Qwen3.6-27B-8bit,2026-08-23,active,,
CRYPTREC-LS-0001-2022R2-List-of-Ciphers-to-be-Referred-to-fo,CRYPTREC LS-0001-2022R2 - List of Ciphers to be Referred to for Procurement in e-Government (CRYPTREC Ciphers List),Compliance Frameworks,Government & Policy,inventory,2,libraries,Recommend using a 96-bit initialization vector length for GCM mode.,（注７）初期化ベクトル長は96ビットを推奨する。,"Page 2, Footnote 7",https://www.cryptrec.go.jp/list/cryptrec-ls-0001-2022r2.pdf,medium,mlx-community/Qwen3.6-27B-8bit,2026-08-23,active,,
CRYPTREC-LS-0001-2022R2-List-of-Ciphers-to-be-Referred-to-fo,CRYPTREC LS-0001-2022R2 - List of Ciphers to be Referred to for Procurement in e-Government (CRYPTREC Ciphers List),Compliance Frameworks,Government & Policy,inventory,2,libraries,Use CBC-MAC with fixed message lengths for security reasons.,（注17）安全性の観点から、メッセージ長を固定して利用すべきである。,"Page 5, Footnote 17",https://www.cryptrec.go.jp/list/cryptrec-ls-0001-2022r2.pdf,high,mlx-community/Qwen3.6-27B-8bit,2026-08-23,active,,
CRYPTREC-LS-0001-2022R2-List-of-Ciphers-to-be-Referred-to-fo,CRYPTREC LS-0001-2022R2 - List of Ciphers to be Referred to for Procurement in e-Government (CRYPTREC Ciphers List),Compliance Frameworks,Government & Policy,lifecycle,2,all,Plan for the transition to Post-Quantum Cryptography (PQC) by referencing the PQC list for technologies resistant to Cryptographically Relevant Quantum Computers.,＜表２ 耐量子計算機暗号（PQC）リスト＞ 現行暗号の解読に利用可能な水準の量子計算機（CRQC: Cryptographically Relevant Quantum Computer）への耐性を有することが確認された暗号技術のリスト,"Page 3, Table 2",https://www.cryptrec.go.jp/list/cryptrec-ls-0001-2022r2.pdf,medium,mlx-community/Qwen3.6-27B-8bit,2026-08-23,active,,
CRYPTREC-LS-0003-2022R1-Criteria-for-Setting-Cryptographic-S,CRYPTREC LS-0003-2022R1 - Criteria for Setting Cryptographic Strength Requirements (Algorithm and Key-Length Selection),Compliance Frameworks,Government & Policy,governance,2,all,Establish documented security strength requirements for algorithm and key length selection based on system operational lifespan and CRYPTREC lists.,セキュリティ強度要件を設定し、その強度要件を満たすアルゴリズム及び鍵長を調達・開発要件としなければならない。,Section 3.1,https://www.cryptrec.go.jp/list/cryptrec-ls-0003-2022r1.pdf,high,mlx-community/Qwen3.6-27B-8bit,2026-08-23,active,,
CRYPTREC-LS-0003-2022R1-Criteria-for-Setting-Cryptographic-S,CRYPTREC LS-0003-2022R1 - Criteria for Setting Cryptographic Strength Requirements (Algorithm and Key-Length Selection),Compliance Frameworks,Government & Policy,lifecycle,2,all,Develop transition plans to facilitate easy changes to algorithms and key lengths to address unexpected vulnerabilities or strength degradation during operation.,アルゴリズムと鍵長を容易に変更できるように配慮した移行計画を考慮すべきであり,Section 3.1,https://www.cryptrec.go.jp/list/cryptrec-ls-0003-2022r1.pdf,medium,mlx-community/Qwen3.6-27B-8bit,2026-08-23,active,,
CRYPTREC-LS-0003-2022R1-Criteria-for-Setting-Cryptographic-S,CRYPTREC LS-0003-2022R1 - Criteria for Setting Cryptographic Strength Requirements (Algorithm and Key-Length Selection),Compliance Frameworks,Government & Policy,lifecycle,2,all,Plan for migration to Post-Quantum Cryptography (PQC) for systems with long operational lifespans using public key cryptography or signatures.,運用寿命が長期にわたる電子政府システムであって...耐量子計算機暗号（PQC）の採用も視野に入れた移行計画が必要となる場合がある,"Section 3, Important Note",https://www.cryptrec.go.jp/list/cryptrec-ls-0003-2022r1.pdf,medium,mlx-community/Qwen3.6-27B-8bit,2026-08-23,active,,
CRYPTREC-LS-0003-2022R1-Criteria-for-Setting-Cryptographic-S,CRYPTREC LS-0003-2022R1 - Criteria for Setting Cryptographic Strength Requirements (Algorithm and Key-Length Selection),Compliance Frameworks,Government & Policy,inventory,2,all,Ensure selected algorithms and key lengths match CRYPTREC criteria; non-compliant selections are not considered valid use of recommended crypto.,利用する鍵長について、本書の規定に合致しない鍵長を用いた場合には、電子政府推奨暗号リストの暗号技術を利用しているとは見なされない,Section 1.1,https://www.cryptrec.go.jp/list/cryptrec-ls-0003-2022r1.pdf,high,mlx-community/Qwen3.6-27B-8bit,2026-08-23,active,,
Cabinet-Secretariat-Japan-PQC-Migration-Interim-Report-for-G,Cabinet Secretariat (Japan) - PQC Migration Interim Report for Government Institutions (2025-11),Compliance Frameworks,Government & Policy,governance,2,all,"Establish a PQC migration plan based on the government roadmap, assessing information sensitivity and usage to determine appropriate transition timelines for each system.",各政府機関等は、今後策定する上記５（１）の工程表（ロードマップ）を踏まえ、移行に向けた計画を策定し、上記４の移行期限までに、耐量子計算機暗号（PQC）へ移行を行うこととする。,別紙 ５（２）政府機関等の取組,https://www.cas.go.jp/jp/seisaku/pqc/pdf/report_202511.pdf,high,mlx-community/Qwen3.6-27B-8bit,2026-08-23,active,,
Cabinet-Secretariat-Japan-PQC-Migration-Interim-Report-for-G,Cabinet Secretariat (Japan) - PQC Migration Interim Report for Government Institutions (2025-11),Compliance Frameworks,Government & Policy,inventory,2,all,"Construct a crypto inventory to identify cryptographic modules and algorithms in use, enabling detailed assessment of migration targets and priorities.",移行対象の詳細な把握のためにクリプト・インベントリ12を構築したりするなど、移行の必要性や方法等について検討を進める必要がある。,５．その他（検討すべき論点７）,https://www.cas.go.jp/jp/seisaku/pqc/pdf/report_202511.pdf,medium,mlx-community/Qwen3.6-27B-8bit,2026-08-23,active,,
Cabinet-Secretariat-Japan-PQC-Migration-Interim-Report-for-G,Cabinet Secretariat (Japan) - PQC Migration Interim Report for Government Institutions (2025-11),Compliance Frameworks,Government & Policy,lifecycle,2,all,"Target completion of migration to Post-Quantum Cryptography (PQC) by 2035, with earlier transitions for systems handling highly sensitive or long-term protected information.",原則として、2035 年を目処に、耐量子計算機暗号（PQC）へ移行を行うこととする。ただし、情報の重要性や暗号技術の利用状況等を把握した上で...より早期に移行を行うことも含め、情報システムごとに適切に検討を行うこととする。,別紙 ４（１）耐量子計算機暗号（PQC）への移行期限,https://www.cas.go.jp/jp/seisaku/pqc/pdf/report_202511.pdf,high,mlx-community/Qwen3.6-27B-8bit,2026-08-23,active,,
Cabinet-Secretariat-Japan-PQC-Migration-Interim-Report-for-G,Cabinet Secretariat (Japan) - PQC Migration Interim Report for Government Institutions (2025-11),Compliance Frameworks,Government & Policy,assurance,2,libraries,Utilize only PQC algorithms that have undergone safety and implementation performance evaluation by CRYPTREC and are reflected in the CRYPTREC Cryptography List.,移行すべき耐量子計算機暗号（PQC）の安全性評価等が行われ、安全性及び実装性能が確認された耐量子計算機暗号（PQC）について、CRYPTREC 暗号リストに反映されるよう、その掲載方法も含め、CRYPTREC において必要な検討を行うこととする。,別紙 ３（２）耐量子計算機暗号（PQC）の安全性確認,https://www.cas.go.jp/jp/seisaku/pqc/pdf/report_202511.pdf,high,mlx-community/Qwen3.6-27B-8bit,2026-08-23,active,,
CCN-TEC-009-BP-37-Spain-Recomendaciones-para-una-transicion,CCN-TEC 009 / BP-37 (Spain) - Recomendaciones para una transicion postcuantica segura,Compliance Frameworks,Government & Policy,governance,2,all,"Establish a migration plan covering discovery, acquisition, deployment, and commissioning phases to prepare for post-quantum transition.","Hay que comenzar a planificar todas sus fases: descubrimiento, adquisición, despliegue y puesta en marcha.","Section 1, Page 8",https://www.ccn.cni.es/eu/docman/documentos-publicos/boletines-pytec/495-ccn-tec-009-recomendaciones-transicion-postcuantica-segura/file,medium,mlx-community/Qwen3.6-27B-8bit,2026-08-23,active,,
CCN-TEC-009-BP-37-Spain-Recomendaciones-para-una-transicion,CCN-TEC 009 / BP-37 (Spain) - Recomendaciones para una transicion postcuantica segura,Compliance Frameworks,Government & Policy,lifecycle,2,all,"Complete migration of high-risk systems to post-quantum cryptography before December 31, 2030.","Antes del 31.12.2030, los sistemas con riesgo alto deberán estar completamente migrados.","Section 1, Page 8",https://www.ccn.cni.es/eu/docman/documentos-publicos/boletines-pytec/495-ccn-tec-009-recomendaciones-transicion-postcuantica-segura/file,high,mlx-community/Qwen3.6-27B-8bit,2026-08-23,active,,
CCN-TEC-009-BP-37-Spain-Recomendaciones-para-una-transicion,CCN-TEC 009 / BP-37 (Spain) - Recomendaciones para una transicion postcuantica segura,Compliance Frameworks,Government & Policy,lifecycle,2,all,"Complete migration of medium-risk systems to post-quantum cryptography before December 31, 2035.",Antes del 31.12.2035 todos los sistemas con riesgo medio deberán estar migrados,"Section 1, Page 8",https://www.ccn.cni.es/eu/docman/documentos-publicos/boletines-pytec/495-ccn-tec-009-recomendaciones-transicion-postcuantica-segura/file,high,mlx-community/Qwen3.6-27B-8bit,2026-08-23,active,,
CCN-TEC-009-BP-37-Spain-Recomendaciones-para-una-transicion,CCN-TEC 009 / BP-37 (Spain) - Recomendaciones para una transicion postcuantica segura,Compliance Frameworks,Government & Policy,lifecycle,2,all,"Migrate low-risk systems to post-quantum cryptography as much as possible before December 31, 2035.",y con riesgo bajo en la medida de lo posible.,"Section 1, Page 8",https://www.ccn.cni.es/eu/docman/documentos-publicos/boletines-pytec/495-ccn-tec-009-recomendaciones-transicion-postcuantica-segura/file,medium,mlx-community/Qwen3.6-27B-8bit,2026-08-23,active,,
CCN-TEC-009-BP-37-Spain-Recomendaciones-para-una-transicion,CCN-TEC 009 / BP-37 (Spain) - Recomendaciones para una transicion postcuantica segura,Compliance Frameworks,Government & Policy,governance,2,all,Determine system risk levels according to the Spanish Post-Quantum Transition Roadmap to guide migration priorities.,La determinación del riesgo se define en la Hoja de ruta para la transición postcuántica en España [42],"Section 1, Page 8, Footnote 1",https://www.ccn.cni.es/eu/docman/documentos-publicos/boletines-pytec/495-ccn-tec-009-recomendaciones-transicion-postcuantica-segura/file,medium,mlx-community/Qwen3.6-27B-8bit,2026-08-23,active,,
ASD-Australia-Information-Security-Manual-Guidelines-for-Cry,"ASD (Australia) - Information Security Manual, Guidelines for Cryptography (verified current as of June 2026 release)",Compliance Frameworks,Government & Policy,governance,2,keys,"Develop, implement, and maintain well-documented cryptographic key management processes and procedures covering generation, distribution, storage, and destruction.","Cryptographic key management processes, and supporting cryptographic key management procedures, are developed, implemented and maintained.",Control: ISM-0507,https://www.cyber.gov.au/business-government/asds-cyber-security-frameworks/ism/cyber-security-guidelines/guidelines-for-cryptography,high,mlx-community/Qwen3.6-27B-8bit,2026-08-23,active,,
ASD-Australia-Information-Security-Manual-Guidelines-for-Cry,"ASD (Australia) - Information Security Manual, Guidelines for Cryptography (verified current as of June 2026 release)",Compliance Frameworks,Government & Policy,governance,3,libraries,"Use cryptographic equipment, applications, or libraries that have completed a Common Criteria evaluation against an ASD-endorsed Protection Profile for OFFICIAL: Sensitive or PROTECTED data.","Cryptographic equipment, applications or libraries that have completed a Common Criteria evaluation against an ASD-endorsed Protection Profile are used when encrypting media that contains OFFICIAL: Sensitive or PROTECTED data.",Control: ISM-0457,https://www.cyber.gov.au/business-government/asds-cyber-security-frameworks/ism/cyber-security-guidelines/guidelines-for-cryptography,high,mlx-community/Qwen3.6-27B-8bit,2026-08-23,active,,
ASD-Australia-Information-Security-Manual-Guidelines-for-Cry,"ASD (Australia) - Information Security Manual, Guidelines for Cryptography (verified current as of June 2026 release)",Compliance Frameworks,Government & Policy,governance,3,software,Use High Assurance Cryptographic Equipment (HACE) issued an Approval for Use by ASD when encrypting media containing SECRET or TOP SECRET data.,HACE is used when encrypting media that contains SECRET or TOP SECRET data.,Control: ISM-0460,https://www.cyber.gov.au/business-government/asds-cyber-security-frameworks/ism/cyber-security-guidelines/guidelines-for-cryptography,high,mlx-community/Qwen3.6-27B-8bit,2026-08-23,active,,
ASD-Australia-Information-Security-Manual-Guidelines-for-Cry,"ASD (Australia) - Information Security Manual, Guidelines for Cryptography (verified current as of June 2026 release)",Compliance Frameworks,Government & Policy,governance,3,libraries,"Use cryptographic equipment, applications, or libraries with a Common Criteria evaluation against an ASD-endorsed Protection Profile to protect OFFICIAL: Sensitive or PROTECTED data in transit over insecure networks.","Cryptographic equipment, applications or libraries that have completed a Common Criteria evaluation against an ASD-endorsed Protection Profile are used to protect OFFICIAL: Sensitive or PROTECTED data when communicated over insufficiently secure networks...",Control: ISM-0465,https://www.cyber.gov.au/business-government/asds-cyber-security-frameworks/ism/cyber-security-guidelines/guidelines-for-cryptography,high,mlx-community/Qwen3.6-27B-8bit,2026-08-23,active,,
ASD-Australia-Information-Security-Manual-Guidelines-for-Cry,"ASD (Australia) - Information Security Manual, Guidelines for Cryptography (verified current as of June 2026 release)",Compliance Frameworks,Government & Policy,governance,3,software,Use High Assurance Cryptographic Equipment (HACE) to protect SECRET and TOP SECRET data when communicated over insufficiently secure networks or public infrastructure.,"HACE is used to protect SECRET and TOP SECRET data when communicated over insufficiently secure networks, outside of appropriately secure areas or via public network infrastructure.",Control: ISM-0467,https://www.cyber.gov.au/business-government/asds-cyber-security-frameworks/ism/cyber-security-guidelines/guidelines-for-cryptography,high,mlx-community/Qwen3.6-27B-8bit,2026-08-23,active,,
ASD-Australia-Information-Security-Manual-Guidelines-for-Cry,"ASD (Australia) - Information Security Manual, Guidelines for Cryptography (verified current as of June 2026 release)",Compliance Frameworks,Government & Policy,governance,3,all,Ensure only ASD-Approved Cryptographic Algorithms (AACAs) or high assurance algorithms are used by disabling unapproved algorithms or enforcing usage policies.,an organisation should ensure that only AACAs or high assurance cryptographic algorithms can be used by disabling all unapproved cryptographic algorithms (preferred) or by advising users not to use the unapproved cryptographic algorithms via usage policies.,Control: ISM-1080,https://www.cyber.gov.au/business-government/asds-cyber-security-frameworks/ism/cyber-security-guidelines/guidelines-for-cryptography,high,mlx-community/Qwen3.6-27B-8bit,2026-08-23,active,,
ASD-Australia-Information-Security-Manual-Guidelines-for-Cry,"ASD (Australia) - Information Security Manual, Guidelines for Cryptography (verified current as of June 2026 release)",Compliance Frameworks,Government & Policy,observability,2,keys,Report the compromise or suspected compromise of cryptographic equipment or keying material to the CISO or delegate as soon as possible.,"The compromise or suspected compromise of cryptographic equipment or associated keying material is reported to the chief information security officer, or one of their delegates, as soon as possible after it occurs.",Control: ISM-0142,https://www.cyber.gov.au/business-government/asds-cyber-security-frameworks/ism/cyber-security-guidelines/guidelines-for-cryptography,high,mlx-community/Qwen3.6-27B-8bit,2026-08-23,active,,
ASD-Australia-Information-Security-Manual-Guidelines-for-Cry,"ASD (Australia) - Information Security Manual, Guidelines for Cryptography (verified current as of June 2026 release)",Compliance Frameworks,Government & Policy,lifecycle,2,keys,Change keying material immediately when cryptographic equipment or associated keying material is compromised or suspected of being compromised.,Keying material is changed when compromised or suspected of being compromised.,Control: ISM-1091,https://www.cyber.gov.au/business-government/asds-cyber-security-frameworks/ism/cyber-security-guidelines/guidelines-for-cryptography,high,mlx-community/Qwen3.6-27B-8bit,2026-08-23,active,,
ASD-Australia-Information-Security-Manual-Guidelines-for-Cry,"ASD (Australia) - Information Security Manual, Guidelines for Cryptography (verified current as of June 2026 release)",Compliance Frameworks,Government & Policy,assurance,3,libraries,"Assess cryptographic equipment, applications, and libraries via Common Criteria evaluation, FIPS 140-3, or independent security review to provide implementation assurance.","cryptographic equipment, applications and libraries should be assessed by one of the following processes... a Common Criteria evaluation... a FIPS 140-3 cryptographic evaluation... an independent security review",Cryptographic implementation assurance,https://www.cyber.gov.au/business-government/asds-cyber-security-frameworks/ism/cyber-security-guidelines/guidelines-for-cryptography,medium,mlx-community/Qwen3.6-27B-8bit,2026-08-23,active,,
IMO-MSC-FAL-1-Circ-3-Rev-2-Guidelines-on-Maritime-Cyber-Risk,IMO MSC-FAL.1/Circ.3/Rev.2 — Guidelines on Maritime Cyber Risk Management,Compliance Frameworks,International Frameworks,governance,2,all,"Senior management must embed a culture of cyber risk awareness and ensure a holistic, flexible cyber risk management regime is in continuous operation.",Effective cyber risk management should start at the senior management level. Senior management should embed a culture of cyber risk awareness into all levels of an organization and ensure a holistic and flexible cyber risk management regime that is in continuous operation,Section 3.3,https://wwwcdn.imo.org/localresources/en/OurWork/Security/Documents/MSC-FAL.1-Circ.3-Rev.2%20-%20Guidelines%20On%20Maritime%20Cyber%20Risk%20Management%20(Secretariat)%20(1).pdf,medium,mlx-community/Qwen3.6-27B-8bit,2026-08-23,active,,
IMO-MSC-FAL-1-Circ-3-Rev-2-Guidelines-on-Maritime-Cyber-Risk,IMO MSC-FAL.1/Circ.3/Rev.2 — Guidelines on Maritime Cyber Risk Management,Compliance Frameworks,International Frameworks,governance,2,all,"Define personnel roles and responsibilities for cyber risk management and identify systems, assets, data, and capabilities that pose risks to ship operations.","Identify: Define personnel roles and responsibilities for cyber risk management and identify the systems, assets, data and capabilities that, when disrupted, pose risks to ship operations.",Section 3.5.1,https://wwwcdn.imo.org/localresources/en/OurWork/Security/Documents/MSC-FAL.1-Circ.3-Rev.2%20-%20Guidelines%20On%20Maritime%20Cyber%20Risk%20Management%20(Secretariat)%20(1).pdf,medium,mlx-community/Qwen3.6-27B-8bit,2026-08-23,active,,
IMO-MSC-FAL-1-Circ-3-Rev-2-Guidelines-on-Maritime-Cyber-Risk,IMO MSC-FAL.1/Circ.3/Rev.2 — Guidelines on Maritime Cyber Risk Management,Compliance Frameworks,International Frameworks,governance,2,all,Ensure the level of cyber risk awareness and preparedness is appropriate to the roles and responsibilities within the cyber risk management system.,Effective cyber risk management should ensure an appropriate level of awareness of cyber risks at all levels of an organization. The level of awareness and preparedness should be appropriate to roles and responsibilities in the cyber risk management system.,Section 3.7,https://wwwcdn.imo.org/localresources/en/OurWork/Security/Documents/MSC-FAL.1-Circ.3-Rev.2%20-%20Guidelines%20On%20Maritime%20Cyber%20Risk%20Management%20(Secretariat)%20(1).pdf,medium,mlx-community/Qwen3.6-27B-8bit,2026-08-23,active,,
ICAO-Assembly-Resolution-A41-19-Aviation-Cybersecurity,ICAO Assembly Resolution A41-19 — Aviation Cybersecurity,Compliance Frameworks,Government & Policy,governance,2,all,Designate a competent national authority for aviation cybersecurity and define its interaction with concerned national agencies.,"designate the authority competent for aviation cybersecurity, and define the interaction between that authority and concerned national agencies",Section 2(b),https://www.icao.int/sites/default/files/sp-files/aviationcybersecurity/Documents/A41-19.pdf,high,mlx-community/Qwen3.6-27B-8bit,2026-08-23,active,,
ICAO-Assembly-Resolution-A41-19-Aviation-Cybersecurity,ICAO Assembly Resolution A41-19 — Aviation Cybersecurity,Compliance Frameworks,Government & Policy,governance,2,all,Define the responsibilities of national agencies and industry stakeholders regarding cybersecurity in civil aviation.,define the responsibilities of national agencies and industry stakeholders with regard to cybersecurity in civil aviation,Section 2(c),https://www.icao.int/sites/default/files/sp-files/aviationcybersecurity/Documents/A41-19.pdf,high,mlx-community/Qwen3.6-27B-8bit,2026-08-23,active,,
ICAO-Assembly-Resolution-A41-19-Aviation-Cybersecurity,ICAO Assembly Resolution A41-19 — Aviation Cybersecurity,Compliance Frameworks,Government & Policy,governance,2,all,Develop and implement a robust cybersecurity risk management framework drawing on safety and security risk management practices.,develop and implement a robust cybersecurity risk management framework that draws on relevant safety and security risk management practices,Section 2(d),https://www.icao.int/sites/default/files/sp-files/aviationcybersecurity/Documents/A41-19.pdf,high,mlx-community/Qwen3.6-27B-8bit,2026-08-23,active,,
ICAO-Assembly-Resolution-A41-19-Aviation-Cybersecurity,ICAO Assembly Resolution A41-19 — Aviation Cybersecurity,Compliance Frameworks,Government & Policy,governance,2,all,"Establish policies and instruments to ensure critical aviation systems are secure by design, protected, resilient, and that data is secured.","establish policies and instruments, and allocate resources to ensure that, for critical aviation systems: system architectures are secure by design",Section 2(e),https://www.icao.int/sites/default/files/sp-files/aviationcybersecurity/Documents/A41-19.pdf,high,mlx-community/Qwen3.6-27B-8bit,2026-08-23,active,,
ICAO-Assembly-Resolution-A41-19-Aviation-Cybersecurity,ICAO Assembly Resolution A41-19 — Aviation Cybersecurity,Compliance Frameworks,Government & Policy,observability,2,all,"Implement system monitoring, incident detection, and reporting methods for critical aviation systems.","system monitoring, and incident detection and reporting, methods are implemented",Section 2(e),https://www.icao.int/sites/default/files/sp-files/aviationcybersecurity/Documents/A41-19.pdf,high,mlx-community/Qwen3.6-27B-8bit,2026-08-23,active,,
ICAO-Assembly-Resolution-A41-19-Aviation-Cybersecurity,ICAO Assembly Resolution A41-19 — Aviation Cybersecurity,Compliance Frameworks,Government & Policy,observability,2,all,Develop and practice incident recovery plans and carry out forensic analysis of cyber incidents.,incident recovery plans are developed and practiced; and forensic analysis of cyber incidents is carried out,Section 2(e),https://www.icao.int/sites/default/files/sp-files/aviationcybersecurity/Documents/A41-19.pdf,high,mlx-community/Qwen3.6-27B-8bit,2026-08-23,active,,
ICAO-Assembly-Resolution-A41-19-Aviation-Cybersecurity,ICAO Assembly Resolution A41-19 — Aviation Cybersecurity,Compliance Frameworks,Government & Policy,governance,2,all,"Encourage government/industry coordination regarding aviation cybersecurity strategies, policies, and plans.","encourage government/industry coordination with regard to aviation cybersecurity strategies, policies, and plans",Section 2(f),https://www.icao.int/sites/default/files/sp-files/aviationcybersecurity/Documents/A41-19.pdf,medium,mlx-community/Qwen3.6-27B-8bit,2026-08-23,active,,
ICAO-Assembly-Resolution-A41-19-Aviation-Cybersecurity,ICAO Assembly Resolution A41-19 — Aviation Cybersecurity,Compliance Frameworks,Government & Policy,observability,2,all,Share information to help identify critical vulnerabilities that need to be addressed.,sharing of information to help identify critical vulnerabilities that need to be addressed,Section 2(f),https://www.icao.int/sites/default/files/sp-files/aviationcybersecurity/Documents/A41-19.pdf,medium,mlx-community/Qwen3.6-27B-8bit,2026-08-23,active,,
ICAO-Assembly-Resolution-A41-19-Aviation-Cybersecurity,ICAO Assembly Resolution A41-19 — Aviation Cybersecurity,Compliance Frameworks,Government & Policy,observability,2,all,"Collaborate in identifying, protecting, and monitoring common vulnerabilities and data flows at civil/military interfaces.","encourage civil/military cooperation with regard to identifying, protecting, and monitoring common vulnerabilities and data flows",Section 2(g),https://www.icao.int/sites/default/files/sp-files/aviationcybersecurity/Documents/A41-19.pdf,medium,mlx-community/Qwen3.6-27B-8bit,2026-08-23,active,,
ICAO-Assembly-Resolution-A41-19-Aviation-Cybersecurity,ICAO Assembly Resolution A41-19 — Aviation Cybersecurity,Compliance Frameworks,Government & Policy,observability,2,all,"Participate in mechanisms for systematic sharing of information on cyber threats, incidents, trends, and mitigation efforts.","develop and participate in government/industry partnerships and mechanisms... for the systematic sharing of information on cyber threats, incidents, trends and mitigation efforts",Section 2(h),https://www.icao.int/sites/default/files/sp-files/aviationcybersecurity/Documents/A41-19.pdf,medium,mlx-community/Qwen3.6-27B-8bit,2026-08-23,active,,
10-CFR-73-54-Protection-of-Digital-Computer-and-Communicatio,10 CFR 73.54 — Protection of Digital Computer and Communication Systems and Networks,Compliance Frameworks,Government & Policy,governance,3,all,"Establish, implement, and maintain a cyber security program and plan approved by the Commission, incorporating defense-in-depth strategies and incident response measures.","Each licensee... shall submit... a cyber security plan... for Commission review and approval. The licensee shall... Establish, implement, and maintain a cyber security program... Incorporate the cyber security program as a component of the physical protection program.","10 CFR 73.54(a), (b)",https://www.ecfr.gov/current/title-10/chapter-I/part-73/section-73.54,high,mlx-community/Qwen3.6-27B-8bit,2026-08-23,active,,
10-CFR-73-54-Protection-of-Digital-Computer-and-Communicatio,10 CFR 73.54 — Protection of Digital Computer and Communication Systems and Networks,Compliance Frameworks,Government & Policy,governance,3,all,"Develop and maintain written policies and implementing procedures to execute the cyber security plan, subject to periodic NRC inspection.",The licensee shall develop and maintain written policies and implementing procedures to implement the cyber security plan... subject to inspection by NRC staff on a periodic basis.,10 CFR 73.54(f),https://www.ecfr.gov/current/title-10/chapter-I/part-73/section-73.54,high,mlx-community/Qwen3.6-27B-8bit,2026-08-23,active,,
10-CFR-73-54-Protection-of-Digital-Computer-and-Communicatio,10 CFR 73.54 — Protection of Digital Computer and Communication Systems and Networks,Compliance Frameworks,Government & Policy,governance,3,all,Ensure personnel and contractors are trained on cyber security requirements and responsibilities to perform assigned duties.,"Ensure that appropriate facility personnel, including contractors, are aware of cyber security requirements and receive the training necessary to perform their assigned duties and responsibilities.",10 CFR 73.54(d)(1),https://www.ecfr.gov/current/title-10/chapter-I/part-73/section-73.54,high,mlx-community/Qwen3.6-27B-8bit,2026-08-23,active,,
10-CFR-73-54-Protection-of-Digital-Computer-and-Communicatio,10 CFR 73.54 — Protection of Digital Computer and Communication Systems and Networks,Compliance Frameworks,Government & Policy,governance,3,all,Evaluate and manage cyber risks as part of the cyber security program.,Evaluate and manage cyber risks.,10 CFR 73.54(d)(2),https://www.ecfr.gov/current/title-10/chapter-I/part-73/section-73.54,high,mlx-community/Qwen3.6-27B-8bit,2026-08-23,active,,
10-CFR-73-54-Protection-of-Digital-Computer-and-Communicatio,10 CFR 73.54 — Protection of Digital Computer and Communication Systems and Networks,Compliance Frameworks,Government & Policy,governance,3,all,Review the cyber security program as a component of the physical security program in accordance with specified periodicity requirements.,"The licensee shall review the cyber security program as a component of the physical security program in accordance with the requirements of § 73.55(m), including the periodicity requirements.",10 CFR 73.54(g),https://www.ecfr.gov/current/title-10/chapter-I/part-73/section-73.54,high,mlx-community/Qwen3.6-27B-8bit,2026-08-23,active,,
10-CFR-73-54-Protection-of-Digital-Computer-and-Communicatio,10 CFR 73.54 — Protection of Digital Computer and Communication Systems and Networks,Compliance Frameworks,Government & Policy,governance,3,all,Evaluate modifications to protected assets before implementation to ensure cyber security performance objectives are maintained.,Ensure that modifications to assets... are evaluated before implementation to ensure that the cyber security performance objectives... are maintained.,10 CFR 73.54(d)(3),https://www.ecfr.gov/current/title-10/chapter-I/part-73/section-73.54,high,mlx-community/Qwen3.6-27B-8bit,2026-08-23,active,,
10-CFR-73-54-Protection-of-Digital-Computer-and-Communicatio,10 CFR 73.54 — Protection of Digital Computer and Communication Systems and Networks,Compliance Frameworks,Government & Policy,governance,3,all,"Retain all records and supporting technical documentation for the cyber security program until license termination, keeping superseded records for at least three years.",The licensee shall retain all records and supporting technical documentation... until the Commission terminates the license... and shall maintain superseded portions... for at least three (3) years.,10 CFR 73.54(h),https://www.ecfr.gov/current/title-10/chapter-I/part-73/section-73.54,high,mlx-community/Qwen3.6-27B-8bit,2026-08-23,active,,
HHS-HIPAA-Security-Rule-45-CFR-Part-164-Subpart-C,HHS HIPAA Security Rule — 45 CFR Part 164 Subpart C,Compliance Frameworks,Government & Policy,governance,2,all,"Implement policies and procedures to prevent, detect, contain, and correct security violations regarding electronic protected health information.","Implement policies and procedures to prevent, detect, contain, and correct security violations.",§ 164.308(a)(1)(i),https://www.ecfr.gov/current/title-45/subtitle-A/subchapter-C/part-164/subpart-C,high,mlx-community/Qwen3.6-27B-8bit,2026-08-23,active,,
HHS-HIPAA-Security-Rule-45-CFR-Part-164-Subpart-C,HHS HIPAA Security Rule — 45 CFR Part 164 Subpart C,Compliance Frameworks,Government & Policy,governance,2,all,Identify a security official responsible for the development and implementation of required security policies and procedures.,Identify the security official who is responsible for the development and implementation of the policies and procedures required by this subpart,§ 164.308(a)(2),https://www.ecfr.gov/current/title-45/subtitle-A/subchapter-C/part-164/subpart-C,high,mlx-community/Qwen3.6-27B-8bit,2026-08-23,active,,
HHS-HIPAA-Security-Rule-45-CFR-Part-164-Subpart-C,HHS HIPAA Security Rule — 45 CFR Part 164 Subpart C,Compliance Frameworks,Government & Policy,governance,2,all,"Conduct an accurate and thorough risk analysis of potential risks and vulnerabilities to the confidentiality, integrity, and availability of ePHI.","Conduct an accurate and thorough assessment of the potential risks and vulnerabilities to the confidentiality, integrity, and availability of electronic protected health information",§ 164.308(a)(1)(ii)(A),https://www.ecfr.gov/current/title-45/subtitle-A/subchapter-C/part-164/subpart-C,high,mlx-community/Qwen3.6-27B-8bit,2026-08-23,active,,
HHS-HIPAA-Security-Rule-45-CFR-Part-164-Subpart-C,HHS HIPAA Security Rule — 45 CFR Part 164 Subpart C,Compliance Frameworks,Government & Policy,governance,2,all,Implement security measures sufficient to reduce risks and vulnerabilities to a reasonable and appropriate level.,Implement security measures sufficient to reduce risks and vulnerabilities to a reasonable and appropriate level to comply with § 164.306(a),§ 164.308(a)(1)(ii)(B),https://www.ecfr.gov/current/title-45/subtitle-A/subchapter-C/part-164/subpart-C,high,mlx-community/Qwen3.6-27B-8bit,2026-08-23,active,,
HHS-HIPAA-Security-Rule-45-CFR-Part-164-Subpart-C,HHS HIPAA Security Rule — 45 CFR Part 164 Subpart C,Compliance Frameworks,Government & Policy,governance,2,all,Apply appropriate sanctions against workforce members who fail to comply with security policies and procedures.,Apply appropriate sanctions against workforce members who fail to comply with the security policies and procedures of the covered entity or business associate.,§ 164.308(a)(1)(ii)(C),https://www.ecfr.gov/current/title-45/subtitle-A/subchapter-C/part-164/subpart-C,high,mlx-community/Qwen3.6-27B-8bit,2026-08-23,active,,
HHS-HIPAA-Security-Rule-45-CFR-Part-164-Subpart-C,HHS HIPAA Security Rule — 45 CFR Part 164 Subpart C,Compliance Frameworks,Government & Policy,observability,2,all,"Implement procedures to regularly review records of information system activity, such as audit logs and security incident tracking reports.","Implement procedures to regularly review records of information system activity, such as audit logs, access reports, and security incident tracking reports.",§ 164.308(a)(1)(ii)(D),https://www.ecfr.gov/current/title-45/subtitle-A/subchapter-C/part-164/subpart-C,high,mlx-community/Qwen3.6-27B-8bit,2026-08-23,active,,
HHS-HIPAA-Security-Rule-45-CFR-Part-164-Subpart-C,HHS HIPAA Security Rule — 45 CFR Part 164 Subpart C,Compliance Frameworks,Government & Policy,governance,2,all,"Review and modify security measures as needed to continue reasonable protection, and update documentation of such measures.",A covered entity or business associate must review and modify the security measures implemented under this subpart as needed... and update documentation of such security measures,§ 164.306(e),https://www.ecfr.gov/current/title-45/subtitle-A/subchapter-C/part-164/subpart-C,high,mlx-community/Qwen3.6-27B-8bit,2026-08-23,active,,
Federal-PKI-Policy-Authority,Federal PKI Policy Authority,Compliance Frameworks,Government & Policy,governance,3,certificates,"Maintain documented Certificate Policies and Profiles for all FPKI-affiliated CAs, including Common, Bridge, and Public Trust TLS policies.",The FPKI Policy Authority (FPKIPA) maintains three certificate policies... All cross-certified CA certificate policies are mapped to the Federal Bridge certificate policy.,Federal PKI Policies and Profiles,https://www.idmanagement.gov/fpki/,high,mlx-community/Qwen3.6-27B-8bit,2026-08-23,active,,
Federal-PKI-Policy-Authority,Federal PKI Policy Authority,Compliance Frameworks,Government & Policy,governance,3,certificates,Operate Certification Authorities in strict compliance with the applicable Federal Common or Bridge Certificate Policy and Certification Practice Statement.,The Federal Common Policy Certification Authority (FCPCA) operates in compliance with the Federal Common Certificate Policy. The Federal Bridge Certificate Authority (FBCA) operates in compliance with the Federal Bridge Certificate Policy.,Information for the FPKI Management Authority,https://www.idmanagement.gov/fpki/,high,mlx-community/Qwen3.6-27B-8bit,2026-08-23,active,,
Federal-PKI-Policy-Authority,Federal PKI Policy Authority,Compliance Frameworks,Government & Policy,assurance,3,certificates,Conduct independent annual compliance audits for all FPKI supporting functions and CA elements to verify adherence to Certificate Policies.,Independent compliance audits are the primary way that the Federal Public Key Infrastructure Policy Authority (FPKIPA) ensures that entities participating in the FPKI comply with the requirements... Audits are required annually for supporting functions and elements of each entity.,Annual Review Requirements for All Certification Authorities,https://www.idmanagement.gov/fpki/,high,mlx-community/Qwen3.6-27B-8bit,2026-08-23,active,,
Federal-PKI-Policy-Authority,Federal PKI Policy Authority,Compliance Frameworks,Government & Policy,assurance,3,certificates,Submit annual review packages and audit results to the FPKI Policy Authority to demonstrate ongoing compliance with FPKI requirements.,Annual review packages should be submitted to fpki@gsa.gov . FPKI Annual Review Requirements... includes requirements for performing and reporting annual compliance audits.,Annual Review Requirements for All Certification Authorities,https://www.idmanagement.gov/fpki/,high,mlx-community/Qwen3.6-27B-8bit,2026-08-23,active,,
Federal-PKI-Policy-Authority,Federal PKI Policy Authority,Compliance Frameworks,Government & Policy,assurance,3,certificates,Perform annual conformance testing for PIV and PIV-I credentials using approved tools and submit test artifacts to the FIPS 201 Evaluation Program.,Annual PIV and PIV-I Credential Issuer (PCI) Test Report: This test report supports the FPKI Annual Reviews... Submitting a Test Results Package... email the artifacts listed below to fips201ep@gsa.gov.,Compliance Test Tools for Annual Reviews,https://www.idmanagement.gov/fpki/,high,mlx-community/Qwen3.6-27B-8bit,2026-08-23,active,,
Federal-PKI-Policy-Authority,Federal PKI Policy Authority,Compliance Frameworks,Government & Policy,observability,3,certificates,"Establish incident management procedures to report security incidents, such as key compromises or data breaches, to FPKI Authorities and relying parties.","FPKI affiliate responsibilities related to the incident management process include: Communicating security incidents... to the FPKI Authorities, users/customers, and known relying parties.",Report an Incident,https://www.idmanagement.gov/fpki/,high,mlx-community/Qwen3.6-27B-8bit,2026-08-23,active,,
Federal-PKI-Policy-Authority,Federal PKI Policy Authority,Compliance Frameworks,Government & Policy,lifecycle,3,certificates,Plan for cryptographic migration by updating trust stores with new intermediate CA certificates to maintain interoperability during FBCA G5 transition.,"The FBCA G4 is going to be replaced by the FBCA G5 starting on August 27th, 2026... may require applications to update their trust stores with new intermediate CA certificates to ensure interoperability",Upcoming FBCA G5 Migration,https://www.idmanagement.gov/fpki/,high,mlx-community/Qwen3.6-27B-8bit,2026-08-23,active,,
Federal-PKI-Policy-Authority,Federal PKI Policy Authority,Compliance Frameworks,Government & Policy,governance,3,certificates,Define and document roles and responsibilities for Registration Agents and enrollment agents under the Federal PKI Common Policy Framework.,Registration Authority Agreement Template v1.0... purpose of this document is to identify and explain the roles and responsibilities of an enrollment/registration agent under the Federal PKI COMMON Policy Framework.,Federal PKI Policies and Profiles,https://www.idmanagement.gov/fpki/,high,mlx-community/Qwen3.6-27B-8bit,2026-08-23,active,,
FDA-DSCSA-Standards-for-the-Interoperable-Exchange-of-Inform,FDA — DSCSA Standards for the Interoperable Exchange of Information,Compliance Frameworks,Government & Policy,lifecycle,3,all,"Transition to electronic-based methods for product tracing and verification by November 27, 2023, as mandated by DSCSA section 582(g)(1).","Beginning November 27, 2023, electronic-based approaches are generally required to be used among all trading partners to meet the enhanced drug distribution security requirements outlined in section 582(g)(1) of the FD&C Act.",Section VII,https://www.fda.gov/media/171796/download,high,mlx-community/Qwen3.6-27B-8bit,2026-08-23,active,,
FDA-DSCSA-Standards-for-the-Interoperable-Exchange-of-Inform,FDA — DSCSA Standards for the Interoperable Exchange of Information,Compliance Frameworks,Government & Policy,lifecycle,3,all,"Adhere to FDA-established standards for the secure, interoperable, electronic exchange of transaction information and transaction statements.","Section 582(g)(1) of the FD&C Act sets forth enhanced drug distribution security requirements for trading partners, including adherence to standards established by FDA for the exchange of transaction information and transaction statements in a secure, interoperable, electronic manner",Section II,https://www.fda.gov/media/171796/download,high,mlx-community/Qwen3.6-27B-8bit,2026-08-23,active,,
FDA-DSCSA-Standards-for-the-Interoperable-Exchange-of-Inform,FDA — DSCSA Standards for the Interoperable Exchange of Information,Compliance Frameworks,Government & Policy,observability,3,all,Verify product at the package level using electronic methods to ensure traceability and security within the distribution supply chain.,"Section 582(g)(1) of the FD&C Act sets forth enhanced drug distribution security requirements for trading partners, including... the verification of product at the package level.",Section II,https://www.fda.gov/media/171796/download,high,mlx-community/Qwen3.6-27B-8bit,2026-08-23,active,,
49-CFR-Part-236-Subpart-I-Positive-Train-Control-Systems,49 CFR Part 236 Subpart I — Positive Train Control Systems,Compliance Frameworks,Government & Policy,governance,3,all,"Maintain an approved PTC Safety Plan (PTCSP) that defines system architecture, functionality, and safety standards for the PTC system.","This subpart prescribes minimum, performance-based safety standards for PTC systems... including requirements to ensure that the development, functionality, architecture... will achieve and maintain an acceptable level of safety.",§ 236.1001(a),https://www.ecfr.gov/current/title-49/subtitle-B/chapter-II/part-236/subpart-I,high,mlx-community/Qwen3.6-27B-8bit,2026-08-23,active,,
49-CFR-Part-236-Subpart-I-Positive-Train-Control-Systems,49 CFR Part 236 Subpart I — Positive Train Control Systems,Compliance Frameworks,Government & Policy,governance,3,all,Submit a PTC Implementation Plan (PTCIP) detailing the implementation strategy and compliance with safety standards.,PTCIP means a PTC Implementation Plan as required under 49 U.S.C. 20157 and further described in § 236.1011.,§ 236.1003(b),https://www.ecfr.gov/current/title-49/subtitle-B/chapter-II/part-236/subpart-I,high,mlx-community/Qwen3.6-27B-8bit,2026-08-23,active,,
49-CFR-Part-236-Subpart-I-Positive-Train-Control-Systems,49 CFR Part 236 Subpart I — Positive Train Control Systems,Compliance Frameworks,Government & Policy,governance,3,all,Obtain FRA approval for the PTC Safety Plan (PTCSP) before system operation or modification.,"The applicable PTCSP, as defined under § 236.1003 and approved by FRA under § 236.1015, provides for such an exception...",§ 236.1001(c)(2),https://www.ecfr.gov/current/title-49/subtitle-B/chapter-II/part-236/subpart-I,high,mlx-community/Qwen3.6-27B-8bit,2026-08-23,active,,
49-CFR-Part-236-Subpart-I-Positive-Train-Control-Systems,49 CFR Part 236 Subpart I — Positive Train Control Systems,Compliance Frameworks,Government & Policy,assurance,3,all,Undergo independent third-party Verification and Validation (V&V) to certify PTC system safety and compliance.,§ 236.1017 Independent third party Verification and Validation.,Table of Contents / § 236.1017,https://www.ecfr.gov/current/title-49/subtitle-B/chapter-II/part-236/subpart-I,high,mlx-community/Qwen3.6-27B-8bit,2026-08-23,active,,
49-CFR-Part-236-Subpart-I-Positive-Train-Control-Systems,49 CFR Part 236 Subpart I — Positive Train Control Systems,Compliance Frameworks,Government & Policy,assurance,3,all,Achieve PTC System Certification as required by statute and detailed in the regulations.,PTC System Certification means certification as required under 49 U.S.C. 20157 and further described in §§ 236.1009 and 236.1015.,§ 236.1003(b),https://www.ecfr.gov/current/title-49/subtitle-B/chapter-II/part-236/subpart-I,high,mlx-community/Qwen3.6-27B-8bit,2026-08-23,active,,
49-CFR-Part-236-Subpart-I-Positive-Train-Control-Systems,49 CFR Part 236 Subpart I — Positive Train Control Systems,Compliance Frameworks,Government & Policy,observability,2,all,"Report errors, malfunctions, and initialization failures of the PTC system to the regulator.",§ 236.1023 Errors and malfunctions. ... reporting requirement under § 236.1029(h),§ 236.1003(b) / § 236.1023,https://www.ecfr.gov/current/title-49/subtitle-B/chapter-II/part-236/subpart-I,high,mlx-community/Qwen3.6-27B-8bit,2026-08-23,active,,
49-CFR-Part-236-Subpart-I-Positive-Train-Control-Systems,49 CFR Part 236 Subpart I — Positive Train Control Systems,Compliance Frameworks,Government & Policy,lifecycle,2,all,Submit requests for amendments (RFA) for material modifications or discontinuances of the PTC system.,Request for Amendment (“RFA”) means a request for an amendment of a plan or system made by a PTC railroad in accordance with § 236.1021.,§ 236.1003(b),https://www.ecfr.gov/current/title-49/subtitle-B/chapter-II/part-236/subpart-I,high,mlx-community/Qwen3.6-27B-8bit,2026-08-23,active,,
49-CFR-Part-236-Subpart-I-Positive-Train-Control-Systems,49 CFR Part 236 Subpart I — Positive Train Control Systems,Compliance Frameworks,Government & Policy,governance,2,all,"Maintain records related to PTC system operations, maintenance, and compliance for retention.",§ 236.1037 Records retention.,Table of Contents / § 236.1037,https://www.ecfr.gov/current/title-49/subtitle-B/chapter-II/part-236/subpart-I,high,mlx-community/Qwen3.6-27B-8bit,2026-08-23,active,,
49-CFR-Part-236-Subpart-I-Positive-Train-Control-Systems,49 CFR Part 236 Subpart I — Positive Train Control Systems,Compliance Frameworks,Government & Policy,governance,2,all,Develop and maintain an Operations and Maintenance Manual for the PTC system.,§ 236.1039 Operations and Maintenance Manual.,Table of Contents / § 236.1039,https://www.ecfr.gov/current/title-49/subtitle-B/chapter-II/part-236/subpart-I,high,mlx-community/Qwen3.6-27B-8bit,2026-08-23,active,,
49-CFR-Part-236-Subpart-I-Positive-Train-Control-Systems,49 CFR Part 236 Subpart I — Positive Train Control Systems,Compliance Frameworks,Government & Policy,governance,2,all,Implement a training and qualification program for personnel working with or affected by PTC systems.,"§ 236.1041 Training and qualification program, general.",Table of Contents / § 236.1041,https://www.ecfr.gov/current/title-49/subtitle-B/chapter-II/part-236/subpart-I,high,mlx-community/Qwen3.6-27B-8bit,2026-08-23,active,,
IMO-Maritime-Cyber-Risk-Management-Guidelines,IMO Maritime Cyber Risk Management Guidelines,Compliance Frameworks,Government & Policy,governance,2,all,"Designate a person or entity accountable for planning, resourcing, and executing cybersecurity activities with necessary authority and expertise.","Designate a person or entity accountable for the planning, resourcing and execution of cybersecurity activities. Ensure that the designated person or entity is given the necessary authority and support to fulfil their duties and that they have sufficient knowledge and expertise in cyber risk management.",Section 3.5.1.1,https://wwwcdn.imo.org/localresources/en/OurWork/Security/Documents/MSC-FAL.1-Circ.3-Rev.3.pdf,high,mlx-community/Qwen3.6-27B-8bit,2026-08-23,active,,
IMO-Maritime-Cyber-Risk-Management-Guidelines,IMO Maritime Cyber Risk Management Guidelines,Compliance Frameworks,Government & Policy,governance,2,all,"Establish and monitor risk management strategy, expectations, and policies. Define personnel roles and responsibilities for cyber risk management.","Govern: Establish and monitor risk management strategy, expectations and policies. Define personnel roles and responsibilities for cyber risk management.",Section 3.5.1,https://wwwcdn.imo.org/localresources/en/OurWork/Security/Documents/MSC-FAL.1-Circ.3-Rev.3.pdf,high,mlx-community/Qwen3.6-27B-8bit,2026-08-23,active,,
IMO-Maritime-Cyber-Risk-Management-Guidelines,IMO Maritime Cyber Risk Management Guidelines,Compliance Frameworks,Government & Policy,inventory,2,all,"Establish and maintain an inventory of digital systems on board the ship, including internal/external dependencies and network connections.",Establish and maintain an inventory of digital systems on board the ship. These systems and assets could include the systems listed in paragraph 2.2.1 of these guidelines. Identify internal and external systems dependencies and network connections.,Section 3.5.2.2,https://wwwcdn.imo.org/localresources/en/OurWork/Security/Documents/MSC-FAL.1-Circ.3-Rev.3.pdf,high,mlx-community/Qwen3.6-27B-8bit,2026-08-23,active,,
IMO-Maritime-Cyber-Risk-Management-Guidelines,IMO Maritime Cyber Risk Management Guidelines,Compliance Frameworks,Government & Policy,inventory,2,all,"Identify systems, assets, services, data, and capabilities, including interdependencies and supply chain elements, that pose risks if disrupted.","Identify the systems, assets, services, data and capabilities, interdependencies between safety critical systems (including the information flow) that, when disrupted, pose risks to ship operations... including those related to the software and hardware supply chains.",Section 3.5.2.1,https://wwwcdn.imo.org/localresources/en/OurWork/Security/Documents/MSC-FAL.1-Circ.3-Rev.3.pdf,high,mlx-community/Qwen3.6-27B-8bit,2026-08-23,active,,
IMO-Maritime-Cyber-Risk-Management-Guidelines,IMO Maritime Cyber Risk Management Guidelines,Compliance Frameworks,Government & Policy,lifecycle,2,software,Establish a hardware and software approval process to control the installation and maintenance of systems.,"Limit exploitable services on the Internet, establish a hardware and software approval process, collect and securely...",Section 3.5.3.3,https://wwwcdn.imo.org/localresources/en/OurWork/Security/Documents/MSC-FAL.1-Circ.3-Rev.3.pdf,high,mlx-community/Qwen3.6-27B-8bit,2026-08-23,active,,
IMO-Maritime-Cyber-Risk-Management-Guidelines,IMO Maritime Cyber Risk Management Guidelines,Compliance Frameworks,Government & Policy,observability,2,all,"Carry out risk assessments of critical systems to identify threats, vulnerabilities, and assess likelihood and impact of cyber incidents.","Carry out a risk assessment of those systems, services, assets, data and capabilities critical to ship operations... Identify cyber-related threats. Identify vulnerabilities... Assess the likelihood and impact of a cyber incident...",Section 3.5.2.3,https://wwwcdn.imo.org/localresources/en/OurWork/Security/Documents/MSC-FAL.1-Circ.3-Rev.3.pdf,high,mlx-community/Qwen3.6-27B-8bit,2026-08-23,active,,
IMO-Maritime-Cyber-Risk-Management-Guidelines,IMO Maritime Cyber Risk Management Guidelines,Compliance Frameworks,Government & Policy,governance,2,all,"Ensure senior management embeds a culture of cyber risk awareness and ensures a holistic, flexible, and continuously evaluated cyber risk management regime.",Senior management should follow the relevant training and embed a culture of cyber risk awareness into all levels of an organization and ensure a holistic and flexible cyber risk management regime that is in continuous operation and constantly evaluated through effective feedback mechanisms.,Section 3.3,https://wwwcdn.imo.org/localresources/en/OurWork/Security/Documents/MSC-FAL.1-Circ.3-Rev.3.pdf,medium,mlx-community/Qwen3.6-27B-8bit,2026-08-23,active,,
EPA-America-s-Water-Infrastructure-Act-AWIA-Section-2013,EPA America's Water Infrastructure Act (AWIA) Section 2013,Compliance Frameworks,Government & Policy,governance,2,all,Develop and maintain documented Risk and Resilience Assessments (RRAs) and Emergency Response Plans (ERPs) that address cybersecurity risks to electronic and automated systems.,"requires community (drinking) water systems (CWSs) serving more than 3,300 people to develop or update risk and resilience assessments (RRAs) and emergency response plans (ERPs)... including the security of such systems",AWIA Section 2013/SDWA Section 1433: Risk and Resilience Assessments and Emergency Response Plans,https://www.epa.gov/waterresilience/awia-section-2013,high,mlx-community/Qwen3.6-27B-8bit,2026-08-23,active,,
EPA-America-s-Water-Infrastructure-Act-AWIA-Section-2013,EPA America's Water Infrastructure Act (AWIA) Section 2013,Compliance Frameworks,Government & Policy,governance,2,all,"Certify completion of RRAs and ERPs to the EPA, establishing formal attestation of compliance with risk and resilience requirements.",establishes deadlines by which water systems must certify to EPA completion of the RRA and ERP.,AWIA Section 2013/SDWA Section 1433: Risk and Resilience Assessments and Emergency Response Plans,https://www.epa.gov/waterresilience/awia-section-2013,high,mlx-community/Qwen3.6-27B-8bit,2026-08-23,active,,
EPA-America-s-Water-Infrastructure-Act-AWIA-Section-2013,EPA America's Water Infrastructure Act (AWIA) Section 2013,Compliance Frameworks,Government & Policy,lifecycle,2,all,Review and revise RRAs and ERPs at least once every five years to ensure continued relevance and incorporate findings from the RRA into the ERP.,"Each community water system serving more than 3,300 persons must review its RRA at least once every five years... The ERP must incorporate any revisions to the RRA.","Five-year Review, Revision and Certification Requirements",https://www.epa.gov/waterresilience/awia-section-2013,high,mlx-community/Qwen3.6-27B-8bit,2026-08-23,active,,
EPA-America-s-Water-Infrastructure-Act-AWIA-Section-2013,EPA America's Water Infrastructure Act (AWIA) Section 2013,Compliance Frameworks,Government & Policy,observability,2,all,Include strategies in the ERP to aid in the detection of malevolent acts or natural hazards that threaten the security or resilience of the system.,strategies that can be used to aid in the detection of malevolent acts or natural hazards that threaten the security or resilience of the system.,"ERP Requirements and Assistance Resource for CWSs that Serve More than 3,300",https://www.epa.gov/waterresilience/awia-section-2013,high,mlx-community/Qwen3.6-27B-8bit,2026-08-23,active,,
FDA-Cybersecurity-in-Medical-Devices-Premarket-Guidance-2023,FDA — Cybersecurity in Medical Devices: Premarket Guidance 2023,Compliance Frameworks,Government & Policy,governance,2,all,Establish and document plans and procedures to provide reasonable assurance of cybersecurity for cyber devices.,"Plans and Procedures (Section 524B(b)(1))... Design, Develop, and Maintain Processes and Procedures to Provide a Reasonable Assurance of Cybersecurity",Section VII.C.1 and VII.C.2,https://www.fda.gov/media/119933/download,high,mlx-community/Qwen3.6-27B-8bit,2026-08-23,active,,
FDA-Cybersecurity-in-Medical-Devices-Premarket-Guidance-2023,FDA — Cybersecurity in Medical Devices: Premarket Guidance 2023,Compliance Frameworks,Government & Policy,inventory,2,software,Create and submit a Software Bill of Materials (SBOM) for cyber devices as part of premarket documentation.,Software Bill of Materials (SBOM) (Section 524B(b)(3)),Section VII.C.3,https://www.fda.gov/media/119933/download,high,mlx-community/Qwen3.6-27B-8bit,2026-08-23,active,,
FDA-Cybersecurity-in-Medical-Devices-Premarket-Guidance-2023,FDA — Cybersecurity in Medical Devices: Premarket Guidance 2023,Compliance Frameworks,Government & Policy,lifecycle,2,all,Document processes for managing modifications that may impact cybersecurity throughout the device lifecycle.,Modifications... Changes That May Impact Cybersecurity... Changes Unlikely to Impact Cybersecurity,Section VII.D,https://www.fda.gov/media/119933/download,high,mlx-community/Qwen3.6-27B-8bit,2026-08-23,active,,
FDA-Cybersecurity-in-Medical-Devices-Premarket-Guidance-2023,FDA — Cybersecurity in Medical Devices: Premarket Guidance 2023,Compliance Frameworks,Government & Policy,governance,2,all,Implement a Secure Product Development Framework (SPDF) to manage cybersecurity risks within the Quality Management System.,A Secure Product Development Framework (SPDF) may be one way to satisfy the QMSR,Section IV.A.1,https://www.fda.gov/media/119933/download,medium,mlx-community/Qwen3.6-27B-8bit,2026-08-23,active,,
FDA-Cybersecurity-in-Medical-Devices-Premarket-Guidance-2023,FDA — Cybersecurity in Medical Devices: Premarket Guidance 2023,Compliance Frameworks,Government & Policy,observability,2,all,Include event detection and logging controls in the security architecture to monitor device activity.,Event Detection and Logging,Appendix 1,https://www.fda.gov/media/119933/download,medium,mlx-community/Qwen3.6-27B-8bit,2026-08-23,active,,
FDA-Cybersecurity-in-Medical-Devices-Premarket-Guidance-2023,FDA — Cybersecurity in Medical Devices: Premarket Guidance 2023,Compliance Frameworks,Government & Policy,assurance,2,all,Conduct cybersecurity testing and submit documentation demonstrating reasonable assurance of security.,Cybersecurity Testing... Reasonable Assurance of Cybersecurity of Cyber Devices,Section V.C and Section VII.E,https://www.fda.gov/media/119933/download,medium,mlx-community/Qwen3.6-27B-8bit,2026-08-23,active,,
2026-Minimum-Elements-for-a-Software-Bill-of-Materials-SBOM,2026 Minimum Elements for a Software Bill of Materials (SBOM),Compliance Frameworks,Government & Policy,inventory,3,software,"Generate SBOMs satisfying updated minimum elements, including component hashes, licenses, and dependency relationships, using machine-processable formats.",Organizations should generate SBOMs that satisfy the updated SBOM Minimum Elements... New SBOM elements... include: Component Hash Value... Component License... Component Dependency Relationship,Guidance at a Glance / Notable Updates,https://www.cisa.gov/sites/default/files/2026-07/2026_cisa_sbom_minimum_elements_508c.pdf,medium,mlx-community/Qwen3.6-27B-8bit,2026-08-23,active,,
2026-Minimum-Elements-for-a-Software-Bill-of-Materials-SBOM,2026 Minimum Elements for a Software Bill of Materials (SBOM),Compliance Frameworks,Government & Policy,inventory,3,software,Request SBOMs from suppliers that satisfy the updated minimum elements to ensure supply chain transparency and risk-informed decisions.,Organizations should request SBOMs that satisfy the updated SBOM Minimum Elements.,Guidance at a Glance,https://www.cisa.gov/sites/default/files/2026-07/2026_cisa_sbom_minimum_elements_508c.pdf,medium,mlx-community/Qwen3.6-27B-8bit,2026-08-23,active,,
2026-Minimum-Elements-for-a-Software-Bill-of-Materials-SBOM,2026 Minimum Elements for a Software Bill of Materials (SBOM),Compliance Frameworks,Government & Policy,inventory,3,software,"Use available tools to generate, ingest, and analyze SBOM data to support machine-speed actions and vulnerability management.","Organizations should use available tools to generate, ingest, and analyze SBOM data.",Guidance at a Glance,https://www.cisa.gov/sites/default/files/2026-07/2026_cisa_sbom_minimum_elements_508c.pdf,medium,mlx-community/Qwen3.6-27B-8bit,2026-08-23,active,,
2026-Minimum-Elements-for-a-Software-Bill-of-Materials-SBOM,2026 Minimum Elements for a Software Bill of Materials (SBOM),Compliance Frameworks,Government & Policy,inventory,3,software,"Ensure SBOMs capture nested inventory structures, identifying first-party and third-party components and their subcomponents.",An SBOM is a nested inventory... Each component should have an SBOM that captures its subcomponents and the hierarchy of its dependencies.,Why SBOM: Enhancing Transparency and Security,https://www.cisa.gov/sites/default/files/2026-07/2026_cisa_sbom_minimum_elements_508c.pdf,medium,mlx-community/Qwen3.6-27B-8bit,2026-08-23,active,,
2026-Minimum-Elements-for-a-Software-Bill-of-Materials-SBOM,2026 Minimum Elements for a Software Bill of Materials (SBOM),Compliance Frameworks,Government & Policy,inventory,3,software,"Include SBOM author signature, tool version, and generation context to ensure data integrity and traceability.",New SBOM elements... include: SBOM Author Signature... SBOM Tool Version... SBOM Generation Context,Notable Updates,https://www.cisa.gov/sites/default/files/2026-07/2026_cisa_sbom_minimum_elements_508c.pdf,medium,mlx-community/Qwen3.6-27B-8bit,2026-08-23,active,,
2026-Minimum-Elements-for-a-Software-Bill-of-Materials-SBOM,2026 Minimum Elements for a Software Bill of Materials (SBOM),Compliance Frameworks,Government & Policy,inventory,3,software,Explicitly identify unknown information within the SBOM to maintain data quality and transparency.,Major SBOM updates... include: Explicitly Identifying Unknown Information,Notable Updates,https://www.cisa.gov/sites/default/files/2026-07/2026_cisa_sbom_minimum_elements_508c.pdf,medium,mlx-community/Qwen3.6-27B-8bit,2026-08-23,active,,
2026-Minimum-Elements-for-a-Software-Bill-of-Materials-SBOM,2026 Minimum Elements for a Software Bill of Materials (SBOM),Compliance Frameworks,Government & Policy,observability,3,software,Map SBOM data to security advisories and approved software databases to detect vulnerabilities and policy drift.,"Organizations can map SBOM data to other sources, such as security advisories or organization-level approved/not approved software databases, to improve other priority practices such as secure software development or vulnerability management.",Why SBOM: Enhancing Transparency and Security,https://www.cisa.gov/sites/default/files/2026-07/2026_cisa_sbom_minimum_elements_508c.pdf,medium,mlx-community/Qwen3.6-27B-8bit,2026-08-23,active,,
draft-kwiatkowski-pquip-pqc-migration-00,Guidance for migration to Post-Quantum Cryptography,Technical Standards,Migration Guidance,inventory,2,all,Conduct discovery initiatives to build a comprehensive inventory of cryptographic assets and assess their relevance to PQC migration.,"A key aspect of PQC migration involves identifying and budgeting for discovery initiatives, which aim to understand the organization's cryptographic assets and their PQC relevancy. This includes building a comprehensive inventory of cryptographic use and associated assets.",Section 5,https://www.ietf.org/archive/id/draft-kwiatkowski-pquip-pqc-migration-00.html,medium,mlx-community/Qwen3.6-27B-8bit,2026-08-23,active,,
draft-kwiatkowski-pquip-pqc-migration-00,Guidance for migration to Post-Quantum Cryptography,Technical Standards,Migration Guidance,governance,2,all,Define PQC migration objectives based on a formal assessment of risk tolerance regarding data and asset safeguarding.,"To guide this process, organizations should clearly define their PQC migration objectives, starting with an assessment of their risk tolerance - how much risk they are willing to accept in safeguarding data and assets.",Section 2,https://www.ietf.org/archive/id/draft-kwiatkowski-pquip-pqc-migration-00.html,medium,mlx-community/Qwen3.6-27B-8bit,2026-08-23,active,,
draft-kwiatkowski-pquip-pqc-migration-00,Guidance for migration to Post-Quantum Cryptography,Technical Standards,Migration Guidance,lifecycle,2,keys,Prioritize cryptographic agility in protocols to support efficient key rollover and algorithm negotiation during PQC transition.,"Instead of relying solely on hybrids, protocols should prioritize cryptographic agility-embedding algorithm identifiers in keys and supporting efficient key rollover.",Section 4.1,https://www.ietf.org/archive/id/draft-kwiatkowski-pquip-pqc-migration-00.html,medium,mlx-community/Qwen3.6-27B-8bit,2026-08-23,active,,
draft-kwiatkowski-pquip-pqc-migration-00,Guidance for migration to Post-Quantum Cryptography,Technical Standards,Migration Guidance,lifecycle,2,certificates,"Update PKI infrastructure, including CAs and certificate formats, to handle PQC keys and certificates during the migration phase.","The PKI supporting systems needs to be updated to handle PQC keys and certificates. This involves changes to Certificate Authorities (CAs), certificate formats (e.g., X.509), and related processes.",Section 5,https://www.ietf.org/archive/id/draft-kwiatkowski-pquip-pqc-migration-00.html,medium,mlx-community/Qwen3.6-27B-8bit,2026-08-23,active,,
draft-kwiatkowski-pquip-pqc-migration-00,Guidance for migration to Post-Quantum Cryptography,Technical Standards,Migration Guidance,assurance,2,libraries,Align migration strategies with established standards such as FIPS and anticipate the certification process for post-quantum algorithms.,"Protocol designers are encouraged to prioritize solutions that conform to established, widely trusted standards such as FIPS. ... Migration strategies should align with guidance such as CMVP, and anticipate the certification process for post-quantum algorithms.",Section 6,https://www.ietf.org/archive/id/draft-kwiatkowski-pquip-pqc-migration-00.html,medium,mlx-community/Qwen3.6-27B-8bit,2026-08-23,active,,
draft-kwiatkowski-pquip-pqc-migration-00,Guidance for migration to Post-Quantum Cryptography,Technical Standards,Migration Guidance,observability,2,all,Implement continuous monitoring and evaluation to track migration progress and adapt to evolving quantum capabilities.,"Continuous monitoring and evaluation are also necessary to track migration progress and adapt to evolving quantum capabilities, requiring ongoing resource commitment and increasing hardware cost.",Section 5,https://www.ietf.org/archive/id/draft-kwiatkowski-pquip-pqc-migration-00.html,medium,mlx-community/Qwen3.6-27B-8bit,2026-08-23,active,,
EU PQC Recommendation,Recommendation on Coordinated Implementation Roadmap for PQC Transition,Technical Standards,Migration Guidance,governance,2,all,Establish a dedicated sub-group of the NIS Cooperation Group to coordinate the development of the PQC Coordinated Implementation Roadmap and align national transition plans.,The Commission recommends that Member States... establish a sub-group of the NIS Cooperation Group... tasked to define and develop the Post-Quantum Cryptography Coordinated Implementation Roadmap,"Section 2, Paragraph (4) and (6)",https://ec.europa.eu/newsroom/dae/redirection/document/104249,medium,mlx-community/Qwen3.6-27B-8bit,2026-08-23,active,,
EU PQC Recommendation,Recommendation on Coordinated Implementation Roadmap for PQC Transition,Technical Standards,Migration Guidance,governance,2,all,"Develop a comprehensive national strategy for PQC adoption with clear goals, milestones, and timelines, aligned with the EU Coordinated Implementation Roadmap.","This Commission Recommendation encourages Member States to develop a comprehensive strategy for the adoption of Post-Quantum Cryptography... The strategy should define clear goals, milestones, and timelines",Recital (6),https://ec.europa.eu/newsroom/dae/redirection/document/104249,medium,mlx-community/Qwen3.6-27B-8bit,2026-08-23,active,,
EU PQC Recommendation,Recommendation on Coordinated Implementation Roadmap for PQC Transition,Technical Standards,Migration Guidance,governance,2,all,Cooperate with ENISA and cybersecurity experts to evaluate and select PQC algorithms for adoption as EU standards to ensure harmonized implementation.,"This Commission Recommendation encourages Member States to work at EU-level closely with... ENISA, on the evaluation and selection of the appropriate Post-Quantum Cryptography algorithms and their adoption as EU standards",Recital (8),https://ec.europa.eu/newsroom/dae/redirection/document/104249,medium,mlx-community/Qwen3.6-27B-8bit,2026-08-23,active,,
EU PQC Recommendation,Recommendation on Coordinated Implementation Roadmap for PQC Transition,Technical Standards,Migration Guidance,lifecycle,2,all,"Define a coordinated implementation roadmap with a clear timeline for different phases and milestones, including the use of hybrid schemes for transition.",The Post-Quantum Cryptography Coordinated Implementation Roadmap should provide the list of actions... with a clear timeline for different phases and milestones... via hybrid schemes that may combine Post-Quantum Cryptography with existing cryptographic approaches,Recital (6) and (7),https://ec.europa.eu/newsroom/dae/redirection/document/104249,medium,mlx-community/Qwen3.6-27B-8bit,2026-08-23,active,,
EU PQC Recommendation,Recommendation on Coordinated Implementation Roadmap for PQC Transition,Technical Standards,Migration Guidance,lifecycle,2,all,Ensure the PQC Coordinated Implementation Roadmap is available within two years of the recommendation's publication to guide national transition plans.,The Post-Quantum Cryptography Coordinated Implementation Roadmap should be available after a period of two years following the publication of this Recommendation,"Section 2, Paragraph (7)",https://ec.europa.eu/newsroom/dae/redirection/document/104249,medium,mlx-community/Qwen3.6-27B-8bit,2026-08-23,active,,
EU PQC Recommendation,Recommendation on Coordinated Implementation Roadmap for PQC Transition,Technical Standards,Migration Guidance,assurance,2,all,Submit relevant information to the Commission upon request to enable monitoring of progress and assessment of the effectiveness of PQC transition measures.,"Member States are therefore encouraged to submit to the Commission, upon its request, all relevant information... to ensure such monitoring","Recital (11) and Section 3, Paragraph (9)",https://ec.europa.eu/newsroom/dae/redirection/document/104249,medium,mlx-community/Qwen3.6-27B-8bit,2026-08-23,active,,
draft-sfluhrer-ssh-mldsa,SSH Support of ML-DSA,Technical Standards,Migration Guidance,lifecycle,2,libraries,"Implement hedged mode for ML-DSA signature generation to mitigate side-channel attacks, as recommended for interoperable implementations.","We recommend that implementations use hedged mode, as it blocks certain side channel attacks. However, as both are interoperable, we do not place any requirement on which is used within this protocol.",Section 1.1,https://www.ietf.org/archive/id/draft-sfluhrer-ssh-mldsa-06.html,medium,mlx-community/Qwen3.6-27B-8bit,2026-08-23,active,,
draft-sfluhrer-ssh-mldsa,SSH Support of ML-DSA,Technical Standards,Migration Guidance,assurance,2,software,Continuously re-evaluate cryptographic algorithms and parameters to ensure they continue to provide the expected level of security against evolving threats.,Implementers and users need to continously re-evaluate that cryptographic algorithms continue to provide the expected level of security.,Section 10,https://www.ietf.org/archive/id/draft-sfluhrer-ssh-mldsa-06.html,medium,mlx-community/Qwen3.6-27B-8bit,2026-08-23,active,,
draft-ietf-pquip-pqc-hsm-constrained-03,Adapting Constrained Devices for Post-Quantum Cryptography,Technical Standards,Migration Guidance,inventory,2,keys,Identify and classify seeds as Critical Security Parameters (CSPs) requiring protection equivalent to private keys.,"The seed is a Critical Security Parameter (CSP) as defined in [ISO19790], from which the private key can be derived, hence it must be safeguarded with the same level of protection as a private key.",Section 3.1.1,https://www.ietf.org/archive/id/draft-ietf-pquip-pqc-hsm-constrained-05.txt,high,mlx-community/Qwen3.6-27B-8bit,2026-08-23,active,,
draft-ietf-pquip-pqc-hsm-constrained-03,Adapting Constrained Devices for Post-Quantum Cryptography,Technical Standards,Migration Guidance,lifecycle,2,keys,"Store seeds rather than expanded private keys to minimize storage footprint, deriving keys on demand or caching them.","One mitigation of storage limitations is to store only the seed rather than the full expanded private key, as the seed is far smaller and can derive the expanded private key as necessary.",Section 3,https://www.ietf.org/archive/id/draft-ietf-pquip-pqc-hsm-constrained-05.txt,medium,mlx-community/Qwen3.6-27B-8bit,2026-08-23,active,,
draft-ietf-pquip-pqc-hsm-constrained-03,Adapting Constrained Devices for Post-Quantum Cryptography,Technical Standards,Migration Guidance,lifecycle,2,keys,Securely store seeds within a cryptographic module (hardware or software) to prevent unauthorized access.,Seeds should be securely stored within a cryptographic module of the device whether hardware or software-based to protect against unauthorized access.,Section 3.1.1,https://www.ietf.org/archive/id/draft-ietf-pquip-pqc-hsm-constrained-05.txt,medium,mlx-community/Qwen3.6-27B-8bit,2026-08-23,active,,
draft-ietf-pquip-pqc-hsm-constrained-03,Adapting Constrained Devices for Post-Quantum Cryptography,Technical Standards,Migration Guidance,lifecycle,2,keys,Design seed management to account for the non-recoverability of seeds from expanded private keys.,Implementations should account for this non-recoverability when designing seed management.,Section 3.1.1,https://www.ietf.org/archive/id/draft-ietf-pquip-pqc-hsm-constrained-05.txt,medium,mlx-community/Qwen3.6-27B-8bit,2026-08-23,active,,
draft-ietf-pquip-pqc-hsm-constrained-03,Adapting Constrained Devices for Post-Quantum Cryptography,Technical Standards,Migration Guidance,lifecycle,2,software,Use hybrid signature approaches for firmware authentication to ensure backward compatibility during PQC transition.,Hybrid Signature Approaches... [Section 7.2],Section 7.2,https://www.ietf.org/archive/id/draft-ietf-pquip-pqc-hsm-constrained-05.txt,medium,mlx-community/Qwen3.6-27B-8bit,2026-08-23,deprecated,2026-08-24,"evidence_quote not present in the cited document (audit-maturity-evidence.py, 2026-08-24): extraction unsupported by source text"
AQ-PQC-Migration-Framework-v1.1-2026,The Applied Quantum PQC Migration Framework (v1.1),Technical Standards,Migration Guidance,governance,2,all,Establish a formal governance structure with defined roles and responsibilities for the PQC migration program.,0.3 Establish Governance Structure,"Phase 0 — Executive Mandate & Business Case, Activities",https://pqcframework.com/wp-content/uploads/2026/03/The-Applied-Quantum-PQC-Migration-Framework-Universal-v.1.1-Mar2026.pdf,medium,mlx-community/Qwen3.6-27B-8bit,2026-08-23,active,,
AQ-PQC-Migration-Framework-v1.1-2026,The Applied Quantum PQC Migration Framework (v1.1),Technical Standards,Migration Guidance,governance,2,all,"Draft and approve a program charter to define scope, authority, and objectives for the migration effort.",0.4 Draft the Program Charter,"Phase 0 — Executive Mandate & Business Case, Activities",https://pqcframework.com/wp-content/uploads/2026/03/The-Applied-Quantum-PQC-Migration-Framework-Universal-v.1.1-Mar2026.pdf,medium,mlx-community/Qwen3.6-27B-8bit,2026-08-23,active,,
AQ-PQC-Migration-Framework-v1.1-2026,The Applied Quantum PQC Migration Framework (v1.1),Technical Standards,Migration Guidance,governance,3,libraries,Establish governance policies to ensure the freshness and accuracy of the Cryptographic Bill of Materials (CBOM).,2.4 Establish CBOM Freshness Governance,"Phase 2 — CBOM & Documentation, Activities",https://pqcframework.com/wp-content/uploads/2026/03/The-Applied-Quantum-PQC-Migration-Framework-Universal-v.1.1-Mar2026.pdf,medium,mlx-community/Qwen3.6-27B-8bit,2026-08-23,active,,
AQ-PQC-Migration-Framework-v1.1-2026,The Applied Quantum PQC Migration Framework (v1.1),Technical Standards,Migration Guidance,inventory,2,all,Conduct risk-driven scoping to determine which cryptographic assets to inventory first based on criticality.,1.0 Risk-Driven Scoping — Decide What to Inventory First,"Phase 1 — Discovery & Inventory, Activities",https://pqcframework.com/wp-content/uploads/2026/03/The-Applied-Quantum-PQC-Migration-Framework-Universal-v.1.1-Mar2026.pdf,medium,mlx-community/Qwen3.6-27B-8bit,2026-08-23,active,,
AQ-PQC-Migration-Framework-v1.1-2026,The Applied Quantum PQC Migration Framework (v1.1),Technical Standards,Migration Guidance,inventory,3,all,Deploy layered cryptographic discovery tools to map the complete cryptographic estate automatically.,1.2 Deploy Cryptographic Discovery — Layered Approach,"Phase 1 — Discovery & Inventory, Activities",https://pqcframework.com/wp-content/uploads/2026/03/The-Applied-Quantum-PQC-Migration-Framework-Universal-v.1.1-Mar2026.pdf,medium,mlx-community/Qwen3.6-27B-8bit,2026-08-23,active,,
AQ-PQC-Migration-Framework-v1.1-2026,The Applied Quantum PQC Migration Framework (v1.1),Technical Standards,Migration Guidance,inventory,3,all,Establish continuous discovery processes to maintain an up-to-date view of the cryptographic estate.,1.6 Establish Continuous Discovery,"Phase 1 — Discovery & Inventory, Activities",https://pqcframework.com/wp-content/uploads/2026/03/The-Applied-Quantum-PQC-Migration-Framework-Universal-v.1.1-Mar2026.pdf,medium,mlx-community/Qwen3.6-27B-8bit,2026-08-23,active,,
AQ-PQC-Migration-Framework-v1.1-2026,The Applied Quantum PQC Migration Framework (v1.1),Technical Standards,Migration Guidance,inventory,3,libraries,Populate the Cryptographic Bill of Materials (CBOM) using data derived from the cryptographic inventory.,2.2 Populate CBOM from Inventory Data,"Phase 2 — CBOM & Documentation, Activities",https://pqcframework.com/wp-content/uploads/2026/03/The-Applied-Quantum-PQC-Migration-Framework-Universal-v.1.1-Mar2026.pdf,medium,mlx-community/Qwen3.6-27B-8bit,2026-08-23,active,,
AQ-PQC-Migration-Framework-v1.1-2026,The Applied Quantum PQC Migration Framework (v1.1),Technical Standards,Migration Guidance,lifecycle,2,all,Integrate CBOM data into operational processes to support lifecycle management and transition planning.,2.3 Integrate CBOM into Operational Processes,"Phase 2 — CBOM & Documentation, Activities",https://pqcframework.com/wp-content/uploads/2026/03/The-Applied-Quantum-PQC-Migration-Framework-Universal-v.1.1-Mar2026.pdf,medium,mlx-community/Qwen3.6-27B-8bit,2026-08-23,active,,
AQ-PQC-Migration-Framework-v2.1-2026,The Applied Quantum PQC Migration Framework (v2.1),Technical Standards,Migration Guidance,governance,2,all,Establish a formal governance structure with defined program leadership and board oversight to ensure management-approved policy and clear RACI for the PQC migration program.,"Expanded Program Foundations: Governance (program leadership, board oversight, three lines of defense)... GRC Implementation (17-indicator cascading KRI framework, risk appetite statements, regulatory intelligence process, audit and assurance, GRC-SOC handoff).",Version History (v2.0 changes),https://pqcframework.com/wp-content/uploads/2026/06/applied-quantum-marin-ivezic-pqc-migration-framework-universal-2-1.pdf,medium,mlx-community/Qwen3.6-27B-8bit,2026-08-23,active,,
AQ-PQC-Migration-Framework-v2.1-2026,The Applied Quantum PQC Migration Framework (v2.1),Technical Standards,Migration Guidance,governance,2,all,"Draft and maintain a Program Charter that defines the scope, objectives, and authority of the PQC migration initiative, serving as the foundational policy document for the project.",Activities... 0.4 Draft the Program Charter,Table of contents (Phase 0),https://pqcframework.com/wp-content/uploads/2026/06/applied-quantum-marin-ivezic-pqc-migration-framework-universal-2-1.pdf,medium,mlx-community/Qwen3.6-27B-8bit,2026-08-23,deprecated,2026-08-24,"evidence_quote not present in the cited document (audit-maturity-evidence.py, 2026-08-24): extraction unsupported by source text"
AQ-PQC-Migration-Framework-v2.1-2026,The Applied Quantum PQC Migration Framework (v2.1),Technical Standards,Migration Guidance,governance,2,all,Implement a regulatory intelligence process and risk appetite statements within the GRC framework to align PQC migration efforts with evolving legal and compliance obligations.,"GRC Implementation (17-indicator cascading KRI framework, risk appetite statements, regulatory intelligence process, audit and assurance, GRC-SOC handoff).",Version History (v2.0 changes),https://pqcframework.com/wp-content/uploads/2026/06/applied-quantum-marin-ivezic-pqc-migration-framework-universal-2-1.pdf,medium,mlx-community/Qwen3.6-27B-8bit,2026-08-23,active,,
AQ-PQC-Migration-Framework-v2.1-2026,The Applied Quantum PQC Migration Framework (v2.1),Technical Standards,Migration Guidance,governance,2,all,"Define and enforce vendor governance protocols to manage external constraints on migration timelines, ensuring third-party dependencies are tracked and addressed.",Key differentiators include... the emphasis on vendor governance as the primary external constraint on migration timelines,Relationship to Other Guidance,https://pqcframework.com/wp-content/uploads/2026/06/applied-quantum-marin-ivezic-pqc-migration-framework-universal-2-1.pdf,medium,mlx-community/Qwen3.6-27B-8bit,2026-08-23,active,,
CoT-Decrypting-Future-PQC-Timelines-2026,Decrypting the Future: Global Timelines for Post-Quantum Cryptography and Why They Matter,Technical Standards,Migration Guidance,governance,2,all,Establish a risk-driven PQC transition strategy aligned with sectoral priorities and global regulatory timelines.,"The present publication is a step into supporting such a transition... re-affirming its commitment to a proactive, well-coordinated, and risk-driven transition to post-quantum cryptography.",Page 3,https://www.charteroftrust.com/wp-content/uploads/2026/04/20260115_PQC-Decrypting-the-Future_FINAL-1.pdf,medium,mlx-community/Qwen3.6-27B-8bit,2026-08-23,active,,
CoT-Decrypting-Future-PQC-Timelines-2026,Decrypting the Future: Global Timelines for Post-Quantum Cryptography and Why They Matter,Technical Standards,Migration Guidance,governance,2,all,"Engage business leaders and risk owners to prepare for long-term quantum threats, specifically 'harvest now, decrypt later'.","business leaders, risk owners, and strategy decision-makers must prepare well in advance. The risk of future decryption of data captured today (“harvest now, decrypt later”) means...",Page 4,https://www.charteroftrust.com/wp-content/uploads/2026/04/20260115_PQC-Decrypting-the-Future_FINAL-1.pdf,medium,mlx-community/Qwen3.6-27B-8bit,2026-08-23,active,,
CoT-Decrypting-Future-PQC-Timelines-2026,Decrypting the Future: Global Timelines for Post-Quantum Cryptography and Why They Matter,Technical Standards,Migration Guidance,governance,2,all,"Prioritize PQC migration for sectors with long data retention obligations and slow-evolving infrastructure, such as finance and government.","Financial services require immediate PQC prioritization due to long-standing data retention and confidentiality obligations... Sector infrastructure... evolve slowly, with operational life cycles that commonly extend over a decade.",Page 5,https://www.charteroftrust.com/wp-content/uploads/2026/04/20260115_PQC-Decrypting-the-Future_FINAL-1.pdf,medium,mlx-community/Qwen3.6-27B-8bit,2026-08-23,active,,
CoT-Decrypting-Future-PQC-Timelines-2026,Decrypting the Future: Global Timelines for Post-Quantum Cryptography and Why They Matter,Technical Standards,Migration Guidance,governance,2,all,"Align PQC adoption with leading standards, notably NIST FIPS 203/204/205, to ensure national and economic security.","a sector-wide PQC adoption, following leading standards (notably NIST FIPS 203/204/205, 2025), is pivotal for national, economic, and public health security.",Page 5,https://www.charteroftrust.com/wp-content/uploads/2026/04/20260115_PQC-Decrypting-the-Future_FINAL-1.pdf,medium,mlx-community/Qwen3.6-27B-8bit,2026-08-23,active,,
CoT-Decrypting-Future-PQC-Timelines-2026,Decrypting the Future: Global Timelines for Post-Quantum Cryptography and Why They Matter,Technical Standards,Migration Guidance,governance,2,all,Treat PQC readiness as a regulatory expectation and patient safety imperative in the healthcare sector.,PQC-readiness has rapidly transitioned from best practice to regulatory expectations and patient safety imperatives.,Page 6,https://www.charteroftrust.com/wp-content/uploads/2026/04/20260115_PQC-Decrypting-the-Future_FINAL-1.pdf,medium,mlx-community/Qwen3.6-27B-8bit,2026-08-23,active,,
CoT-Decrypting-Future-PQC-Timelines-2026,Decrypting the Future: Global Timelines for Post-Quantum Cryptography and Why They Matter,Technical Standards,Migration Guidance,inventory,2,all,"Identify and catalog assets dependent on long-term cryptographic protection, including long-lived data, systems, and archival backups.",The following tables summarize the categories of assets most dependent on long-term cryptographic protection for each of the high priority sectors.,Page 7,https://www.charteroftrust.com/wp-content/uploads/2026/04/20260115_PQC-Decrypting-the-Future_FINAL-1.pdf,medium,mlx-community/Qwen3.6-27B-8bit,2026-08-23,active,,
CoT-Decrypting-Future-PQC-Timelines-2026,Decrypting the Future: Global Timelines for Post-Quantum Cryptography and Why They Matter,Technical Standards,Migration Guidance,lifecycle,2,all,Plan for cryptographic retrofitting of long-lived hardware platforms with operational lifespans of 20 to 40 years.,"Many critical hardware platforms... have operational lifespans of 20 to 40 years, making cryptographic retrofitting both complex and protracted.",Page 5,https://www.charteroftrust.com/wp-content/uploads/2026/04/20260115_PQC-Decrypting-the-Future_FINAL-1.pdf,medium,mlx-community/Qwen3.6-27B-8bit,2026-08-23,active,,
CoT-Decrypting-Future-PQC-Timelines-2026,Decrypting the Future: Global Timelines for Post-Quantum Cryptography and Why They Matter,Technical Standards,Migration Guidance,lifecycle,2,all,Address the challenge of upgrading operational technologies with 10 to 20-year deployment lifetimes that are not easily upgradable.,Critical infrastructure sectors... rely on operational technologies designed for 10 to 20 years (or more) in deployment lifetimes... not easily upgradable after deployment.,Page 5,https://www.charteroftrust.com/wp-content/uploads/2026/04/20260115_PQC-Decrypting-the-Future_FINAL-1.pdf,medium,mlx-community/Qwen3.6-27B-8bit,2026-08-23,active,,
CoT-Decrypting-Future-PQC-Timelines-2026,Decrypting the Future: Global Timelines for Post-Quantum Cryptography and Why They Matter,Technical Standards,Migration Guidance,lifecycle,2,all,Focus healthcare PQC deployment on immediate device procurement standards and retrofitting critical hospital infrastructure.,"PQC deployment in healthcare is recommended to focus on immediate device procurement standards, retrofitting critical hospital infrastructure, and upgrading all workflows involving long-lived records.",Page 6,https://www.charteroftrust.com/wp-content/uploads/2026/04/20260115_PQC-Decrypting-the-Future_FINAL-1.pdf,medium,mlx-community/Qwen3.6-27B-8bit,2026-08-23,active,,
Microsoft-Crypto-Inventory-CPM-2026,Building your cryptographic inventory: a customer strategy for cryptographic posture management,Technical Standards,Migration Guidance,inventory,3,all,"Maintain a living catalog of all cryptographic assets, including certificates, keys, protocols, libraries, and secrets, across code, network, runtime, and storage domains.",A cryptographic inventory is a living catalog of all the cryptographic assets and mechanisms in use across your organization. This includes... Certificates and keys... Protocols... Libraries... Secrets... HSMs,What is a cryptographic inventory?,https://www.microsoft.com/en-us/security/blog/2026/04/16/building-your-cryptographic-inventory-a-customer-strategy-for-cryptographic-posture-management/,high,mlx-community/Qwen3.6-27B-8bit,2026-08-23,active,,
Microsoft-Crypto-Inventory-CPM-2026,Building your cryptographic inventory: a customer strategy for cryptographic posture management,Technical Standards,Migration Guidance,inventory,3,all,Aggregate cryptographic signals from diverse sources into a unified inventory with a consistent data schema for central oversight and querying.,"Normalize : Aggregate signals into a unified inventory with consistent data schema (certificate thumbprints, algorithm types, key lengths, and expiration dates).",Customer-led cryptography posture management lifecycle,https://www.microsoft.com/en-us/security/blog/2026/04/16/building-your-cryptographic-inventory-a-customer-strategy-for-cryptographic-posture-management/,high,mlx-community/Qwen3.6-27B-8bit,2026-08-23,active,,
Microsoft-Crypto-Inventory-CPM-2026,Building your cryptographic inventory: a customer strategy for cryptographic posture management,Technical Standards,Migration Guidance,governance,2,all,"Define clear ownership for each stage of the cryptographic posture management lifecycle, ensuring consistent inputs and measurable outputs.","ensure you define clear ownership for each stage, with consistent inputs and measurable outputs.",Customer-led cryptography posture management lifecycle,https://www.microsoft.com/en-us/security/blog/2026/04/16/building-your-cryptographic-inventory-a-customer-strategy-for-cryptographic-posture-management/,medium,mlx-community/Qwen3.6-27B-8bit,2026-08-23,active,,
Microsoft-Crypto-Inventory-CPM-2026,Building your cryptographic inventory: a customer strategy for cryptographic posture management,Technical Standards,Migration Guidance,governance,2,all,"Establish documented cryptographic policy baselines, such as minimum key lengths and approved algorithms, to guide risk assessment.","Define your cryptographic policy baselines (e.g., minimum key lengths, approved algorithms, certificate expiration thresholds).",Building your inventory with Microsoft tools,https://www.microsoft.com/en-us/security/blog/2026/04/16/building-your-cryptographic-inventory-a-customer-strategy-for-cryptographic-posture-management/,medium,mlx-community/Qwen3.6-27B-8bit,2026-08-23,active,,
Microsoft-Crypto-Inventory-CPM-2026,Building your cryptographic inventory: a customer strategy for cryptographic posture management,Technical Standards,Migration Guidance,lifecycle,3,all,"Execute remediation actions, including key rotation, library updates, and protocol reconfiguration, using available automation and tooling.","Remediate : Rotate keys, update libraries, reconfigure protocols, and replace weak algorithms—using available automation and tooling.",Customer-led cryptography posture management lifecycle,https://www.microsoft.com/en-us/security/blog/2026/04/16/building-your-cryptographic-inventory-a-customer-strategy-for-cryptographic-posture-management/,high,mlx-community/Qwen3.6-27B-8bit,2026-08-23,active,,
Microsoft-Crypto-Inventory-CPM-2026,Building your cryptographic inventory: a customer strategy for cryptographic posture management,Technical Standards,Migration Guidance,observability,3,all,"Continuously monitor for changes in code commits, certificate renewals, configuration drift, and emerging vulnerabilities to maintain inventory accuracy.","Continuous Monitoring : Continuously track changes. New code commits, certificate renewals, configuration drift, and emerging vulnerabilities all require ongoing vigilance.",Customer-led cryptography posture management lifecycle,https://www.microsoft.com/en-us/security/blog/2026/04/16/building-your-cryptographic-inventory-a-customer-strategy-for-cryptographic-posture-management/,high,mlx-community/Qwen3.6-27B-8bit,2026-08-23,active,,
Microsoft-Crypto-Inventory-CPM-2026,Building your cryptographic inventory: a customer strategy for cryptographic posture management,Technical Standards,Migration Guidance,inventory,3,software,Scan source code repositories using static analysis tools to identify cryptographic algorithm artifacts and library usage.,"Code Domain : Activate GitHub Advanced Security for your repositories. Use CodeQL queries to scan for cryptographic algorithm usage, and export results for central oversight.",Using these tools in the initial phases,https://www.microsoft.com/en-us/security/blog/2026/04/16/building-your-cryptographic-inventory-a-customer-strategy-for-cryptographic-posture-management/,medium,mlx-community/Qwen3.6-27B-8bit,2026-08-23,active,,
Microsoft-Crypto-Inventory-CPM-2026,Building your cryptographic inventory: a customer strategy for cryptographic posture management,Technical Standards,Migration Guidance,inventory,3,certificates,"Deploy endpoint protection agents to discover certificates, asymmetric keys, and associated algorithms on devices.",Runtime and Storage Domain : Deploy Microsoft Defender for Endpoint and Defender Vulnerability Management across your endpoints. Use the certificate inventory feature to discover certificates and their associated algorithms.,Using these tools in the initial phases,https://www.microsoft.com/en-us/security/blog/2026/04/16/building-your-cryptographic-inventory-a-customer-strategy-for-cryptographic-posture-management/,medium,mlx-community/Qwen3.6-27B-8bit,2026-08-23,active,,
Microsoft-Crypto-Inventory-CPM-2026,Building your cryptographic inventory: a customer strategy for cryptographic posture management,Technical Standards,Migration Guidance,inventory,3,keys,"Audit key vault instances and cloud infrastructure to inventory secrets, keys, and certificates, detecting exposed credentials.","Storage Domain : Audit your Azure Key Vault instances to inventory secrets, keys, and certificates. Use Defender for Cloud secret scanning to detect exposed keys in IaaS and PaaS resources.",Using these tools in the initial phases,https://www.microsoft.com/en-us/security/blog/2026/04/16/building-your-cryptographic-inventory-a-customer-strategy-for-cryptographic-posture-management/,medium,mlx-community/Qwen3.6-27B-8bit,2026-08-23,active,,
Microsoft-Crypto-Inventory-CPM-2026,Building your cryptographic inventory: a customer strategy for cryptographic posture management,Technical Standards,Migration Guidance,inventory,3,all,"Enable network detection capabilities to identify encrypted traffic sessions, protocol handshakes, and cipher suite negotiations.","Network Domain : Enable network protection in MDE to identify encrypted sessions. If you’re using Azure, configure Azure Network Watcher to capture traffic metadata and identify encrypted flows.",Using these tools in the initial phases,https://www.microsoft.com/en-us/security/blog/2026/04/16/building-your-cryptographic-inventory-a-customer-strategy-for-cryptographic-posture-management/,medium,mlx-community/Qwen3.6-27B-8bit,2026-08-23,active,,
Microsoft-Crypto-Inventory-CPM-2026,Building your cryptographic inventory: a customer strategy for cryptographic posture management,Technical Standards,Migration Guidance,governance,2,all,"Prioritize remediation efforts based on risk assessment, incorporating asset criticality, exposure level, and compliance requirements.","Prioritize : Rank findings by risk based on asset criticality, exposure (internal vs. internet-facing), and compliance requirements.",Customer-led cryptography posture management lifecycle,https://www.microsoft.com/en-us/security/blog/2026/04/16/building-your-cryptographic-inventory-a-customer-strategy-for-cryptographic-posture-management/,medium,mlx-community/Qwen3.6-27B-8bit,2026-08-23,active,,
EJBCA-Understanding-CPM,Understanding Cryptographic Posture Management and Asset Visibility,Technical Standards,Migration Guidance,inventory,3,all,Scan compiled binaries and embedded components to discover cryptographic assets in third-party software where source code is unavailable.,"To maintain visibility, organizations must be able to: Scan compiled binaries Analyze embedded cryptographic components Identify outdated libraries or algorithms",Dealing with Third-Party Cryptography,https://www.ejbca.org/resources/keymaster-understanding-cryptographic-posture-management-and-asset-visibility/,medium,mlx-community/Qwen3.6-27B-8bit,2026-08-23,active,,
EJBCA-Understanding-CPM,Understanding Cryptographic Posture Management and Asset Visibility,Technical Standards,Migration Guidance,inventory,3,all,"Maintain visibility into all cryptographic assets including algorithms, keys, libraries, protocols, and modules, not just certificates.",Organizations must also account for: Cryptographic keys Cryptographic algorithms Cryptographic libraries Cryptographic protocols Key stores and security modules,Beyond Certificates: The Broader Cryptography Landscape,https://www.ejbca.org/resources/keymaster-understanding-cryptographic-posture-management-and-asset-visibility/,medium,mlx-community/Qwen3.6-27B-8bit,2026-08-23,active,,
EJBCA-Understanding-CPM,Understanding Cryptographic Posture Management and Asset Visibility,Technical Standards,Migration Guidance,governance,3,all,"Define and enforce custom cryptographic policies specifying approved algorithms, minimum key lengths, and allowed library versions.","At its core, it allows organizations to define custom cryptographic policies that specify what is acceptable within their environment. These policies can include rules around: Approved or disallowed algorithms Minimum key lengths",Enabling Policy Enforcement and Compliance,https://www.ejbca.org/resources/keymaster-understanding-cryptographic-posture-management-and-asset-visibility/,medium,mlx-community/Qwen3.6-27B-8bit,2026-08-23,active,,
EJBCA-Understanding-CPM,Understanding Cryptographic Posture Management and Asset Visibility,Technical Standards,Migration Guidance,observability,3,all,Continuously scan systems to automatically flag policy violations and detect drift from approved cryptographic standards.,"Once these policies are established, organizations can continuously scan their systems and automatically flag any violations.",Enabling Policy Enforcement and Compliance,https://www.ejbca.org/resources/keymaster-understanding-cryptographic-posture-management-and-asset-visibility/,medium,mlx-community/Qwen3.6-27B-8bit,2026-08-23,active,,
EJBCA-Understanding-CPM,Understanding Cryptographic Posture Management and Asset Visibility,Technical Standards,Migration Guidance,inventory,2,all,"Assess cryptographic exposure by evaluating security strength, business criticality, and future readiness for post-quantum threats.",Several dimensions should be considered when assessing cryptographic exposure. 1. Security Strength ... 2. Business Criticality ... 3. Future Readiness,Measuring Cryptographic Exposure,https://www.ejbca.org/resources/keymaster-understanding-cryptographic-posture-management-and-asset-visibility/,medium,mlx-community/Qwen3.6-27B-8bit,2026-08-23,active,,
EJBCA-Beyond-CBOM,Looking Beyond the CBOM: Building Stronger Cryptographic Posture,Technical Standards,Migration Guidance,inventory,3,all,"Implement proactive cryptographic discovery by scanning systems directly to detect actual cryptography in use, rather than relying solely on vendor-provided CBOMs which rely on trust.","To address this limitation, organizations are increasingly adopting proactive cryptographic discovery , which involves scanning systems directly to detect the cryptography actually being used.",From Static Lists to Proactive Cryptographic Discovery,https://www.ejbca.org/resources/keymaster-looking-beyond-the-cbom-building-stronger-cryptographic-posture/,medium,mlx-community/Qwen3.6-27B-8bit,2026-08-23,active,,
EJBCA-Beyond-CBOM,Looking Beyond the CBOM: Building Stronger Cryptographic Posture,Technical Standards,Migration Guidance,inventory,3,all,"Maintain an internal cryptographic inventory for security management that identifies vulnerabilities, weak algorithms, and keys, distinct from external CBOMs.",Organizations should use internal inventories to identify and fix problems before publishing a CBOM. ... Cryptographic Inventory (Internal Operations) Used internally for security management,CBOM vs. Internal Crypto Inventory,https://www.ejbca.org/resources/keymaster-looking-beyond-the-cbom-building-stronger-cryptographic-posture/,medium,mlx-community/Qwen3.6-27B-8bit,2026-08-23,active,,
EJBCA-Beyond-CBOM,Looking Beyond the CBOM: Building Stronger Cryptographic Posture,Technical Standards,Migration Guidance,lifecycle,3,libraries,"Remove deprecated algorithms such as Triple DES, DES, SHA-1, and MD5, replacing them with modern alternatives like AES and SHA-2/SHA-3.",teams should quickly flag and migrate away from deprecated algorithms such as: Triple DES DES SHA-1 MD5 Replacing them with modern alternatives such as AES and SHA-2/SHA-3,Identifying Weak Links in Cryptography,https://www.ejbca.org/resources/keymaster-looking-beyond-the-cbom-building-stronger-cryptographic-posture/,medium,mlx-community/Qwen3.6-27B-8bit,2026-08-23,active,,
EJBCA-Beyond-CBOM,Looking Beyond the CBOM: Building Stronger Cryptographic Posture,Technical Standards,Migration Guidance,lifecycle,3,software,"Ensure protocol upgrades fully disable legacy versions (e.g., TLS 1.0) to prevent attackers from negotiating weaker protocols.","If legacy versions remain enabled, attackers can simply negotiate the weaker protocol and bypass the upgrade entirely.",Identifying Weak Links in Cryptography,https://www.ejbca.org/resources/keymaster-looking-beyond-the-cbom-building-stronger-cryptographic-posture/,medium,mlx-community/Qwen3.6-27B-8bit,2026-08-23,active,,
EJBCA-Beyond-CBOM,Looking Beyond the CBOM: Building Stronger Cryptographic Posture,Technical Standards,Migration Guidance,lifecycle,3,all,"Establish crypto agility capabilities to quickly replace algorithms or libraries, rotate keys, and update certificates as part of ongoing cryptographic hygiene.","Crypto agility – the ability to quickly replace algorithms or libraries ... Organizations must be able to quickly swap algorithms, libraries, rotate keys, and update certificates.",The Role of Crypto Agility and Lifecycle Management,https://www.ejbca.org/resources/keymaster-looking-beyond-the-cbom-building-stronger-cryptographic-posture/,medium,mlx-community/Qwen3.6-27B-8bit,2026-08-23,active,,
EJBCA-Beyond-CBOM,Looking Beyond the CBOM: Building Stronger Cryptographic Posture,Technical Standards,Migration Guidance,inventory,2,all,"Apply a multi-dimensional prioritization approach to discovery results, filtering by severity, business impact, external exposure, and deprecated status.","To manage this complexity, organizations need a multi-dimensional prioritization approach , evaluating issues based on factors such as: Severity of the vulnerability Impact on the system or business",The Challenge of Cryptographic Noise,https://www.ejbca.org/resources/keymaster-looking-beyond-the-cbom-building-stronger-cryptographic-posture/,medium,mlx-community/Qwen3.6-27B-8bit,2026-08-23,active,,
Deloitte-TechTrends-2025-Quantum,Tech Trends 2025: The new math of quantum cryptography,Technical Standards,Migration Guidance,inventory,2,all,"Conduct a comprehensive cryptography inventory to identify all instances of cryptographic usage across internal infrastructure, applications, and third-party supply chains.","Our initiative began with a comprehensive cryptography inventory... Understanding the full scope of the organizational risk... requires action across a wide range of infrastructures, supply chains, and applications.",Now: Future vulnerabilities require immediate action,https://www.deloitte.com/us/en/insights/topics/technology-management/tech-trends/2025/tech-trends-quantum-computing-and-cybersecurity.html,medium,mlx-community/Qwen3.6-27B-8bit,2026-08-23,active,,
Deloitte-TechTrends-2025-Quantum,Tech Trends 2025: The new math of quantum cryptography,Technical Standards,Migration Guidance,governance,2,all,"Establish documented governance and policy for the PQC migration, including risk strategies and contractual mechanisms to ensure vendor compliance with updated standards.",Initial steps include establishing governance and policy... and building a comprehensive road map for internal updates and contractual mechanisms to ensure vendors meet the updated standards.,New: The path to quantum-safe security through crypto agility,https://www.deloitte.com/us/en/insights/topics/technology-management/tech-trends/2025/tech-trends-quantum-computing-and-cybersecurity.html,medium,mlx-community/Qwen3.6-27B-8bit,2026-08-23,active,,
Deloitte-TechTrends-2025-Quantum,Tech Trends 2025: The new math of quantum cryptography,Technical Standards,Migration Guidance,lifecycle,2,all,Develop a comprehensive migration roadmap to prioritize remediation efforts and manage the transition to NIST-approved post-quantum cryptography standards.,"assessing how best to prioritize remediation efforts across the infrastructure and supply chain, and building a comprehensive road map for internal updates",New: The path to quantum-safe security through crypto agility,https://www.deloitte.com/us/en/insights/topics/technology-management/tech-trends/2025/tech-trends-quantum-computing-and-cybersecurity.html,medium,mlx-community/Qwen3.6-27B-8bit,2026-08-23,active,,
Deloitte-TechTrends-2025-Quantum,Tech Trends 2025: The new math of quantum cryptography,Technical Standards,Migration Guidance,observability,2,all,Deploy modern cryptography management solutions to gain critical observability and reporting capabilities over the cryptographic estate.,"The first step to reclaim control over decades of cryptographic sprawl across IT is to leverage modern cryptography management solutions, which empower organizations with critical observability and reporting capabilities",New: The path to quantum-safe security through crypto agility,https://www.deloitte.com/us/en/insights/topics/technology-management/tech-trends/2025/tech-trends-quantum-computing-and-cybersecurity.html,medium,mlx-community/Qwen3.6-27B-8bit,2026-08-23,active,,
Sectigo-State-Crypto-Agility-2025,2025 State of Crypto Agility Report: Preparing for Post-Quantum,Technical Standards,Migration Guidance,governance,2,all,"Establish a centralized Cryptographic Center of Excellence (CCOE) to coordinate PQC transition across teams, tools, and infrastructure.","The report calls out the need for a centralized response to crypto modernization. As complexity rises, organizations will need to establish Centers of Cryptographic Excellence to coordinate across teams, tools, and infrastructure.",Closing the gap with a Cryptographic Center of Excellence (CCOE),https://www.sectigo.com/blog/2025-state-of-crypto-agility-report-preparing-for-post-quantum,medium,mlx-community/Qwen3.6-27B-8bit,2026-08-23,active,,
Sectigo-State-Crypto-Agility-2025,2025 State of Crypto Agility Report: Preparing for Post-Quantum,Technical Standards,Migration Guidance,inventory,2,certificates,Conduct a full assessment to identify and inventory all quantum-vulnerable systems and cryptographic assets.,"Yet only 14% have conducted a full assessment of quantum-vulnerable systems. The risk is real, and the clock is ticking.",The quantum threat is on our doorstep,https://www.sectigo.com/blog/2025-state-of-crypto-agility-report-preparing-for-post-quantum,medium,mlx-community/Qwen3.6-27B-8bit,2026-08-23,active,,
Sectigo-State-Crypto-Agility-2025,2025 State of Crypto Agility Report: Preparing for Post-Quantum,Technical Standards,Migration Guidance,lifecycle,3,certificates,Implement automated certificate lifecycle management (CLM) to handle increased renewal cadences and reduce manual toil.,"The suggested approach: automated certificate lifecycle management (CLM). ... Automation is the single most effective way to reduce risk, cost, and complexity.",What is crypto agility and why does it matter? / The path forward,https://www.sectigo.com/blog/2025-state-of-crypto-agility-report-preparing-for-post-quantum,medium,mlx-community/Qwen3.6-27B-8bit,2026-08-23,active,,
Sectigo-State-Crypto-Agility-2025,2025 State of Crypto Agility Report: Preparing for Post-Quantum,Technical Standards,Migration Guidance,lifecycle,3,certificates,"Automate certificate renewal, deployment, and domain control validation to mitigate outage risks from shorter lifespans.",Only 53% of organizations automate certificate renewal. One third (33%) of businesses automate certificate deployment... A mere 32% automate domain control validation (DCV).,Why manual certificate management is a risk you can’t afford,https://www.sectigo.com/blog/2025-state-of-crypto-agility-report-preparing-for-post-quantum,medium,mlx-community/Qwen3.6-27B-8bit,2026-08-23,active,,
Sectigo-State-Crypto-Agility-2025,2025 State of Crypto Agility Report: Preparing for Post-Quantum,Technical Standards,Migration Guidance,lifecycle,2,all,"Plan for the migration to post-quantum cryptography by 2030, aligning with NIST deprecation schedules for RSA and ECC.","NIST plans to deprecate both in 2030, with full disallowance by 2035. ... The migration to post-quantum cryptography by 2030.",The quantum threat is on our doorstep,https://www.sectigo.com/blog/2025-state-of-crypto-agility-report-preparing-for-post-quantum,medium,mlx-community/Qwen3.6-27B-8bit,2026-08-23,active,,
Meta-PQC-Migration-2026,"Post-Quantum Cryptography Migration at Meta: Framework, Lessons, and Takeaways",Technical Standards,Migration Guidance,inventory,3,all,Leverage automated monitoring tools to autonomously map cryptographic primitives used in production for high-fidelity data on active usage.,"We leverage monitoring tools, such as our Crypto Visibility service, to autonomously map cryptographic primitives used in production. This provides high-fidelity data on active usage within our primary libraries.",B. Build a Cryptographic Inventory,https://engineering.fb.com/2026/04/16/security/post-quantum-cryptography-migration-at-meta-framework-lessons-and-takeaways/,medium,mlx-community/Qwen3.6-27B-8bit,2026-08-23,active,,
Meta-PQC-Migration-2026,"Post-Quantum Cryptography Migration at Meta: Framework, Lessons, and Takeaways",Technical Standards,Migration Guidance,inventory,3,all,Supplement automated discovery with developer reporting to capture cryptographic intent for new architectures and uncover legacy usage outside standard monitoring.,"Because monitoring cannot capture every edge case or shadow dependency, we supplement automation with developer reporting. This process captures cryptographic intent for new architectures and uncovers legacy usage in systems outside standard monitoring paths.",B. Build a Cryptographic Inventory,https://engineering.fb.com/2026/04/16/security/post-quantum-cryptography-migration-at-meta-framework-lessons-and-takeaways/,medium,mlx-community/Qwen3.6-27B-8bit,2026-08-23,active,,
Meta-PQC-Migration-2026,"Post-Quantum Cryptography Migration at Meta: Framework, Lessons, and Takeaways",Technical Standards,Migration Guidance,governance,2,all,"Establish qualitative criteria to classify applications into high, moderate, and low priority based on susceptibility to quantum attacks and external dependencies.","Prioritization Definition to establish a qualitative criteria to differentiate types of applications at high, moderate, and low priority among the types of use case impacted by possible quantum attacks. This approach helps prioritize which use cases should be migrated first.",A. Prioritization,https://engineering.fb.com/2026/04/16/security/post-quantum-cryptography-migration-at-meta-framework-lessons-and-takeaways/,medium,mlx-community/Qwen3.6-27B-8bit,2026-08-23,active,,
Meta-PQC-Migration-2026,"Post-Quantum Cryptography Migration at Meta: Framework, Lessons, and Takeaways",Technical Standards,Migration Guidance,lifecycle,3,keys,Implement guardrails by changing crypto standards and disallowing the creation of new keys and usage of affected APIs to enforce migration.,"Implement PQC Guardrails by changing crypto standards, disallowing the creation of new keys and usage of affected APIs.",An Overview of Meta’s PQC Strategy,https://engineering.fb.com/2026/04/16/security/post-quantum-cryptography-migration-at-meta-framework-lessons-and-takeaways/,medium,mlx-community/Qwen3.6-27B-8bit,2026-08-23,active,,
Meta-PQC-Migration-2026,"Post-Quantum Cryptography Migration at Meta: Framework, Lessons, and Takeaways",Technical Standards,Migration Guidance,assurance,2,libraries,Adopt production-level PQC implementations from reputable community efforts like LibOQS to mitigate implementation flaws and side-channel vulnerabilities.,"Most cryptography-related vulnerabilities are not due to any flaws in the algorithms, but instead in their implementations... the Open Quantum Safe consortium... has been developing LibOQS, a PQC cryptography library.",C. Address External Dependencies,https://engineering.fb.com/2026/04/16/security/post-quantum-cryptography-migration-at-meta-framework-lessons-and-takeaways/,medium,mlx-community/Qwen3.6-27B-8bit,2026-08-23,active,,
Meta-PQC-Migration-2026,"Post-Quantum Cryptography Migration at Meta: Framework, Lessons, and Takeaways",Technical Standards,Migration Guidance,assurance,2,software,"Select PQC algorithms based on recommendations from reputable public standardization bodies such as NIST, IETF, and ISO rather than deviating from them.",Algorithms Selection... organizations should not deviate from what reputable public standardization bodies are recommending... we encourage organizations to consider adopting the NIST PQC selected algorithms,D- Design PQC-Secure Components,https://engineering.fb.com/2026/04/16/security/post-quantum-cryptography-migration-at-meta-framework-lessons-and-takeaways/,medium,mlx-community/Qwen3.6-27B-8bit,2026-08-23,active,,
FIPS-180-4,"Secure Hash Standard (SHS) — SHA-1, SHA-224, SHA-256, SHA-384, SHA-512",Technical Standards,NIST Standards,assurance,3,software,Only use NIST-validated implementations of the specified hash algorithms to ensure compliance with the standard.,Only algorithm implementations that are validated by NIST will be considered as complying with this standard.,Section 8. Implementations,https://nvlpubs.nist.gov/nistpubs/FIPS/NIST.FIPS.180-4.pdf,high,mlx-community/Qwen3.6-27B-8bit,2026-08-23,active,,
FIPS-180-4,"Secure Hash Standard (SHS) — SHA-1, SHA-224, SHA-256, SHA-384, SHA-512",Technical Standards,NIST Standards,governance,2,all,The responsible authority in each agency must assure that the overall implementation provides an acceptable level of security.,The responsible authority in each agency or department shall assure that an overall implementation provides an acceptable level of security.,Section 12. Qualifications,https://nvlpubs.nist.gov/nistpubs/FIPS/NIST.FIPS.180-4.pdf,high,mlx-community/Qwen3.6-27B-8bit,2026-08-23,active,,
FIPS-180-4,"Secure Hash Standard (SHS) — SHA-1, SHA-224, SHA-256, SHA-384, SHA-512",Technical Standards,NIST Standards,governance,2,all,Implement either this Standard or FIPS 202 wherever a secure hash algorithm is required for Federal applications.,Either this Standard or Federal Information Processing Standard (FIPS) 202 must be implemented wherever a secure hash algorithm is required for Federal applications,Section 6. Applicability,https://nvlpubs.nist.gov/nistpubs/FIPS/NIST.FIPS.180-4.pdf,high,mlx-community/Qwen3.6-27B-8bit,2026-08-23,active,,
RFC-9935,Internet X.509 PKI — Algorithm Identifiers for ML-KEM,Technical Standards,PKI Certificate Management,assurance,3,keys,Reject private keys where seed and expanded key are inconsistent; perform hash checks on expanded keys before use.,"If the check is done and the seed and the expandedKey are not consistent, the recipient MUST reject the private key as malformed. ... a 'hash check' MUST be performed.",Section 8,https://www.rfc-editor.org/rfc/rfc9935,high,mlx-community/Qwen3.6-27B-8bit,2026-08-23,active,,
RFC-9935,Internet X.509 PKI — Algorithm Identifiers for ML-KEM,Technical Standards,PKI Certificate Management,lifecycle,3,keys,Enforce that ML-KEM certificates use only the 'keyEncipherment' key usage bit in the keyUsage extension.,"If the keyUsage extension is present in certificates, then key Encipherement MUST be the only key usage set for certificates that indicate id-alg-ml-kem-*",Section 5,https://www.rfc-editor.org/rfc/rfc9935,high,mlx-community/Qwen3.6-27B-8bit,2026-08-23,active,,
RFC-9935,Internet X.509 PKI — Algorithm Identifiers for ML-KEM,Technical Standards,PKI Certificate Management,lifecycle,3,keys,Ensure the parameters field is absent in the Algorithm Identifier for ML-KEM public keys.,The parameters field of the Algorithm Identifier for the ML-KEM public key MUST be absent.,Section 3,https://www.rfc-editor.org/rfc/rfc9935,high,mlx-community/Qwen3.6-27B-8bit,2026-08-23,active,,
SecBoulevard-Carielli-CryptoAgility-2025,Forrester (Sandy Carielli) on Cryptoagility: Shared Intel Q&A,Technical Standards,Migration Guidance,inventory,2,all,"Conduct a cryptographic inventory covering homegrown software, purchased software, devices, and infrastructure to identify algorithms in use.","The first step is to take a cryptographic inventory to understand what cryptographic algorithms are in use in your environment. The inventory must look at homegrown developed software and its components, purchased software, devices, and supporting infrastructure.",Carielli: If an organization hasn't started preparing...,https://securityboulevard.com/2025/03/shared-intel-qa-forrester-highlights-why-companies-need-to-strive-for-cryptoagility-today/,medium,mlx-community/Qwen3.6-27B-8bit,2026-08-23,active,,
SecBoulevard-Carielli-CryptoAgility-2025,Forrester (Sandy Carielli) on Cryptoagility: Shared Intel Q&A,Technical Standards,Migration Guidance,governance,2,software,Assess technology vendors' cryptoagility efforts and PQC migration roadmaps as part of third-party risk management and RFP processes.,assessing a technology vendor’s cryptoagility efforts in your RFPs as a part of determining third-party tech supplier risk... ask about how they are monitoring developments in PQC and their roadmap and timeline to upgrade their product to be quantum safe.,Shey: The first post-quantum cryptographic standards are here...,https://securityboulevard.com/2025/03/shared-intel-qa-forrester-highlights-why-companies-need-to-strive-for-cryptoagility-today/,medium,mlx-community/Qwen3.6-27B-8bit,2026-08-23,active,,
SecBoulevard-Carielli-CryptoAgility-2025,Forrester (Sandy Carielli) on Cryptoagility: Shared Intel Q&A,Technical Standards,Migration Guidance,lifecycle,2,libraries,Avoid hardcoding algorithms; favor libraries and systems that simplify migrating between algorithms to enable cryptoagility.,"In general, this means avoiding hardcoding particular algorithms and favoring libraries and systems that simplify migrating between algorithms.",Carielli: Cryptoagility is being framed as essential...,https://securityboulevard.com/2025/03/shared-intel-qa-forrester-highlights-why-companies-need-to-strive-for-cryptoagility-today/,medium,mlx-community/Qwen3.6-27B-8bit,2026-08-23,active,,
SecBoulevard-Carielli-CryptoAgility-2025,Forrester (Sandy Carielli) on Cryptoagility: Shared Intel Q&A,Technical Standards,Migration Guidance,lifecycle,2,all,"Plan for a three-to-five-year cryptographic migration timeline involving planning, piloting, testing, and managing third-party dependencies.","It can realistically take three to five years for cryptographic migration, to update the encryption methods in your in-house and commercial solutions... There’s planning, piloting, testing, and third-party dependencies involved.",Shey: Many organizations still see quantum security...,https://securityboulevard.com/2025/03/shared-intel-qa-forrester-highlights-why-companies-need-to-strive-for-cryptoagility-today/,medium,mlx-community/Qwen3.6-27B-8bit,2026-08-23,active,,
CSA-Practitioners-Guide-PQC-2025,A Practitioner's Guide to Post-Quantum Cryptography,Technical Standards,Migration Guides,inventory,2,all,"Maintain an up-to-date inventory of business data assets, recording identification and value by Q-Day to assess risk from Store Now, Decrypt Later attacks.",Maintaining an up-to-date inventory of business data assets is essential. The inventory records should include the name or identification of the assets and their values by Q-Day.,Identifying Data Assets at Risk,https://cloudsecurityalliance.org/artifacts/a-practitioners-guide-to-post-quantum-cryptography,medium,mlx-community/Qwen3.6-27B-8bit,2026-08-23,active,,
CSA-Practitioners-Guide-PQC-2025,A Practitioner's Guide to Post-Quantum Cryptography,Technical Standards,Migration Guides,inventory,2,keys,Track operational data such as certificates and keys in a configuration management database (CMDB) to identify sensitive assets with long-term value.,"Operational data is often tracked in a configuration management database (CMDB), which can facilitate identifying sensitive operational data, such as certificates and keys.",Identifying Data Assets at Risk,https://cloudsecurityalliance.org/artifacts/a-practitioners-guide-to-post-quantum-cryptography,medium,mlx-community/Qwen3.6-27B-8bit,2026-08-23,active,,
CSA-Practitioners-Guide-PQC-2025,A Practitioner's Guide to Post-Quantum Cryptography,Technical Standards,Migration Guides,inventory,2,certificates,Identify X.509 certificates with expiration dates beyond the turn of the decade as high-priority operational data with long-term value at risk from quantum attacks.,X.509 certificates with expiration dates beyond the turn of the decade are the most common operational data with long-term value.,Identifying Data Assets at Risk,https://cloudsecurityalliance.org/artifacts/a-practitioners-guide-to-post-quantum-cryptography,medium,mlx-community/Qwen3.6-27B-8bit,2026-08-23,active,,
CSA-Practitioners-Guide-PQC-2025,A Practitioner's Guide to Post-Quantum Cryptography,Technical Standards,Migration Guides,governance,2,all,"Assess risk immediately and periodically, determining if data retains value by Q-Day, before planning and implementing mitigation strategies.","The CSA Quantum-Safe Security Governance with the Cloud Controls Matrix white paper published in 2024, advises enterprises to assess their risk immediately and periodically thereafter before mitigation is determined, planned, and implemented.",Guidance Outline,https://cloudsecurityalliance.org/artifacts/a-practitioners-guide-to-post-quantum-cryptography,medium,mlx-community/Qwen3.6-27B-8bit,2026-08-23,active,,
CSA-Practitioners-Guide-PQC-2025,A Practitioner's Guide to Post-Quantum Cryptography,Technical Standards,Migration Guides,governance,2,all,Follow industry or sector-specific data identification and risk assessment guidelines if subjected to industrial or government regulations.,"For enterprises that are subjected to industrial or government regulations, industry or sector-specific data identification and risk assessment guidelines should be followed if they exist.",Identifying Data Assets at Risk,https://cloudsecurityalliance.org/artifacts/a-practitioners-guide-to-post-quantum-cryptography,medium,mlx-community/Qwen3.6-27B-8bit,2026-08-23,active,,
CSA-Practitioners-Guide-PQC-2025,A Practitioner's Guide to Post-Quantum Cryptography,Technical Standards,Migration Guides,lifecycle,2,libraries,"Plan for the cost and effort of compiling, building, and maintaining PQC modules for technology components where out-of-the-box support is not yet available.","Having to compile, build, and maintain these technology components, mitigation can be costly. One needs to consider the costs against the risks when deciding and planning on mitigation.",Identifying Technology Components for Mitigation,https://cloudsecurityalliance.org/artifacts/a-practitioners-guide-to-post-quantum-cryptography,medium,mlx-community/Qwen3.6-27B-8bit,2026-08-23,active,,
CSA-Practitioners-Guide-PQC-2025,A Practitioner's Guide to Post-Quantum Cryptography,Technical Standards,Migration Guides,lifecycle,2,software,Adopt hybrid mode key exchange as an interim solution for encryption in transit protocols while transitioning to pure post-quantum cryptographic standards.,An interim solution to address their vulnerability is the so-called hybrid mode key exchange... in which the vulnerable key exchange is encapsulated by the encryption with a key exchanged by a PQC public key algorithm,Encryption in Transit Protocols,https://cloudsecurityalliance.org/artifacts/a-practitioners-guide-to-post-quantum-cryptography,medium,mlx-community/Qwen3.6-27B-8bit,2026-08-23,active,,
CSA-Practitioners-Guide-PQC-2025,A Practitioner's Guide to Post-Quantum Cryptography,Technical Standards,Migration Guides,lifecycle,2,keys,Ensure key management systems (KMS) and hardware security modules (HSM) use post-quantum cryptographic algorithms to protect encryption keys at rest.,Mitigation requires the providers’ certificates to be quantum-safe and the KMS and HSMs to use PQC algorithms.,Encryption at Rest,https://cloudsecurityalliance.org/artifacts/a-practitioners-guide-to-post-quantum-cryptography,medium,mlx-community/Qwen3.6-27B-8bit,2026-08-23,active,,
CSA-Practitioners-Guide-PQC-2025,A Practitioner's Guide to Post-Quantum Cryptography,Technical Standards,Migration Guides,assurance,2,all,"Monitor the availability of relevant PQC technologies and periodically reassess risk as data is added, deleted, or updated.","An enterprise needs to periodically assess its risk because data is continually added, deleted, and updated. In addition, an enterprise needs to monitor the availability of relevant technologies.",Conclusion,https://cloudsecurityalliance.org/artifacts/a-practitioners-guide-to-post-quantum-cryptography,medium,mlx-community/Qwen3.6-27B-8bit,2026-08-23,active,,
AU-ACSC-Quantum-Tech-Primer-Communications-2026,Quantum Technology Primer - Communications,Technical Standards,Migration Guidance,governance,2,all,Prioritise strengthening security posture and planning for post-quantum cryptography (PQC) transition.,Organisations should prioritise strengthening their security posture and planning for post quantum cryptography (PQC).,Introduction,https://www.cyber.gov.au/sites/default/files/2026-03/Quantum%20technology%20primer%20-%20Communications.pdf,medium,mlx-community/Qwen3.6-27B-8bit,2026-08-23,active,,
AU-ACSC-Quantum-Tech-Primer-Communications-2026,Quantum Technology Primer - Communications,Technical Standards,Migration Guidance,governance,2,all,"Monitor evolving standards, invest in R&D, and assess vendor readiness for quantum-resistant solutions.","Organisations may consider monitoring evolving standards, investing in research and development, and assessing vendor readiness.",The impact on cyber security,https://www.cyber.gov.au/sites/default/files/2026-03/Quantum%20technology%20primer%20-%20Communications.pdf,low,mlx-community/Qwen3.6-27B-8bit,2026-08-23,active,,
AU-ACSC-Quantum-Tech-Primer-Communications-2026,Quantum Technology Primer - Communications,Technical Standards,Migration Guidance,governance,2,all,Implement a plan for adopting new technologies and standardising protocols to support interoperability.,"To support interoperability and resilience, implement a plan for adopting new technologies and standardising protocols.",Interoperability challenges,https://www.cyber.gov.au/sites/default/files/2026-03/Quantum%20technology%20primer%20-%20Communications.pdf,medium,mlx-community/Qwen3.6-27B-8bit,2026-08-23,active,,
AU-ACSC-Quantum-Tech-Primer-Communications-2026,Quantum Technology Primer - Communications,Technical Standards,Migration Guidance,governance,2,all,Assess vendors for secure development practices and require transparency across the supply chain.,It is important to assess vendors for secure development practices and require transparency across the supply chain.,Supply chain risks,https://www.cyber.gov.au/sites/default/files/2026-03/Quantum%20technology%20primer%20-%20Communications.pdf,medium,mlx-community/Qwen3.6-27B-8bit,2026-08-23,active,,
AU-ACSC-Quantum-Tech-Primer-Communications-2026,Quantum Technology Primer - Communications,Technical Standards,Migration Guidance,lifecycle,2,keys,"Implement robust key management processes including secure generation, distribution, storage, rotation, and destruction.","Organisations should implement robust key management processes that includes secure key generation, distribution, storage, rotation and destruction.",Key management complexities,https://www.cyber.gov.au/sites/default/files/2026-03/Quantum%20technology%20primer%20-%20Communications.pdf,medium,mlx-community/Qwen3.6-27B-8bit,2026-08-23,active,,
AU-ACSC-Quantum-Tech-Primer-Communications-2026,Quantum Technology Primer - Communications,Technical Standards,Migration Guidance,inventory,2,all,"Establish a verifiable chain of trust across hardware, firmware, and software components to support supply chain integrity.","Organisations should consider establishing a verifiable chain of trust across hardware, firmware and software components to support supply chain integrity.",Supply chain risks,https://www.cyber.gov.au/sites/default/files/2026-03/Quantum%20technology%20primer%20-%20Communications.pdf,low,mlx-community/Qwen3.6-27B-8bit,2026-08-23,active,,
McKinsey-PQC-Preparation,When and how to prepare for post-quantum cryptography,Technical Standards,Migration Guidance,inventory,2,all,Assess data shelf life and system development cycles to identify high-priority assets requiring quantum mitigation.,Risk managers will need to examine two key characteristics of high-priority assets—data shelf life and system life and development cycles—in detail to determine when to begin quantum mitigation measures,When to act: Two factors to assess,https://www.mckinsey.com/capabilities/mckinsey-digital/our-insights/when-and-how-to-prepare-for-post-quantum-cryptography,medium,mlx-community/Qwen3.6-27B-8bit,2026-08-23,active,,
McKinsey-PQC-Preparation,When and how to prepare for post-quantum cryptography,Technical Standards,Migration Guidance,inventory,2,all,Create a shared internal understanding of data and system sensitivity to quantum threats via standardized cataloging.,"Before deciding on a mitigation pathway, data, system, and product owners should create a shared internal understanding of how sensitive their various data types and systems are to quantum threats based on these two factors. Ideally, this would be done as part of standardized data cataloging and risk assessment.",When to act: Two factors to assess,https://www.mckinsey.com/capabilities/mckinsey-digital/our-insights/when-and-how-to-prepare-for-post-quantum-cryptography,medium,mlx-community/Qwen3.6-27B-8bit,2026-08-23,active,,
McKinsey-PQC-Preparation,When and how to prepare for post-quantum cryptography,Technical Standards,Migration Guidance,lifecycle,2,software,Ensure hardware and software architectures are modular to facilitate future retrofitting with PQC solutions.,"First, they should ensure that their hardware and software architectures can be retrofitted as easily as possible. Measures such as reserving computational resources for future cryptography updates or making the architecture sufficiently modular can simplify adding and exchanging cryptography modules in the future.",Option 2: Retrofit systems with post-quantum cryptography solutions later,https://www.mckinsey.com/capabilities/mckinsey-digital/our-insights/when-and-how-to-prepare-for-post-quantum-cryptography,medium,mlx-community/Qwen3.6-27B-8bit,2026-08-23,active,,
McKinsey-PQC-Preparation,When and how to prepare for post-quantum cryptography,Technical Standards,Migration Guidance,lifecycle,2,software,Separate hardware and software components to maintain flexibility for emerging PQC algorithms.,"In line with traditional security measures, hardware and software should be separate so that systems can remain flexible to emerging PQC algorithms.",Option 2: Retrofit systems with post-quantum cryptography solutions later,https://www.mckinsey.com/capabilities/mckinsey-digital/our-insights/when-and-how-to-prepare-for-post-quantum-cryptography,medium,mlx-community/Qwen3.6-27B-8bit,2026-08-23,active,,
McKinsey-PQC-Preparation,When and how to prepare for post-quantum cryptography,Technical Standards,Migration Guidance,lifecycle,2,all,"Prepare operationally and financially for retrofitting systems, including physical access for hardware updates.","Second, organizations should prepare, both operationally and financially, for retrofitting. Systems will need to be accessible and updated with PQC solutions, possibly while in use or while highly distributed.",Option 2: Retrofit systems with post-quantum cryptography solutions later,https://www.mckinsey.com/capabilities/mckinsey-digital/our-insights/when-and-how-to-prepare-for-post-quantum-cryptography,medium,mlx-community/Qwen3.6-27B-8bit,2026-08-23,active,,
McKinsey-PQC-Preparation,When and how to prepare for post-quantum cryptography,Technical Standards,Migration Guidance,governance,2,all,"Build long-term relationships with suppliers, regulators, and peers to stay updated on emerging standards.","Finally, organizations should begin building long-term relationships with relevant suppliers, regulators, and peers within and outside of their industries as soon as possible. These relationships will be critical for staying up to date on emerging standards and sol",Option 2: Retrofit systems with post-quantum cryptography solutions later,https://www.mckinsey.com/capabilities/mckinsey-digital/our-insights/when-and-how-to-prepare-for-post-quantum-cryptography,medium,mlx-community/Qwen3.6-27B-8bit,2026-08-23,active,,
AppViewX-47Day-Certs,Automating 47-Day Certificate Lifecycles,Technical Standards,Migration Guidance,inventory,3,certificates,"Deploy agentless scanning across network segments, cloud platforms, and container orchestrators to discover all certificates and eliminate visibility gaps.",Deploy agentless scanning across network segments. Integrate with cloud platforms and container orchestrators. Automated discovery and up-to-date inventory are prerequisites for reaching upper maturity levels,Phase 1: Discovery and Assessment,https://www.appviewx.com/blogs/automating-47-day-certificate-lifecycles/,high,mlx-community/Qwen3.6-27B-8bit,2026-08-23,active,,
AppViewX-47Day-Certs,Automating 47-Day Certificate Lifecycles,Technical Standards,Migration Guidance,governance,3,certificates,"Form a cross-functional Machine Identity Management Working Group to define certificate policies, approved CAs, key lengths, and algorithm standards.","Form a cross-functional Machine Identity Management Working Group to: Define certificate policies, including approved CAs, key lengths, and algorithm standards",Phase 2: Transform Core Processes Through Smart Automation,https://www.appviewx.com/blogs/automating-47-day-certificate-lifecycles/,high,mlx-community/Qwen3.6-27B-8bit,2026-08-23,active,,
AppViewX-47Day-Certs,Automating 47-Day Certificate Lifecycles,Technical Standards,Migration Guidance,governance,3,certificates,Implement policy-driven management with dynamic compliance dashboards and automated compliance reporting to enforce standards and reduce audit preparation time.,Implement Policy-Driven Management. Instant policy-driven revocation with complete audit trails. Dynamic compliance dashboards replacing manual data collection. Automated compliance reporting,Phase 2: Transform Core Processes Through Smart Automation,https://www.appviewx.com/blogs/automating-47-day-certificate-lifecycles/,high,mlx-community/Qwen3.6-27B-8bit,2026-08-23,active,,
AppViewX-47Day-Certs,Automating 47-Day Certificate Lifecycles,Technical Standards,Migration Guidance,lifecycle,3,certificates,"Automate critical workflows to renew certificates before expiration without human intervention for standard requests, ensuring continuous compliance.",Automate Critical Workflows. Replace manual renewal checks with automated workflows. Certificates renew automatically before expiration without human intervention for standard requests.,Phase 2: Transform Core Processes Through Smart Automation,https://www.appviewx.com/blogs/automating-47-day-certificate-lifecycles/,high,mlx-community/Qwen3.6-27B-8bit,2026-08-23,active,,
AppViewX-47Day-Certs,Automating 47-Day Certificate Lifecycles,Technical Standards,Migration Guidance,lifecycle,4,certificates,"Integrate certificate lifecycle management with DevOps pipelines, CI/CD workflows, and ITSM platforms to enable zero-touch renewal and orchestration.",Integrate certificate lifecycle management with: DevOps pipelines and CI/CD workflows using ACME protocol automation. ITSM platforms for automated ticketing,Phase 3: Achieve Enterprise-Scale Automation and Crypto-Agility,https://www.appviewx.com/blogs/automating-47-day-certificate-lifecycles/,high,mlx-community/Qwen3.6-27B-8bit,2026-08-23,active,,
AppViewX-47Day-Certs,Automating 47-Day Certificate Lifecycles,Technical Standards,Migration Guidance,lifecycle,4,certificates,"Build crypto-agility to identify affected certificates, generate replacements, and deploy across environments in hours when post-quantum algorithms require deployment.","When post-quantum algorithms require deployment, automated systems must identify affected certificates, generate replacements, and deploy across environments in hours rather than months.",Phase 3: Achieve Enterprise-Scale Automation and Crypto-Agility,https://www.appviewx.com/blogs/automating-47-day-certificate-lifecycles/,high,mlx-community/Qwen3.6-27B-8bit,2026-08-23,active,,
AppViewX-47Day-Certs,Automating 47-Day Certificate Lifecycles,Technical Standards,Migration Guidance,observability,3,certificates,"Track key performance indicators including mean time to provision, certificate coverage, renewal success rate, and policy compliance to demonstrate automation value.",Track these key performance indicators to demonstrate automation value: Mean Time to Provision (MTTP)... Certificate coverage... Renewal success rate... Policy compliance,Measuring Success: KPIs and Metrics,https://www.appviewx.com/blogs/automating-47-day-certificate-lifecycles/,high,mlx-community/Qwen3.6-27B-8bit,2026-08-23,active,,
DigiCert-PQC-Maturity-Model,Post-Quantum Cryptography Maturity Model (white paper),Technical Standards,Migration Guidance,inventory,2,certificates,"Document encryption practices and assess risks/gaps using a management platform with reporting, discovery, and visibility capabilities.","Document your organization’s encryption (digital certificate) practices, and determine the capabilities of your certificate management platform. Assess risks and gaps.",PQC Novice Engagement,https://www.digicert.com/content/dam/digicert/pdfs/post-quantum-cryptography-maturity-model-whitepaper-en.pdf,medium,mlx-community/Qwen3.6-27B-8bit,2026-08-23,active,,
DigiCert-PQC-Maturity-Model,Post-Quantum Cryptography Maturity Model (white paper),Technical Standards,Migration Guidance,inventory,2,keys,Identify Hardware Security Modules (HSMs) and verify their capability and timeline for quantum-safe upgrades.,Identify your organization’s use of HSMs... Determine who provides your HSMs and find out whether they’ll offer a quantum security solution in alignment with your deployment timeline.,PQC Novice Engagement,https://www.digicert.com/content/dam/digicert/pdfs/post-quantum-cryptography-maturity-model-whitepaper-en.pdf,medium,mlx-community/Qwen3.6-27B-8bit,2026-08-23,active,,
DigiCert-PQC-Maturity-Model,Post-Quantum Cryptography Maturity Model (white paper),Technical Standards,Migration Guidance,inventory,3,certificates,Consolidate certificates onto a single management platform to optimize visibility and control over all organizational assets.,They have consolidated their certificates onto a single management platform to optimize visibility and control over all their organization’s assets.,PQC Practitioner,https://www.digicert.com/content/dam/digicert/pdfs/post-quantum-cryptography-maturity-model-whitepaper-en.pdf,medium,mlx-community/Qwen3.6-27B-8bit,2026-08-23,active,,
DigiCert-PQC-Maturity-Model,Post-Quantum Cryptography Maturity Model (white paper),Technical Standards,Migration Guidance,governance,4,all,Thoroughly document organizational policies and standards around the use of encryption.,The PQC Master has thoroughly documented their organization’s policies and standards around the use of encryption,PQC Master,https://www.digicert.com/content/dam/digicert/pdfs/post-quantum-cryptography-maturity-model-whitepaper-en.pdf,medium,mlx-community/Qwen3.6-27B-8bit,2026-08-23,active,,
DigiCert-PQC-Maturity-Model,Post-Quantum Cryptography Maturity Model (white paper),Technical Standards,Migration Guidance,lifecycle,4,certificates,Employ automation to maintain a current inventory of all digital certificates with full visibility and control.,has a platform in place that employs automation to keep a current inventory of all digital certificates with full visibility and control over their entire encryption infrastructure.,PQC Master,https://www.digicert.com/content/dam/digicert/pdfs/post-quantum-cryptography-maturity-model-whitepaper-en.pdf,medium,mlx-community/Qwen3.6-27B-8bit,2026-08-23,active,,
DigiCert-PQC-Maturity-Model,Post-Quantum Cryptography Maturity Model (white paper),Technical Standards,Migration Guidance,assurance,4,software,Actively test and deploy post-quantum cryptography within the network to ensure production systems are not disrupted.,"The PQC Master actively searches for new ways to test and deploy post-quantum cryptography within their network, so deployment into production doesn’t disrupt or damage critical systems",PQC Master,https://www.digicert.com/content/dam/digicert/pdfs/post-quantum-cryptography-maturity-model-whitepaper-en.pdf,medium,mlx-community/Qwen3.6-27B-8bit,2026-08-23,active,,
NIST-SP-800-57-Pt1-R5,Recommendation for Key Management: Part 1 – General (Revision 5),Technical Standards,Migration Guidance,governance,2,all,Establish clear guidance and oversight for the proper management of cryptographic keys to ensure controls are followed.,"organizations must ensure that clear guidance and oversight is provided for the proper management of keys, as well as controls to ensure that the guidance is being properly followed and implemented.",Executive Summary,https://nvlpubs.nist.gov/nistpubs/SpecialPublications/NIST.SP.800-57pt1r5.pdf,high,mlx-community/Qwen3.6-27B-8bit,2026-08-23,active,,
NIST-SP-800-57-Pt1-R5,Recommendation for Key Management: Part 1 – General (Revision 5),Technical Standards,Migration Guidance,lifecycle,2,keys,"Manage cryptographic keys throughout their lifecycle, including secure generation, storage, distribution, use, and destruction.","This Recommendation provides guidance on the management of a cryptographic key throughout its lifecycle, including its secure generation, storage, distribution, use, and destruction.",Executive Summary,https://nvlpubs.nist.gov/nistpubs/SpecialPublications/NIST.SP.800-57pt1r5.pdf,high,mlx-community/Qwen3.6-27B-8bit,2026-08-23,active,,
NIST-SP-800-57-Pt1-R5,Recommendation for Key Management: Part 1 – General (Revision 5),Technical Standards,Migration Guidance,inventory,2,keys,Implement key-inventory management processes to track cryptographic keying material.,"topics discussed include key usage, cryptoperiod length, domain-parameter validation, public-key validation, key-inventory management, accountability, audit, survivability, and guidance for cryptographic algorithm and key size selection.",Executive Summary,https://nvlpubs.nist.gov/nistpubs/SpecialPublications/NIST.SP.800-57pt1r5.pdf,medium,mlx-community/Qwen3.6-27B-8bit,2026-08-23,active,,
NIST-SP-800-57-Pt1-R5,Recommendation for Key Management: Part 1 – General (Revision 5),Technical Standards,Migration Guidance,assurance,2,libraries,Ensure cryptographic modules used for operations comply with FIPS 140 standards and associated test requirements.,These details are addressed in Federal Information Processing Standard (FIPS) 140 [FIPS 140] and its associated implementation guidance and derived test requirements,Executive Summary,https://nvlpubs.nist.gov/nistpubs/SpecialPublications/NIST.SP.800-57pt1r5.pdf,high,mlx-community/Qwen3.6-27B-8bit,2026-08-23,active,,
NIST-SP-800-57-Pt1-R5,Recommendation for Key Management: Part 1 – General (Revision 5),Technical Standards,Migration Guidance,governance,2,all,Establish a framework and guidance to support establishing cryptographic key management within the organization.,It provides a framework and general guidance to support establishing cryptographic key management within an organization and a basis for satisfying the key-management aspects of statutory and policy security planning requirements,Executive Summary,https://nvlpubs.nist.gov/nistpubs/SpecialPublications/NIST.SP.800-57pt1r5.pdf,medium,mlx-community/Qwen3.6-27B-8bit,2026-08-23,active,,
Singapore IMDA Cyber Security Guide,Post-Quantum Cryptography Readiness Guide,Technical Standards,Migration Guidance,governance,2,all,Establish a RACI matrix to define roles and responsibilities for quantum-safe migration activities.,Key updates to the ... RACI table [page 21].,Version History / Page 3,https://isomer-user-content.by.gov.sg/36/350e4bd5-fa25-4609-8e78-5e159d9da245/CSA%27s%20Quantum-Safe%20Handbook%20V1%20Dtd%2016%20Jul%2026.pdf,medium,mlx-community/Qwen3.6-27B-8bit,2026-08-23,deprecated,2026-08-24,"evidence_quote not present in the cited document (audit-maturity-evidence.py, 2026-08-24): extraction unsupported by source text"
Singapore IMDA Cyber Security Guide,Post-Quantum Cryptography Readiness Guide,Technical Standards,Migration Guidance,governance,2,all,Conduct risk assessments to prioritize migration efforts based on organizational risk appetite and data sensitivity.,Domain 1: Risk Assessment ... Organisations should consider the need to upgrade cryptography ... based on risk appetite and use case,Table of Contents / Page 7,https://isomer-user-content.by.gov.sg/36/350e4bd5-fa25-4609-8e78-5e159d9da245/CSA%27s%20Quantum-Safe%20Handbook%20V1%20Dtd%2016%20Jul%2026.pdf,medium,mlx-community/Qwen3.6-27B-8bit,2026-08-23,active,,
Singapore IMDA Cyber Security Guide,Post-Quantum Cryptography Readiness Guide,Technical Standards,Migration Guidance,inventory,1,all,"Identify and inventory cryptographic dependencies across software libraries, hardware modules, and protocols.","Cryptography is deeply embedded across software libraries, hardware modules, and protocols. Such dependencies are poorly inventoried",Page 10,https://isomer-user-content.by.gov.sg/36/350e4bd5-fa25-4609-8e78-5e159d9da245/CSA%27s%20Quantum-Safe%20Handbook%20V1%20Dtd%2016%20Jul%2026.pdf,medium,mlx-community/Qwen3.6-27B-8bit,2026-08-23,active,,
Singapore IMDA Cyber Security Guide,Post-Quantum Cryptography Readiness Guide,Technical Standards,Migration Guidance,lifecycle,2,keys,Implement rapid and regular rotation of encryption keys to mitigate Harvest-Now-Decrypt-Later threats.,"Existing cybersecurity practices make such attacks more challenging, such as the use of pre-shared keys, or rapid and regular rotation of encryption keys",Page 8,https://isomer-user-content.by.gov.sg/36/350e4bd5-fa25-4609-8e78-5e159d9da245/CSA%27s%20Quantum-Safe%20Handbook%20V1%20Dtd%2016%20Jul%2026.pdf,medium,mlx-community/Qwen3.6-27B-8bit,2026-08-23,active,,
Singapore IMDA Cyber Security Guide,Post-Quantum Cryptography Readiness Guide,Technical Standards,Migration Guidance,lifecycle,2,software,Prioritize replacement of public-key cryptography relying on integer factoring or discrete logarithms.,Public key cryptography that relies on the difficulty of this problem for security are vulnerable and should be prioritized for replacement.,Page 7,https://isomer-user-content.by.gov.sg/36/350e4bd5-fa25-4609-8e78-5e159d9da245/CSA%27s%20Quantum-Safe%20Handbook%20V1%20Dtd%2016%20Jul%2026.pdf,medium,mlx-community/Qwen3.6-27B-8bit,2026-08-23,active,,
Singapore IMDA Cyber Security Guide,Post-Quantum Cryptography Readiness Guide,Technical Standards,Migration Guidance,assurance,2,all,Utilize the Quantum Readiness Index (QRI) to self-assess readiness and identify capability gaps.,CSA's Quantum Readiness Index (QRI) complements this handbook as a self-assessment tool to help organisations evaluate their quantum-safe readiness,Page 4,https://isomer-user-content.by.gov.sg/36/350e4bd5-fa25-4609-8e78-5e159d9da245/CSA%27s%20Quantum-Safe%20Handbook%20V1%20Dtd%2016%20Jul%2026.pdf,medium,mlx-community/Qwen3.6-27B-8bit,2026-08-23,active,,
CSA-PQC-Guide-2025,A Practitioner's Guide to Post-Quantum Cryptography,Technical Standards,Migration Guidance,inventory,2,all,"Maintain an up-to-date inventory of business data assets, recording identification and value by Q-Day to assess risk from Store Now, Decrypt Later attacks.",Maintaining an up-to-date inventory of business data assets is essential. The inventory records should include the name or identification of the assets and their values by Q-Day.,Identifying Data Assets at Risk,https://cloudsecurityalliance.org/artifacts/a-practitioners-guide-to-post-quantum-cryptography,medium,mlx-community/Qwen3.6-27B-8bit,2026-08-23,active,,
CSA-PQC-Guide-2025,A Practitioner's Guide to Post-Quantum Cryptography,Technical Standards,Migration Guidance,inventory,2,keys,Track operational data such as certificates and keys in a configuration management database (CMDB) to identify sensitive assets with long-term value.,"Operational data is often tracked in a configuration management database (CMDB), which can facilitate identifying sensitive operational data, such as certificates and keys.",Identifying Data Assets at Risk,https://cloudsecurityalliance.org/artifacts/a-practitioners-guide-to-post-quantum-cryptography,medium,mlx-community/Qwen3.6-27B-8bit,2026-08-23,active,,
CSA-PQC-Guide-2025,A Practitioner's Guide to Post-Quantum Cryptography,Technical Standards,Migration Guidance,inventory,2,certificates,Identify X.509 certificates with expiration dates beyond the turn of the decade as high-priority assets for PQC migration due to long-term value.,X.509 certificates with expiration dates beyond the turn of the decade are the most common operational data with long-term value.,Identifying Data Assets at Risk,https://cloudsecurityalliance.org/artifacts/a-practitioners-guide-to-post-quantum-cryptography,medium,mlx-community/Qwen3.6-27B-8bit,2026-08-23,active,,
CSA-PQC-Guide-2025,A Practitioner's Guide to Post-Quantum Cryptography,Technical Standards,Migration Guidance,governance,2,all,"Establish a risk management program and classify data assets as a prerequisite for PQC migration planning, following CSA Cloud Controls Matrix principles.",This guide assumes the enterprise has an established risk management program as required by CSA CCM GRC-024 and has classified its data assets.,Guidance Outline,https://cloudsecurityalliance.org/artifacts/a-practitioners-guide-to-post-quantum-cryptography,medium,mlx-community/Qwen3.6-27B-8bit,2026-08-23,active,,
CSA-PQC-Guide-2025,A Practitioner's Guide to Post-Quantum Cryptography,Technical Standards,Migration Guidance,governance,2,all,"Assess risk immediately and periodically, considering business impact and likelihood of compromise, before determining mitigation strategies.","The CSA Quantum-Safe Security Governance... advises enterprises to assess their risk immediately and periodically thereafter before mitigation is determined, planned, and implemented.",Guidance Outline,https://cloudsecurityalliance.org/artifacts/a-practitioners-guide-to-post-quantum-cryptography,medium,mlx-community/Qwen3.6-27B-8bit,2026-08-23,active,,
CSA-PQC-Guide-2025,A Practitioner's Guide to Post-Quantum Cryptography,Technical Standards,Migration Guidance,lifecycle,2,software,"Plan for hybrid key exchange modes (e.g., TLS 1.3 with ML-KEM) as interim solutions while transitioning to pure PQC algorithms.",An interim solution to address their vulnerability is the so-called hybrid mode key exchange... combining X25519 with Kyber ML-KEM,Encryption in Transit Protocols,https://cloudsecurityalliance.org/artifacts/a-practitioners-guide-to-post-quantum-cryptography,medium,mlx-community/Qwen3.6-27B-8bit,2026-08-23,active,,
CSA-PQC-Guide-2025,A Practitioner's Guide to Post-Quantum Cryptography,Technical Standards,Migration Guidance,lifecycle,2,keys,Ensure Key Management Systems (KMS) and Hardware Security Modules (HSM) adopt PQC algorithms to protect encryption keys at rest.,Mitigation requires the providers’ certificates to be quantum-safe and the KMS and HSMs to use PQC algorithms.,Encryption at Rest,https://cloudsecurityalliance.org/artifacts/a-practitioners-guide-to-post-quantum-cryptography,medium,mlx-community/Qwen3.6-27B-8bit,2026-08-23,active,,
CSA-PQC-Guide-2025,A Practitioner's Guide to Post-Quantum Cryptography,Technical Standards,Migration Guidance,assurance,2,all,Monitor threat reports and technology availability periodically to adjust risk assessments and migration plans as PQC standards evolve.,"An enterprise needs to periodically assess its risk because data is continually added, deleted, and updated. In addition, an enterprise needs to monitor the availability of relevant technologies.",Conclusion,https://cloudsecurityalliance.org/artifacts/a-practitioners-guide-to-post-quantum-cryptography,medium,mlx-community/Qwen3.6-27B-8bit,2026-08-23,active,,
Circle-PQC-Roadmap-2026,Circle's Post-Quantum Security Roadmap: Securing blockchains smart contracts and digital assets for the quantum era,Technical Standards,Migration Guidance,inventory,2,all,"Conduct a comprehensive inventory of quantum vulnerabilities across the development stack, infrastructure, and third-party vendors to assess organizational risk.","This includes a comprehensive inventory of vulnerabilities spanning our development stack, infrastructure, and third-party vendors.",Section 1.0.4,https://6778953.fs1.hubspotusercontent-na1.net/hubfs/6778953/PDFs/quantum_paper.pdf,medium,mlx-community/Qwen3.6-27B-8bit,2026-08-23,active,,
Circle-PQC-Roadmap-2026,Circle's Post-Quantum Security Roadmap: Securing blockchains smart contracts and digital assets for the quantum era,Technical Standards,Migration Guidance,lifecycle,3,software,"Implement a phased migration strategy: begin with readiness, proceed to hybrid dual-mode operation for compatibility, and finally switch to fully post-quantum systems.",Circle’s approach to quantum security is structured in three phases... During the transition phase... systems operate in dual mode... The final phase completes the transition to fully post-quantum-secure systems.,Section 1.0.4,https://6778953.fs1.hubspotusercontent-na1.net/hubfs/6778953/PDFs/quantum_paper.pdf,medium,mlx-community/Qwen3.6-27B-8bit,2026-08-23,active,,
Circle-PQC-Roadmap-2026,Circle's Post-Quantum Security Roadmap: Securing blockchains smart contracts and digital assets for the quantum era,Technical Standards,Migration Guidance,lifecycle,3,keys,"Migrate wallet funds, including cold storage, securely to post-quantum addresses and upgrade backend custody infrastructure to support new key types.","Every wallet will need to migrate its funds, including the vast amounts held in cold storage which must be moved securely. Organizations will need to upgrade their backend infrastructure",Section 1.0.1,https://6778953.fs1.hubspotusercontent-na1.net/hubfs/6778953/PDFs/quantum_paper.pdf,medium,mlx-community/Qwen3.6-27B-8bit,2026-08-23,active,,
Circle-PQC-Roadmap-2026,Circle's Post-Quantum Security Roadmap: Securing blockchains smart contracts and digital assets for the quantum era,Technical Standards,Migration Guidance,lifecycle,3,software,"Deprecate support for non-quantum-secure blockchains and accounts in the final transition phase, contingent on ecosystem readiness and risk assessments.",This phase may require deprecating support for non-quantum-secure blockchains and accounts.,Section 1.0.4,https://6778953.fs1.hubspotusercontent-na1.net/hubfs/6778953/PDFs/quantum_paper.pdf,medium,mlx-community/Qwen3.6-27B-8bit,2026-08-23,active,,
Circle-PQC-Roadmap-2026,Circle's Post-Quantum Security Roadmap: Securing blockchains smart contracts and digital assets for the quantum era,Technical Standards,Migration Guidance,assurance,2,keys,"Delay post-quantum migration for HSM-protected keys until the hardware provider adds audited support, avoiding insecure key exports to non-hardened CPUs.","we recommend that the enterprise lean on its HSM provider to add post-quantum support, and only transition once this change has been audited.",Section 1.0.3,https://6778953.fs1.hubspotusercontent-na1.net/hubfs/6778953/PDFs/quantum_paper.pdf,medium,mlx-community/Qwen3.6-27B-8bit,2026-08-23,active,,
Circle-PQC-Roadmap-2026,Circle's Post-Quantum Security Roadmap: Securing blockchains smart contracts and digital assets for the quantum era,Technical Standards,Migration Guidance,governance,2,all,"Establish migration policies that distinguish between disabling unsafe cryptographic controls and extinguishing asset holder economic interests, ensuring recovery mechanisms.",Migration plans should distinguish between disabling unsafe cryptographic control and extinguishing an asset holder’s economic interest.,Section 1.0.5,https://6778953.fs1.hubspotusercontent-na1.net/hubfs/6778953/PDFs/quantum_paper.pdf,medium,mlx-community/Qwen3.6-27B-8bit,2026-08-23,active,,
Circle-PQC-Roadmap-2026,Circle's Post-Quantum Security Roadmap: Securing blockchains smart contracts and digital assets for the quantum era,Technical Standards,Migration Guidance,lifecycle,3,software,"Adopt hybrid encryption algorithms (e.g., X25519MLKEM768) for privacy protection against harvest-now-decrypt-later attacks during the transition period.",we chose to use hybrid encryption algorithms at NIST security level 3 such as TLS 1.3 with X25519MLKEM768... A hybrid algorithm combines two ciphers,Section 1.0.6,https://6778953.fs1.hubspotusercontent-na1.net/hubfs/6778953/PDFs/quantum_paper.pdf,medium,mlx-community/Qwen3.6-27B-8bit,2026-08-23,active,,
NL-PQC-Migration-Handbook-2024,The PQC Migration Handbook (2nd Edition),Technical Standards,Migration Guidance,inventory,2,all,Perform cryptographic asset discovery to create a comprehensive inventory of all cryptography in use.,all organisations are advised to begin by performing a cryptographic asset discovery to create an inventory of all the cryptography they are using.,Management Summary,https://publications.tno.nl/publication/34643386/fXcPVHsX/TNO-2024-pqc-en.pdf,medium,mlx-community/Qwen3.6-27B-8bit,2026-08-23,active,,
NL-PQC-Migration-Handbook-2024,The PQC Migration Handbook (2nd Edition),Technical Standards,Migration Guidance,governance,2,all,Review and update cryptographic policies based on evolving regulatory requirements and risk assessments.,each organisation should review and update its cryptographic policies based on evolving regulatory requirements.,Management Summary,https://publications.tno.nl/publication/34643386/fXcPVHsX/TNO-2024-pqc-en.pdf,medium,mlx-community/Qwen3.6-27B-8bit,2026-08-23,active,,
NL-PQC-Migration-Handbook-2024,The PQC Migration Handbook (2nd Edition),Technical Standards,Migration Guidance,governance,2,all,Integrate quantum risk assessment into existing risk management procedures.,organisations should already be conducting a quantum risk assessment and integrating it into their existing risk management procedures.,Management Summary,https://publications.tno.nl/publication/34643386/fXcPVHsX/TNO-2024-pqc-en.pdf,medium,mlx-community/Qwen3.6-27B-8bit,2026-08-23,active,,
NL-PQC-Migration-Handbook-2024,The PQC Migration Handbook (2nd Edition),Technical Standards,Migration Guidance,governance,2,all,Form a dedicated team to oversee the PQC migration and ensure business processes facilitate transition.,it is important to form a dedicated team to oversee the migration and to ensure that all business processes are in place to facilitate a smooth transition.,Management Summary,https://publications.tno.nl/publication/34643386/fXcPVHsX/TNO-2024-pqc-en.pdf,medium,mlx-community/Qwen3.6-27B-8bit,2026-08-23,active,,
NL-PQC-Migration-Handbook-2024,The PQC Migration Handbook (2nd Edition),Technical Standards,Migration Guidance,lifecycle,3,all,Establish cryptographic agility to quickly modify or replace deployed primitives without significant disruption.,it is important to establish or maintain a form of cryptographic agility. Cryptographic agility enables organisations to quickly modify or replace deployed cryptographic primitives without significantly disrupting organisational processes.,Management Summary,https://publications.tno.nl/publication/34643386/fXcPVHsX/TNO-2024-pqc-en.pdf,medium,mlx-community/Qwen3.6-27B-8bit,2026-08-23,active,,
Requirements-and-Gaps-for-Post-Quantum-Certificate-Rotation,Requirements and Gaps for Post-Quantum Certificate Rotation in Multi-Tenant Public Key Infrastructure Environments,Technical Standards,Migration Guidance,governance,3,certificates,Enforce algorithm policy consistency checks at issuance time to ensure certificates comply with the tenant's declared cryptographic policy before issuance.,REQ-3: The system SHOULD support a mechanism by which a certificate issuance request can be evaluated for compliance with the issuing tenant's current algorithm policy before the certificate is issued.,Section 5.2,https://datatracker.ietf.org/doc/draft-vicente-pquip-multitenant-pki-requirements/,medium,mlx-community/Qwen3.6-27B-8bit,2026-08-23,active,,
Requirements-and-Gaps-for-Post-Quantum-Certificate-Rotation,Requirements and Gaps for Post-Quantum Certificate Rotation in Multi-Tenant Public Key Infrastructure Environments,Technical Standards,Migration Guidance,governance,3,certificates,Maintain per-transaction audit records to demonstrate that each issued certificate was algorithm-compliant at the time of issuance.,REQ-4: The system SHOULD maintain per-issuance-transaction audit records sufficient to demonstrate that each issued certificate was algorithm-compliant at the time of issuance.,Section 5.2,https://datatracker.ietf.org/doc/draft-vicente-pquip-multitenant-pki-requirements/,medium,mlx-community/Qwen3.6-27B-8bit,2026-08-23,active,,
Requirements-and-Gaps-for-Post-Quantum-Certificate-Rotation,Requirements and Gaps for Post-Quantum Certificate Rotation in Multi-Tenant Public Key Infrastructure Environments,Technical Standards,Migration Guidance,governance,3,certificates,"Map tenant algorithm posture against compliance deadline frameworks (e.g., CNSA 2.0) and generate gap reports for certificates requiring migration.","REQ-7: The system MUST support mapping of each tenant's algorithm posture against applicable compliance deadline frameworks (e.g., CNSA 2.0) and provide gap reports identifying certificates and CA components that require migration before specific deadlines.",Section 5.4,https://datatracker.ietf.org/doc/draft-vicente-pquip-multitenant-pki-requirements/,high,mlx-community/Qwen3.6-27B-8bit,2026-08-23,active,,
Requirements-and-Gaps-for-Post-Quantum-Certificate-Rotation,Requirements and Gaps for Post-Quantum Certificate Rotation in Multi-Tenant Public Key Infrastructure Environments,Technical Standards,Migration Guidance,governance,3,certificates,Provide aggregate and per-tenant compliance progress metrics suitable for regulatory reporting.,REQ-8: The system SHOULD provide aggregate and per-tenant compliance progress metrics suitable for regulatory reporting.,Section 5.4,https://datatracker.ietf.org/doc/draft-vicente-pquip-multitenant-pki-requirements/,medium,mlx-community/Qwen3.6-27B-8bit,2026-08-23,active,,
Requirements-and-Gaps-for-Post-Quantum-Certificate-Rotation,Requirements and Gaps for Post-Quantum Certificate Rotation in Multi-Tenant Public Key Infrastructure Environments,Technical Standards,Migration Guidance,lifecycle,3,certificates,Implement mechanisms to order certificate rotation actions across multi-tenant environments to avoid service disruption from violating trust chain or dependency constraints.,REQ-5: The system MUST provide a mechanism for ordering certificate rotation actions across a multi-tenant environment to avoid service disruption caused by rotating certificates in an order that violates trust chain or service dependency constraints.,Section 5.3,https://datatracker.ietf.org/doc/draft-vicente-pquip-multitenant-pki-requirements/,high,mlx-community/Qwen3.6-27B-8bit,2026-08-23,active,,
Requirements-and-Gaps-for-Post-Quantum-Certificate-Rotation,Requirements and Gaps for Post-Quantum Certificate Rotation in Multi-Tenant Public Key Infrastructure Environments,Technical Standards,Migration Guidance,lifecycle,3,certificates,Support awareness of network topology context to inform the sequencing of certificate rotation operations.,REQ-6: The system SHOULD support awareness of the network topology context in which certificates are deployed to inform the sequencing of rotation operations.,Section 5.3,https://datatracker.ietf.org/doc/draft-vicente-pquip-multitenant-pki-requirements/,medium,mlx-community/Qwen3.6-27B-8bit,2026-08-23,active,,
Requirements-and-Gaps-for-Post-Quantum-Certificate-Rotation,Requirements and Gaps for Post-Quantum Certificate Rotation in Multi-Tenant Public Key Infrastructure Environments,Technical Standards,Migration Guidance,observability,3,certificates,Detect whether algorithms in active certificates are consistent with the tenant's current cryptographic policy.,"REQ-1: The system MUST be capable of detecting, for each active certificate in a tenant's issued certificate population, whether the certificate's algorithms are consistent with the tenant's current cryptographic policy.",Section 5.1,https://datatracker.ietf.org/doc/draft-vicente-pquip-multitenant-pki-requirements/,high,mlx-community/Qwen3.6-27B-8bit,2026-08-23,active,,
Requirements-and-Gaps-for-Post-Quantum-Certificate-Rotation,Requirements and Gaps for Post-Quantum Certificate Rotation in Multi-Tenant Public Key Infrastructure Environments,Technical Standards,Migration Guidance,observability,3,certificates,Provide a per-tenant view of algorithm consistency across the entire active certificate population.,REQ-2: The system MUST provide a per-tenant view of algorithm consistency across the entire active certificate population.,Section 5.1,https://datatracker.ietf.org/doc/draft-vicente-pquip-multitenant-pki-requirements/,high,mlx-community/Qwen3.6-27B-8bit,2026-08-23,active,,
EPA-Guidance-on-Improving-Cybersecurity-at-Drinking-Water-an,EPA Guidance on Improving Cybersecurity at Drinking Water and Wastewater Systems (Aug 2024),Technical Standards,Migration Guidance,governance,2,all,"Develop a risk mitigation plan with specific actions, resources, schedules, and responsibilities to reduce cyber risk.","Develop a plan with specific actions, resources, schedules, and responsibilities to reduce risk from and enhance resilience to cyberattacks",Section 1.2,https://www.epa.gov/system/files/documents/2024-08/epa-guidance-on-improving-cybersecurity-at-drinking-water-and-wastewater-systems-1.pdf,medium,mlx-community/Qwen3.6-27B-8bit,2026-08-23,active,,
EPA-Guidance-on-Improving-Cybersecurity-at-Drinking-Water-an,EPA Guidance on Improving Cybersecurity at Drinking Water and Wastewater Systems (Aug 2024),Technical Standards,Migration Guidance,governance,2,all,Incorporate cybersecurity strategies and resources into emergency response plans based on risk assessment findings.,"Preparing or revising, where necessary, an emergency response plan that incorporates the assessment's findings, which shall include strategies and resources to improve the system's resilience, including the system's physical security and cybersecurity.",Section 1.2,https://www.epa.gov/system/files/documents/2024-08/epa-guidance-on-improving-cybersecurity-at-drinking-water-and-wastewater-systems-1.pdf,high,mlx-community/Qwen3.6-27B-8bit,2026-08-23,active,,
EPA-Guidance-on-Improving-Cybersecurity-at-Drinking-Water-an,EPA Guidance on Improving Cybersecurity at Drinking Water and Wastewater Systems (Aug 2024),Technical Standards,Migration Guidance,inventory,2,all,"Assess risks to electronic, computer, or automated systems utilized by the water system as part of risk and resilience assessments.","Assessing the risks to and resilience of... electronic, computer, or other automated systems (including the security of such systems) which are utilized by the system",Section 1.2,https://www.epa.gov/system/files/documents/2024-08/epa-guidance-on-improving-cybersecurity-at-drinking-water-and-wastewater-systems-1.pdf,high,mlx-community/Qwen3.6-27B-8bit,2026-08-23,active,,
EPA-Guidance-on-Improving-Cybersecurity-at-Drinking-Water-an,EPA Guidance on Improving Cybersecurity at Drinking Water and Wastewater Systems (Aug 2024),Technical Standards,Migration Guidance,assurance,2,all,Use the EPA Cybersecurity Checklist or CISA CPGs to assess current cybersecurity practices and controls for gaps.,The EPA Cybersecurity Checklist (Appendix A) is a series of questions designed to assess the cybersecurity practices and controls at a WWS.,Section 3.1,https://www.epa.gov/system/files/documents/2024-08/epa-guidance-on-improving-cybersecurity-at-drinking-water-and-wastewater-systems-1.pdf,medium,mlx-community/Qwen3.6-27B-8bit,2026-08-23,active,,
FERC-Security-Program-for-Hydropower-Projects-Division-of-Da,FERC Security Program for Hydropower Projects (Division of Dam Safety and Inspections),Technical Standards,Migration Guidance,governance,2,all,Designate a primary point of contact and alternate contacts to receive FERC security notifications and manage communications.,Designate a primary point of contact to receive FERC security notifications. Designate alternate contact(s) to FERC for security related communications...,Section 3.2,https://www.ferc.gov/sites/default/files/2020-04/security.pdf,high,mlx-community/Qwen3.6-27B-8bit,2026-08-23,active,,
FERC-Security-Program-for-Hydropower-Projects-Division-of-Da,FERC Security Program for Hydropower Projects (Division of Dam Safety and Inspections),Technical Standards,Migration Guidance,governance,2,all,Ensure the security contact and dam safety contact remain in communication for project responsibilities and operation.,Ensure that the security contact and dam safety contact for FERC (if they are separate contacts) remain in communication for project responsibilities and operation.,Section 3.2,https://www.ferc.gov/sites/default/files/2020-04/security.pdf,high,mlx-community/Qwen3.6-27B-8bit,2026-08-23,active,,
FERC-Security-Program-for-Hydropower-Projects-Division-of-Da,FERC Security Program for Hydropower Projects (Division of Dam Safety and Inspections),Technical Standards,Migration Guidance,governance,2,all,Involve responsible security staff and dam safety/operations managers in all major security-associated activities for the project site.,"Involve the responsible security staff/manager, as well as the dam safety/operations manager, in all major security-associated activities for the project site.",Section 3.2,https://www.ferc.gov/sites/default/files/2020-04/security.pdf,high,mlx-community/Qwen3.6-27B-8bit,2026-08-23,active,,
FERC-Security-Program-for-Hydropower-Projects-Division-of-Da,FERC Security Program for Hydropower Projects (Division of Dam Safety and Inspections),Technical Standards,Migration Guidance,governance,2,all,Provide annual training and information updates to employees on security plans (physical and cyber) and threats.,"Provide annual training and information updates to appropriate company employees on security and security plans (physical and cyber), as well as threat...",Section 3.2,https://www.ferc.gov/sites/default/files/2020-04/security.pdf,high,mlx-community/Qwen3.6-27B-8bit,2026-08-23,active,,
FERC-Security-Program-for-Hydropower-Projects-Division-of-Da,FERC Security Program for Hydropower Projects (Division of Dam Safety and Inspections),Technical Standards,Migration Guidance,governance,2,all,"Coordinate procedures among various plans, such as the Emergency Action Plan and Security Plan, including Internal Emergency Response.","Ensuring the efficient coordination among the procedures contained in various plans, such as the Emergency Action Plan (EAP) and Security Plan(s)...",Section 3.2,https://www.ferc.gov/sites/default/files/2020-04/security.pdf,high,mlx-community/Qwen3.6-27B-8bit,2026-08-23,active,,
FERC-Security-Program-for-Hydropower-Projects-Division-of-Da,FERC Security Program for Hydropower Projects (Division of Dam Safety and Inspections),Technical Standards,Migration Guidance,governance,2,all,"Notify FERC Regional Office of any suspicious activity or incidents as soon as practical, usually within one working day.",notify FERC Regional Office of any suspicious activity/incidents as soon as practical (usually within one working day).,Section 3.2,https://www.ferc.gov/sites/default/files/2020-04/security.pdf,high,mlx-community/Qwen3.6-27B-8bit,2026-08-23,active,,
FERC-Security-Program-for-Hydropower-Projects-Division-of-Da,FERC Security Program for Hydropower Projects (Division of Dam Safety and Inspections),Technical Standards,Migration Guidance,governance,2,all,Have the security contact and all required security documents available for review by FERC D2SI Engineers during inspections.,Having the security contact (or their representative) and all required security documents available for review by FERC D2SI Engineers...,Section 3.2,https://www.ferc.gov/sites/default/files/2020-04/security.pdf,high,mlx-community/Qwen3.6-27B-8bit,2026-08-23,active,,
FERC-Security-Program-for-Hydropower-Projects-Division-of-Da,FERC Security Program for Hydropower Projects (Division of Dam Safety and Inspections),Technical Standards,Migration Guidance,governance,2,all,Include compliance with Computer Security and SCADA requirements in the Annual Security Compliance Certification Letter.,"Compliance with Section 9.0 Computer Security and SCADA requirements, if applicable, in the Annual Security Compliance Certification Letter.",Section 8.0 / Summary of Changes,https://www.ferc.gov/sites/default/files/2020-04/security.pdf,high,mlx-community/Qwen3.6-27B-8bit,2026-08-23,active,,
GFMA-Quantum-Migration-Mapping-the-Emerging-Landscape-Octobe,GFMA — Quantum Migration: Mapping the Emerging Landscape (October 2025),Technical Standards,Migration Guidance,governance,2,all,"Establish internal accountability mechanisms for quantum migration with cross-functional leadership and reporting, leveraging existing cybersecurity oversight.","Institutions are encouraged to establish internal accountability mechanisms for quantum migration, supported by cross-functional leadership and reporting. The WEF and FCA highlight that leveraging existing cybersecurity oversight mechanisms... supports smoother implementation","Part C: Next Steps for Financial Entities and Priorities for Cross Industry Action in 2025/6, Section 1. Governance",https://www.sifma.org/wp-content/uploads/2025/10/Quantum-Migration-October-2025-GFMA.pdf,medium,mlx-community/Qwen3.6-27B-8bit,2026-08-23,active,,
GFMA-Quantum-Migration-Mapping-the-Emerging-Landscape-Octobe,GFMA — Quantum Migration: Mapping the Emerging Landscape (October 2025),Technical Standards,Migration Guidance,governance,2,all,"Frame quantum migration in business terms to secure funding and executive sponsorship, ensuring clear understanding of risks and cost of inaction.","To ensure internal traction, secure funding and executive sponsorship, it is recommended this is also framed in business terms, leaving executives with a clear understanding of why these matters and the cost of inaction.","Part C: Next Steps for Financial Entities and Priorities for Cross Industry Action in 2025/6, Section 1. Governance",https://www.sifma.org/wp-content/uploads/2025/10/Quantum-Migration-October-2025-GFMA.pdf,medium,mlx-community/Qwen3.6-27B-8bit,2026-08-23,active,,
GFMA-Quantum-Migration-Mapping-the-Emerging-Landscape-Octobe,GFMA — Quantum Migration: Mapping the Emerging Landscape (October 2025),Technical Standards,Migration Guidance,governance,2,all,Embed quantum readiness into ongoing compliance efforts such as DORA and PCI DSS 4.0 to reduce duplication and meet supervisory expectations.,Embedding quantum readiness into these ongoing compliance efforts can reduce duplication and ensure firms stay ahead of emerging supervisory expectations.,"Part C: Next Steps for Financial Entities and Priorities for Cross Industry Action in 2025/6, Section 1. Governance",https://www.sifma.org/wp-content/uploads/2025/10/Quantum-Migration-October-2025-GFMA.pdf,medium,mlx-community/Qwen3.6-27B-8bit,2026-08-23,active,,
GFMA-Quantum-Migration-Mapping-the-Emerging-Landscape-Octobe,GFMA — Quantum Migration: Mapping the Emerging Landscape (October 2025),Technical Standards,Migration Guidance,inventory,2,all,Conduct discovery and inventorying of cryptographic assets to gain full visibility of systems and data relying on at-risk encryption protections.,"One of the more complex early steps lies in the discovery and inventorying of cryptographic assets. Without full visibility of the systems and data which rely on at-risk encryption protections, mitigation efforts may be partial and ineffective","Part B: Migrating to Quantum Readiness, Entity Level Migration Plans",https://www.sifma.org/wp-content/uploads/2025/10/Quantum-Migration-October-2025-GFMA.pdf,medium,mlx-community/Qwen3.6-27B-8bit,2026-08-23,active,,
GFMA-Quantum-Migration-Mapping-the-Emerging-Landscape-Octobe,GFMA — Quantum Migration: Mapping the Emerging Landscape (October 2025),Technical Standards,Migration Guidance,lifecycle,2,all,"Adopt a phased, risk-based approach for quantum upgrades, prioritizing critical functions by 2030/31 and all other upgrades by 2035.","Overall, a phased, risk-based approach is emerging as recommended best practice... identified 2030/31 as the cut-off for high priority, critical functions, and 2035 as the date for all other upgrades.","Part B: Migrating to Quantum Readiness, Entity Level Migration Plans",https://www.sifma.org/wp-content/uploads/2025/10/Quantum-Migration-October-2025-GFMA.pdf,medium,mlx-community/Qwen3.6-27B-8bit,2026-08-23,active,,
GFMA-Quantum-Migration-Mapping-the-Emerging-Landscape-Octobe,GFMA — Quantum Migration: Mapping the Emerging Landscape (October 2025),Technical Standards,Migration Guidance,lifecycle,2,all,Coordinate remediation across financial institution group structures and the vendor supply chain to address low awareness of quantum risk among suppliers.,"Remediation: including coordination of the different stakeholders, across financial institution group structures and the vendor supply chain. The latter represents a major concern, given how early market research suggests a very low level of awareness of quantum risk across many tech suppliers","Part B: Migrating to Quantum Readiness, Entity Level Migration Plans",https://www.sifma.org/wp-content/uploads/2025/10/Quantum-Migration-October-2025-GFMA.pdf,medium,mlx-community/Qwen3.6-27B-8bit,2026-08-23,active,,
GFMA-Quantum-Migration-Mapping-the-Emerging-Landscape-Octobe,GFMA — Quantum Migration: Mapping the Emerging Landscape (October 2025),Technical Standards,Migration Guidance,governance,2,all,"Ensure senior leadership drives internal education across the workforce regarding quantum risks and transition measures, tailored to technical expertise.","Going forward, senior leadership must additionally ensure that there is internal education across the wider workforce of both the risks and the implementation of transition measures... A layered approach, proportionate to the technical expertise of the team or function in question, is key.","Part C: Next Steps for Financial Entities and Priorities for Cross Industry Action in 2025/6, Section 2. Education & Awareness",https://www.sifma.org/wp-content/uploads/2025/10/Quantum-Migration-October-2025-GFMA.pdf,medium,mlx-community/Qwen3.6-27B-8bit,2026-08-23,active,,
PKI-Consortium-Launches-the-CBOM-Profiles-Working-Group,PKI Consortium Launches the CBOM Profiles Working Group,Technical Standards,Migration Guidance,inventory,2,all,"Adopt a neutral, open methodology for defining Cryptographic Bill of Materials (CBOM) profiles to ensure consistent inventory of cryptographic assets across systems and supply chains.","The CBOM Profiles Working Group will develop a clear, neutral methodology for defining CBOM profiles — independent of any single base standard. ... A CBOM is the foundation of that inventory — but only if everyone defines it the same way.",The Solution,https://pkic.org/2026/06/08/pki-consortium-launches-the-cbom-profiles-working-group/,medium,mlx-community/Qwen3.6-27B-8bit,2026-08-23,active,,
PKI-Consortium-Launches-the-CBOM-Profiles-Working-Group,PKI Consortium Launches the CBOM Profiles Working Group,Technical Standards,Migration Guidance,inventory,2,all,Map CBOM profiles to industry-standard BOM formats such as SPDX and CycloneDX to facilitate interoperability and standardized ingestion of cryptographic asset data.,"The methodology is deliberately designed so that a profile defined using PKIC guidance maps simply onto industry BOM standards such as SPDX and CycloneDX , rather than competing with them.",The Solution,https://pkic.org/2026/06/08/pki-consortium-launches-the-cbom-profiles-working-group/,medium,mlx-community/Qwen3.6-27B-8bit,2026-08-23,active,,
PKI-Consortium-Launches-the-CBOM-Profiles-Working-Group,PKI Consortium Launches the CBOM Profiles Working Group,Technical Standards,Migration Guidance,governance,2,all,"Establish a centralized, vendor-agnostic baseline for cryptographic metadata mapping to prevent fragmentation of digital supply chain trust and ensure consistent profile definitions.","The CBOM Profiles Working Group was established to provide an impartial, centralized venue where this critical mapping can be executed once with high precision, and made universally accessible.",The Problem,https://pkic.org/2026/06/08/pki-consortium-launches-the-cbom-profiles-working-group/,medium,mlx-community/Qwen3.6-27B-8bit,2026-08-23,active,,
Ethereum-EIP4337-AA,EIP-4337: Account Abstraction Using Alt Mempool,Technical Standards,Industry & Research,assurance,3,software,Smart Contract Accounts must validate that the caller is a trusted EntryPoint contract before processing operations.,The Smart Contract Account: MUST validate the caller is a trusted EntryPoint,Smart Contract Account Interface,https://eips.ethereum.org/EIPS/eip-4337,high,mlx-community/Qwen3.6-27B-8bit,2026-08-23,active,,
Ethereum-EIP4337-AA,EIP-4337: Account Abstraction Using Alt Mempool,Technical Standards,Industry & Research,assurance,3,software,Smart Contract Accounts must validate that the signature is a valid signature of the userOpHash.,MUST validate that the signature is a valid signature of the userOpHash,Smart Contract Account Interface,https://eips.ethereum.org/EIPS/eip-4337,high,mlx-community/Qwen3.6-27B-8bit,2026-08-23,active,,
Ethereum-EIP4337-AA,EIP-4337: Account Abstraction Using Alt Mempool,Technical Standards,Industry & Research,assurance,3,software,UserOperation signatures must depend on chainid and the EntryPoint address to prevent replay attacks.,To prevent replay attacks... the signature MUST depend on chainid and the EntryPoint address.,The UserOperation structure,https://eips.ethereum.org/EIPS/eip-4337,high,mlx-community/Qwen3.6-27B-8bit,2026-08-23,active,,
Ethereum-EIP4337-AA,EIP-4337: Account Abstraction Using Alt Mempool,Technical Standards,Industry & Research,assurance,3,software,Smart Contract Accounts must pay the EntryPoint at least the missingAccountFunds to cover gas costs.,MUST pay the EntryPoint (caller) at least the missingAccountFunds,Smart Contract Account Interface,https://eips.ethereum.org/EIPS/eip-4337,high,mlx-community/Qwen3.6-27B-8bit,2026-08-23,active,,
Ethereum-EIP4337-AA,EIP-4337: Account Abstraction Using Alt Mempool,Technical Standards,Industry & Research,assurance,3,software,"The return value from validation must be packed with aggregator/authorizer, validUntil, and validAfter timestamps.","The return value MUST be packed of aggregator / authorizer , validUntil and validAfter timestamps.",Smart Contract Account Interface,https://eips.ethereum.org/EIPS/eip-4337,high,mlx-community/Qwen3.6-27B-8bit,2026-08-23,active,,
Ethereum-EIP4337-AA,EIP-4337: Account Abstraction Using Alt Mempool,Technical Standards,Industry & Research,assurance,3,software,"If the factory address is 0x7702, the sender must be an EOA with an EIP-7702 authorization designation.","If the factory address is “0x7702”, then the sender MUST be an EOA with an EIP-7702 authorization designation.",Required EntryPoint contract functionality,https://eips.ethereum.org/EIPS/eip-4337,high,mlx-community/Qwen3.6-27B-8bit,2026-08-23,active,,
Ethereum-EIP4337-AA,EIP-4337: Account Abstraction Using Alt Mempool,Technical Standards,Industry & Research,assurance,3,software,"For classic sequential nonce enforcement, the validation function must require the nonce to be less than the max uint64 value.","In order to require the Account to have classic, sequential nonce, the validation function MUST perform: require ( userOp . nonce < type ( uint64 ). max )",Semi-abstracted Nonce Support,https://eips.ethereum.org/EIPS/eip-4337,high,mlx-community/Qwen3.6-27B-8bit,2026-08-23,active,,
BIS-Paper-158,BIS Paper 158 — Quantum-Readiness Roadmap for Financial Systems,Technical Standards,Industry & Research,inventory,2,all,Maintain comprehensive cryptographic inventories as a critical foundation for quantum-readiness.,"Specifically, we emphasise raising internal awareness, implementing robust governance structures and maintaining comprehensive cryptographic inventories.","Section 1, Introduction",https://www.bis.org/publ/bppdf/bispap158.pdf,medium,mlx-community/Qwen3.6-27B-8bit,2026-08-23,active,,
BIS-Paper-158,BIS Paper 158 — Quantum-Readiness Roadmap for Financial Systems,Technical Standards,Industry & Research,governance,2,all,Implement robust governance structures to support the transition to quantum-safe cryptographic infrastructures.,"Specifically, we emphasise raising internal awareness, implementing robust governance structures and maintaining comprehensive cryptographic inventories.","Section 1, Introduction",https://www.bis.org/publ/bppdf/bispap158.pdf,medium,mlx-community/Qwen3.6-27B-8bit,2026-08-23,active,,
5G-Americas-PQCS-2025,Post Quantum Computing Security,Technical Standards,Industry & Research,governance,2,all,Educate key executives and stakeholders on the urgency and risks of quantum computing threats to cryptographic systems.,stakeholders are encouraged to take action and start planning for the migration to PQC. This includes educating key executives and stakeholders on the urgency and risks,Executive summary,https://www.5gamericas.org/wp-content/uploads/2025/02/WP_PQCS-.pdf,medium,mlx-community/Qwen3.6-27B-8bit,2026-08-23,active,,
5G-Americas-PQCS-2025,Post Quantum Computing Security,Technical Standards,Industry & Research,inventory,2,all,Develop a cryptographic inventory of assets to support migration planning to Post-Quantum Cryptography.,stakeholders are encouraged to take action and start planning for the migration to PQC. This includes ... developing a cryptographic inventory of assets,Executive summary,https://www.5gamericas.org/wp-content/uploads/2025/02/WP_PQCS-.pdf,medium,mlx-community/Qwen3.6-27B-8bit,2026-08-23,active,,
5G-Americas-PQCS-2025,Post Quantum Computing Security,Technical Standards,Industry & Research,governance,2,all,Conduct a risk analysis and priority assessment for cryptographic assets as part of PQC migration planning.,stakeholders are encouraged to take action and start planning for the migration to PQC. This includes ... conducting a risk analysis and priority assessment,Executive summary,https://www.5gamericas.org/wp-content/uploads/2025/02/WP_PQCS-.pdf,medium,mlx-community/Qwen3.6-27B-8bit,2026-08-23,active,,
5G-Americas-PQCS-2025,Post Quantum Computing Security,Technical Standards,Industry & Research,governance,2,all,Engage with suppliers and customers to align on roadmap plans and dependencies for PQC migration.,stakeholders are encouraged to take action and start planning for the migration to PQC. This includes ... engaging with suppliers and customers on roadmap plans and dependencies,Executive summary,https://www.5gamericas.org/wp-content/uploads/2025/02/WP_PQCS-.pdf,medium,mlx-community/Qwen3.6-27B-8bit,2026-08-23,active,,
GopherSecurity-PQC-Agility-MCP-2026,Post-Quantum Cryptographic Agility in Model Context Protocol Transport,Technical Standards,Industry & Research,governance,3,all,Enforce YAML-based policies to ensure sensitive data never touches non-PQC connections.,You should use yaml-based policies to ensure that sensitive data—like healthcare records or financial logs—never touches a non-pqc connection.,Implementing Quantum-Resistant P2P Connectivity,https://www.gopher.security/blog/post-quantum-cryptographic-agility-mcp-transport,medium,mlx-community/Qwen3.6-27B-8bit,2026-08-23,active,,
GopherSecurity-PQC-Agility-MCP-2026,Post-Quantum Cryptographic Agility in Model Context Protocol Transport,Technical Standards,Industry & Research,governance,3,software,Block specific tools if the incoming connection uses legacy algorithms like RSA.,You can block specific tools—like a python code interpreter—if the incoming connection is still using old-school rsa.,Policy Enforcement at the Quantum Edge,https://www.gopher.security/blog/post-quantum-cryptographic-agility-mcp-transport,medium,mlx-community/Qwen3.6-27B-8bit,2026-08-23,active,,
GopherSecurity-PQC-Agility-MCP-2026,Post-Quantum Cryptographic Agility in Model Context Protocol Transport,Technical Standards,Industry & Research,lifecycle,3,keys,Automate credential rotation via the proxy to avoid manual management.,the proxy should handle these credentials automatically so your team doesn't have to be cryptography experts.,Future-Proofing AI Infrastructure and Compliance,https://www.gopher.security/blog/post-quantum-cryptographic-agility-mcp-transport,medium,mlx-community/Qwen3.6-27B-8bit,2026-08-23,active,,
GopherSecurity-PQC-Agility-MCP-2026,Post-Quantum Cryptographic Agility in Model Context Protocol Transport,Technical Standards,Industry & Research,observability,3,all,Monitor for handshake anomalies and alert on latency spikes indicating interception.,alert_on_latency_spike: true ... sudden lag can indicate a man-in-the-middle interception,Implementing Quantum-Resistant P2P Connectivity,https://www.gopher.security/blog/post-quantum-cryptographic-agility-mcp-transport,medium,mlx-community/Qwen3.6-27B-8bit,2026-08-23,active,,
GopherSecurity-PQC-Agility-MCP-2026,Post-Quantum Cryptographic Agility in Model Context Protocol Transport,Technical Standards,Industry & Research,assurance,3,software,Sign audit trails with lattice-based signatures to ensure long-term integrity.,"By using lattice-based signatures for every mcp tool call, you ensure that your soc 2 or gdpr logs stay legit",Future-Proofing AI Infrastructure and Compliance,https://www.gopher.security/blog/post-quantum-cryptographic-agility-mcp-transport,medium,mlx-community/Qwen3.6-27B-8bit,2026-08-23,active,,
GSMA-PQ01,GSMA PQ.01: Post-Quantum Telco Network Impact Assessment,Technical Standards,Compliance & Certification,inventory,2,all,"Plan to establish a cryptographic inventory of currently used algorithms, key-lengths, and dependent systems.",Plan to establish a cryptographic inventory: e.g. currently used cryptographic algorithms and key-lengths; identify systems or vendor products dependent on cryptography.,"Section 2, Page 6",https://www.gsma.com/newsroom/wp-content/uploads/PQ.1-Post-Quantum-Telco-Network-Impact-Assessment-Whitepaper-Version1.0.pdf,medium,mlx-community/Qwen3.6-27B-8bit,2026-08-23,active,,
GSMA-PQ01,GSMA PQ.01: Post-Quantum Telco Network Impact Assessment,Technical Standards,Compliance & Certification,governance,2,all,Develop a Post-Quantum Cryptography plan to guide the transition to Quantum-Safe technology.,Develop a PQC plan (see section 3.4).,"Section 2, Page 6",https://www.gsma.com/newsroom/wp-content/uploads/PQ.1-Post-Quantum-Telco-Network-Impact-Assessment-Whitepaper-Version1.0.pdf,medium,mlx-community/Qwen3.6-27B-8bit,2026-08-23,active,,
GSMA-PQ01,GSMA PQ.01: Post-Quantum Telco Network Impact Assessment,Technical Standards,Compliance & Certification,lifecycle,2,keys,Adapt or account for impacts to key management systems during the PQC transition.,Adapt or account for impacts to key management systems.,"Section 2, Page 6",https://www.gsma.com/newsroom/wp-content/uploads/PQ.1-Post-Quantum-Telco-Network-Impact-Assessment-Whitepaper-Version1.0.pdf,medium,mlx-community/Qwen3.6-27B-8bit,2026-08-23,active,,
GSMA-PQ01,GSMA PQ.01: Post-Quantum Telco Network Impact Assessment,Technical Standards,Compliance & Certification,governance,2,all,Plan to perform a risk assessment of cryptography used in network systems.,Plan to perform a risk assessment of cryptography used in network systems.,"Section 2, Page 6",https://www.gsma.com/newsroom/wp-content/uploads/PQ.1-Post-Quantum-Telco-Network-Impact-Assessment-Whitepaper-Version1.0.pdf,medium,mlx-community/Qwen3.6-27B-8bit,2026-08-23,active,,
GSMA-PQ01,GSMA PQ.01: Post-Quantum Telco Network Impact Assessment,Technical Standards,Compliance & Certification,lifecycle,2,all,Overhaul existing PKI architectures as existing algorithms become obsolete.,"To address “Store Now, Decrypt Later” and other quantum attacks, overhauling existing PKI architectures is required as existing algorithms become obsolete.","Section 2, Page 6",https://www.gsma.com/newsroom/wp-content/uploads/PQ.1-Post-Quantum-Telco-Network-Impact-Assessment-Whitepaper-Version1.0.pdf,medium,mlx-community/Qwen3.6-27B-8bit,2026-08-23,active,,
GSMA-PQ01,GSMA PQ.01: Post-Quantum Telco Network Impact Assessment,Technical Standards,Compliance & Certification,lifecycle,2,all,"Prepare how to handle legacy systems, services, or products that may not be updated.",Prepare how to handle the legacy. Understand how to treat systems/services/products that may not be updated.,"Section 2, Page 6",https://www.gsma.com/newsroom/wp-content/uploads/PQ.1-Post-Quantum-Telco-Network-Impact-Assessment-Whitepaper-Version1.0.pdf,medium,mlx-community/Qwen3.6-27B-8bit,2026-08-23,active,,
GSMA-PQ01,GSMA PQ.01: Post-Quantum Telco Network Impact Assessment,Technical Standards,Compliance & Certification,governance,2,all,"Engage with industry groups, government, and vendors on roadmaps to implement PQC.","Engage with industry groups, government and vendors on the roadmaps to implement PQC.","Section 2, Page 6",https://www.gsma.com/newsroom/wp-content/uploads/PQ.1-Post-Quantum-Telco-Network-Impact-Assessment-Whitepaper-Version1.0.pdf,medium,mlx-community/Qwen3.6-27B-8bit,2026-08-23,active,,
GSMA-PQ01,GSMA PQ.01: Post-Quantum Telco Network Impact Assessment,Technical Standards,Compliance & Certification,lifecycle,2,all,"Consider how to reduce the creation of technical cryptographic debt, e.g., by assessing available quantum-safe symmetric cryptography.",Consider how to reduce the creation of technical (cryptographic) debt e.g. assess available quantum-safe symmetric cryptography.,"Section 2, Page 6",https://www.gsma.com/newsroom/wp-content/uploads/PQ.1-Post-Quantum-Telco-Network-Impact-Assessment-Whitepaper-Version1.0.pdf,medium,mlx-community/Qwen3.6-27B-8bit,2026-08-23,active,,
GSMA-PQ01,GSMA PQ.01: Post-Quantum Telco Network Impact Assessment,Technical Standards,Compliance & Certification,assurance,2,all,Deploy standardised Quantum-Safe algorithms.,Deploy standardised Quantum-Safe algorithms (see section 6).,"Section 2, Page 6",https://www.gsma.com/newsroom/wp-content/uploads/PQ.1-Post-Quantum-Telco-Network-Impact-Assessment-Whitepaper-Version1.0.pdf,medium,mlx-community/Qwen3.6-27B-8bit,2026-08-23,active,,
GSMA-PQ01,GSMA PQ.01: Post-Quantum Telco Network Impact Assessment,Technical Standards,Compliance & Certification,governance,2,all,Complete risk assessments across the broad set of cryptographic applications in operations.,This means completing risk assessments across the broad set of cryptographic applications in operations including the areas below...,"Section 3.1, Page 6",https://www.gsma.com/newsroom/wp-content/uploads/PQ.1-Post-Quantum-Telco-Network-Impact-Assessment-Whitepaper-Version1.0.pdf,medium,mlx-community/Qwen3.6-27B-8bit,2026-08-23,active,,
