ref_id,source_name,category,source_type,pillar,maturity_level,asset_class,requirement,evidence_quote,evidence_location,source_url,confidence,extraction_model,extraction_date,status,deprecated_at,deprecated_reason
EO-14306,Executive Order 14306 — Sustaining Select Cybersecurity Efforts (PQC Provisions),Compliance Frameworks,Government & Policy,lifecycle,3,software,"Support TLS 1.3 or successor versions by January 2, 2030, to prepare for post-quantum cryptography transition.","shall each issue requirements for agencies to support, as soon as practicable, but not later than January 2, 2030, Transport Layer Security protocol version 1.3 or a successor version.",Section 2(f)(ii),https://www.whitehouse.gov/presidential-actions/2025/06/sustaining-select-efforts-to-strengthen-the-nations-cybersecurity-and-amending-executive-order-13694-and-executive-order-14144/,high,qwen3.6:27b-q8_0,2026-08-08,active,,
EO-14306,Executive Order 14306 — Sustaining Select Cybersecurity Efforts (PQC Provisions),Compliance Frameworks,Government & Policy,inventory,2,software,Monitor CISA-released list of product categories where post-quantum cryptography products are widely available.,shall release and thereafter regularly update a list of product categories in which products that support post-quantum cryptography (PQC) are widely available.,Section 2(f)(i),https://www.whitehouse.gov/presidential-actions/2025/06/sustaining-select-efforts-to-strengthen-the-nations-cybersecurity-and-amending-executive-order-13694-and-executive-order-14144/,high,qwen3.6:27b-q8_0,2026-08-08,active,,
EO-14306,Executive Order 14306 — Sustaining Select Cybersecurity Efforts (PQC Provisions),Compliance Frameworks,Government & Policy,governance,4,all,Participate in or align with pilot programs establishing rules-as-code approaches for machine-readable cybersecurity policy.,"shall establish a pilot program of a rules-as-code approach for machine-readable versions of policy and guidance that OMB, NIST, and CISA publish and manage regarding cybersecurity.",Section 2(f)(b),https://www.whitehouse.gov/presidential-actions/2025/06/sustaining-select-efforts-to-strengthen-the-nations-cybersecurity-and-amending-executive-order-13694-and-executive-order-14144/,high,qwen3.6:27b-q8_0,2026-08-08,active,,
EU-NIS-CG-Roadmap-v1.1,EU NIS Cooperation Group — Coordinated Implementation Roadmap for PQC Transition v1.1,Compliance Frameworks,International Frameworks,governance,2,all,Establish mature cryptographic asset management to facilitate the transition to PQC and improve cryptographic agility.,It is recommended to ensure that the quantum threat becomes a part of risk management of all relevant entities and to establish mature cryptographic asset management to facilitate the transition to PQC and to improve cryptographic agility in general.,Executive Summary,https://ec.europa.eu/newsroom/dae/redirection/document/117507,medium,qwen3.6:27b-q8_0,2026-08-08,active,,
EU-NIS-CG-Roadmap-v1.1,EU NIS Cooperation Group — Coordinated Implementation Roadmap for PQC Transition v1.1,Compliance Frameworks,International Frameworks,governance,2,all,Initiate a national PQC transition strategy by the end of 2026 and coordinate efforts at the EU level.,"In particular, it is recommended that all Member States initiate a national PQC transition strategy following First Steps by the end of 2026 and coordinate their efforts at the EU level.",Executive Summary,https://ec.europa.eu/newsroom/dae/redirection/document/117507,medium,qwen3.6:27b-q8_0,2026-08-08,active,,
EU-NIS-CG-Roadmap-v1.1,EU NIS Cooperation Group — Coordinated Implementation Roadmap for PQC Transition v1.1,Compliance Frameworks,International Frameworks,governance,2,all,Include the quantum threat as part of the risk management processes for all relevant entities.,It is recommended to ensure that the quantum threat becomes a part of risk management of all relevant entities...,Executive Summary,https://ec.europa.eu/newsroom/dae/redirection/document/117507,medium,qwen3.6:27b-q8_0,2026-08-08,active,,
EU-NIS-CG-Roadmap-v1.1,EU NIS Cooperation Group — Coordinated Implementation Roadmap for PQC Transition v1.1,Compliance Frameworks,International Frameworks,inventory,2,all,Maintain a structured overview of cryptographic assets to support the PQC transition.,cryptographic inventory: A structured overview of cryptographic assets.,Section 3.2 Definitions,https://ec.europa.eu/newsroom/dae/redirection/document/117507,medium,qwen3.6:27b-q8_0,2026-08-08,active,,
EU-NIS-CG-Roadmap-v1.1,EU NIS Cooperation Group — Coordinated Implementation Roadmap for PQC Transition v1.1,Compliance Frameworks,International Frameworks,lifecycle,2,all,"Transition high-risk use cases to PQC as soon as possible, no later than the end of 2030.","At the same time, high-risk use cases should be transitioned to PQC as soon as possible, no later than the end of 2030.",Executive Summary,https://ec.europa.eu/newsroom/dae/redirection/document/117507,medium,qwen3.6:27b-q8_0,2026-08-08,active,,
EU-NIS-CG-Roadmap-v1.1,EU NIS Cooperation Group — Coordinated Implementation Roadmap for PQC Transition v1.1,Compliance Frameworks,International Frameworks,lifecycle,2,all,Complete the PQC transition for as many systems as practically feasible by 2035.,"By 2035, the transition should be completed for as many systems as practically feasible.",Executive Summary,https://ec.europa.eu/newsroom/dae/redirection/document/117507,medium,qwen3.6:27b-q8_0,2026-08-08,active,,
EU-NIS-CG-Roadmap-v1.1,EU NIS Cooperation Group — Coordinated Implementation Roadmap for PQC Transition v1.1,Compliance Frameworks,International Frameworks,lifecycle,2,all,Use standardized and tested hybrid solutions whenever feasible and suitable during migration.,"When migrating to post-quantum cryptographic solutions, it is recommended to use standardised and tested hybrid solutions, whenever feasible and suitable.",Executive Summary,https://ec.europa.eu/newsroom/dae/redirection/document/117507,medium,qwen3.6:27b-q8_0,2026-08-08,active,,
APRA-CPS-234,APRA Prudential Standard CPS 234 Information Security,Compliance Frameworks,Government & Policy,governance,2,all,"Clearly define information security roles and responsibilities for the Board, senior management, and individuals with decision-making authority.","An APRA-regulated entity must clearly define the information security-related roles and responsibilities of the Board, senior management, governing bodies and individuals with responsibility for decision-making, approval, oversight, operations and other information security functions.",Paragraph 14,https://www.apra.gov.au/standards/cps-234,high,qwen3.6:27b-q8_0,2026-08-08,active,,
APRA-CPS-234,APRA Prudential Standard CPS 234 Information Security,Compliance Frameworks,Government & Policy,governance,2,all,Maintain an information security policy framework that provides direction on responsibilities for all parties obligated to maintain security.,An APRA-regulated entity must maintain an information security policy framework commensurate with its exposures to vulnerabilities and threats. ... must provide direction on the responsibilities of all parties who have an obligation to maintain information security.,Paragraphs 18-19,https://www.apra.gov.au/standards/cps-234,high,qwen3.6:27b-q8_0,2026-08-08,active,,
APRA-CPS-234,APRA Prudential Standard CPS 234 Information Security,Compliance Frameworks,Government & Policy,governance,2,all,Ensure the Board is ultimately responsible for maintaining information security commensurate with threats to information assets.,The Board of an APRA-regulated entity is ultimately responsible for the information security of the entity. The Board must ensure that the entity maintains information security in a manner commensurate with the size and extent of threats to its information assets...,Paragraph 13,https://www.apra.gov.au/standards/cps-234,high,qwen3.6:27b-q8_0,2026-08-08,active,,
APRA-CPS-234,APRA Prudential Standard CPS 234 Information Security,Compliance Frameworks,Government & Policy,inventory,2,all,"Classify information assets, including those managed by third parties, by criticality and sensitivity based on potential impact.","An APRA-regulated entity must classify its information assets, including those managed by related parties and third parties, by criticality and sensitivity. This classification must reflect the degree to which an information security incident affecting an information asset has the potential to affect... the entity or the interests of depositors...",Paragraph 20,https://www.apra.gov.au/standards/cps-234,high,qwen3.6:27b-q8_0,2026-08-08,active,,
APRA-CPS-234,APRA Prudential Standard CPS 234 Information Security,Compliance Frameworks,Government & Policy,lifecycle,2,all,"Implement information security controls commensurate with the stage of the information asset's lifecycle, from planning to decommissioning.",An APRA-regulated entity must have information security controls to protect its information assets... that are implemented in a timely manner and that are commensurate with... the stage at which the information assets are within their life-cycle...,Paragraph 21,https://www.apra.gov.au/standards/cps-234,high,qwen3.6:27b-q8_0,2026-08-08,active,,
APRA-CPS-234,APRA Prudential Standard CPS 234 Information Security,Compliance Frameworks,Government & Policy,assurance,2,all,Evaluate the design of information security controls for assets managed by related parties or third parties.,"Where an APRA-regulated entity’s information assets are managed by a related party or third party, the APRA-regulated entity must evaluate the design of that party’s information security controls that protects the information assets of the APRA-regulated entity.",Paragraph 22,https://www.apra.gov.au/standards/cps-234,high,qwen3.6:27b-q8_0,2026-08-08,active,,
APRA-CPS-234,APRA Prudential Standard CPS 234 Information Security,Compliance Frameworks,Government & Policy,assurance,2,all,Undertake systematic testing and assurance regarding the effectiveness of information security controls.,"implement controls to protect its information assets commensurate with the criticality and sensitivity of those information assets, and undertake systematic testing and assurance regarding the effectiveness of those controls",Objectives and key requirements section,https://www.apra.gov.au/standards/cps-234,high,qwen3.6:27b-q8_0,2026-08-08,active,,
CISA-Quantum-Readiness-Roadmap,CISA/NSA/NIST Quantum-Readiness — Migration to Post-Quantum Cryptography,Compliance Frameworks,Government & Policy,governance,2,all,Establish a project management team to plan and scope the organization's migration to post-quantum cryptography.,authoring agencies encourage organizations to create a quantum-readiness roadmap by first establishing a project management team to plan and scope the organization’s migration to PQC.,ESTABLISH A QUANTUM-READINESS ROADMAP,https://www.cisa.gov/sites/default/files/2023-08/Quantum%20Readiness_Final_CLEAR_508c%20(3).pdf,medium,qwen3.6:27b-q8_0,2026-08-08,active,,
CISA-Quantum-Readiness-Roadmap,CISA/NSA/NIST Quantum-Readiness — Migration to Post-Quantum Cryptography,Compliance Frameworks,Government & Policy,governance,2,all,Include cybersecurity and privacy risk managers in the project team to prioritize assets based on CRQC impact.,The team should also include the organization’s cybersecurity and privacy risk managers who can prioritize the assets that would be most impacted by a CRQC,Commercial Routing Assistance,https://www.cisa.gov/sites/default/files/2023-08/Quantum%20Readiness_Final_CLEAR_508c%20(3).pdf,medium,qwen3.6:27b-q8_0,2026-08-08,active,,
CISA-Quantum-Readiness-Roadmap,CISA/NSA/NIST Quantum-Readiness — Migration to Post-Quantum Cryptography,Compliance Frameworks,Government & Policy,governance,2,all,Engage with technology vendors to understand their quantum-readiness roadmaps and migration timelines.,"CISA and the authoring agencies encourage organizations to start engaging with their technology vendors to learn about vendors’ quantum-readiness roadmaps, including migration.",DISCUSS POST-QUANTUM ROADMAPS WITH TECHNOLOGY VENDORS,https://www.cisa.gov/sites/default/files/2023-08/Quantum%20Readiness_Final_CLEAR_508c%20(3).pdf,medium,qwen3.6:27b-q8_0,2026-08-08,active,,
CISA-Quantum-Readiness-Roadmap,CISA/NSA/NIST Quantum-Readiness — Migration to Post-Quantum Cryptography,Compliance Frameworks,Government & Policy,governance,2,all,Plan for necessary changes to existing and future contracts to ensure PQC delivery and upgrades.,The authoring agencies also urge organizations to proactively plan for necessary changes to existing and future contracts. Considerations should be in place ensuring that new products will be delivered with PQC built-in,DISCUSS POST-QUANTUM ROADMAPS WITH TECHNOLOGY VENDORS,https://www.cisa.gov/sites/default/files/2023-08/Quantum%20Readiness_Final_CLEAR_508c%20(3).pdf,medium,qwen3.6:27b-q8_0,2026-08-08,active,,
CISA-Quantum-Readiness-Roadmap,CISA/NSA/NIST Quantum-Readiness — Migration to Post-Quantum Cryptography,Compliance Frameworks,Government & Policy,inventory,2,all,Conduct proactive cryptographic discovery to identify reliance on quantum-vulnerable cryptography in IT and OT systems.,Quantum-readiness project teams should initiate proactive cryptographic discovery activities that identify the organization’s current reliance on quantum-vulnerable cryptography.,ESTABLISH A QUANTUM-READINESS ROADMAP,https://www.cisa.gov/sites/default/files/2023-08/Quantum%20Readiness_Final_CLEAR_508c%20(3).pdf,medium,qwen3.6:27b-q8_0,2026-08-08,active,,
CISA-Quantum-Readiness-Roadmap,CISA/NSA/NIST Quantum-Readiness — Migration to Post-Quantum Cryptography,Compliance Frameworks,Government & Policy,inventory,2,all,Create a cryptographic inventory offering visibility into cryptography usage in IT and OT systems.,Organizations should create a cryptographic inventory that offers visibility into how the organization leverages cryptography in its IT and OT systems.,PREPARE A CRYPTOGRAPHIC INVENTORY,https://www.cisa.gov/sites/default/files/2023-08/Quantum%20Readiness_Final_CLEAR_508c%20(3).pdf,medium,qwen3.6:27b-q8_0,2026-08-08,active,,
CISA-Quantum-Readiness-Roadmap,CISA/NSA/NIST Quantum-Readiness — Migration to Post-Quantum Cryptography,Compliance Frameworks,Government & Policy,inventory,2,libraries,"Use discovery tools to identify quantum-vulnerable algorithms in applications, libraries, and firmware.","Cryptographic discovery tools should be used to identify quantumvulnerable algorithms in: ... Assets on end user systems and servers, including applications and associated libraries",PREPARE A CRYPTOGRAPHIC INVENTORY,https://www.cisa.gov/sites/default/files/2023-08/Quantum%20Readiness_Final_CLEAR_508c%20(3).pdf,medium,qwen3.6:27b-q8_0,2026-08-08,active,,
CISA-Quantum-Readiness-Roadmap,CISA/NSA/NIST Quantum-Readiness — Migration to Post-Quantum Cryptography,Compliance Frameworks,Government & Policy,inventory,2,software,Identify quantum-vulnerable cryptography in network protocols and CI/CD pipelines.,Cryptographic discovery tools should be used to identify quantumvulnerable algorithms in: o Network protocols ... o Cryptographic code or dependencies in the continuous integration/continuous delivery development pipeline.,PREPARE A CRYPTOGRAPHIC INVENTORY,https://www.cisa.gov/sites/default/files/2023-08/Quantum%20Readiness_Final_CLEAR_508c%20(3).pdf,medium,qwen3.6:27b-q8_0,2026-08-08,active,,
CISA-Quantum-Readiness-Roadmap,CISA/NSA/NIST Quantum-Readiness — Migration to Post-Quantum Cryptography,Compliance Frameworks,Government & Policy,inventory,2,all,"Correlate cryptographic inventory with existing asset, identity, and access management inventories.","Organizations should: o Correlate cryptographic inventory with inventories available from existing programs, such as Asset Inventory, Identity, Credential, and Access Management",PREPARE A CRYPTOGRAPHIC INVENTORY,https://www.cisa.gov/sites/default/files/2023-08/Quantum%20Readiness_Final_CLEAR_508c%20(3).pdf,medium,qwen3.6:27b-q8_0,2026-08-08,active,,
CISA-Quantum-Readiness-Roadmap,CISA/NSA/NIST Quantum-Readiness — Migration to Post-Quantum Cryptography,Compliance Frameworks,Government & Policy,inventory,2,all,Include estimates on the length of protection required for sensitive datasets in the inventory.,Organizations should include in their inventory when and where quantum-vulnerable cryptography is being leveraged to protect the most sensitive and critical datasets and include estimates on length of protection for these datasets.,PREPARE A CRYPTOGRAPHIC INVENTORY,https://www.cisa.gov/sites/default/files/2023-08/Quantum%20Readiness_Final_CLEAR_508c%20(3).pdf,medium,qwen3.6:27b-q8_0,2026-08-08,active,,
CISA-Quantum-Readiness-Roadmap,CISA/NSA/NIST Quantum-Readiness — Migration to Post-Quantum Cryptography,Compliance Frameworks,Government & Policy,lifecycle,2,all,Feed the quantum-vulnerable inventory into risk assessment processes to prioritize PQC migration.,"Organizations should feed the quantum-vulnerable inventory into their risk assessment process, allowing risk officials to prioritize where to ensure use of PQC as soon as it is available.",PREPARE A CRYPTOGRAPHIC INVENTORY,https://www.cisa.gov/sites/default/files/2023-08/Quantum%20Readiness_Final_CLEAR_508c%20(3).pdf,medium,qwen3.6:27b-q8_0,2026-08-08,active,,
CISA-Quantum-Readiness-Roadmap,CISA/NSA/NIST Quantum-Readiness — Migration to Post-Quantum Cryptography,Compliance Frameworks,Government & Policy,lifecycle,2,all,"Prioritize migration for high-impact systems, ICS, and systems with long-term confidentiality needs.","Prioritization should be given to high impact systems, industrial control systems (ICSs), and systems with longterm confidentiality/secrecy needs.",SUPPLY CHAIN QUANTUM-READINESS,https://www.cisa.gov/sites/default/files/2023-08/Quantum%20Readiness_Final_CLEAR_508c%20(3).pdf,medium,qwen3.6:27b-q8_0,2026-08-08,active,,
CISA-Quantum-Readiness-Roadmap,CISA/NSA/NIST Quantum-Readiness — Migration to Post-Quantum Cryptography,Compliance Frameworks,Government & Policy,lifecycle,2,software,Include vendor PQC update timelines and costs in the organization's quantum-readiness roadmap.,"An organization’s quantum-readiness roadmap should include details of when and how each COTS vendor plans to deliver updates or upgrades to enable the use of PQC, as well as the expected cost associated with migration to PQC.",SUPPLY CHAIN QUANTUM-READINESS,https://www.cisa.gov/sites/default/files/2023-08/Quantum%20Readiness_Final_CLEAR_508c%20(3).pdf,medium,qwen3.6:27b-q8_0,2026-08-08,active,,
EO-2026-06-22-Securing-the-Nation,"Executive Order (June 22, 2026): Securing the Nation Against Advanced Cryptographic Attacks",Compliance Frameworks,Government & Policy,governance,2,all,Designate a PQC migration lead reporting to the CIO to oversee cryptographic inventory management and develop a prioritized migration plan.,"each agency head shall identify its PQC migration lead... responsible for overseeing agency-wide cryptographic inventory management, developing a prioritized PQC migration plan",Sec. 2(h) and Sec. 4(a),https://www.whitehouse.gov/presidential-actions/2026/06/securing-the-nation-against-advanced-cryptographic-attacks/,high,qwen3.6:27b-q8_0,2026-08-08,active,,
EO-2026-06-22-Securing-the-Nation,"Executive Order (June 22, 2026): Securing the Nation Against Advanced Cryptographic Attacks",Compliance Frameworks,Government & Policy,governance,2,all,Submit a plan to OMB and the National Cyber Director detailing the strategy to transition High Value Assets and high impact systems to PQC.,develop and submit to the Director of OMB and the National Cyber Director a plan to accomplish this directive,Sec. 4(b)(iv),https://www.whitehouse.gov/presidential-actions/2026/06/securing-the-nation-against-advanced-cryptographic-attacks/,high,qwen3.6:27b-q8_0,2026-08-08,active,,
EO-2026-06-22-Securing-the-Nation,"Executive Order (June 22, 2026): Securing the Nation Against Advanced Cryptographic Attacks",Compliance Frameworks,Government & Policy,inventory,2,all,Review the inventory of High Value Assets and high impact systems to identify cryptographic assets requiring transition to PQC.,"review their inventory of HVAs and high impact systems, excluding National Security Systems",Sec. 4(b)(i),https://www.whitehouse.gov/presidential-actions/2026/06/securing-the-nation-against-advanced-cryptographic-attacks/,high,qwen3.6:27b-q8_0,2026-08-08,active,,
EO-2026-06-22-Securing-the-Nation,"Executive Order (June 22, 2026): Securing the Nation Against Advanced Cryptographic Attacks",Compliance Frameworks,Government & Policy,lifecycle,3,keys,"Transition all High Value Assets and high impact systems to use PQC for key establishment by December 31, 2030.","transition all HVAs and high impact systems to use PQC for key establishment by December 31, 2030",Sec. 4(b)(ii),https://www.whitehouse.gov/presidential-actions/2026/06/securing-the-nation-against-advanced-cryptographic-attacks/,high,qwen3.6:27b-q8_0,2026-08-08,active,,
EO-2026-06-22-Securing-the-Nation,"Executive Order (June 22, 2026): Securing the Nation Against Advanced Cryptographic Attacks",Compliance Frameworks,Government & Policy,lifecycle,3,certificates,"Transition all High Value Assets and high impact systems to use PQC for digital signatures by December 31, 2031.","transition all HVAs and high impact systems to use PQC for digital signatures by December 31, 2031",Sec. 4(b)(iii),https://www.whitehouse.gov/presidential-actions/2026/06/securing-the-nation-against-advanced-cryptographic-attacks/,high,qwen3.6:27b-q8_0,2026-08-08,active,,
EO-2026-06-22-Securing-the-Nation,"Executive Order (June 22, 2026): Securing the Nation Against Advanced Cryptographic Attacks",Compliance Frameworks,Government & Policy,assurance,3,libraries,"Ensure covered contractors comply with NIST FIPS, including PQC-compliant algorithms, by December 31, 2030, via FAR amendments.","require covered contractors to comply by December 31, 2030, with NIST’s FIPS, including all applicable FIPS incorporating PQC compliant algorithms",Sec. 6(c),https://www.whitehouse.gov/presidential-actions/2026/06/securing-the-nation-against-advanced-cryptographic-attacks/,high,qwen3.6:27b-q8_0,2026-08-08,active,,
EO-2026-06-22-Securing-the-Nation,"Executive Order (June 22, 2026): Securing the Nation Against Advanced Cryptographic Attacks",Compliance Frameworks,Government & Policy,observability,2,all,"Implement vulnerability disclosure policies that incorporate reports of cryptographic vulnerabilities, including use of non-FIPS approved algorithms.","ensure that covered contractors implement vulnerability disclosure policies (VDPs)... and that VDPs incorporate reports of cryptographic vulnerabilities, including testing for lack of encryption and the use of non-FIPS approved algorithms",Sec. 6(d),https://www.whitehouse.gov/presidential-actions/2026/06/securing-the-nation-against-advanced-cryptographic-attacks/,high,qwen3.6:27b-q8_0,2026-08-08,active,,
OMB-M-26-15,OMB Memorandum M-26-15 — Execution of the Migration to Post-Quantum Cryptography,Compliance Frameworks,Government & Policy,governance,2,all,Establish or update internal governance structure to oversee PQC migration with clearly defined roles and responsibilities for leadership teams.,Agencies must establish or update an internal governance structure to oversee PQC migration... Roles and responsibilities must be clearly defined.,Section 3.C.1,https://www.whitehouse.gov/wp-content/uploads/2026/06/M-26-15-Execution-of-the-Migration-to-Post-Quantum-Cryptography.pdf,high,qwen3.6:27b-q8_0,2026-08-08,active,,
OMB-M-26-15,OMB Memorandum M-26-15 — Execution of the Migration to Post-Quantum Cryptography,Compliance Frameworks,Government & Policy,governance,2,all,"Integrate PQC readiness and implementation functions into existing governance structures, aligning with cybersecurity governance principles.",Agencies must integrate PQC readiness and implementation functions into their existing governance structures.,Section 3.A,https://www.whitehouse.gov/wp-content/uploads/2026/06/M-26-15-Execution-of-the-Migration-to-Post-Quantum-Cryptography.pdf,high,qwen3.6:27b-q8_0,2026-08-08,active,,
OMB-M-26-15,OMB Memorandum M-26-15 — Execution of the Migration to Post-Quantum Cryptography,Compliance Frameworks,Government & Policy,governance,2,all,Designate accountable officials and establish governance frameworks during the initial strategy and planning phase of the migration.,"During this phase, agencies should also establish governance frameworks, designate accountable officials...","Section 3.D, Phase 1",https://www.whitehouse.gov/wp-content/uploads/2026/06/M-26-15-Execution-of-the-Migration-to-Post-Quantum-Cryptography.pdf,medium,qwen3.6:27b-q8_0,2026-08-08,active,,
OMB-M-26-15,OMB Memorandum M-26-15 — Execution of the Migration to Post-Quantum Cryptography,Compliance Frameworks,Government & Policy,inventory,2,all,"Conduct inventory of cryptographic systems, including High Value Assets and high impact systems, to support risk-based prioritization.",The initial period should focus on inventory (including HVAs and high impact systems)... Agencies must prioritize PQC migration based on risk.,"Section 3.D, Phase 1; Section 3.C.2",https://www.whitehouse.gov/wp-content/uploads/2026/06/M-26-15-Execution-of-the-Migration-to-Post-Quantum-Cryptography.pdf,high,qwen3.6:27b-q8_0,2026-08-08,active,,
OMB-M-26-15,OMB Memorandum M-26-15 — Execution of the Migration to Post-Quantum Cryptography,Compliance Frameworks,Government & Policy,inventory,3,all,Use automation to achieve a comprehensive and continuously updated understanding of the cryptographic posture.,Agencies should use automation when feasible and appropriate to achieve a comprehensive and continuously updated understanding of their cryptographic posture.,Section 3.C.5,https://www.whitehouse.gov/wp-content/uploads/2026/06/M-26-15-Execution-of-the-Migration-to-Post-Quantum-Cryptography.pdf,medium,qwen3.6:27b-q8_0,2026-08-08,active,,
OMB-M-26-15,OMB Memorandum M-26-15 — Execution of the Migration to Post-Quantum Cryptography,Compliance Frameworks,Government & Policy,lifecycle,3,all,"Execute prioritized migration of cryptographic systems to mitigate quantum risk by December 31, 2030.","Agencies must execute a prioritized migration of cryptographic systems... with the objective of mitigating as much quantum risk as feasible by December 31, 2030.",Section 3.A,https://www.whitehouse.gov/wp-content/uploads/2026/06/M-26-15-Execution-of-the-Migration-to-Post-Quantum-Cryptography.pdf,high,qwen3.6:27b-q8_0,2026-08-08,active,,
OMB-M-26-15,OMB Memorandum M-26-15 — Execution of the Migration to Post-Quantum Cryptography,Compliance Frameworks,Government & Policy,lifecycle,3,all,"Incorporate PQC upgrades into planned cloud migrations, software development lifecycles, and hardware-refresh schedules.","Agencies must incorporate PQC upgrades into planned cloud migrations, software development lifecycles, and hardware-refresh schedules...",Section 3.C.3,https://www.whitehouse.gov/wp-content/uploads/2026/06/M-26-15-Execution-of-the-Migration-to-Post-Quantum-Cryptography.pdf,high,qwen3.6:27b-q8_0,2026-08-08,active,,
OMB-M-26-15,OMB Memorandum M-26-15 — Execution of the Migration to Post-Quantum Cryptography,Compliance Frameworks,Government & Policy,lifecycle,3,all,Identify systems incapable of supporting PQC or hybrid cryptography and prioritize them for replacement or decommissioning.,Systems incapable of supporting PQC or hybrid cryptography must be identified and given priority for replacement or decommissioning.,Section 3.C.3,https://www.whitehouse.gov/wp-content/uploads/2026/06/M-26-15-Execution-of-the-Migration-to-Post-Quantum-Cryptography.pdf,high,qwen3.6:27b-q8_0,2026-08-08,active,,
OMB-M-26-15,OMB Memorandum M-26-15 — Execution of the Migration to Post-Quantum Cryptography,Compliance Frameworks,Government & Policy,lifecycle,3,all,Ensure all systems are cryptographically agile during the prioritized migration and signature migration phases.,Ensure all systems are cryptographically agile.,"Section 3.D, Phase 3 & 4",https://www.whitehouse.gov/wp-content/uploads/2026/06/M-26-15-Execution-of-the-Migration-to-Post-Quantum-Cryptography.pdf,high,qwen3.6:27b-q8_0,2026-08-08,active,,
OMB-M-26-15,OMB Memorandum M-26-15 — Execution of the Migration to Post-Quantum Cryptography,Compliance Frameworks,Government & Policy,observability,3,all,Use automation for compliance reporting to monitor cryptographic posture and policy enforcement.,"Automation is critical for inventory management, policy enforcement, and compliance reporting.",Section 3.C.5,https://www.whitehouse.gov/wp-content/uploads/2026/06/M-26-15-Execution-of-the-Migration-to-Post-Quantum-Cryptography.pdf,medium,qwen3.6:27b-q8_0,2026-08-08,active,,
OMB-M-26-15,OMB Memorandum M-26-15 — Execution of the Migration to Post-Quantum Cryptography,Compliance Frameworks,Government & Policy,assurance,2,all,"Submit a PQC Migration Plan to OMB and ONCD within 120 days, aligning with NIST IR 8547.","Agencies must develop and submit a PQC Migration Plan to OMB and the Office of the National Cyber Director (ONCD), no later than 120 days... Agencies must align their plans with NIST Internal Report (IR) 8547...",Section 3.B; Section 3.D,https://www.whitehouse.gov/wp-content/uploads/2026/06/M-26-15-Execution-of-the-Migration-to-Post-Quantum-Cryptography.pdf,high,qwen3.6:27b-q8_0,2026-08-08,active,,
BIS-Paper-158,BIS Paper 158 — Quantum-Readiness Roadmap for Financial Systems,Technical Standards,Industry & Research,inventory,2,all,Maintain comprehensive cryptographic inventories as a critical foundation for quantum-readiness.,"Specifically, we emphasise raising internal awareness, implementing robust governance structures and maintaining comprehensive cryptographic inventories.",Section 1. Introduction,https://www.bis.org/publ/bppdf/bispap158.pdf,medium,qwen3.6:27b-q8_0,2026-08-08,active,,
BIS-Paper-158,BIS Paper 158 — Quantum-Readiness Roadmap for Financial Systems,Technical Standards,Industry & Research,governance,2,all,Implement robust governance structures to support the transition to quantum-safe cryptographic infrastructures.,"Specifically, we emphasise raising internal awareness, implementing robust governance structures and maintaining comprehensive cryptographic inventories.",Section 1. Introduction,https://www.bis.org/publ/bppdf/bispap158.pdf,medium,qwen3.6:27b-q8_0,2026-08-08,active,,
draft-ietf-tls-ecdhe-mlkem-04,Post-quantum hybrid ECDHE-MLKEM Key Agreement for TLSv1.3,Technical Standards,Protocols,assurance,3,libraries,Ensure ML-KEM implementation is FIPS-certified when deploying X25519MLKEM768 to meet regulatory compliance requirements.,"In contrast, for X25519MLKEM768, the ML-KEM implementation must be certified.",Section 5,https://www.ietf.org/archive/id/draft-ietf-tls-ecdhe-mlkem-05.txt,high,qwen3.6:27b-q8_0,2026-08-08,active,,
draft-ietf-tls-ecdhe-mlkem-04,Post-quantum hybrid ECDHE-MLKEM Key Agreement for TLSv1.3,Technical Standards,Protocols,assurance,3,libraries,Ensure ECDH implementation is FIPS-certified when deploying SecP256r1MLKEM768 or SecP384r1MLKEM1024 to meet regulatory compliance requirements.,"For SecP256r1MLKEM768 and SecP384r1MLKEM1024, the ECDH implementation must be certified whereas the ML-KEM implementation does not require certification.",Section 5,https://www.ietf.org/archive/id/draft-ietf-tls-ecdhe-mlkem-05.txt,high,qwen3.6:27b-q8_0,2026-08-08,active,,
draft-ietf-tls-ecdhe-mlkem-05,Post-quantum hybrid ECDHE-MLKEM Key Agreement for TLS 1.3 (draft-ietf-tls-ecdhe-mlkem-05),Technical Standards,Protocols,assurance,3,libraries,"Ensure ML-KEM implementation is FIPS-certified when using X25519MLKEM768, or ECDH implementation is certified for SecP256r1/384r1 hybrids.","For SecP256r1MLKEM768 and SecP384r1MLKEM1024, the ECDH implementation must be certified whereas the ML-KEM implementation does not require certification. In contrast, for X25519MLKEM768, the ML-KEM implementation must be certified.",Section 5,https://www.ietf.org/archive/id/draft-ietf-tls-ecdhe-mlkem-05.html,high,qwen3.6:27b-q8_0,2026-08-08,active,,
draft-ietf-tls-ecdhe-mlkem-05,Post-quantum hybrid ECDHE-MLKEM Key Agreement for TLS 1.3 (draft-ietf-tls-ecdhe-mlkem-05),Technical Standards,Protocols,assurance,3,software,"Implement side-channel attack resistance for KEM operations, particularly against remote attackers, per NIST SP 800-227 guidelines.","Implementers are encouraged to use implementations resistant to side-channel attacks, especially those that can be applied by remote attackers.",Section 6,https://www.ietf.org/archive/id/draft-ietf-tls-ecdhe-mlkem-05.html,medium,qwen3.6:27b-q8_0,2026-08-08,active,,
draft-ietf-tls-ecdhe-mlkem-05,Post-quantum hybrid ECDHE-MLKEM Key Agreement for TLS 1.3 (draft-ietf-tls-ecdhe-mlkem-05),Technical Standards,Protocols,lifecycle,2,software,"Deprecate and remove support for experimental pre-standard Kyber768 code points (25497, 25498) in favor of ratified ML-KEM identifiers.",This document obsoletes these entries. IANA is instructed to modify the recommended field to 'D' and update the reference to add [ this RFC ].,Section 7.4,https://www.ietf.org/archive/id/draft-ietf-tls-ecdhe-mlkem-05.html,high,qwen3.6:27b-q8_0,2026-08-08,active,,
PQCC-Migration-Roadmap-2025,Post-Quantum Cryptography Coalition (PQCC) PQC Migration Roadmap,Compliance Frameworks,International Frameworks,governance,2,all,Appoint a designated migration lead or team responsible for monitoring and progressing the organization's PQC migration efforts.,"When your organization decides to begin its PQC migration timeline, it should appoint an individual or team (a “migration lead”) to monitor and progress its PQC migration.",Activity 1.2: Assign a Lead to Manage PQC Migration,https://pqcc.org/post-quantum-cryptography-migration-roadmap/,medium,qwen3.6:27b-q8_0,2026-08-08,active,,
PQCC-Migration-Roadmap-2025,Post-Quantum Cryptography Coalition (PQCC) PQC Migration Roadmap,Compliance Frameworks,International Frameworks,governance,2,all,"Define the specific role, responsibilities, and expected outcomes for the appointed PQC migration lead.",Activity 1.2 Outcomes: Organization defines the role and outcomes expected from its migration lead.,Activity 1.2: Assign a Lead to Manage PQC Migration,https://pqcc.org/post-quantum-cryptography-migration-roadmap/,medium,qwen3.6:27b-q8_0,2026-08-08,active,,
PQCC-Migration-Roadmap-2025,Post-Quantum Cryptography Coalition (PQCC) PQC Migration Roadmap,Compliance Frameworks,International Frameworks,governance,2,all,Identify key stakeholders and develop a strategic communications plan to align them with PQC migration goals and value.,the migration lead should develop a communications plan specific to your organization which (1) identifies and aligns stakeholders and (2) communicates the process and need for PQC migration.,Activity 1.4: Identify Stakeholders and Develop Strategic Messaging,https://pqcc.org/post-quantum-cryptography-migration-roadmap/,medium,qwen3.6:27b-q8_0,2026-08-08,active,,
PQCC-Migration-Roadmap-2025,Post-Quantum Cryptography Coalition (PQCC) PQC Migration Roadmap,Compliance Frameworks,International Frameworks,inventory,2,all,"Evaluate and document existing inventories, risk assessments, and Cryptographic Bills of Materials (CBOMs) to establish a baseline understanding.","Your organization will want to check what inventories, risk assessments, and cryptographic bills of materials (CBOMs) it already has... document the location of the data and assets, who owns and operates them...",Activity 1.3: Identify Existing Inventory and Awareness,https://pqcc.org/post-quantum-cryptography-migration-roadmap/,medium,qwen3.6:27b-q8_0,2026-08-08,active,,
PQCC-Migration-Roadmap-2025,Post-Quantum Cryptography Coalition (PQCC) PQC Migration Roadmap,Compliance Frameworks,International Frameworks,inventory,2,all,"Build a comprehensive inventory of cryptographic assets, collecting and categorizing information on their location, ownership, and usage.",Activity 2.2: Build an Inventory for PQC Migration... Activity 2.2 b: Collect and Categorize Information on Cryptographic Assets,Category 2: Baseline Understanding,https://pqcc.org/post-quantum-cryptography-migration-roadmap/,medium,qwen3.6:27b-q8_0,2026-08-08,active,,
PQCC-Migration-Roadmap-2025,Post-Quantum Cryptography Coalition (PQCC) PQC Migration Roadmap,Compliance Frameworks,International Frameworks,inventory,2,all,"Prioritize critical assets for migration based on data sensitivity, shelf-life, and threat timelines.",Activity 2.3: Prioritize Critical Assets for Migration,Category 2: Baseline Understanding,https://pqcc.org/post-quantum-cryptography-migration-roadmap/,medium,qwen3.6:27b-q8_0,2026-08-08,active,,
PQCC-Migration-Roadmap-2025,Post-Quantum Cryptography Coalition (PQCC) PQC Migration Roadmap,Compliance Frameworks,International Frameworks,lifecycle,2,all,"Establish a migration plan and budget, identifying solutions and confirming migration needs with vendors.",Activity 3.1: Set a Migration Plan and Budget... Activity 3.2: Identify Solutions... Activity 3.2 a: Confirm Migration Needs with Vendors,Category 3: Planning and Execution,https://pqcc.org/post-quantum-cryptography-migration-roadmap/,medium,qwen3.6:27b-q8_0,2026-08-08,active,,
PQCC-Migration-Roadmap-2025,Post-Quantum Cryptography Coalition (PQCC) PQC Migration Roadmap,Compliance Frameworks,International Frameworks,observability,2,all,Create measures to track PQC migration success and validate proper implementation against industry standards.,Activity 4.1: Validate Proper Implementation... Activity 4.2: Create Measures to Track PQC Migration Success,Category 4: Monitoring and Evaluation,https://pqcc.org/post-quantum-cryptography-migration-roadmap/,medium,qwen3.6:27b-q8_0,2026-08-08,active,,
PQCC-Migration-Roadmap-2025,Post-Quantum Cryptography Coalition (PQCC) PQC Migration Roadmap,Compliance Frameworks,International Frameworks,observability,2,all,Implement continuous monitoring and updating processes to reassess cryptographic security as quantum capabilities evolve.,Activity 4.4: Monitor and Update Continuously... formulates a process for reassessing cryptographic security as quantum capabilities evolve.,Category 4: Monitoring and Evaluation,https://pqcc.org/post-quantum-cryptography-migration-roadmap/,medium,qwen3.6:27b-q8_0,2026-08-08,active,,
NIST-SP-800-90A-R1,SP 800-90A Rev. 1: Recommendation for Random Number Generation Using Deterministic Random Bit Generators,Certification Schemes,Standard,assurance,3,libraries,"Conduct implementation validation testing by an independent, accredited party to ensure DRBG mechanisms conform to specifications.",Implementation Testing for Validation: Testing by an independent and accredited party to ensure that an implementation of this Recommendation conforms to the specifications of this Recommendation.,Section 4 (Terms and Definitions),https://csrc.nist.gov/pubs/sp/800/90/a/r1/final,high,qwen3.6:27b-q8_0,2026-08-08,active,,
NIST-SP-800-90A-R1,SP 800-90A Rev. 1: Recommendation for Random Number Generation Using Deterministic Random Bit Generators,Certification Schemes,Standard,assurance,3,libraries,Perform health testing immediately prior to or during normal operation to verify the DRBG mechanism continues to perform as validated.,Health Testing: Testing within an implementation immediately prior to or during normal operation to determine that the implementation continues to perform as implemented and as validated.,Section 4 (Terms and Definitions),https://csrc.nist.gov/pubs/sp/800/90/a/r1/final,high,qwen3.6:27b-q8_0,2026-08-08,active,,
NIST-SP-800-90A-R1,SP 800-90A Rev. 1: Recommendation for Random Number Generation Using Deterministic Random Bit Generators,Certification Schemes,Standard,observability,3,libraries,"Implement health tests for Instantiate, Generate, Reseed, and Uninstantiate functions to detect operational failures.",11.3 Health Testing... 11.3.2 Testing the Instantiate Function... 11.3.3 Testing the Generate Function... 11.3.4 Testing the Reseed Function... 11.3.5 Testing the Uninstantiate Function,Section 11.3,https://csrc.nist.gov/pubs/sp/800/90/a/r1/final,high,qwen3.6:27b-q8_0,2026-08-08,active,,
NIST-SP-800-90A-R1,SP 800-90A Rev. 1: Recommendation for Random Number Generation Using Deterministic Random Bit Generators,Certification Schemes,Standard,observability,3,libraries,Handle errors encountered during health testing to ensure the DRBG mechanism does not produce output when compromised.,11.4.2 Errors Encountered During Health Testing,Section 11.4.2,https://csrc.nist.gov/pubs/sp/800/90/a/r1/final,high,qwen3.6:27b-q8_0,2026-08-08,active,,
NIST-SP-800-90A-R1,SP 800-90A Rev. 1: Recommendation for Random Number Generation Using Deterministic Random Bit Generators,Certification Schemes,Standard,lifecycle,3,libraries,Reseed the DRBG at the end of the seedlife to maintain security strength and prevent state exhaustion.,9.3.2 Reseeding at the End of the Seedlife,Section 9.3.2,https://csrc.nist.gov/pubs/sp/800/90/a/r1/final,high,qwen3.6:27b-q8_0,2026-08-08,active,,
NIST-SP-800-90A-R1,SP 800-90A Rev. 1: Recommendation for Random Number Generation Using Deterministic Random Bit Generators,Certification Schemes,Standard,assurance,3,libraries,Use entropy input from an approved entropy source validated as conforming to SP 800-90B.,Approved entropy source: An entropy source that has been validated as conforming to [SP 800-90B].,Section 4 (Terms and Definitions),https://csrc.nist.gov/pubs/sp/800/90/a/r1/final,high,qwen3.6:27b-q8_0,2026-08-08,active,,
NIST-SP-800-90A-R1,SP 800-90A Rev. 1: Recommendation for Random Number Generation Using Deterministic Random Bit Generators,Certification Schemes,Standard,assurance,3,libraries,Ensure the seed contains sufficient min-entropy to support the instantiated security strength of the DRBG.,The seed used to instantiate the DRBG must contain sufficient entropy to provide an assurance of randomness.,Section 1 (Introduction),https://csrc.nist.gov/pubs/sp/800/90/a/r1/final,high,qwen3.6:27b-q8_0,2026-08-08,active,,
NIST-SP-800-90A-R1,SP 800-90A Rev. 1: Recommendation for Random Number Generation Using Deterministic Random Bit Generators,Certification Schemes,Standard,governance,2,all,"Assign responsibility for requirements out-of-scope for CMVP/CAVP to entities using, implementing, installing, or configuring applications.","Some of these requirements may be out-of-scope for CMVP or CAVP validation testing, and thus are the responsibility of entities using, implementing, installing or configuring applications that incorporate this Recommendation.",Section 2 (Conformance Testing),https://csrc.nist.gov/pubs/sp/800/90/a/r1/final,high,qwen3.6:27b-q8_0,2026-08-08,active,,
NIST-SP-800-90A-R1,SP 800-90A Rev. 1: Recommendation for Random Number Generation Using Deterministic Random Bit Generators,Certification Schemes,Standard,assurance,3,libraries,Maintain minimal documentation for DRBG implementations to support validation and operational integrity.,11.1 Minimal Documentation Requirements,Section 11.1,https://csrc.nist.gov/pubs/sp/800/90/a/r1/final,medium,qwen3.6:27b-q8_0,2026-08-08,active,,
NIST SP 800-90A,Recommendation for Random Number Generation Using Deterministic Random Bit Generators Rev 1,Technical Standards,Algorithm Specifications,assurance,3,libraries,Perform implementation validation testing using known answer tests to verify the correctness of the DRBG mechanism before deployment.,11.2 Implementation Validation Testing ... 11.3.1 Known Answer Testing ... The implementation shall be tested using the known answer test vectors provided in Appendix B.,"Section 11.2, 11.3.1",https://csrc.nist.gov/publications/detail/sp/800-90a/rev-1/final,high,qwen3.6:27b-q8_0,2026-08-08,active,,
NIST SP 800-90A,Recommendation for Random Number Generation Using Deterministic Random Bit Generators Rev 1,Technical Standards,Algorithm Specifications,assurance,3,libraries,"Execute health tests on the Instantiate, Generate, Reseed, and Uninstantiate functions to detect implementation errors during operation.",11.3 Health Testing ... 11.3.2 Testing the Instantiate Function ... 11.3.3 Testing the Generate Function ... 11.3.4 Testing the Reseed Function ... 11.3.5 Testing the Uninstantiate Function,Section 11.3,https://csrc.nist.gov/publications/detail/sp/800-90a/rev-1/final,high,qwen3.6:27b-q8_0,2026-08-08,active,,
NIST SP 800-90A,Recommendation for Random Number Generation Using Deterministic Random Bit Generators Rev 1,Technical Standards,Algorithm Specifications,assurance,3,libraries,Implement error handling procedures to manage errors encountered during normal operation and health testing of the DRBG.,11.4 Error Handling ... 11.4.1 Errors Encountered During Normal Operation ... 11.4.2 Errors Encountered During Health Testing,Section 11.4,https://csrc.nist.gov/publications/detail/sp/800-90a/rev-1/final,high,qwen3.6:27b-q8_0,2026-08-08,active,,
NIST SP 800-90A,Recommendation for Random Number Generation Using Deterministic Random Bit Generators Rev 1,Technical Standards,Algorithm Specifications,lifecycle,3,keys,Enforce automatic reseeding of the DRBG at the end of the seedlife to maintain cryptographic strength and prevent state exhaustion.,9.3.2 Reseeding at the End of the Seedlife ... The DRBG shall be reseeded when the number of requests for random bits reaches the seedlife limit.,Section 9.3.2,https://csrc.nist.gov/publications/detail/sp/800-90a/rev-1/final,high,qwen3.6:27b-q8_0,2026-08-08,active,,
NIST SP 800-90A,Recommendation for Random Number Generation Using Deterministic Random Bit Generators Rev 1,Technical Standards,Algorithm Specifications,lifecycle,3,keys,Securely remove the DRBG instantiation and its internal state when it is no longer needed to prevent leakage of sensitive material.,9.4 Removing a DRBG Instantiation ... The Uninstantiate function shall securely erase the internal state of the DRBG.,Section 9.4,https://csrc.nist.gov/publications/detail/sp/800-90a/rev-1/final,high,qwen3.6:27b-q8_0,2026-08-08,active,,
NIST SP 800-90A,Recommendation for Random Number Generation Using Deterministic Random Bit Generators Rev 1,Technical Standards,Algorithm Specifications,governance,2,libraries,"Maintain minimal documentation for the DRBG implementation, including the algorithm used, security strength, and entropy source details.","11.1 Minimal Documentation Requirements ... The documentation shall include the DRBG mechanism used, the security strength, and the entropy source.",Section 11.1,https://csrc.nist.gov/publications/detail/sp/800-90a/rev-1/final,medium,qwen3.6:27b-q8_0,2026-08-08,active,,
Saudi-NCA-ECC2-2024,Saudi Arabia National Cybersecurity Authority — Essential Cybersecurity Controls ECC-2:2024,Compliance Frameworks,Regulation,governance,2,all,"Identify, document, and approve cybersecurity policies and procedures, including cryptographic controls, and have them approved by the Authorized Official.","The cybersecurity department of the entity shall identify and document cybersecurity policies and procedures, including the cybersecurity controls and requirements, and have them approved by the entity’s Authorized Official","Section 1-3, Control 1-3-1",https://nca.gov.sa/,high,qwen3.6:27b-q8_0,2026-08-08,active,,
Saudi-NCA-ECC2-2024,Saudi Arabia National Cybersecurity Authority — Essential Cybersecurity Controls ECC-2:2024,Compliance Frameworks,Regulation,governance,2,all,"Identify, document, and approve specific cybersecurity requirements for cryptography within the entity.","Cybersecurity requirements for cryptography within the entity shall be identified, documented, and approved.","Section 2-8, Control 2-8-1",https://nca.gov.sa/,high,qwen3.6:27b-q8_0,2026-08-08,active,,
Saudi-NCA-ECC2-2024,Saudi Arabia National Cybersecurity Authority — Essential Cybersecurity Controls ECC-2:2024,Compliance Frameworks,Regulation,governance,2,all,Implement approved cybersecurity requirements for cryptography within the entity.,Cybersecurity requirements for cryptography within the entity shall be implemented.,"Section 2-8, Control 2-8-2",https://nca.gov.sa/,high,qwen3.6:27b-q8_0,2026-08-08,active,,
Saudi-NCA-ECC2-2024,Saudi Arabia National Cybersecurity Authority — Essential Cybersecurity Controls ECC-2:2024,Compliance Frameworks,Regulation,governance,2,all,"Adhere to National Cryptographic Standards published by NCA, selecting appropriate standard levels based on data sensitivity and risk assessment.","Cybersecurity requirements for cryptography shall include at least the requirements in the National Cryptographic Standards, published by NCA. The appropriate cryptographic standard level shall be implemented based on the nature and sensitivity of the data...","Section 2-8, Control 2-8-3",https://nca.gov.sa/,high,qwen3.6:27b-q8_0,2026-08-08,active,,
Saudi-NCA-ECC2-2024,Saudi Arabia National Cybersecurity Authority — Essential Cybersecurity Controls ECC-2:2024,Compliance Frameworks,Regulation,assurance,2,all,"Periodically review the implementation of cybersecurity controls, including cryptography, by the entity.",The cybersecurity department of the entity shall periodically review the implementation of cybersecurity controls by the entity.,"Section 1-8, Control 1-8-1",https://nca.gov.sa/,high,qwen3.6:27b-q8_0,2026-08-08,active,,
Saudi-NCA-ECC2-2024,Saudi Arabia National Cybersecurity Authority — Essential Cybersecurity Controls ECC-2:2024,Compliance Frameworks,Regulation,assurance,2,all,"Conduct independent audits of cybersecurity control implementation by parties other than the cybersecurity department, adhering to GAAS.","The implementation of cybersecurity controls by the entity shall be reviewed and audited by parties other than the cybersecurity department at the entity, provided that the audit and review are to be conducted independently... as per the Generally Accepted Auditing Standards (GAAS)","Section 1-8, Control 1-8-2",https://nca.gov.sa/,high,qwen3.6:27b-q8_0,2026-08-08,active,,
Saudi-NCA-ECC2-2024,Saudi Arabia National Cybersecurity Authority — Essential Cybersecurity Controls ECC-2:2024,Compliance Frameworks,Regulation,assurance,2,all,"Document audit results, including scope, observations, and remediation plans, and present them to the supervisory committee and Authorized Official.","The results of cybersecurity audits and reviews shall be documented and presented to the cybersecurity supervisory committee and the Authorized Official. Results shall include the audit and review scope, observations, recommendations, corrective actions, and remediation plans.","Section 1-8, Control 1-8-3",https://nca.gov.sa/,high,qwen3.6:27b-q8_0,2026-08-08,active,,
Singapore-CSA-Quantum-Safe-Handbook,Quantum-Safe Handbook and Quantum Readiness Index,Compliance Frameworks,Guidance,governance,2,all,Identify the individual accountable for quantum-safe migration decisions and plan approval to ensure clear ownership.,Identify who is accountable for quantum-safe migration decisions. This is the person who owns the outcome and approves the plan. Clear ownership upstream will facilitate execution later.,"Domain 2: Governance, Page 13",https://isomer-user-content.by.gov.sg/36/11227d39-4350-4ded-9046-d62f99f561ab/Draft%20for%20Public%20Consultation%20-%20Quantum-Safe%20Handbook%20(Oct%202025).pdf,high,qwen3.6:27b-q8_0,2026-08-08,active,,
Singapore-CSA-Quantum-Safe-Handbook,Quantum-Safe Handbook and Quantum Readiness Index,Compliance Frameworks,Guidance,governance,2,all,"Apply the RACI model to define Responsible, Accountable, Consulted, and Informed stakeholders for coordinated execution.","Use the RACI model to also Identify “Responsible”, “Consulted”, and “Informed” stakeholders to ensure coordinated execution","Domain 2: Governance, Page 21",https://isomer-user-content.by.gov.sg/36/11227d39-4350-4ded-9046-d62f99f561ab/Draft%20for%20Public%20Consultation%20-%20Quantum-Safe%20Handbook%20(Oct%202025).pdf,high,qwen3.6:27b-q8_0,2026-08-08,active,,
Singapore-CSA-Quantum-Safe-Handbook,Quantum-Safe Handbook and Quantum Readiness Index,Compliance Frameworks,Guidance,governance,2,all,"Update procurement policies to explicitly require cryptographic specifications, agility, and vendor post-quantum roadmaps.",Update procurement policies to explicitly require: Cryptographic specifications... Cryptographic agility capabilities... Post-quantum roadmaps from vendors,"Domain 2: Governance, Page 23",https://isomer-user-content.by.gov.sg/36/11227d39-4350-4ded-9046-d62f99f561ab/Draft%20for%20Public%20Consultation%20-%20Quantum-Safe%20Handbook%20(Oct%202025).pdf,high,qwen3.6:27b-q8_0,2026-08-08,active,,
Singapore-CSA-Quantum-Safe-Handbook,Quantum-Safe Handbook and Quantum Readiness Index,Compliance Frameworks,Guidance,governance,2,all,"Embed quantum-safe requirements into existing governance structures, including cryptographic policies and risk registers.",Embed quantum-safe requirements into existing governance structures rather than running a parallel process... Add quantum-related risks to your risk register.,"Domain 2: Governance, Page 24",https://isomer-user-content.by.gov.sg/36/11227d39-4350-4ded-9046-d62f99f561ab/Draft%20for%20Public%20Consultation%20-%20Quantum-Safe%20Handbook%20(Oct%202025).pdf,high,qwen3.6:27b-q8_0,2026-08-08,active,,
Singapore-CSA-Quantum-Safe-Handbook,Quantum-Safe Handbook and Quantum Readiness Index,Compliance Frameworks,Guidance,governance,2,all,"Review contractual clauses to address PQC support, algorithm update mechanisms, and SLAs for quantum-safe transitions.","Review contractual clauses to address PQC support, cryptographic algorithm update mechanisms, service level agreements for quantum-safe transitions","Domain 2: Governance, Page 24",https://isomer-user-content.by.gov.sg/36/11227d39-4350-4ded-9046-d62f99f561ab/Draft%20for%20Public%20Consultation%20-%20Quantum-Safe%20Handbook%20(Oct%202025).pdf,high,qwen3.6:27b-q8_0,2026-08-08,active,,
Singapore-CSA-Quantum-Safe-Handbook,Quantum-Safe Handbook and Quantum Readiness Index,Compliance Frameworks,Guidance,governance,2,all,Assess third-party vendors’ maturity in quantum-safe implementation and migration timelines to manage supply chain risk.,"Third party risk management: Assess vendors’ maturity in quantum-safe implementation (e.g. current cryptographic practices, and migration timelines).","Domain 2: Governance, Page 24",https://isomer-user-content.by.gov.sg/36/11227d39-4350-4ded-9046-d62f99f561ab/Draft%20for%20Public%20Consultation%20-%20Quantum-Safe%20Handbook%20(Oct%202025).pdf,high,qwen3.6:27b-q8_0,2026-08-08,active,,
Singapore-CSA-Quantum-Safe-Handbook,Quantum-Safe Handbook and Quantum Readiness Index,Compliance Frameworks,Guidance,governance,2,all,Brief senior leadership on the quantum threat to secure approval for necessary resources and migration timelines.,Brief senior leadership on the quantum threat now. This will help them to understand and approve the resources and timelines.,"Domain 2: Governance, Page 13",https://isomer-user-content.by.gov.sg/36/11227d39-4350-4ded-9046-d62f99f561ab/Draft%20for%20Public%20Consultation%20-%20Quantum-Safe%20Handbook%20(Oct%202025).pdf,high,qwen3.6:27b-q8_0,2026-08-08,active,,
Saudi-NCA-NCS1-2020,Saudi NCA — National Cryptographic Standards (NCS-1:2020),Compliance Frameworks,Regional Standards,governance,2,all,Establish documented policy to select and implement cryptographic strength levels (MODERATE or ADVANCED) based on data sensitivity and system nature.,"Each national entity is required to choose and implement the appropriate cryptographic standard level based on the nature and sensitivity of the data, systems and networks to be protected.",Section 1.2 Levels of Cryptographic Standards,https://nca.gov.sa/,high,qwen3.6:27b-q8_0,2026-08-08,active,,
Saudi-NCA-NCS1-2020,Saudi NCA — National Cryptographic Standards (NCS-1:2020),Compliance Frameworks,Regional Standards,lifecycle,2,keys,"Implement Key Lifecycle Management (KLM) processes to manage keys from creation through destruction, ensuring standardized usage across processes.","Section 6 provides the requirements for the different steps of the key lifecycle to ensure that keys are managed properly from the moment they are created until their destruction, and their usage is standardized across processes.",Section 1.3 Structure of the Document / Section 6 Key Lifecycle Management (KLM),https://nca.gov.sa/,high,qwen3.6:27b-q8_0,2026-08-08,active,,
Saudi-NCA-NCS1-2020,Saudi NCA — National Cryptographic Standards (NCS-1:2020),Compliance Frameworks,Regional Standards,lifecycle,2,keys,Enforce key protection and lifetime requirements as defined in the national standards to ensure proper key management.,6.1 Key Protection and Lifetime ... 6.2 KLM Processes,Section 6 Key Lifecycle Management (KLM),https://nca.gov.sa/,high,qwen3.6:27b-q8_0,2026-08-08,active,,
Saudi-NCA-NCS1-2020,Saudi NCA — National Cryptographic Standards (NCS-1:2020),Compliance Frameworks,Regional Standards,governance,2,certificates,Adhere to prescribed algorithms and validity periods for Public Key Infrastructure (PKI) certificates as mandated by the standards.,Section 5 provides a list of the accepted algorithms for certificates and the validity of the certificates.,Section 1.3 Structure of the Document / Section 5 Public Key Infrastructure (PKI),https://nca.gov.sa/,high,qwen3.6:27b-q8_0,2026-08-08,active,,
Singapore-CSA-Quantum-Safe-Handbook,Quantum-Safe Handbook and Quantum Readiness Index,Compliance Frameworks,Guidance,governance,2,all,Initiate quantum-safe transition planning with early resource allocation and cross-system coordination.,"The migration to quantum-safe solutions is a complex multi-year endeavour that needs early planning, resource allocation and coordination across systems, products, and processes.",Section 2,https://www.csa.gov.sg/resources/publications/quantum-safe-handbook-and-quantum-readiness-index/,high,qwen3.5:27b,2026-04-23,deprecated,2026-08-08,"evidence was a landing page, not the document -- extracted requirement's evidence_quote is not found in the real source. Superseded by re-extraction against the real document (same date)."
Singapore-CSA-Quantum-Safe-Handbook,Quantum-Safe Handbook and Quantum Readiness Index,Compliance Frameworks,Guidance,governance,2,all,Engage senior management to prioritize quantum-safe migration actions and secure buy-in for readiness steps.,It also facilitates conversations with senior management and decision makers about the state of readiness to address quantum threat and can be used to seek buy-in on the recommended steps to strengthen their readiness.,Section 3b,https://www.csa.gov.sg/resources/publications/quantum-safe-handbook-and-quantum-readiness-index/,high,qwen3.5:27b,2026-04-23,deprecated,2026-08-08,"evidence was a landing page, not the document -- extracted requirement's evidence_quote is not found in the real source. Superseded by re-extraction against the real document (same date)."
NIST-SP-800-90A-R1,SP 800-90A Rev. 1: Recommendation for Random Number Generation Using Deterministic Random Bit Generators,Certification Schemes,Standard,assurance,3,software,Conduct implementation validation testing by an independent accredited party to ensure conformance with DRBG specifications.,Implementation Testing for Validation: Testing by an independent and accredited party to ensure that an implementation of this Recommendation conforms to the specifications of this Recommendation.,Section 4 (Terms and Definitions),https://csrc.nist.gov/pubs/sp/800/90/a/r1/final,high,qwen3.5:27b,2026-04-24,deprecated,2026-08-08,"evidence was a landing page, not the document -- extracted requirement's evidence_quote is not found in the real source. Superseded by re-extraction against the real document (same date)."
NIST-SP-800-90A-R1,SP 800-90A Rev. 1: Recommendation for Random Number Generation Using Deterministic Random Bit Generators,Certification Schemes,Standard,assurance,3,software,Perform health testing immediately prior to or during normal operation to verify the implementation continues to perform as validated.,Health Testing: Testing within an implementation immediately prior to or during normal operation to determine that the implementation continues to perform as implemented and as validated.,Section 4 (Terms and Definitions),https://csrc.nist.gov/pubs/sp/800/90/a/r1/final,high,qwen3.5:27b,2026-04-24,deprecated,2026-08-08,"evidence was a landing page, not the document -- extracted requirement's evidence_quote is not found in the real source. Superseded by re-extraction against the real document (same date)."
NIST-SP-800-90A-R1,SP 800-90A Rev. 1: Recommendation for Random Number Generation Using Deterministic Random Bit Generators,Certification Schemes,Standard,assurance,3,software,Validate that the entropy source used for DRBG seeding conforms to SP 800-90B requirements.,Approved entropy source: An entropy source that has been validated as conforming to [SP 800-90B].,Section 4 (Terms and Definitions),https://csrc.nist.gov/pubs/sp/800/90/a/r1/final,high,qwen3.5:27b,2026-04-24,deprecated,2026-08-08,"evidence was a landing page, not the document -- extracted requirement's evidence_quote is not found in the real source. Superseded by re-extraction against the real document (same date)."
NIST-SP-800-90A-R1,SP 800-90A Rev. 1: Recommendation for Random Number Generation Using Deterministic Random Bit Generators,Certification Schemes,Standard,observability,3,software,"Implement health tests for the Instantiate, Generate, Reseed, and Uninstantiate functions to detect operational failures.",11.3 Health Testing... 11.3.2 Testing the Instantiate Function... 11.3.3 Testing the Generate Function... 11.3.4 Testing the Reseed Function... 11.3.5 Testing the Uninstantiate Function,Section 11.3 (Table of Contents),https://csrc.nist.gov/pubs/sp/800/90/a/r1/final,high,qwen3.5:27b,2026-04-24,deprecated,2026-08-08,"evidence was a landing page, not the document -- extracted requirement's evidence_quote is not found in the real source. Superseded by re-extraction against the real document (same date)."
NIST-SP-800-90A-R1,SP 800-90A Rev. 1: Recommendation for Random Number Generation Using Deterministic Random Bit Generators,Certification Schemes,Standard,observability,3,software,Define and handle errors encountered during normal operation and health testing to ensure system integrity.,11.4 Error Handling... 11.4.1 Errors Encountered During Normal Operation... 11.4.2 Errors Encountered During Health Testing,Section 11.4 (Table of Contents),https://csrc.nist.gov/pubs/sp/800/90/a/r1/final,high,qwen3.5:27b,2026-04-24,deprecated,2026-08-08,"evidence was a landing page, not the document -- extracted requirement's evidence_quote is not found in the real source. Superseded by re-extraction against the real document (same date)."
NIST-SP-800-90A-R1,SP 800-90A Rev. 1: Recommendation for Random Number Generation Using Deterministic Random Bit Generators,Certification Schemes,Standard,lifecycle,3,software,Reseed the DRBG mechanism to acquire additional bits that affect the internal state before the seedlife expires.,Reseed: To acquire additional bits that will affect the internal state of the DRBG mechanism.,Section 4 (Terms and Definitions),https://csrc.nist.gov/pubs/sp/800/90/a/r1/final,high,qwen3.5:27b,2026-04-24,deprecated,2026-08-08,"evidence was a landing page, not the document -- extracted requirement's evidence_quote is not found in the real source. Superseded by re-extraction against the real document (same date)."
NIST-SP-800-90A-R1,SP 800-90A Rev. 1: Recommendation for Random Number Generation Using Deterministic Random Bit Generators,Certification Schemes,Standard,lifecycle,3,software,Uninstantiate the DRBG to terminate the instantiation and securely clear internal state.,Uninstantiate: The termination of a DRBG instantiation.,Section 4 (Terms and Definitions),https://csrc.nist.gov/pubs/sp/800/90/a/r1/final,high,qwen3.5:27b,2026-04-24,deprecated,2026-08-08,"evidence was a landing page, not the document -- extracted requirement's evidence_quote is not found in the real source. Superseded by re-extraction against the real document (same date)."
NIST-SP-800-90A-R1,SP 800-90A Rev. 1: Recommendation for Random Number Generation Using Deterministic Random Bit Generators,Certification Schemes,Standard,assurance,3,software,Ensure conformance testing for DRBG implementations is conducted within the CMVP and CAVP frameworks.,Conformance testing for implementations of this Recommendation will be conducted within the framework of the Cryptographic Module Validation Program (CMVP) and the Cryptographic Algorithm Validation Program (CAVP).,Section 2 (Conformance Testing),https://csrc.nist.gov/pubs/sp/800/90/a/r1/final,high,qwen3.5:27b,2026-04-24,deprecated,2026-08-08,"evidence was a landing page, not the document -- extracted requirement's evidence_quote is not found in the real source. Superseded by re-extraction against the real document (same date)."
NIST SP 800-90A,Recommendation for Random Number Generation Using Deterministic Random Bit Generators Rev 1,Technical Standards,Algorithm Specifications,assurance,3,software,"Implement health testing procedures including Known Answer Tests for Instantiate, Generate, Reseed, and Uninstantiate functions to verify correct operation.",11.3 Health Testing... 11.3.1 Known Answer Testing... 11.3.2 Testing the Instantiate Function... 11.3.3 Testing the Generate Function... 11.3.4 Testing the Reseed Function... 11.3.5 Testing the Uninstantiate Function,Section 11.3,https://nvlpubs.nist.gov/nistpubs/SpecialPublications/NIST.SP.800-90Ar1.pdf,high,qwen3.5:27b,2026-04-24,deprecated,2026-08-08,"evidence was a landing page, not the document -- extracted requirement's evidence_quote is not found in the real source. Superseded by re-extraction against the real document (same date)."
NIST SP 800-90A,Recommendation for Random Number Generation Using Deterministic Random Bit Generators Rev 1,Technical Standards,Algorithm Specifications,assurance,3,software,Define and implement error handling procedures for errors encountered during normal operation and during health testing.,11.4 Error Handling... 11.4.1 Errors Encountered During Normal Operation... 11.4.2 Errors Encountered During Health Testing,Section 11.4,https://nvlpubs.nist.gov/nistpubs/SpecialPublications/NIST.SP.800-90Ar1.pdf,high,qwen3.5:27b,2026-04-24,deprecated,2026-08-08,"evidence was a landing page, not the document -- extracted requirement's evidence_quote is not found in the real source. Superseded by re-extraction against the real document (same date)."
NIST SP 800-90A,Recommendation for Random Number Generation Using Deterministic Random Bit Generators Rev 1,Technical Standards,Algorithm Specifications,assurance,2,software,Maintain minimal documentation for the DRBG implementation to support validation and operational understanding.,11.1 Minimal Documentation Requirements,Section 11.1,https://nvlpubs.nist.gov/nistpubs/SpecialPublications/NIST.SP.800-90Ar1.pdf,medium,qwen3.5:27b,2026-04-24,deprecated,2026-08-08,"evidence was a landing page, not the document -- extracted requirement's evidence_quote is not found in the real source. Superseded by re-extraction against the real document (same date)."
NIST SP 800-90A,Recommendation for Random Number Generation Using Deterministic Random Bit Generators Rev 1,Technical Standards,Algorithm Specifications,assurance,3,software,Conduct implementation validation testing to ensure the DRBG mechanism conforms to the specified algorithmic requirements.,11.2 Implementation Validation Testing,Section 11.2,https://nvlpubs.nist.gov/nistpubs/SpecialPublications/NIST.SP.800-90Ar1.pdf,high,qwen3.5:27b,2026-04-24,deprecated,2026-08-08,"evidence was a landing page, not the document -- extracted requirement's evidence_quote is not found in the real source. Superseded by re-extraction against the real document (same date)."
NIST-SP-800-90A-R1,SP 800-90A Rev. 1: Recommendation for Random Number Generation Using Deterministic Random Bit Generators,Certification Schemes,Standard,lifecycle,3,software,Reseed the DRBG mechanism at the end of the seedlife to maintain security strength and prevent state exhaustion.,9.3.2 Reseeding at the End of the Seedlife,Section 9.3.2,https://csrc.nist.gov/pubs/sp/800/90/a/r1/final,high,qwen3.5:27b,2026-04-24,deprecated,2026-08-08,"evidence was a landing page, not the document -- extracted requirement's evidence_quote is not found in the real source. Superseded by re-extraction against the real document (same date)."
NIST-SP-800-90A-R1,SP 800-90A Rev. 1: Recommendation for Random Number Generation Using Deterministic Random Bit Generators,Certification Schemes,Standard,lifecycle,3,software,Uninstantiate the DRBG to securely terminate the instantiation and clear internal state when no longer needed.,9.4 Removing a DRBG Instantiation,Section 9.4,https://csrc.nist.gov/pubs/sp/800/90/a/r1/final,high,qwen3.5:27b,2026-04-24,deprecated,2026-08-08,"evidence was a landing page, not the document -- extracted requirement's evidence_quote is not found in the real source. Superseded by re-extraction against the real document (same date)."
Saudi-NCA-ECC2-2024,Saudi Arabia National Cybersecurity Authority — Essential Cybersecurity Controls ECC-2:2024,Compliance Frameworks,Government & Policy,governance,2,all,"Define, document, and approve a cybersecurity strategy supported by the head of the organization or delegate, aligning with laws and regulations.","A cybersecurity strategy must be defined, documented and approved. It must be supported by the head of the organization or his/her delegate... The strategy goals must be in-line with related laws and regulations.",Section 1-1-1,https://nca.gov.sa/,high,qwen3.6:27b,2026-04-30,deprecated,2026-08-08,"evidence was a landing page, not the document -- extracted requirement's evidence_quote is not found in the real source. Superseded by re-extraction against the real document (same date)."
Saudi-NCA-ECC2-2024,Saudi Arabia National Cybersecurity Authority — Essential Cybersecurity Controls ECC-2:2024,Compliance Frameworks,Government & Policy,governance,2,all,"Establish a dedicated, independent cybersecurity function that reports directly to the head of the organization or delegate, separate from IT/ICT.",A dedicated cybersecurity function... must be established within the organization. This function must be independent from the Information Technology/Information Communication and Technology (IT/ICT) functions... reports directly to the head of the organization or his/her delegate,Section 1-2-1,https://nca.gov.sa/,high,qwen3.6:27b,2026-04-30,deprecated,2026-08-08,"evidence was a landing page, not the document -- extracted requirement's evidence_quote is not found in the real source. Superseded by re-extraction against the real document (same date)."
Saudi-NCA-ECC2-2024,Saudi Arabia National Cybersecurity Authority — Essential Cybersecurity Controls ECC-2:2024,Compliance Frameworks,Government & Policy,governance,2,all,"Fill the cybersecurity function head position and critical supervisory roles with full-time, experienced Saudi cybersecurity professionals.","The position of cybersecurity function head (e.g., CISO), and related supervisory and critical positions within the function, must be filled with full-time and experienced Saudi cybersecurity professionals.",Section 1-2-2,https://nca.gov.sa/,high,qwen3.6:27b,2026-04-30,deprecated,2026-08-08,"evidence was a landing page, not the document -- extracted requirement's evidence_quote is not found in the real source. Superseded by re-extraction against the real document (same date)."
Saudi-NCA-ECC2-2024,Saudi Arabia National Cybersecurity Authority — Essential Cybersecurity Controls ECC-2:2024,Compliance Frameworks,Government & Policy,governance,3,all,"Execute a roadmap to implement the cybersecurity strategy, defining priorities, monitoring initiatives, and taking corrective steps as necessary.",A roadmap must be executed to implement the cybersecurity strategy... Monitor the implementation of cybersecurity strategy projects and initiatives and take corrective steps if necessary.,Section 1-1-2,https://nca.gov.sa/,high,qwen3.6:27b,2026-04-30,deprecated,2026-08-08,"evidence was a landing page, not the document -- extracted requirement's evidence_quote is not found in the real source. Superseded by re-extraction against the real document (same date)."
Saudi-NCA-ECC2-2024,Saudi Arabia National Cybersecurity Authority — Essential Cybersecurity Controls ECC-2:2024,Compliance Frameworks,Government & Policy,governance,3,all,"Periodically review and update the cybersecurity strategy according to a documented plan, upon regulatory changes, or material organizational changes.",The cybersecurity strategy must be reviewed periodically according to planned intervals or upon changes to related laws and regulations... Document and approve the review procedures and changes,Section 1-1-3,https://nca.gov.sa/,high,qwen3.6:27b,2026-04-30,deprecated,2026-08-08,"evidence was a landing page, not the document -- extracted requirement's evidence_quote is not found in the real source. Superseded by re-extraction against the real document (same date)."
Saudi-NCA-NCS1-2020,Saudi NCA — National Cryptographic Standards (NCS-1:2020),Compliance Frameworks,Regional Standards,governance,2,all,"Establish documented cryptographic standards and policies defining minimum acceptable requirements for protecting national data, systems, and networks.","The NCA has developed the National Cryptographic Standards (NCS –1:2020) to prescribe the minimum acceptable cryptographic requirements for civilian and commercial purposes to protect national data, systems and networks.",Executive Summary,https://nca.gov.sa/,high,qwen3.6:27b,2026-04-30,deprecated,2026-08-08,"evidence was a landing page, not the document -- extracted requirement's evidence_quote is not found in the real source. Superseded by re-extraction against the real document (same date)."
Saudi-NCA-NCS1-2020,Saudi NCA — National Cryptographic Standards (NCS-1:2020),Compliance Frameworks,Regional Standards,governance,2,all,Define and implement cryptographic strength levels (MODERATE or ADVANCED) based on the nature and sensitivity of protected assets.,"Each national entity is required to choose and implement the appropriate cryptographic standard level based on the nature and sensitivity of the data, systems and networks to be protected.",Section 1.2,https://nca.gov.sa/,high,qwen3.6:27b,2026-04-30,deprecated,2026-08-08,"evidence was a landing page, not the document -- extracted requirement's evidence_quote is not found in the real source. Superseded by re-extraction against the real document (same date)."
Saudi-NCA-NCS1-2020,Saudi NCA — National Cryptographic Standards (NCS-1:2020),Compliance Frameworks,Regional Standards,lifecycle,2,keys,"Implement Key Lifecycle Management (KLM) processes to manage keys from creation through destruction, ensuring standardized usage.","Section 6 provides the requirements for the different steps of the key lifecycle to ensure that keys are managed properly from the moment they are created until their destruction, and their usage is standardized across processes.",Section 1.3,https://nca.gov.sa/,high,qwen3.6:27b,2026-04-30,deprecated,2026-08-08,"evidence was a landing page, not the document -- extracted requirement's evidence_quote is not found in the real source. Superseded by re-extraction against the real document (same date)."
Saudi-NCA-NCS1-2020,Saudi NCA — National Cryptographic Standards (NCS-1:2020),Compliance Frameworks,Regional Standards,lifecycle,2,keys,Adhere to defined key protection and lifetime requirements as specified in the Key Lifecycle Management section.,6.1 Key Protection and Lifetime ... 6.2 KLM Processes,Table of Contents / Section 6,https://nca.gov.sa/,high,qwen3.6:27b,2026-04-30,deprecated,2026-08-08,"evidence was a landing page, not the document -- extracted requirement's evidence_quote is not found in the real source. Superseded by re-extraction against the real document (same date)."
Saudi-NCA-NCS1-2020,Saudi NCA — National Cryptographic Standards (NCS-1:2020),Compliance Frameworks,Regional Standards,governance,2,certificates,"Define and enforce policies for Public Key Infrastructure (PKI), including accepted algorithms and certificate validity periods.",Section 5 provides a list of the accepted algorithms for certificates and the validity of the certificates.,Section 1.3,https://nca.gov.sa/,high,qwen3.6:27b,2026-04-30,deprecated,2026-08-08,"evidence was a landing page, not the document -- extracted requirement's evidence_quote is not found in the real source. Superseded by re-extraction against the real document (same date)."
CMMC-2.0-MODEL,Cybersecurity Maturity Model Certification (CMMC) Model Overview v2.13,Compliance Frameworks,Standard,governance,2,all,"Develop, document, and periodically update system security plans describing boundaries, environments, and security implementation.","Develop, document, and periodically update system security plans that describe system boundaries, system environments of operation, how security requirements are implemented, and the relationships with or connections to other systems.","Section 2.4.1, CA.L2-3.12.4",https://dodcio.defense.gov/CMMC/Documentation/,high,qwen3.5:27b,2026-04-25,deprecated,2026-08-08,"evidence was a landing page (dodcio.defense.gov/CMMC/Documentation/), not the CMMC Model Overview document -- extracted requirement's evidence_quote is not found in the real source. No replacement fetched: the page's own links (Reform Memo, Suspension of Phase II memo) suggest the program is mid-restructuring and no Model Overview PDF is currently linked; guessing a filename returned 403 on every attempt. Needs a human-supplied document or a status decision."
CMMC-2.0-MODEL,Cybersecurity Maturity Model Certification (CMMC) Model Overview v2.13,Compliance Frameworks,Standard,governance,2,all,Establish and maintain baseline configurations and inventories of organizational systems throughout the system development life cycles.,"Establish and maintain baseline configurations and inventories of organizational systems (including hardware, software, firmware, and documentation) throughout the respective system development life cycles.","Section 2.4.1, CM.L2-3.4.1",https://dodcio.defense.gov/CMMC/Documentation/,high,qwen3.5:27b,2026-04-25,deprecated,2026-08-08,"evidence was a landing page (dodcio.defense.gov/CMMC/Documentation/), not the CMMC Model Overview document -- extracted requirement's evidence_quote is not found in the real source. No replacement fetched: the page's own links (Reform Memo, Suspension of Phase II memo) suggest the program is mid-restructuring and no Model Overview PDF is currently linked; guessing a filename returned 403 on every attempt. Needs a human-supplied document or a status decision."
CMMC-2.0-MODEL,Cybersecurity Maturity Model Certification (CMMC) Model Overview v2.13,Compliance Frameworks,Standard,governance,2,all,"Define, document, approve, and enforce physical and logical access restrictions associated with changes to organizational systems.","Define, document, approve, and enforce physical and logical access restrictions associated with changes to organizational systems.","Section 2.4.1, CM.L2-3.4.5",https://dodcio.defense.gov/CMMC/Documentation/,high,qwen3.5:27b,2026-04-25,deprecated,2026-08-08,"evidence was a landing page (dodcio.defense.gov/CMMC/Documentation/), not the CMMC Model Overview document -- extracted requirement's evidence_quote is not found in the real source. No replacement fetched: the page's own links (Reform Memo, Suspension of Phase II memo) suggest the program is mid-restructuring and no Model Overview PDF is currently linked; guessing a filename returned 403 on every attempt. Needs a human-supplied document or a status decision."
CMMC-2.0-MODEL,Cybersecurity Maturity Model Certification (CMMC) Model Overview v2.13,Compliance Frameworks,Standard,governance,2,all,Establish and manage cryptographic keys for cryptography employed in organizational systems.,Establish and manage cryptographic keys for cryptography employed in organizational systems.,"Section 2.4.1, SC.L2-3.13.10",https://dodcio.defense.gov/CMMC/Documentation/,high,qwen3.5:27b,2026-04-25,deprecated,2026-08-08,"evidence was a landing page (dodcio.defense.gov/CMMC/Documentation/), not the CMMC Model Overview document -- extracted requirement's evidence_quote is not found in the real source. No replacement fetched: the page's own links (Reform Memo, Suspension of Phase II memo) suggest the program is mid-restructuring and no Model Overview PDF is currently linked; guessing a filename returned 403 on every attempt. Needs a human-supplied document or a status decision."
CMMC-2.0-MODEL,Cybersecurity Maturity Model Certification (CMMC) Model Overview v2.13,Compliance Frameworks,Standard,governance,2,all,"Establish an operational incident-handling capability including preparation, detection, analysis, containment, recovery, and user response activities.","Establish an operational incident-handling capability for organizational systems that includes preparation, detection, analysis, containment, recovery, and user response activities.","Section 2.4.1, IR.L2-3.6.1",https://dodcio.defense.gov/CMMC/Documentation/,high,qwen3.5:27b,2026-04-25,deprecated,2026-08-08,"evidence was a landing page (dodcio.defense.gov/CMMC/Documentation/), not the CMMC Model Overview document -- extracted requirement's evidence_quote is not found in the real source. No replacement fetched: the page's own links (Reform Memo, Suspension of Phase II memo) suggest the program is mid-restructuring and no Model Overview PDF is currently linked; guessing a filename returned 403 on every attempt. Needs a human-supplied document or a status decision."
CMMC-2.0-MODEL,Cybersecurity Maturity Model Certification (CMMC) Model Overview v2.13,Compliance Frameworks,Standard,governance,2,all,"Track, document, and report incidents to designated officials and/or authorities both internal and external to the organization.","Track, document, and report incidents to designated officials and/or authorities both internal and external to the organization.","Section 2.4.1, IR.L2-3.6.2",https://dodcio.defense.gov/CMMC/Documentation/,high,qwen3.5:27b,2026-04-25,deprecated,2026-08-08,"evidence was a landing page (dodcio.defense.gov/CMMC/Documentation/), not the CMMC Model Overview document -- extracted requirement's evidence_quote is not found in the real source. No replacement fetched: the page's own links (Reform Memo, Suspension of Phase II memo) suggest the program is mid-restructuring and no Model Overview PDF is currently linked; guessing a filename returned 403 on every attempt. Needs a human-supplied document or a status decision."
CMMC-2.0-MODEL,Cybersecurity Maturity Model Certification (CMMC) Model Overview v2.13,Compliance Frameworks,Standard,governance,2,all,Develop and implement plans of action designed to correct deficiencies and reduce or eliminate vulnerabilities in organizational systems.,Develop and implement plans of action designed to correct deficiencies and reduce or eliminate vulnerabilities in organizational systems.,"Section 2.4.1, CA.L2-3.12.2",https://dodcio.defense.gov/CMMC/Documentation/,high,qwen3.5:27b,2026-04-25,deprecated,2026-08-08,"evidence was a landing page (dodcio.defense.gov/CMMC/Documentation/), not the CMMC Model Overview document -- extracted requirement's evidence_quote is not found in the real source. No replacement fetched: the page's own links (Reform Memo, Suspension of Phase II memo) suggest the program is mid-restructuring and no Model Overview PDF is currently linked; guessing a filename returned 403 on every attempt. Needs a human-supplied document or a status decision."
CMMC-2.0-MODEL,Cybersecurity Maturity Model Certification (CMMC) Model Overview v2.13,Compliance Frameworks,Standard,governance,2,all,"Inform managers, systems administrators, and users of organizational systems of the security risks associated with their activities and applicable policies.","Inform managers, systems administrators, and users of organizational systems of the security risks associated with their activities and of the applicable policies, standards, and procedures related to the security of those systems.","Section 2.4.1, AT.L2-3.2.1",https://dodcio.defense.gov/CMMC/Documentation/,high,qwen3.5:27b,2026-04-25,deprecated,2026-08-08,"evidence was a landing page (dodcio.defense.gov/CMMC/Documentation/), not the CMMC Model Overview document -- extracted requirement's evidence_quote is not found in the real source. No replacement fetched: the page's own links (Reform Memo, Suspension of Phase II memo) suggest the program is mid-restructuring and no Model Overview PDF is currently linked; guessing a filename returned 403 on every attempt. Needs a human-supplied document or a status decision."
CMMC-2.0-MODEL,Cybersecurity Maturity Model Certification (CMMC) Model Overview v2.13,Compliance Frameworks,Standard,governance,2,all,Train personnel to carry out their assigned information security-related duties and responsibilities.,Train personnel to carry out their assigned information security-related duties and responsibilities.,"Section 2.4.1, AT.L2-3.2.2",https://dodcio.defense.gov/CMMC/Documentation/,high,qwen3.5:27b,2026-04-25,deprecated,2026-08-08,"evidence was a landing page (dodcio.defense.gov/CMMC/Documentation/), not the CMMC Model Overview document -- extracted requirement's evidence_quote is not found in the real source. No replacement fetched: the page's own links (Reform Memo, Suspension of Phase II memo) suggest the program is mid-restructuring and no Model Overview PDF is currently linked; guessing a filename returned 403 on every attempt. Needs a human-supplied document or a status decision."
CMMC-2.0-MODEL,Cybersecurity Maturity Model Certification (CMMC) Model Overview v2.13,Compliance Frameworks,Standard,governance,2,all,Screen individuals prior to authorizing access to organizational systems containing CUI.,Screen individuals prior to authorizing access to organizational systems containing CUI.,"Section 2.4.1, PS.L2-3.9.1",https://dodcio.defense.gov/CMMC/Documentation/,high,qwen3.5:27b,2026-04-25,deprecated,2026-08-08,"evidence was a landing page (dodcio.defense.gov/CMMC/Documentation/), not the CMMC Model Overview document -- extracted requirement's evidence_quote is not found in the real source. No replacement fetched: the page's own links (Reform Memo, Suspension of Phase II memo) suggest the program is mid-restructuring and no Model Overview PDF is currently linked; guessing a filename returned 403 on every attempt. Needs a human-supplied document or a status decision."
CMMC-2.0-MODEL,Cybersecurity Maturity Model Certification (CMMC) Model Overview v2.13,Compliance Frameworks,Standard,governance,2,all,Protect organizational systems containing CUI during and after personnel actions such as terminations and transfers.,Protect organizational systems containing CUI during and after personnel actions such as terminations and transfers.,"Section 2.4.1, PS.L2-3.9.2",https://dodcio.defense.gov/CMMC/Documentation/,high,qwen3.5:27b,2026-04-25,deprecated,2026-08-08,"evidence was a landing page (dodcio.defense.gov/CMMC/Documentation/), not the CMMC Model Overview document -- extracted requirement's evidence_quote is not found in the real source. No replacement fetched: the page's own links (Reform Memo, Suspension of Phase II memo) suggest the program is mid-restructuring and no Model Overview PDF is currently linked; guessing a filename returned 403 on every attempt. Needs a human-supplied document or a status decision."
CMMC-2.0-MODEL,Cybersecurity Maturity Model Certification (CMMC) Model Overview v2.13,Compliance Frameworks,Standard,governance,2,all,"Periodically assess the risk to organizational operations, assets, and individuals resulting from the operation of organizational systems.","Periodically assess the risk to organizational operations (including mission, functions, image, or reputation), organizational assets, and individuals, resulting from the operation of organizational systems and the associated processing, storage, or transmission of CUI.","Section 2.4.1, RA.L2-3.11.1",https://dodcio.defense.gov/CMMC/Documentation/,high,qwen3.5:27b,2026-04-25,deprecated,2026-08-08,"evidence was a landing page (dodcio.defense.gov/CMMC/Documentation/), not the CMMC Model Overview document -- extracted requirement's evidence_quote is not found in the real source. No replacement fetched: the page's own links (Reform Memo, Suspension of Phase II memo) suggest the program is mid-restructuring and no Model Overview PDF is currently linked; guessing a filename returned 403 on every attempt. Needs a human-supplied document or a status decision."
CMMC-2.0-MODEL,Cybersecurity Maturity Model Certification (CMMC) Model Overview v2.13,Compliance Frameworks,Standard,governance,3,all,"Document or reference in the system security plan the security solution selected, the rationale, and the risk determination.","Document or reference in the system security plan the security solution selected, the rationale for the security solution, and the risk determination.","Section 2.4.1, RA.L3-3.11.4e",https://dodcio.defense.gov/CMMC/Documentation/,high,qwen3.5:27b,2026-04-25,deprecated,2026-08-08,"evidence was a landing page (dodcio.defense.gov/CMMC/Documentation/), not the CMMC Model Overview document -- extracted requirement's evidence_quote is not found in the real source. No replacement fetched: the page's own links (Reform Memo, Suspension of Phase II memo) suggest the program is mid-restructuring and no Model Overview PDF is currently linked; guessing a filename returned 403 on every attempt. Needs a human-supplied document or a status decision."
CMMC-2.0-MODEL,Cybersecurity Maturity Model Certification (CMMC) Model Overview v2.13,Compliance Frameworks,Standard,governance,3,all,Develop a plan for managing supply chain risks associated with organizational systems and system components; update the plan at least annually.,"Develop a plan for managing supply chain risks associated with organizational systems and system components; update the plan at least annually, and upon receipt of relevant cyber threat information, or in response to a relevant cyber incident.","Section 2.4.1, RA.L3-3.11.7e",https://dodcio.defense.gov/CMMC/Documentation/,high,qwen3.5:27b,2026-04-25,deprecated,2026-08-08,"evidence was a landing page (dodcio.defense.gov/CMMC/Documentation/), not the CMMC Model Overview document -- extracted requirement's evidence_quote is not found in the real source. No replacement fetched: the page's own links (Reform Memo, Suspension of Phase II memo) suggest the program is mid-restructuring and no Model Overview PDF is currently linked; guessing a filename returned 403 on every attempt. Needs a human-supplied document or a status decision."
CMMC-2.0-MODEL,Cybersecurity Maturity Model Certification (CMMC) Model Overview v2.13,Compliance Frameworks,Standard,governance,3,all,"Establish and maintain a security operations center capability that operates 24/7, with allowance for remote/on-call staff.","Establish and maintain a security operations center capability that operates 24/7, with allowance for remote/on-call staff.","Section 2.4.1, IR.L3-3.6.1e",https://dodcio.defense.gov/CMMC/Documentation/,high,qwen3.5:27b,2026-04-25,deprecated,2026-08-08,"evidence was a landing page (dodcio.defense.gov/CMMC/Documentation/), not the CMMC Model Overview document -- extracted requirement's evidence_quote is not found in the real source. No replacement fetched: the page's own links (Reform Memo, Suspension of Phase II memo) suggest the program is mid-restructuring and no Model Overview PDF is currently linked; guessing a filename returned 403 on every attempt. Needs a human-supplied document or a status decision."
CMMC-2.0-MODEL,Cybersecurity Maturity Model Certification (CMMC) Model Overview v2.13,Compliance Frameworks,Standard,governance,3,all,Establish and maintain a cyber incident response team that can be deployed by the organization within 24 hours.,Establish and maintain a cyber incident response team that can be deployed by the organization within 24 hours.,"Section 2.4.1, IR.L3-3.6.2e",https://dodcio.defense.gov/CMMC/Documentation/,high,qwen3.5:27b,2026-04-25,deprecated,2026-08-08,"evidence was a landing page (dodcio.defense.gov/CMMC/Documentation/), not the CMMC Model Overview document -- extracted requirement's evidence_quote is not found in the real source. No replacement fetched: the page's own links (Reform Memo, Suspension of Phase II memo) suggest the program is mid-restructuring and no Model Overview PDF is currently linked; guessing a filename returned 403 on every attempt. Needs a human-supplied document or a status decision."
CMMC-2.0-MODEL,Cybersecurity Maturity Model Certification (CMMC) Model Overview v2.13,Compliance Frameworks,Standard,governance,3,all,Establish and maintain an authoritative source and repository to provide a trusted source and accountability for approved and implemented system components.,Establish and maintain an authoritative source and repository to provide a trusted source and accountability for approved and implemented system components.,"Section 2.4.1, CM.L3-3.4.1e",https://dodcio.defense.gov/CMMC/Documentation/,high,qwen3.5:27b,2026-04-25,deprecated,2026-08-08,"evidence was a landing page (dodcio.defense.gov/CMMC/Documentation/), not the CMMC Model Overview document -- extracted requirement's evidence_quote is not found in the real source. No replacement fetched: the page's own links (Reform Memo, Suspension of Phase II memo) suggest the program is mid-restructuring and no Model Overview PDF is currently linked; guessing a filename returned 403 on every attempt. Needs a human-supplied document or a status decision."
NZISM-V3-9,New Zealand Information Security Manual (NZISM) v3.9 — November 2025,Compliance Frameworks,Standard,governance,2,all,Assign the Agency Head as the Accreditation Authority accountable for ICT risks and information security.,The Agency Head is generally the Accreditation Authority for that agency for all systems and related services... The Agency Head remains accountable for ICT risks accepted and the information security of their agency.,1.1.13-1.1.14,https://nzism.gcsb.govt.nz/,high,qwen3.5:27b,2026-04-25,deprecated,2026-08-08,"evidence was the bare nzism.gcsb.govt.nz homepage, not the Information Security Manual -- extracted requirement's evidence_quote is not found in the real source. No replacement fetched: the live site returns 403 to automated fetch and its Wayback Machine snapshot is an empty JS-rendered shell with no content. Needs a human-supplied document or a status decision."
NZISM-V3-9,New Zealand Information Security Manual (NZISM) v3.9 — November 2025,Compliance Frameworks,Standard,governance,2,all,Designate a System Owner responsible for information resources and maintaining system accreditation.,A System Owner is the person within an agency responsible for the information resource and for the maintenance of system accreditation.,1.1.39,https://nzism.gcsb.govt.nz/,high,qwen3.5:27b,2026-04-25,deprecated,2026-08-08,"evidence was the bare nzism.gcsb.govt.nz homepage, not the Information Security Manual -- extracted requirement's evidence_quote is not found in the real source. No replacement fetched: the live site returns 403 to automated fetch and its Wayback Machine snapshot is an empty JS-rendered shell with no content. Needs a human-supplied document or a status decision."
NZISM-V3-9,New Zealand Information Security Manual (NZISM) v3.9 — November 2025,Compliance Frameworks,Standard,governance,2,all,Establish a formal Certification and Accreditation process to derive assurance over system design and management.,"Certification and accreditation of information systems is the fundamental governance process by which the risk owners and agency head derive assurance over the design, implementation and management of information systems.",1.1.18,https://nzism.gcsb.govt.nz/,high,qwen3.5:27b,2026-04-25,deprecated,2026-08-08,"evidence was the bare nzism.gcsb.govt.nz homepage, not the Information Security Manual -- extracted requirement's evidence_quote is not found in the real source. No replacement fetched: the live site returns 403 to automated fetch and its Wayback Machine snapshot is an empty JS-rendered shell with no content. Needs a human-supplied document or a status decision."
NZISM-V3-9,New Zealand Information Security Manual (NZISM) v3.9 — November 2025,Compliance Frameworks,Standard,governance,2,all,Require formal dispensation from the Accreditation Authority for any non-compliance with baseline controls.,System owners seeking a dispensation for non-compliance with any baseline controls in the NZISM MUST be granted a dispensation by their Accreditation Authority.,1.1.64.C.01,https://nzism.gcsb.govt.nz/,high,qwen3.5:27b,2026-04-25,deprecated,2026-08-08,"evidence was the bare nzism.gcsb.govt.nz homepage, not the Information Security Manual -- extracted requirement's evidence_quote is not found in the real source. No replacement fetched: the live site returns 403 to automated fetch and its Wayback Machine snapshot is an empty JS-rendered shell with no content. Needs a human-supplied document or a status decision."
NZISM-V3-9,New Zealand Information Security Manual (NZISM) v3.9 — November 2025,Compliance Frameworks,Standard,governance,2,all,"Document justification for non-compliance including risk assessment, mitigations, and residual risk acceptance.",System owners seeking a dispensation for non-compliance with baseline controls MUST complete an agency risk assessment which documents: the reason(s) for not being able to comply... the alternative mitigation measure(s)... an assessment of the residual security risk(s).,1.1.65.C.01,https://nzism.gcsb.govt.nz/,high,qwen3.5:27b,2026-04-25,deprecated,2026-08-08,"evidence was the bare nzism.gcsb.govt.nz homepage, not the Information Security Manual -- extracted requirement's evidence_quote is not found in the real source. No replacement fetched: the live site returns 403 to automated fetch and its Wayback Machine snapshot is an empty JS-rendered shell with no content. Needs a human-supplied document or a status decision."
NZISM-V3-9,New Zealand Information Security Manual (NZISM) v3.9 — November 2025,Compliance Frameworks,Standard,governance,2,all,Consult originating agencies or foreign governments before deciding to be non-compliant with controls for shared information.,"If a system processes, stores or communicates classified information from another agency, that agency MUST be consulted before a decision to be non-compliant... is made.",1.1.66.C.01,https://nzism.gcsb.govt.nz/,high,qwen3.5:27b,2026-04-25,deprecated,2026-08-08,"evidence was the bare nzism.gcsb.govt.nz homepage, not the Information Security Manual -- extracted requirement's evidence_quote is not found in the real source. No replacement fetched: the live site returns 403 to automated fetch and its Wayback Machine snapshot is an empty JS-rendered shell with no content. Needs a human-supplied document or a status decision."
NZISM-V3-9,New Zealand Information Security Manual (NZISM) v3.9 — November 2025,Compliance Frameworks,Standard,governance,2,all,Formally consult interested parties before non-compliance with baseline controls for All-of-Government systems.,"If a system processes, stores or communicates data and information with multiple agencies or forms part of an All-of-Government system, interested parties MUST be formally consulted before non-compliance with any baseline controls.",1.1.67.C.01,https://nzism.gcsb.govt.nz/,high,qwen3.5:27b,2026-04-25,deprecated,2026-08-08,"evidence was the bare nzism.gcsb.govt.nz homepage, not the Information Security Manual -- extracted requirement's evidence_quote is not found in the real source. No replacement fetched: the live site returns 403 to automated fetch and its Wayback Machine snapshot is an empty JS-rendered shell with no content. Needs a human-supplied document or a status decision."
NZISM-V3-9,New Zealand Information Security Manual (NZISM) v3.9 — November 2025,Compliance Frameworks,Standard,governance,2,all,Retain records of risk assessments and decisions regarding non-compliance with baseline controls.,Agencies MUST retain a copy and maintain a record of the supporting risk assessment and decisions to be non-compliant with any baseline controls from the NZISM.,1.1.69.C.01,https://nzism.gcsb.govt.nz/,high,qwen3.5:27b,2026-04-25,deprecated,2026-08-08,"evidence was the bare nzism.gcsb.govt.nz homepage, not the Information Security Manual -- extracted requirement's evidence_quote is not found in the real source. No replacement fetched: the live site returns 403 to automated fetch and its Wayback Machine snapshot is an empty JS-rendered shell with no content. Needs a human-supplied document or a status decision."
NZISM-V3-9,New Zealand Information Security Manual (NZISM) v3.9 — November 2025,Compliance Frameworks,Standard,governance,2,all,Formally record and acknowledge residual risk when good practice controls are not implemented.,"Where good and recommended practice controls are NOT implemented, agencies MUST record and formally recognise that non-use of any controls without due consideration may increase residual risk for the agency. This residual risk MUST be agreed and acknowledged by the Accreditation Authority.",1.1.69.C.02,https://nzism.gcsb.govt.nz/,high,qwen3.5:27b,2026-04-25,deprecated,2026-08-08,"evidence was the bare nzism.gcsb.govt.nz homepage, not the Information Security Manual -- extracted requirement's evidence_quote is not found in the real source. No replacement fetched: the live site returns 403 to automated fetch and its Wayback Machine snapshot is an empty JS-rendered shell with no content. Needs a human-supplied document or a status decision."
NZISM-V3-9,New Zealand Information Security Manual (NZISM) v3.9 — November 2025,Compliance Frameworks,Standard,assurance,2,all,Review decisions to be non-compliant with controls at least annually to ensure risk remains acceptable.,Agencies SHOULD review decisions to be non-compliant with any controls at least annually.,1.1.68.C.01,https://nzism.gcsb.govt.nz/,high,qwen3.5:27b,2026-04-25,deprecated,2026-08-08,"evidence was the bare nzism.gcsb.govt.nz homepage, not the Information Security Manual -- extracted requirement's evidence_quote is not found in the real source. No replacement fetched: the live site returns 403 to automated fetch and its Wayback Machine snapshot is an empty JS-rendered shell with no content. Needs a human-supplied document or a status decision."
Canada CSE PQC Guidance,Roadmap for the migration to post-quantum cryptography for the Government of Canada (ITSM.40.001),Compliance Frameworks,Guidance,governance,3,all,"Establish a departmental PQC migration plan with a dedicated executive lead (DOCS) and technical lead to ensure oversight, accountability, and cross-departmental coordination.","The departmental PQC migration plan must identify individuals responsible for various tasks... We recommend the DOCS, or a delegated executive official, be assigned the role of PQC Migration Executive Lead to provide: oversight, accountability, executive support.",Section 3.1.1 Roles and responsibilities,https://www.cyber.gc.ca/sites/default/files/itsm.40.001-migration-post-quantum-cryptography-government-canada-e.pdf,high,qwen3.6:27b-q8_0,2026-08-08,active,,
Canada CSE PQC Guidance,Roadmap for the migration to post-quantum cryptography for the Government of Canada (ITSM.40.001),Compliance Frameworks,Guidance,governance,3,all,"Include financial planning, education strategy, and procurement policies in the migration plan to support resource allocation and staff awareness of quantum threats.","The initial version of the departmental PQC migration plan should establish the individuals responsible for the following: execution of the plan, financial planning, education strategy... procurement policies for new equipment.",Section 3.1 Preparation,https://www.cyber.gc.ca/sites/default/files/itsm.40.001-migration-post-quantum-cryptography-government-canada-e.pdf,high,qwen3.6:27b-q8_0,2026-08-08,active,,
Canada CSE PQC Guidance,Roadmap for the migration to post-quantum cryptography for the Government of Canada (ITSM.40.001),Compliance Frameworks,Guidance,governance,3,all,"Mandate PQC compliance in procurement contracts, requiring vendors to support Cyber Centre recommendations and ensuring cryptographic modules are certified.",contracts have clauses to ensure that the vendor will include support for PQC that is compliant with Cyber Centre recommendations... cryptographic modules have been certified by the Cryptographic Module Validation Program,Section 3.1.4 Procurement policies,https://www.cyber.gc.ca/sites/default/files/itsm.40.001-migration-post-quantum-cryptography-government-canada-e.pdf,high,qwen3.6:27b-q8_0,2026-08-08,active,,
Canada CSE PQC Guidance,Roadmap for the migration to post-quantum cryptography for the Government of Canada (ITSM.40.001),Compliance Frameworks,Guidance,inventory,3,all,"Conduct cryptographic discovery to build an inventory of systems using cryptography, including components, versions, security controls, and hosting platforms.","The information gathered in this phase will be used to create an inventory that should include the following information per system: system components employing cryptography, vendor and product version... security controls that rely upon the identified cryptography",Section 3.2 Identification,https://www.cyber.gc.ca/sites/default/files/itsm.40.001-migration-post-quantum-cryptography-government-canada-e.pdf,high,qwen3.6:27b-q8_0,2026-08-08,active,,
Canada CSE PQC Guidance,Roadmap for the migration to post-quantum cryptography for the Government of Canada (ITSM.40.001),Compliance Frameworks,Guidance,inventory,3,all,"Prioritize systems for migration based on risk assessment, specifically targeting those susceptible to 'harvest now, decrypt later' threats and protecting confidentiality in transit.","Departments must identify systems that are a high priority for migrating to PQC. Systems protecting the confidentiality of information in transit over public network zones may be at risk earlier... due to the harvest now, decrypt later (HNDL) threat.",Section 3.2 Identification,https://www.cyber.gc.ca/sites/default/files/itsm.40.001-migration-post-quantum-cryptography-government-canada-e.pdf,high,qwen3.6:27b-q8_0,2026-08-08,active,,
Canada CSE PQC Guidance,Roadmap for the migration to post-quantum cryptography for the Government of Canada (ITSM.40.001),Compliance Frameworks,Guidance,lifecycle,3,all,"Integrate PQC transition activities into existing IT change management processes, including impact assessments, rollback playbooks, and staging environments for testing.","The plan for each system... should be integrated with existing IT change management processes to ensure proper preparation including: an impact assessment, a rollback playbook, a staging environment for testing changes",Section 3.3 Transition,https://www.cyber.gc.ca/sites/default/files/itsm.40.001-migration-post-quantum-cryptography-government-canada-e.pdf,high,qwen3.6:27b-q8_0,2026-08-08,active,,
Canada CSE PQC Guidance,Roadmap for the migration to post-quantum cryptography for the Government of Canada (ITSM.40.001),Compliance Frameworks,Guidance,lifecycle,3,all,"Plan for backwards compatibility during transition, supporting PQC while maintaining legacy cryptography, followed by a second stage to disable vulnerable algorithms.","Many systems will need to maintain backwards compatibility... The first stage for a system transition may be to support the use of PQC, followed by a second stage to disable the vulnerable, legacy cryptography.",Section 3.3 Transition,https://www.cyber.gc.ca/sites/default/files/itsm.40.001-migration-post-quantum-cryptography-government-canada-e.pdf,high,qwen3.6:27b-q8_0,2026-08-08,active,,
Canada CSE PQC Guidance,Roadmap for the migration to post-quantum cryptography for the Government of Canada (ITSM.40.001),Compliance Frameworks,Guidance,assurance,3,all,"Report on PQC migration progress annually to TBS starting April 2026, ensuring accountability and compliance with government-wide milestones.",Beginning April 2026 and annually after: Report on PQC migration progress... Reporting on departmental progress and on the activities needed to complete the migration to PQC will be requested and collected by TBS,Section 4 Milestones and deliverables; Section 5.2 Reporting on progress,https://www.cyber.gc.ca/sites/default/files/itsm.40.001-migration-post-quantum-cryptography-government-canada-e.pdf,high,qwen3.6:27b-q8_0,2026-08-08,active,,
Canada CSE PQC Guidance,Roadmap for the migration to post-quantum cryptography for the Government of Canada (ITSM.40.001),Compliance Frameworks,Guidance,assurance,3,all,"Complete migration of high-priority systems by end of 2031 and remaining systems by end of 2035, ensuring quantum-vulnerable algorithms are disabled, isolated, or tunnelled.","End of 2031: Completion of PQC migration of high priority systems... End of 2035: Completion of PQC migration of remaining systems... implies that quantum-vulnerable algorithms are disabled, isolated or tunnelled.",Section 4 Milestones and deliverables,https://www.cyber.gc.ca/sites/default/files/itsm.40.001-migration-post-quantum-cryptography-government-canada-e.pdf,high,qwen3.6:27b-q8_0,2026-08-08,active,,
FIPS-198,"FIPS 198-1, The Keyed-Hash Message Authentication Code (HMAC)",Technical Standards,,assurance,3,libraries,Implement HMAC using cryptographic algorithms and key management techniques approved for protecting Federal government sensitive information.,"HMAC implementations that comply with this Standard shall employ cryptographic algorithms, cryptographic key generation algorithms and key management techniques that have been approved for protecting Federal government sensitive information.",Section 9,https://nvlpubs.nist.gov/nistpubs/FIPS/NIST.FIPS.198-1.pdf,high,qwen3.6:27b-q8_0,2026-08-08,active,,
FIPS-198,"FIPS 198-1, The Keyed-Hash Message Authentication Code (HMAC)",Technical Standards,,assurance,3,libraries,Use an Approved cryptographic hash function for HMAC calculations.,HMAC shall use an Approved cryptographic hash function [FIPS 180-3].,Section 1,https://nvlpubs.nist.gov/nistpubs/FIPS/NIST.FIPS.198-1.pdf,high,qwen3.6:27b-q8_0,2026-08-08,active,,
FIPS-198,"FIPS 198-1, The Keyed-Hash Message Authentication Code (HMAC)",Technical Standards,,lifecycle,2,keys,Ensure keys used for HMAC applications are not used for other purposes.,Agencies are advised that keys used for HMAC applications should not be used for other purposes.,Section 8,https://nvlpubs.nist.gov/nistpubs/FIPS/NIST.FIPS.198-1.pdf,medium,qwen3.6:27b-q8_0,2026-08-08,active,,
FIPS-198,"FIPS 198-1, The Keyed-Hash Message Authentication Code (HMAC)",Technical Standards,,lifecycle,3,keys,Hash keys longer than the block size using the Approved hash function before use in HMAC.,"When an application uses a K longer than B-bytes, then it shall first hash the K using H and then use the resultant L-byte string as the key K0",Section 3,https://nvlpubs.nist.gov/nistpubs/FIPS/NIST.FIPS.198-1.pdf,high,qwen3.6:27b-q8_0,2026-08-08,active,,
FIPS-198,"FIPS 198-1, The Keyed-Hash Message Authentication Code (HMAC)",Technical Standards,,lifecycle,3,keys,Use only the leftmost bits of the HMAC output when truncation is applied.,"When truncation is used, the λ leftmost bits of the output of the HMAC function shall be used as the MAC.",Section 5,https://nvlpubs.nist.gov/nistpubs/FIPS/NIST.FIPS.198-1.pdf,high,qwen3.6:27b-q8_0,2026-08-08,active,,
FIPS-198,"FIPS 198-1, The Keyed-Hash Message Authentication Code (HMAC)",Technical Standards,,assurance,2,software,Ensure modules containing HMAC implementations are designed and built in a secure manner.,It is the responsibility of the implementer to ensure that any module containing an HMAC implementation is designed and built in a secure manner.,Section 12,https://nvlpubs.nist.gov/nistpubs/FIPS/NIST.FIPS.198-1.pdf,medium,qwen3.6:27b-q8_0,2026-08-08,active,,
Canada CSE PQC Guidance,Guidance on Post-Quantum Cryptography,Compliance Frameworks,Guidance,governance,2,all,"Establish a departmental PQC migration plan identifying roles, financial planning, and education strategy.",The initial version of the departmental PQC migration plan should establish the individuals responsible for the following: execution of the plan financial planning education strategy to inform staff on the quantum threat...,Section 3.1 Preparation,https://www.cyber.gc.ca/en/guidance/roadmap-migration-post-quantum-cryptography-government-canada-itsm40001,high,qwen3.5:27b,2026-04-23,deprecated,2026-08-08,"evidence was a real PDF cached under a .html filename -- the pipeline's extractor dispatched on file extension, fed raw PDF bytes into the HTML parser, and produced binary-as-text garbage from which this requirement's evidence_quote is not found in the real source. Fixed by sniffing magic bytes instead of trusting the extension; superseded by re-extraction against the real document (same date)."
Canada CSE PQC Guidance,Guidance on Post-Quantum Cryptography,Compliance Frameworks,Guidance,governance,2,all,Assign a PQC Migration Executive Lead to provide oversight and accountability for the migration plan.,"We recommend the DOCS , or a delegated executive official, be assigned the role of PQC Migration Executive Lead to provide: oversight accountability executive support for the execution of the departmental PQC migration plan",Section 3.1.1 Roles and responsibilities,https://www.cyber.gc.ca/en/guidance/roadmap-migration-post-quantum-cryptography-government-canada-itsm40001,high,qwen3.5:27b,2026-04-23,deprecated,2026-08-08,"evidence was a real PDF cached under a .html filename -- the pipeline's extractor dispatched on file extension, fed raw PDF bytes into the HTML parser, and produced binary-as-text garbage from which this requirement's evidence_quote is not found in the real source. Fixed by sniffing magic bytes instead of trusting the extension; superseded by re-extraction against the real document (same date)."
Canada CSE PQC Guidance,Guidance on Post-Quantum Cryptography,Compliance Frameworks,Guidance,governance,2,all,Include senior management in the migration committee to ensure executive buy-in and support.,The committee should consist of stakeholders throughout the organization and should include at least one member from senior management to ensure executive buy in and support.,Section 3.1 Preparation,https://www.cyber.gc.ca/en/guidance/roadmap-migration-post-quantum-cryptography-government-canada-itsm40001,high,qwen3.5:27b,2026-04-23,deprecated,2026-08-08,"evidence was a real PDF cached under a .html filename -- the pipeline's extractor dispatched on file extension, fed raw PDF bytes into the HTML parser, and produced binary-as-text garbage from which this requirement's evidence_quote is not found in the real source. Fixed by sniffing magic bytes instead of trusting the extension; superseded by re-extraction against the real document (same date)."
Canada CSE PQC Guidance,Guidance on Post-Quantum Cryptography,Compliance Frameworks,Guidance,governance,2,all,Define procurement policies requiring PQC support and cryptographic module certification in new contracts.,contracts have clauses to ensure that the vendor will include support for PQC that is compliant with Cyber Centre recommendations... cryptographic modules have been certified by the Cryptographic Module Validation Program,Section 3.1.4 Procurement policies,https://www.cyber.gc.ca/en/guidance/roadmap-migration-post-quantum-cryptography-government-canada-itsm40001,high,qwen3.5:27b,2026-04-23,deprecated,2026-08-08,"evidence was a real PDF cached under a .html filename -- the pipeline's extractor dispatched on file extension, fed raw PDF bytes into the HTML parser, and produced binary-as-text garbage from which this requirement's evidence_quote is not found in the real source. Fixed by sniffing magic bytes instead of trusting the extension; superseded by re-extraction against the real document (same date)."
Canada CSE PQC Guidance,Guidance on Post-Quantum Cryptography,Compliance Frameworks,Guidance,governance,2,all,Report on PQC migration progress annually starting April 2026 to ensure accountability.,Beginning April 2026 and annually after: Report on PQC migration progress,Section 4 Milestones and deliverables,https://www.cyber.gc.ca/en/guidance/roadmap-migration-post-quantum-cryptography-government-canada-itsm40001,high,qwen3.5:27b,2026-04-23,deprecated,2026-08-08,"evidence was a real PDF cached under a .html filename -- the pipeline's extractor dispatched on file extension, fed raw PDF bytes into the HTML parser, and produced binary-as-text garbage from which this requirement's evidence_quote is not found in the real source. Fixed by sniffing magic bytes instead of trusting the extension; superseded by re-extraction against the real document (same date)."
Canada CSE PQC Guidance,Guidance on Post-Quantum Cryptography,Compliance Frameworks,Guidance,inventory,2,all,"Develop an inventory of systems employing cryptography including components, versions, and dependencies.",The information gathered in this phase will be used to create an inventory that should include the following information per system: system components employing cryptography vendor and product version for each of the components...,Section 3.2 Identification,https://www.cyber.gc.ca/en/guidance/roadmap-migration-post-quantum-cryptography-government-canada-itsm40001,high,qwen3.5:27b,2026-04-23,deprecated,2026-08-08,"evidence was a real PDF cached under a .html filename -- the pipeline's extractor dispatched on file extension, fed raw PDF bytes into the HTML parser, and produced binary-as-text garbage from which this requirement's evidence_quote is not found in the real source. Fixed by sniffing magic bytes instead of trusting the extension; superseded by re-extraction against the real document (same date)."
Canada CSE PQC Guidance,Guidance on Post-Quantum Cryptography,Compliance Frameworks,Guidance,inventory,2,all,"Prioritize systems susceptible to harvest now, decrypt later threats for immediate migration.",It is recommended that any systems susceptible to a HNDL threat be a high priority for migrating to PQC .,Section 3.2 Identification,https://www.cyber.gc.ca/en/guidance/roadmap-migration-post-quantum-cryptography-government-canada-itsm40001,high,qwen3.5:27b,2026-04-23,deprecated,2026-08-08,"evidence was a real PDF cached under a .html filename -- the pipeline's extractor dispatched on file extension, fed raw PDF bytes into the HTML parser, and produced binary-as-text garbage from which this requirement's evidence_quote is not found in the real source. Fixed by sniffing magic bytes instead of trusting the extension; superseded by re-extraction against the real document (same date)."
Canada CSE PQC Guidance,Guidance on Post-Quantum Cryptography,Compliance Frameworks,Guidance,lifecycle,2,all,Integrate PQC transition plans with existing IT change management processes including impact assessment and rollback playbooks.,The plan for each system will typically require multiple stages and should be integrated with existing IT change management processes to ensure proper preparation including: an impact assessment a rollback playbook...,Section 3.3 Transition,https://www.cyber.gc.ca/en/guidance/roadmap-migration-post-quantum-cryptography-government-canada-itsm40001,high,qwen3.5:27b,2026-04-23,deprecated,2026-08-08,"evidence was a real PDF cached under a .html filename -- the pipeline's extractor dispatched on file extension, fed raw PDF bytes into the HTML parser, and produced binary-as-text garbage from which this requirement's evidence_quote is not found in the real source. Fixed by sniffing magic bytes instead of trusting the extension; superseded by re-extraction against the real document (same date)."
Canada CSE PQC Guidance,Guidance on Post-Quantum Cryptography,Compliance Frameworks,Guidance,lifecycle,2,all,Complete PQC migration of high priority systems by the end of 2031.,End of 2031: Completion of PQC migration of high priority systems,Section 4 Milestones and deliverables,https://www.cyber.gc.ca/en/guidance/roadmap-migration-post-quantum-cryptography-government-canada-itsm40001,high,qwen3.5:27b,2026-04-23,deprecated,2026-08-08,"evidence was a real PDF cached under a .html filename -- the pipeline's extractor dispatched on file extension, fed raw PDF bytes into the HTML parser, and produced binary-as-text garbage from which this requirement's evidence_quote is not found in the real source. Fixed by sniffing magic bytes instead of trusting the extension; superseded by re-extraction against the real document (same date)."
Canada CSE PQC Guidance,Guidance on Post-Quantum Cryptography,Compliance Frameworks,Guidance,lifecycle,2,all,Complete PQC migration of remaining systems by the end of 2035.,End of 2035: Completion of PQC migration of remaining systems,Section 4 Milestones and deliverables,https://www.cyber.gc.ca/en/guidance/roadmap-migration-post-quantum-cryptography-government-canada-itsm40001,high,qwen3.5:27b,2026-04-23,deprecated,2026-08-08,"evidence was a real PDF cached under a .html filename -- the pipeline's extractor dispatched on file extension, fed raw PDF bytes into the HTML parser, and produced binary-as-text garbage from which this requirement's evidence_quote is not found in the real source. Fixed by sniffing magic bytes instead of trusting the extension; superseded by re-extraction against the real document (same date)."
Canada CSE PQC Guidance,Guidance on Post-Quantum Cryptography,Compliance Frameworks,Guidance,assurance,2,all,Ensure cryptographic modules used in procurements are certified by the Cryptographic Module Validation Program.,cryptographic modules have been certified by the Cryptographic Module Validation Program,Section 3.1.4 Procurement policies,https://www.cyber.gc.ca/en/guidance/roadmap-migration-post-quantum-cryptography-government-canada-itsm40001,high,qwen3.5:27b,2026-04-23,deprecated,2026-08-08,"evidence was a real PDF cached under a .html filename -- the pipeline's extractor dispatched on file extension, fed raw PDF bytes into the HTML parser, and produced binary-as-text garbage from which this requirement's evidence_quote is not found in the real source. Fixed by sniffing magic bytes instead of trusting the extension; superseded by re-extraction against the real document (same date)."
KMIP-V2-1-OASIS,Key Management Interoperability Protocol (KMIP) Version 2.1,Technical Standards,Protocols,governance,2,keys,Define and enforce cryptographic usage masks to restrict key operations to authorized purposes.,Cryptographic Usage Mask: This attribute is used to indicate the cryptographic operations that are permitted for the object.,Section 4.17,https://docs.oasis-open.org/kmip/kmip-spec/v2.1/os/kmip-spec-v2.1-os.html,high,qwen3.5:27b,2026-04-24,deprecated,2026-08-08,"evidence_quote not found anywhere in the real document -- extraction was run against only the first 15,000 characters, which is entirely the table of contents (the first real definitional sentence is at char offset 57,361 of 402,328). A one-off re-extraction past the ToC returned zero requirements (correctly -- KMIP's attribute definitions are protocol semantics, not organisational SHALL-type obligations). No replacement rows written; needs either a larger extraction budget or targeted section selection (e.g. a Conformance clause) as follow-up work, not a guess."
KMIP-V2-1-OASIS,Key Management Interoperability Protocol (KMIP) Version 2.1,Technical Standards,Protocols,governance,2,keys,Establish policies for key extraction restrictions to prevent unauthorized key material exposure.,Extractable: This attribute indicates whether the key value of the object can be extracted from the server.,Section 4.23,https://docs.oasis-open.org/kmip/kmip-spec/v2.1/os/kmip-spec-v2.1-os.html,high,qwen3.5:27b,2026-04-24,deprecated,2026-08-08,"evidence_quote not found anywhere in the real document -- extraction was run against only the first 15,000 characters, which is entirely the table of contents (the first real definitional sentence is at char offset 57,361 of 402,328). A one-off re-extraction past the ToC returned zero requirements (correctly -- KMIP's attribute definitions are protocol semantics, not organisational SHALL-type obligations). No replacement rows written; needs either a larger extraction budget or targeted section selection (e.g. a Conformance clause) as follow-up work, not a guess."
KMIP-V2-1-OASIS,Key Management Interoperability Protocol (KMIP) Version 2.1,Technical Standards,Protocols,governance,2,keys,Implement access controls by defining rights and roles for key management operations.,Rights: This attribute is used to indicate the rights that are associated with the object.,Section 7.35,https://docs.oasis-open.org/kmip/kmip-spec/v2.1/os/kmip-spec-v2.1-os.html,high,qwen3.5:27b,2026-04-24,deprecated,2026-08-08,"evidence_quote not found anywhere in the real document -- extraction was run against only the first 15,000 characters, which is entirely the table of contents (the first real definitional sentence is at char offset 57,361 of 402,328). A one-off re-extraction past the ToC returned zero requirements (correctly -- KMIP's attribute definitions are protocol semantics, not organisational SHALL-type obligations). No replacement rows written; needs either a larger extraction budget or targeted section selection (e.g. a Conformance clause) as follow-up work, not a guess."
KMIP-V2-1-OASIS,Key Management Interoperability Protocol (KMIP) Version 2.1,Technical Standards,Protocols,lifecycle,3,keys,Automate key rotation by configuring rotate interval and automatic rotation attributes.,Rotate Automatic: This attribute indicates whether the object is to be rotated automatically.,Section 4.48,https://docs.oasis-open.org/kmip/kmip-spec/v2.1/os/kmip-spec-v2.1-os.html,high,qwen3.5:27b,2026-04-24,deprecated,2026-08-08,"evidence_quote not found anywhere in the real document -- extraction was run against only the first 15,000 characters, which is entirely the table of contents (the first real definitional sentence is at char offset 57,361 of 402,328). A one-off re-extraction past the ToC returned zero requirements (correctly -- KMIP's attribute definitions are protocol semantics, not organisational SHALL-type obligations). No replacement rows written; needs either a larger extraction budget or targeted section selection (e.g. a Conformance clause) as follow-up work, not a guess."
KMIP-V2-1-OASIS,Key Management Interoperability Protocol (KMIP) Version 2.1,Technical Standards,Protocols,lifecycle,3,keys,Enforce key destruction schedules by setting destroy dates and executing destroy operations.,Destroy Date: This attribute indicates the date and time when the object is to be destroyed.,Section 4.20,https://docs.oasis-open.org/kmip/kmip-spec/v2.1/os/kmip-spec-v2.1-os.html,high,qwen3.5:27b,2026-04-24,deprecated,2026-08-08,"evidence_quote not found anywhere in the real document -- extraction was run against only the first 15,000 characters, which is entirely the table of contents (the first real definitional sentence is at char offset 57,361 of 402,328). A one-off re-extraction past the ToC returned zero requirements (correctly -- KMIP's attribute definitions are protocol semantics, not organisational SHALL-type obligations). No replacement rows written; needs either a larger extraction budget or targeted section selection (e.g. a Conformance clause) as follow-up work, not a guess."
KMIP-V2-1-OASIS,Key Management Interoperability Protocol (KMIP) Version 2.1,Technical Standards,Protocols,lifecycle,3,keys,"Manage key state transitions including activation, deactivation, and compromise handling.",State: This attribute indicates the state of the object.,Section 4.57,https://docs.oasis-open.org/kmip/kmip-spec/v2.1/os/kmip-spec-v2.1-os.html,high,qwen3.5:27b,2026-04-24,deprecated,2026-08-08,"evidence_quote not found anywhere in the real document -- extraction was run against only the first 15,000 characters, which is entirely the table of contents (the first real definitional sentence is at char offset 57,361 of 402,328). A one-off re-extraction past the ToC returned zero requirements (correctly -- KMIP's attribute definitions are protocol semantics, not organisational SHALL-type obligations). No replacement rows written; needs either a larger extraction budget or targeted section selection (e.g. a Conformance clause) as follow-up work, not a guess."
KMIP-V2-1-OASIS,Key Management Interoperability Protocol (KMIP) Version 2.1,Technical Standards,Protocols,observability,3,keys,Enable audit logging of key management operations to detect policy drift and unauthorized access.,Log: This operation is used to log a message to the server.,Section 6.1.29,https://docs.oasis-open.org/kmip/kmip-spec/v2.1/os/kmip-spec-v2.1-os.html,high,qwen3.5:27b,2026-04-24,deprecated,2026-08-08,"evidence_quote not found anywhere in the real document -- extraction was run against only the first 15,000 characters, which is entirely the table of contents (the first real definitional sentence is at char offset 57,361 of 402,328). A one-off re-extraction past the ToC returned zero requirements (correctly -- KMIP's attribute definitions are protocol semantics, not organisational SHALL-type obligations). No replacement rows written; needs either a larger extraction budget or targeted section selection (e.g. a Conformance clause) as follow-up work, not a guess."
KMIP-V2-1-OASIS,Key Management Interoperability Protocol (KMIP) Version 2.1,Technical Standards,Protocols,observability,2,keys,Track key usage limits and monitor for threshold breaches to ensure compliance.,Usage Limits: This attribute is used to indicate the usage limits for the object.,Section 4.59,https://docs.oasis-open.org/kmip/kmip-spec/v2.1/os/kmip-spec-v2.1-os.html,high,qwen3.5:27b,2026-04-24,deprecated,2026-08-08,"evidence_quote not found anywhere in the real document -- extraction was run against only the first 15,000 characters, which is entirely the table of contents (the first real definitional sentence is at char offset 57,361 of 402,328). A one-off re-extraction past the ToC returned zero requirements (correctly -- KMIP's attribute definitions are protocol semantics, not organisational SHALL-type obligations). No replacement rows written; needs either a larger extraction budget or targeted section selection (e.g. a Conformance clause) as follow-up work, not a guess."
KMIP-V2-1-OASIS,Key Management Interoperability Protocol (KMIP) Version 2.1,Technical Standards,Protocols,inventory,3,keys,Maintain a complete inventory of cryptographic objects by querying and locating all managed keys.,Locate: This operation is used to locate objects that match the specified criteria.,Section 6.1.28,https://docs.oasis-open.org/kmip/kmip-spec/v2.1/os/kmip-spec-v2.1-os.html,high,qwen3.5:27b,2026-04-24,deprecated,2026-08-08,"evidence_quote not found anywhere in the real document -- extraction was run against only the first 15,000 characters, which is entirely the table of contents (the first real definitional sentence is at char offset 57,361 of 402,328). A one-off re-extraction past the ToC returned zero requirements (correctly -- KMIP's attribute definitions are protocol semantics, not organisational SHALL-type obligations). No replacement rows written; needs either a larger extraction budget or targeted section selection (e.g. a Conformance clause) as follow-up work, not a guess."
KMIP-V2-1-OASIS,Key Management Interoperability Protocol (KMIP) Version 2.1,Technical Standards,Protocols,inventory,2,keys,Categorize cryptographic assets using object groups and types for effective estate management.,Object Group: This attribute is used to indicate the group to which the object belongs.,Section 4.35,https://docs.oasis-open.org/kmip/kmip-spec/v2.1/os/kmip-spec-v2.1-os.html,high,qwen3.5:27b,2026-04-24,deprecated,2026-08-08,"evidence_quote not found anywhere in the real document -- extraction was run against only the first 15,000 characters, which is entirely the table of contents (the first real definitional sentence is at char offset 57,361 of 402,328). A one-off re-extraction past the ToC returned zero requirements (correctly -- KMIP's attribute definitions are protocol semantics, not organisational SHALL-type obligations). No replacement rows written; needs either a larger extraction budget or targeted section selection (e.g. a Conformance clause) as follow-up work, not a guess."
CMMC-2.0-MODEL,Cybersecurity Maturity Model Certification (CMMC) Model Overview v2.13,Compliance Frameworks,Standard,governance,2,keys,Establish and manage cryptographic keys for cryptography employed in organizational systems.,SC.L2-3.13.10 Key Management Establish and manage cryptographic keys for cryptography employed in organizational systems.,"Section 2.4.1, SC.L2-3.13.10",https://dodcio.defense.gov/CMMC/Documentation/,high,qwen3.6:27b-q8_0,2026-08-08,active,,
CMMC-2.0-MODEL,Cybersecurity Maturity Model Certification (CMMC) Model Overview v2.13,Compliance Frameworks,Standard,governance,2,software,Employ FIPS-validated cryptography when used to protect the confidentiality of CUI.,SC.L2-3.13.11 CUI Encryption Employ FIPS-validated cryptography when used to protect the confidentiality of CUI.,"Section 2.4.1, SC.L2-3.13.11",https://dodcio.defense.gov/CMMC/Documentation/,high,qwen3.6:27b-q8_0,2026-08-08,active,,
NZISM-V3-9,New Zealand Information Security Manual (NZISM) v3.9 — November 2025,Compliance Frameworks,Standard,governance,3,all,"System owners MUST obtain formal dispensation from the Accreditation Authority for any non-compliance with baseline controls, including cryptographic requirements.",System owners seeking a dispensation for non-compliance with any baseline controls in the NZISM MUST be granted a dispensation by their Accreditation Authority.,1.1.64.C.01,https://nzism.gcsb.govt.nz/,high,qwen3.6:27b-q8_0,2026-08-08,active,,
NZISM-V3-9,New Zealand Information Security Manual (NZISM) v3.9 — November 2025,Compliance Frameworks,Standard,governance,3,all,"System owners MUST complete a risk assessment documenting reasons for non-compliance, alternative mitigations, and residual risk before seeking dispensation.",System owners seeking a dispensation for non-compliance with baseline controls MUST complete an agency risk assessment which documents: the reason(s) for not being able to comply...,1.1.65.C.01,https://nzism.gcsb.govt.nz/,high,qwen3.6:27b-q8_0,2026-08-08,active,,
NZISM-V3-9,New Zealand Information Security Manual (NZISM) v3.9 — November 2025,Compliance Frameworks,Standard,governance,3,all,Agencies MUST consult originating agencies or foreign governments before deciding to be non-compliant with controls for systems processing their classified information.,"If a system processes, stores or communicates classified information from another agency, that agency MUST be consulted before a decision to be non-compliant... is made.",1.1.66.C.01,https://nzism.gcsb.govt.nz/,high,qwen3.6:27b-q8_0,2026-08-08,active,,
NZISM-V3-9,New Zealand Information Security Manual (NZISM) v3.9 — November 2025,Compliance Frameworks,Standard,governance,3,all,Agencies MUST formally consult interested parties before deciding to be non-compliant with baseline controls for All-of-Government systems.,"If a system processes, stores or communicates data and information with multiple agencies or forms part of an All-of-Government system, interested parties MUST be formally consulted before non-compliance...",1.1.67.C.01,https://nzism.gcsb.govt.nz/,high,qwen3.6:27b-q8_0,2026-08-08,active,,
NZISM-V3-9,New Zealand Information Security Manual (NZISM) v3.9 — November 2025,Compliance Frameworks,Standard,assurance,3,all,Agencies MUST retain records of risk assessments and decisions regarding non-compliance with baseline controls to support governance and auditing.,Agencies MUST retain a copy and maintain a record of the supporting risk assessment and decisions to be non-compliant with any baseline controls from the NZISM.,1.1.69.C.01,https://nzism.gcsb.govt.nz/,high,qwen3.6:27b-q8_0,2026-08-08,active,,
NZISM-V3-9,New Zealand Information Security Manual (NZISM) v3.9 — November 2025,Compliance Frameworks,Standard,assurance,3,all,"Agencies MUST record and formally acknowledge residual risks when good practice controls are not implemented, with agreement from the Accreditation Authority.","Where good and recommended practice controls are NOT implemented, agencies MUST record and formally recognise that non-use of any controls without due consideration may increase residual risk...",1.1.69.C.02,https://nzism.gcsb.govt.nz/,high,qwen3.6:27b-q8_0,2026-08-08,active,,
NZISM-V3-9,New Zealand Information Security Manual (NZISM) v3.9 — November 2025,Compliance Frameworks,Standard,governance,2,all,Agencies SHOULD review decisions to be non-compliant with controls at least annually to ensure residual risk remains acceptable.,Agencies SHOULD review decisions to be non-compliant with any controls at least annually.,1.1.68.C.01,https://nzism.gcsb.govt.nz/,high,qwen3.6:27b-q8_0,2026-08-08,active,,
CMMC-L2-Scoping-Guide,CMMC Level 2 Scoping Guidance,Technical Standards,Compliance Frameworks,governance,2,all,Document all in-scope assets in an asset inventory and provide a network diagram of the CMMC Assessment Scope.,The OSA is required to document all asset categories that are part of the Level 2 self-assessment or certification assessment in an asset inventory and provide a network diagram of the CMMC Assessment Scope,"Additional Guidance on Level 2 Scoping, Page 5",https://dodcio.defense.gov/Portals/0/Documents/CMMC/ScopingGuideL2v2.pdf,high,qwen3.6:27b-q8_0,2026-08-08,active,,
CMMC-L2-Scoping-Guide,CMMC Level 2 Scoping Guidance,Technical Standards,Compliance Frameworks,governance,2,all,"Document the treatment of CUI, Security Protection, CRMAs, and Specialized Assets in the System Security Plan (SSP).",document the treatment of these assets in the SSP,"Additional Guidance on Level 2 Scoping, Pages 5-7",https://dodcio.defense.gov/Portals/0/Documents/CMMC/ScopingGuideL2v2.pdf,high,qwen3.6:27b-q8_0,2026-08-08,active,,
CMMC-L2-Scoping-Guide,CMMC Level 2 Scoping Guidance,Technical Standards,Compliance Frameworks,governance,2,all,"Manage Contractor Risk Managed Assets using the organization's risk-based information security policy, procedures, and practices.","These assets are managed using the OSA’s risk-based information security policy, procedures, and practices.","Contractor Risk Managed Assets, Page 6",https://dodcio.defense.gov/Portals/0/Documents/CMMC/ScopingGuideL2v2.pdf,high,qwen3.6:27b-q8_0,2026-08-08,active,,
CMMC-L2-Scoping-Guide,CMMC Level 2 Scoping Guidance,Technical Standards,Compliance Frameworks,governance,2,all,"Justify the inability of Out-of-Scope Assets to store, process, or transmit CUI.","Prepare to justify the inability of an Out-of-Scope Asset to store, process, or transmit CUI","Table 1. CMMC Asset Categories and Associated Requirements Overview, Page 4",https://dodcio.defense.gov/Portals/0/Documents/CMMC/ScopingGuideL2v2.pdf,high,qwen3.6:27b-q8_0,2026-08-08,active,,
DFARS-252.204-7012,DFARS 252.204-7012: Safeguarding Covered Defense Information and Cyber Incident Reporting,Technical Standards,Compliance Frameworks,governance,3,certificates,Contractor or subcontractor shall have or acquire a DoD-approved medium assurance certificate to report cyber incidents.,"In order to report cyber incidents in accordance with this clause, the Contractor or subcontractor shall have or acquire a DoD-approved medium assurance certificate to report cyber incidents.",252.204-7012(c)(3),https://www.acquisition.gov/dfars/252.204-7012-safeguarding-covered-defense-information-and-cyber-incident-reporting.,high,qwen3.6:27b-q8_0,2026-08-08,active,,
DFARS-252.204-7020,DFARS 252.204-7020: NIST SP 800-171 DoD Assessment Requirements,Technical Standards,Compliance Frameworks,governance,3,all,"Insert the substance of this clause, including paragraph (g), in all subcontracts and other contractual instruments.","The Contractor shall insert the substance of this clause, including this paragraph (g), in all subcontracts and other contractual instruments...",Section (g)(1),https://www.acquisition.gov/dfars/252.204-7020-nist-sp-800-171dod-assessment-requirements.,high,qwen3.6:27b-q8_0,2026-08-08,active,,
DFARS-252.204-7020,DFARS 252.204-7020: NIST SP 800-171 DoD Assessment Requirements,Technical Standards,Compliance Frameworks,governance,3,all,Do not award a subcontract subject to NIST SP 800-171 unless the subcontractor has completed a Basic Assessment within the last 3 years.,"The Contractor shall not award a subcontract... unless the subcontractor has completed, within the last 3 years, at least a Basic NIST SP 800–171 DoD Assessment...",Section (g)(2),https://www.acquisition.gov/dfars/252.204-7020-nist-sp-800-171dod-assessment-requirements.,high,qwen3.6:27b-q8_0,2026-08-08,active,,
DFARS-252.204-7020,DFARS 252.204-7020: NIST SP 800-171 DoD Assessment Requirements,Technical Standards,Compliance Frameworks,governance,3,all,"Provide access to facilities, systems, and personnel necessary for the Government to conduct a Medium or High NIST SP 800-171 DoD Assessment.","The Contractor shall provide access to its facilities, systems, and personnel necessary for the Government to conduct a Medium or High NIST SP 800–171 DoD Assessment...",Section (c),https://www.acquisition.gov/dfars/252.204-7020-nist-sp-800-171dod-assessment-requirements.,high,qwen3.6:27b-q8_0,2026-08-08,active,,
CISA-OT-Asset-Inventory-Guidance,Foundations for OT Cybersecurity: Asset Inventory Guidance for Owners and Operators,Compliance Frameworks,Government & Policy,inventory,2,all,"Create an organized, regularly updated list of OT systems, hardware, and software to identify assets requiring security and protection.","An asset inventory is an organized, regularly updated list of an organization’s systems, hardware, and software... helps owners and operators identify which assets in their environment should be secured and protected",Executive Summary,https://www.cisa.gov/resources-tools/resources/foundations-ot-cybersecurity-asset-inventory-guidance-owners-and-operators,medium,qwen3.6:27b-q8_0,2026-08-08,active,,
CISA-OT-Asset-Inventory-Guidance,Foundations for OT Cybersecurity: Asset Inventory Guidance for Owners and Operators,Compliance Frameworks,Government & Policy,inventory,2,all,Develop an OT taxonomy to categorize and prioritize assets based on function and criticality to aid risk identification and vulnerability management.,"For OT environments, a key part of creating an asset inventory is developing an OT taxonomy: a categorization system that organizes and prioritizes OT assets, aids in risk identification, vulnerability management, and incident response by classifying assets based on function and criticality.",Executive Summary,https://www.cisa.gov/resources-tools/resources/foundations-ot-cybersecurity-asset-inventory-guidance-owners-and-operators,medium,qwen3.6:27b-q8_0,2026-08-08,active,,
CISA-OT-Asset-Inventory-Guidance,Foundations for OT Cybersecurity: Asset Inventory Guidance for Owners and Operators,Compliance Frameworks,Government & Policy,inventory,2,all,"Define scope and objectives, identify assets, collect attributes, and create a taxonomy as part of a systematic inventory process.","This process includes defining scope and objectives for the inventory, identifying assets, collecting attributes, creating a taxonomy, managing data, and implementing asset life cycle management.",Executive Summary,https://www.cisa.gov/resources-tools/resources/foundations-ot-cybersecurity-asset-inventory-guidance-owners-and-operators,medium,qwen3.6:27b-q8_0,2026-08-08,active,,
CISA-OT-Asset-Inventory-Guidance,Foundations for OT Cybersecurity: Asset Inventory Guidance for Owners and Operators,Compliance Frameworks,Government & Policy,lifecycle,2,all,Implement asset life cycle management to maintain an accurate and up-to-date record of OT assets.,"This process includes... implementing asset life cycle management. These steps define a thorough and systematic approach to creating and maintaining an OT asset inventory and OT taxonomy, enabling organizations to maintain an accurate and up-to-date record of their OT assets.",Executive Summary,https://www.cisa.gov/resources-tools/resources/foundations-ot-cybersecurity-asset-inventory-guidance-owners-and-operators,medium,qwen3.6:27b-q8_0,2026-08-08,active,,
CISA-OT-Asset-Inventory-Guidance,Foundations for OT Cybersecurity: Asset Inventory Guidance for Owners and Operators,Compliance Frameworks,Government & Policy,observability,2,all,Use the asset inventory for performance monitoring and reporting to enhance security posture and ensure reliability.,"Steps include OT cybersecurity and risk management, maintenance and reliability, performance monitoring and reporting... By addressing these areas, organizations can enhance their overall security posture and ensure the reliability and safety of their OT environments.",Executive Summary,https://www.cisa.gov/resources-tools/resources/foundations-ot-cybersecurity-asset-inventory-guidance-owners-and-operators,medium,qwen3.6:27b-q8_0,2026-08-08,active,,
GSMA-PQ02,GSMA PQ.02: Guidelines for Quantum Risk Management for Telco,Technical Standards,Compliance Frameworks,governance,2,all,Establish an organisation-wide governance process to manage quantum risk.,Establish an organisation-wide governance process to manage quantum risk.,"Section 1.1 Recommendations, Governance",https://www.gsma.com/solutions-and-impact/technologies/security/post-quantum-cryptography-documents/,medium,qwen3.6:27b-q8_0,2026-08-08,active,,
GSMA-PQ02,GSMA PQ.02: Guidelines for Quantum Risk Management for Telco,Technical Standards,Compliance Frameworks,governance,2,all,Identify an executive owner and update roles and responsibilities to include quantum risk.,"Identify an executive owner, and update roles and responsibilities to include quantum risk.","Section 1.1 Recommendations, Governance",https://www.gsma.com/solutions-and-impact/technologies/security/post-quantum-cryptography-documents/,medium,qwen3.6:27b-q8_0,2026-08-08,active,,
GSMA-PQ02,GSMA PQ.02: Guidelines for Quantum Risk Management for Telco,Technical Standards,Compliance Frameworks,governance,2,all,Build board-level awareness of the quantum risk.,Build board-level awareness of the quantum risk.,"Section 1.1 Recommendations, Governance",https://www.gsma.com/solutions-and-impact/technologies/security/post-quantum-cryptography-documents/,medium,qwen3.6:27b-q8_0,2026-08-08,active,,
GSMA-PQ02,GSMA PQ.02: Guidelines for Quantum Risk Management for Telco,Technical Standards,Compliance Frameworks,governance,2,all,Integrate Quantum risk into Enterprise Risk Management (ERM).,Integrate Quantum risk into Enterprise Risk Management (ERM).,"Section 1.1 Recommendations, Risk Management",https://www.gsma.com/solutions-and-impact/technologies/security/post-quantum-cryptography-documents/,medium,qwen3.6:27b-q8_0,2026-08-08,active,,
GSMA-PQ02,GSMA PQ.02: Guidelines for Quantum Risk Management for Telco,Technical Standards,Compliance Frameworks,inventory,2,all,Determine the organisation’s current cryptographic estate.,Determine the organisation’s current cryptographic estate.,"Section 1.1 Recommendations, Planning for transition",https://www.gsma.com/solutions-and-impact/technologies/security/post-quantum-cryptography-documents/,medium,qwen3.6:27b-q8_0,2026-08-08,active,,
GSMA-PQ02,GSMA PQ.02: Guidelines for Quantum Risk Management for Telco,Technical Standards,Compliance Frameworks,inventory,2,all,"Determine the organisation’s data assets, data protection requirements, and data longevity.","Determine the organisation’s data assets, data protection requirements, and data longevity.","Section 1.1 Recommendations, Planning for transition",https://www.gsma.com/solutions-and-impact/technologies/security/post-quantum-cryptography-documents/,medium,qwen3.6:27b-q8_0,2026-08-08,active,,
GSMA-PQ02,GSMA PQ.02: Guidelines for Quantum Risk Management for Telco,Technical Standards,Compliance Frameworks,lifecycle,2,all,Create a transition plan based on the Quantum Cryptanalytic Risk Assessment (QCRA).,"Create a transition plan, based on the Quantum Cryptanalytic Risk Assessment (QCRA) and informed by the organisation’s risk appetite.","Section 1.1 Recommendations, Planning for transition",https://www.gsma.com/solutions-and-impact/technologies/security/post-quantum-cryptography-documents/,medium,qwen3.6:27b-q8_0,2026-08-08,active,,
GSMA-PQ02,GSMA PQ.02: Guidelines for Quantum Risk Management for Telco,Technical Standards,Compliance Frameworks,assurance,2,all,Perform a Quantum Cryptanalytic Risk Assessment (QCRA) to prioritise critical systems and data.,Perform a Quantum Cryptanalytic Risk Assessment (QCRA) to prioritise critical systems and data for mitigation.,"Section 1.1 Recommendations, Risk Management",https://www.gsma.com/solutions-and-impact/technologies/security/post-quantum-cryptography-documents/,medium,qwen3.6:27b-q8_0,2026-08-08,active,,
ASC-X9-IR-F01-2022,ASC X9 IR 01-2022 — Quantum Computing Risks to the Financial Services Industry,Technical Standards,Industry & Research,governance,2,all,"Incorporate quantum-enabled attacks into Business Impact Assessments (BIAs), Business Continuity (BC), and Disaster Recovery (DR) planning.","As a general statement, organizations are encouraged to incorporate quantum-enabled attacks into their Business Impact Assessments (BIAs), and in their Business Continuity (BC) and Disaster Recovery (DR) planning.",Section 6.3,https://x9.org/wp-content/uploads/2022/11/X9F-Quantum-Computing-Risk-Study-Group-IR-F01-2022_20221129-Published-PDF.pdf,medium,qwen3.6:27b-q8_0,2026-08-08,active,,
ASC-X9-IR-F01-2022,ASC X9 IR 01-2022 — Quantum Computing Risks to the Financial Services Industry,Technical Standards,Industry & Research,governance,2,all,"Assess and understand the organization's specific situation to properly mitigate quantum-risk, recognizing there is no cookie-cutter solution.","To properly mitigate quantum-risk, each organization needs to assess and understand its own situation.",Section 6.3,https://x9.org/wp-content/uploads/2022/11/X9F-Quantum-Computing-Risk-Study-Group-IR-F01-2022_20221129-Published-PDF.pdf,medium,qwen3.6:27b-q8_0,2026-08-08,active,,
ASC-X9-IR-F01-2022,ASC X9 IR 01-2022 — Quantum Computing Risks to the Financial Services Industry,Technical Standards,Industry & Research,governance,2,all,Plan a migration to post-quantum cryptography without waiting for NIST to complete its standardization process.,"Importantly, organizations do not have to wait until NIST completes their standardization process to begin planning a migration to post quantum cryptography.",Section 6.2,https://x9.org/wp-content/uploads/2022/11/X9F-Quantum-Computing-Risk-Study-Group-IR-F01-2022_20221129-Published-PDF.pdf,medium,qwen3.6:27b-q8_0,2026-08-08,active,,
ASC-X9-IR-F01-2022,ASC X9 IR 01-2022 — Quantum Computing Risks to the Financial Services Industry,Technical Standards,Industry & Research,governance,2,all,Keep up to date with the state of the art in quantum computing to better inform migration plans.,While it will be important for organizations to keep up to date with the state of the art—as well as they can—to better inform their own migration plans,Section 6.4,https://x9.org/wp-content/uploads/2022/11/X9F-Quantum-Computing-Risk-Study-Group-IR-F01-2022_20221129-Published-PDF.pdf,medium,qwen3.6:27b-q8_0,2026-08-08,active,,
ASC-X9-IR-F01-2022,ASC X9 IR 01-2022 — Quantum Computing Risks to the Financial Services Industry,Technical Standards,Industry & Research,inventory,2,all,"Perform asset, cryptographic, and standards inventories to identify quantum-vulnerable cryptography and supply chain dependencies.","A good starting place is to perform an asset inventory, a cryptographic inventory, and a standards inventory... identify the cryptographic and non-cryptographic vulnerabilities throughout the organization’s supply chains.","Section 6.5, Step 3",https://x9.org/wp-content/uploads/2022/11/X9F-Quantum-Computing-Risk-Study-Group-IR-F01-2022_20221129-Published-PDF.pdf,medium,qwen3.6:27b-q8_0,2026-08-08,active,,
ASC-X9-IR-F01-2022,ASC X9 IR 01-2022 — Quantum Computing Risks to the Financial Services Industry,Technical Standards,Industry & Research,governance,2,all,"Create a quantum-safe migration strategy and roadmap with timelines, milestones, and logical ordering of steps.","a roadmap is a tool for putting the migration strategy into action (e.g., through timelines, milestones, and a logical ordering of the steps of the migration strategy).",Section 6.5,https://x9.org/wp-content/uploads/2022/11/X9F-Quantum-Computing-Risk-Study-Group-IR-F01-2022_20221129-Published-PDF.pdf,medium,qwen3.6:27b-q8_0,2026-08-08,active,,
ASC-X9-IR-F01-2022,ASC X9 IR 01-2022 — Quantum Computing Risks to the Financial Services Industry,Technical Standards,Industry & Research,governance,2,all,Engage suppliers to learn their quantum-safe migration plans and coordinate accordingly.,the organization should engage their suppliers to learn what their plans are towards implementing their own quantum-safe migration strategies.,"Section 6.5, Step 4",https://x9.org/wp-content/uploads/2022/11/X9F-Quantum-Computing-Risk-Study-Group-IR-F01-2022_20221129-Published-PDF.pdf,medium,qwen3.6:27b-q8_0,2026-08-08,active,,
ASC-X9-IR-F01-2022,ASC X9 IR 01-2022 — Quantum Computing Risks to the Financial Services Industry,Technical Standards,Industry & Research,assurance,2,all,Engage in proof-of-concept activities to validate that selected quantum-safe controls are appropriate for the organization.,Engage in proof-of-concept (or similar) activities to validate that the controls identified in 4) are appropriate for the organization.,"Section 6.5, Step 5",https://x9.org/wp-content/uploads/2022/11/X9F-Quantum-Computing-Risk-Study-Group-IR-F01-2022_20221129-Published-PDF.pdf,medium,qwen3.6:27b-q8_0,2026-08-08,active,,
ENISA PQC Guidelines,Post-Quantum Cryptography: Current State and Quantum Mitigation,Certification Schemes,International Frameworks,inventory,2,all,"Create a catalogue of all public-key cryptography usage, including software updates and third-party products, to prepare for migration.",start to prepare for migration by making a catalogue of where you currently use public-key cryptography and for what purpose. Make sure to include software updates and third party products in your overview.,Section 6,https://www.enisa.europa.eu/publications/post-quantum-cryptography-current-state-and-quantum-mitigation,high,qwen3.6:27b-q8_0,2026-08-08,active,,
ENISA PQC Guidelines,Post-Quantum Cryptography: Current State and Quantum Mitigation,Certification Schemes,International Frameworks,lifecycle,2,software,Implement hybrid cryptographic schemes combining pre-quantum and post-quantum algorithms for data requiring long-term confidentiality.,The first option is to already migrate to so called hybrid implementations that use a combination of pre-quantum and post-quantum schemes.,Section 6,https://www.enisa.europa.eu/publications/post-quantum-cryptography-current-state-and-quantum-mitigation,high,qwen3.6:27b-q8_0,2026-08-08,active,,
ENISA PQC Guidelines,Post-Quantum Cryptography: Current State and Quantum Mitigation,Certification Schemes,International Frameworks,lifecycle,2,keys,Mix pre-shared keys into all keys established via public-key cryptography to mitigate quantum threats.,"The second option is to employ the conceptionally easy, but organizationally complicated measure of mixing pre-shared keys into all keys established via public-key cryptography.",Section 6,https://www.enisa.europa.eu/publications/post-quantum-cryptography-current-state-and-quantum-mitigation,high,qwen3.6:27b-q8_0,2026-08-08,active,,
ENISA PQC Guidelines,Post-Quantum Cryptography: Current State and Quantum Mitigation,Certification Schemes,International Frameworks,lifecycle,2,software,Integrate post-quantum signature schemes into hard-to-upgrade devices now to ensure secure service continuity.,If you build devices that will be hard to reach or to upgrade later you should include a post-quantum signature scheme now to ensure secure continuity of service when a quantum computer is available.,Section 6,https://www.enisa.europa.eu/publications/post-quantum-cryptography-current-state-and-quantum-mitigation,high,qwen3.6:27b-q8_0,2026-08-08,active,,
ENISA PQC Guidelines,Post-Quantum Cryptography: Current State and Quantum Mitigation,Certification Schemes,International Frameworks,inventory,2,all,"Create a catalogue of public-key cryptography usage, including software updates and third-party products, to prepare for migration.",start to prepare for migration by making a catalogue of where you currently use public-key cryptography and for what purpose. Make sure to include software updates and third party products in your overview.,Section 6,https://www.enisa.europa.eu/publications/post-quantum-cryptography-current-state-and-quantum-mitigation,high,qwen3.6:27b-q8_0,2026-08-08,active,,
ENISA PQC Guidelines,Post-Quantum Cryptography: Current State and Quantum Mitigation,Certification Schemes,International Frameworks,lifecycle,2,software,Include post-quantum signature schemes in hard-to-upgrade devices now to ensure secure continuity of service and OS upgrades.,If you build devices that will be hard to reach or to upgrade later you should include a post-quantum signature scheme now to ensure secure continuity of service when a quantum computer is available.,Section 6,https://www.enisa.europa.eu/publications/post-quantum-cryptography-current-state-and-quantum-mitigation,high,qwen3.6:27b-q8_0,2026-08-08,active,,
ENISA PQC Guidelines,Post-Quantum Cryptography: Current State and Quantum Mitigation,Certification Schemes,International Frameworks,lifecycle,2,all,Adopt hybrid implementations combining pre-quantum and post-quantum schemes to mitigate risks during the standardization transition.,The first option is to already migrate to so called hybrid implementations that use a combination of pre-quantum and post-quantum schemes.,Section 6,https://www.enisa.europa.eu/publications/post-quantum-cryptography-current-state-and-quantum-mitigation,high,qwen3.6:27b-q8_0,2026-08-08,active,,
ENISA PQC Guidelines,Post-Quantum Cryptography: Current State and Quantum Mitigation,Certification Schemes,International Frameworks,lifecycle,2,keys,"Mix pre-shared keys into key derivation for systems requiring long-term confidentiality, ensuring unique PSKs per device.","employ the conceptionally easy, but organizationally complicated measure of mixing pre-shared keys into all keys established via public-key cryptography... Note that each device should get a unique PSK known only to the device and the server.",Section 6.2,https://www.enisa.europa.eu/publications/post-quantum-cryptography-current-state-and-quantum-mitigation,high,qwen3.6:27b-q8_0,2026-08-08,active,,
ENISA PQC Guidelines,Post-Quantum Cryptography: Current State and Quantum Mitigation,Certification Schemes,International Frameworks,governance,2,all,Engage with NIST discussions to ensure specific use cases are covered by emerging post-quantum standards.,"Figure out whether you fit into one of the use cases that NIST considers – even better, get involved in the NIST discussions to make sure your use case is covered.",Section 6,https://www.enisa.europa.eu/publications/post-quantum-cryptography-current-state-and-quantum-mitigation,medium,qwen3.6:27b-q8_0,2026-08-08,active,,
ENISA-State-of-Cybersecurity-2024,2024 Report on the State of Cybersecurity in the Union,Compliance Frameworks,Government & Policy,governance,2,all,"Establish a framework for internal cybersecurity risk management, governance, and control overseen by the highest level of management.","the regulation mandates that each entity establish, by 8 April 2025, a framework for internal cybersecurity risk- management, governance and control to be overseen by and under the responsibility of the Union entity’s highest level of management.","Page 25, Section: What about the cybersecurity of institutions, bodies, offices and agencies of the European Union?",https://www.enisa.europa.eu/publications/2024-report-on-the-state-of-the-cybersecurity-in-the-union,high,qwen3.6:27b-q8_0,2026-08-08,active,,
ENISA-State-of-Cybersecurity-2024,2024 Report on the State of Cybersecurity in the Union,Compliance Frameworks,Government & Policy,governance,2,all,"Establish documented policies and procedures regarding the use of cryptography and, where appropriate, encryption as part of cybersecurity risk management measures.","Policies and procedures regarding the use of cryptography and, where appropriate, encryption;",Info box: Cybersecurity risk management measures for essential and important entities under NIS2,https://www.enisa.europa.eu/publications/2024-report-on-the-state-of-the-cybersecurity-in-the-union,high,qwen3.6:27b-q8_0,2026-08-08,active,,
ENISA-State-of-Cybersecurity-2024,2024 Report on the State of Cybersecurity in the Union,Compliance Frameworks,Government & Policy,assurance,2,all,"Implement policies and procedures to assess the effectiveness of cybersecurity risk-management measures, including regular audits by supervisory authorities or independent third parties.",Policies and procedures to assess the effectiveness of cybersecurity risk-management measures; Regular cybersecurity audits are performed in more than two-thirds of the MSs...,Info box: Cybersecurity risk management measures for essential and important entities under NIS2; Section 3.1.3,https://www.enisa.europa.eu/publications/2024-report-on-the-state-of-the-cybersecurity-in-the-union,high,qwen3.6:27b-q8_0,2026-08-08,active,,
ENISA-State-of-Cybersecurity-2024,2024 Report on the State of Cybersecurity in the Union,Compliance Frameworks,Government & Policy,governance,2,all,"Define and review ICT security policies annually; document security measures, practices, and procedures to ensure management-approved risk management frameworks are in place.","80% of large enterprises have documented measures, practices or procedures on ICT security and 58% have defined or reviewed an ICT security policy within the previous 12 months","Page 38, Eurostat data section",https://www.enisa.europa.eu/publications/2024-report-on-the-state-of-the-cybersecurity-in-the-union,medium,qwen3.6:27b-q8_0,2026-08-08,active,,
ENISA-State-of-Cybersecurity-2024,2024 Report on the State of Cybersecurity in the Union,Compliance Frameworks,Government & Policy,governance,2,all,Ensure top management actively approves cybersecurity risk management measures and participates in dedicated cybersecurity training to drive organizational maturity.,"Leadership approves management measures for cybersecurity risk in 81% of the OESs and DSPs... For 50% of these organisations, leadership attends dedicated cybersecurity training.","Page 38, Leadership involvement section",https://www.enisa.europa.eu/publications/2024-report-on-the-state-of-the-cybersecurity-in-the-union,medium,qwen3.6:27b-q8_0,2026-08-08,active,,
ENISA-State-of-Cybersecurity-2024,2024 Report on the State of Cybersecurity in the Union,Compliance Frameworks,Government & Policy,observability,2,all,"Establish processes and tools to report cybersecurity incidents with significant impact to competent authorities or CSIRTs as mandated by NIS2, eIDAS, and EECC.",The implementation of reporting provisions relies on the establishment of dedicated processes and tools... NIS2... eIDAS... and EECC... are the main pieces of EU legislation mandating the reporting of incidents,"Page 39, Section 3.1.4",https://www.enisa.europa.eu/publications/2024-report-on-the-state-of-the-cybersecurity-in-the-union,high,qwen3.6:27b-q8_0,2026-08-08,active,,
ENISA-State-of-Cybersecurity-2024,2024 Report on the State of Cybersecurity in the Union,Compliance Frameworks,Government & Policy,observability,2,all,"Implement mechanisms for regular cooperation and information exchange on risks, threats, and incidents between competent authorities and critical entities.",All MSs have either implemented or are defining measures to ensure that the NIS2 competent authorities and the authorities competent for critical entities... cooperate and exchange information on a regular basis,"Page 39, Cooperation section",https://www.enisa.europa.eu/publications/2024-report-on-the-state-of-the-cybersecurity-in-the-union,high,qwen3.6:27b-q8_0,2026-08-08,active,,
NIST NCCoE SP 1800-38C,Migration to Post-Quantum Cryptography (Preliminary Draft),Technical Standards,NIST Standards,inventory,2,all,Prepare a cryptographic inventory to identify quantum-vulnerable assets as part of the migration roadmap.,Prepare a Cryptographic Inventory,"Section 1, Page 1",https://www.nccoe.nist.gov/sites/default/files/2023-12/pqc-migration-nist-sp-1800-38c-preliminary-draft.pdf,high,qwen3.6:27b-q8_0,2026-08-08,active,,
NIST NCCoE SP 1800-38C,Migration to Post-Quantum Cryptography (Preliminary Draft),Technical Standards,NIST Standards,governance,2,all,Establish a Quantum-Readiness Roadmap to guide the migration from vulnerable to post-quantum cryptography.,Establish a Quantum-Readiness Roadmap,"Section 1, Page 1",https://www.nccoe.nist.gov/sites/default/files/2023-12/pqc-migration-nist-sp-1800-38c-preliminary-draft.pdf,high,qwen3.6:27b-q8_0,2026-08-08,active,,
NIST NCCoE SP 1800-38C,Migration to Post-Quantum Cryptography (Preliminary Draft),Technical Standards,NIST Standards,governance,2,software,Determine supply chain quantum-readiness by discussing roadmaps with technology vendors.,Discuss Quantum-Readiness Roadmaps with Technology Vendors,"Section 1, Page 1",https://www.nccoe.nist.gov/sites/default/files/2023-12/pqc-migration-nist-sp-1800-38c-preliminary-draft.pdf,high,qwen3.6:27b-q8_0,2026-08-08,active,,
NIST NCCoE SP 1800-38C,Migration to Post-Quantum Cryptography (Preliminary Draft),Technical Standards,NIST Standards,governance,2,all,Determine supply chain quantum-readiness to assess vendor capabilities for post-quantum migration.,Determine Supply Chain Quantum-Readiness,"Section 1, Page 1",https://www.nccoe.nist.gov/sites/default/files/2023-12/pqc-migration-nist-sp-1800-38c-preliminary-draft.pdf,high,qwen3.6:27b-q8_0,2026-08-08,active,,
NIST NCCoE SP 1800-38C,Migration to Post-Quantum Cryptography (Preliminary Draft),Technical Standards,NIST Standards,assurance,3,software,Test pre-standardized post-quantum implementations in a lab environment to ensure interoperability before production deployment.,NIST’s NCCoE has begun the process of testing pre-standardized post-quantum implementations in a lab environment to ensure that PQC will work in practice before standards are complete,"Section 2, Page 2",https://www.nccoe.nist.gov/sites/default/files/2023-12/pqc-migration-nist-sp-1800-38c-preliminary-draft.pdf,high,qwen3.6:27b-q8_0,2026-08-08,active,,
NIST NCCoE SP 1800-38C,Migration to Post-Quantum Cryptography (Preliminary Draft),Technical Standards,NIST Standards,observability,3,software,Benchmark performance metrics of post-quantum algorithms to optimize implementations and identify bottlenecks.,Benchmarking performance metrics from tests in our lab will assist our consortium members and any technology vendor in optimizing their implementations,"Section 2, Page 2",https://www.nccoe.nist.gov/sites/default/files/2023-12/pqc-migration-nist-sp-1800-38c-preliminary-draft.pdf,medium,qwen3.6:27b-q8_0,2026-08-08,active,,
NIST NCCoE SP 1800-38C,Migration to Post-Quantum Cryptography (Preliminary Draft),Technical Standards,NIST Standards,inventory,2,all,Take inventory of cryptographic assets as part of PQ readiness planning and roadmaps.,"The company is working with customers on PQ readiness planning and roadmaps, which includes taking inventory of cryptographic assets","Section: Entrust, Lines 404-409",https://www.nccoe.nist.gov/sites/default/files/2023-12/pqc-migration-nist-sp-1800-38c-preliminary-draft.pdf,high,qwen3.6:27b-q8_0,2026-08-08,active,,
NIST NCCoE SP 1800-38C,Migration to Post-Quantum Cryptography (Preliminary Draft),Technical Standards,NIST Standards,observability,2,software,Use tools to discover the use of vulnerable cryptography as an essential step in migration.,"the z16 has been instrumented to support tools which allow users of the cryptographic capabilities of the system to discover the use of vulnerable cryptography, which is an essential step in the migration","Section: IBM, Lines 421-428",https://www.nccoe.nist.gov/sites/default/files/2023-12/pqc-migration-nist-sp-1800-38c-preliminary-draft.pdf,high,qwen3.6:27b-q8_0,2026-08-08,active,,
NIST NCCoE SP 1800-38C,Migration to Post-Quantum Cryptography (Preliminary Draft),Technical Standards,NIST Standards,lifecycle,2,keys,Extend key management systems to facilitate quantum-resistant device lifecycle management.,The expansion also involves extending its key management system (keySTREAM) to facilitate quantum-resistant device lifecycle management,"Section: Kudelski IoT, Lines 461-467",https://www.nccoe.nist.gov/sites/default/files/2023-12/pqc-migration-nist-sp-1800-38c-preliminary-draft.pdf,high,qwen3.6:27b-q8_0,2026-08-08,active,,
NIST NCCoE SP 1800-38C,Migration to Post-Quantum Cryptography (Preliminary Draft),Technical Standards,NIST Standards,lifecycle,3,software,Implement phased removal of deprecated cryptographic method names to manage backward compatibility during standard evolution.,"Support for older, temporary method names can be removed in a phased fashion to allow early implementers to switch to the ratified name.","Section 5.4, Paragraph 653-656",https://www.nccoe.nist.gov/sites/default/files/2023-12/pqc-migration-nist-sp-1800-38c-preliminary-draft.pdf,high,qwen3.6:27b-q8_0,2026-08-08,active,,
NIST NCCoE SP 1800-38C,Migration to Post-Quantum Cryptography (Preliminary Draft),Technical Standards,NIST Standards,lifecycle,3,software,Use version-specific temporary names for cryptographic methods to maintain interoperability when draft specifications change.,Every time there is a backwards compatibility breaking change... we introduce a new temporary name specific to the time or the version of the algorithm used.,"Section 5.4, Paragraph 646-652",https://www.nccoe.nist.gov/sites/default/files/2023-12/pqc-migration-nist-sp-1800-38c-preliminary-draft.pdf,high,qwen3.6:27b-q8_0,2026-08-08,active,,
NIST NCCoE SP 1800-38C,Migration to Post-Quantum Cryptography (Preliminary Draft),Technical Standards,NIST Standards,assurance,2,libraries,Verify that cryptographic libraries support both classical and quantum-safe algorithms to facilitate hybrid migration strategies.,The Bouncy Castle libraries... now include support for both classical and quantum-safe algorithms... together with support for protocols such as TLS/DTLS,"Table of Components, (Keyfactor) Legion of the Bouncy Castle",https://www.nccoe.nist.gov/sites/default/files/2023-12/pqc-migration-nist-sp-1800-38c-preliminary-draft.pdf,medium,qwen3.6:27b-q8_0,2026-08-08,active,,
NIST NCCoE SP 1800-38C,Migration to Post-Quantum Cryptography (Preliminary Draft),Technical Standards,NIST Standards,lifecycle,2,keys,Utilize cloud-based platforms for provisioning and managing security credentials for IoT devices running quantum-resistant algorithms.,keySTREAM enables provisioning and management of security credentials directly from the cloud to the chipset... supports asset provisioning for running certain quantum-resistant cryptographic algorithms,"Table of Components, (Kudelski IoT) keySTREAM",https://www.nccoe.nist.gov/sites/default/files/2023-12/pqc-migration-nist-sp-1800-38c-preliminary-draft.pdf,medium,qwen3.6:27b-q8_0,2026-08-08,active,,
NIST NCCoE SP 1800-38C,Migration to Post-Quantum Cryptography (Preliminary Draft),Technical Standards,NIST Standards,lifecycle,2,software,Track incremental changes in draft standard specifications to prevent interoperability failures during implementation updates.,"Compliance with older versions of a draft standard specification could cause interoperability issues. As RFC drafts evolve over time, tracking changes to implement them in code takes effort and paying attention to incremental differences in the diffs.","Section 6.4 Lessons Learned, para 803-808",https://www.nccoe.nist.gov/sites/default/files/2023-12/pqc-migration-nist-sp-1800-38c-preliminary-draft.pdf,high,qwen3.6:27b-q8_0,2026-08-08,active,,
NIST NCCoE SP 1800-38C,Migration to Post-Quantum Cryptography (Preliminary Draft),Technical Standards,NIST Standards,lifecycle,2,software,Use temporary group identifiers for draft implementations to manage backward compatibility breaking changes before final standards are assigned.,"Using final names or identifiers in implementations is prone to interoperability issues... A solution is to use a new temporary group identifier specific to the time or the version of the algorithm, every time there is a backwards compatibility breaking change.","Section 6.4 Lessons Learned, para 809-818",https://www.nccoe.nist.gov/sites/default/files/2023-12/pqc-migration-nist-sp-1800-38c-preliminary-draft.pdf,high,qwen3.6:27b-q8_0,2026-08-08,active,,
PSD2-Directive-EU-2015-2366,Directive (EU) 2015/2366 on payment services in the internal market (PSD2),Technical Standards,Compliance Frameworks,governance,2,all,Establish a framework to mitigate security risks and maintain effective incident management procedures.,Payment service providers should establish a framework to mitigate risks and maintain effective incident management procedures.,Recital (91),https://www.legislation.gov.uk/eudr/2015/2366/data.htm,medium,qwen3.6:27b-q8_0,2026-08-08,active,,
PSD2-Directive-EU-2015-2366,Directive (EU) 2015/2366 on payment services in the internal market (PSD2),Technical Standards,Compliance Frameworks,governance,2,all,Provide competent authorities with regular updated assessments of security risks and response measures.,"A regular reporting mechanism should be established, to ensure that payment service providers provide the competent authorities, on a regular basis, with an updated assessment of their security risks and the measures that they have taken in response to those risks.",Recital (91),https://www.legislation.gov.uk/eudr/2015/2366/data.htm,medium,qwen3.6:27b-q8_0,2026-08-08,active,,
PSD2-Directive-EU-2015-2366,Directive (EU) 2015/2366 on payment services in the internal market (PSD2),Technical Standards,Compliance Frameworks,governance,2,all,Report major security incidents to competent authorities without undue delay.,it is essential that payment service providers be required to report major security incidents without undue delay to the competent authorities.,Recital (91),https://www.legislation.gov.uk/eudr/2015/2366/data.htm,medium,qwen3.6:27b-q8_0,2026-08-08,active,,
PSD2-Directive-EU-2015-2366,Directive (EU) 2015/2366 on payment services in the internal market (PSD2),Technical Standards,Compliance Frameworks,governance,2,all,"Put in place an effective complaints procedure with short, clearly defined timeframes for replies.",Member States should ensure that payment service providers put in place an effective complaints procedure that can be followed by their payment service users... The complaints procedure should contain short and clearly defined timeframes within which the payment service provider should reply to a complaint.,Recital (98),https://www.legislation.gov.uk/eudr/2015/2366/data.htm,medium,qwen3.6:27b-q8_0,2026-08-08,active,,
