ref_id,source_name,category,source_type,pillar,maturity_level,asset_class,requirement,evidence_quote,evidence_location,source_url,confidence,extraction_model,extraction_date,status,deprecated_at,deprecated_reason
ENISA PQC Guidelines,Post-Quantum Cryptography: Current State and Quantum Mitigation,Certification Schemes,Government Guidance,governance,2,all,Perform risk and cost-benefit analysis before implementing hybrid PQC or pre-shared key mixing strategies to mitigate quantum threats.,These solutions come at a cost and as such system designers are well advised to perform a thorough risk and cost-benefit analysis.,Executive Summary,https://www.enisa.europa.eu/publications/post-quantum-cryptography-current-state-and-quantum-mitigation,high,mlx-community/Qwen3.6-27B-8bit,2026-08-30,active,,
ENISA PQC Guidelines,Post-Quantum Cryptography: Current State and Quantum Mitigation,Certification Schemes,Government Guidance,lifecycle,2,all,Adopt a transition strategy that waits for national authorities to standardize PQC algorithms and provide a defined transition path.,In most cases the safest transition strategy involves waiting for national authorities to standardise PQC algorithms and provide a transition path.,Executive Summary,https://www.enisa.europa.eu/publications/post-quantum-cryptography-current-state-and-quantum-mitigation,high,mlx-community/Qwen3.6-27B-8bit,2026-08-30,active,,
ENISA PQC Guidelines,Post-Quantum Cryptography: Current State and Quantum Mitigation,Certification Schemes,Government Guidance,inventory,1,keys,Identify data requiring long-term confidentiality to protect against retrospective decryption by future quantum computers.,This means that data that needs to remain confidential after the arrival of quantum computers need to be encrypted with alternative means.,Section 1 Introduction,https://www.enisa.europa.eu/publications/post-quantum-cryptography-current-state-and-quantum-mitigation,high,mlx-community/Qwen3.6-27B-8bit,2026-08-30,active,,
ANSSI PQC Position Paper,Avis de l'ANSSI sur la Migration Vers la Cryptographie,Certification Schemes,Compliance Framework,governance,2,all,Include quantum threat in risk analysis and define a progressive transition strategy for cryptographic products.,L'ANSSI encourage toutes les industries à inclure la menace quantique dans leur analyse de risque et à envisager d'inclure des mesures de protection quantique... définir une stratégie de transition progressive,"Section 1.1, 1.2",https://cyber.gouv.fr/sites/default/files/2022/04/anssi-avis-migration-vers-la-cryptographie-post-quantique.pdf,high,mlx-community/Qwen3.6-27B-8bit,2026-08-30,active,,
ANSSI PQC Position Paper,Avis de l'ANSSI sur la Migration Vers la Cryptographie,Certification Schemes,Compliance Framework,assurance,2,libraries,Mandate hybridization of post-quantum and pre-quantum algorithms for products requiring protection beyond 2030.,L'ANSSI insiste toujours fortement sur la nécessité de l'hybridation partout où une protection post-quantique est nécessaire... pour les produits visant une protection de la confidentialité au-delà de 2030,"Section 1.1, 1.2",https://cyber.gouv.fr/sites/default/files/2022/04/anssi-avis-migration-vers-la-cryptographie-post-quantique.pdf,high,mlx-community/Qwen3.6-27B-8bit,2026-08-30,active,,
ANSSI PQC Position Paper,Avis de l'ANSSI sur la Migration Vers la Cryptographie,Certification Schemes,Compliance Framework,assurance,2,libraries,Use highest available NIST security levels (preferably 5 or 3) for PQC algorithms and avoid modifying normalized parameters.,"Nous recommandons d'utiliser le niveau de sécurité NIST le plus élevé possible, de préférence le niveau 5... Il est important d'éviter de modifier les paramètres de l'instance normalisée.","Section 2, CRYSTALS-Kyber/Dilithium/Falcon recommendations",https://cyber.gouv.fr/sites/default/files/2022/04/anssi-avis-migration-vers-la-cryptographie-post-quantique.pdf,high,mlx-community/Qwen3.6-27B-8bit,2026-08-30,active,,
ANSSI PQC Position Paper,Avis de l'ANSSI sur la Migration Vers la Cryptographie,Certification Schemes,Compliance Framework,assurance,2,libraries,Implement IND-CCA secure versions of KEMs and use ephemeral keys to prevent decryption failure oracle attacks.,Nous recommandons également d'utiliser la version sécurisée contre les attaques actives (IND-CCA)... Nous recommandons d'utiliser autant que possible des clés éphémères.,"Section 2, CRYSTALS-Kyber recommendations",https://cyber.gouv.fr/sites/default/files/2022/04/anssi-avis-migration-vers-la-cryptographie-post-quantique.pdf,high,mlx-community/Qwen3.6-27B-8bit,2026-08-30,active,,
ANSSI PQC Position Paper,Avis de l'ANSSI sur la Migration Vers la Cryptographie,Certification Schemes,Compliance Framework,assurance,2,libraries,Protect the internal state of stateful signature algorithms (XMSS/LMS) against integrity loss and replay attacks.,L'état interne de l'algorithme de signature est une donnée très critique et doit être protégé en intégrité. Il doit également être protégé contre les attaques par rejeu.,"Section 2, XMSS/LMS recommendations",https://cyber.gouv.fr/sites/default/files/2022/04/anssi-avis-migration-vers-la-cryptographie-post-quantique.pdf,high,mlx-community/Qwen3.6-27B-8bit,2026-08-30,active,,
ANSSI PQC Position Paper,Avis de l'ANSSI sur la Migration Vers la Cryptographie,Certification Schemes,Compliance Framework,assurance,2,libraries,Dimension symmetric primitives to provide at least AES-256 and SHA2-384 equivalent security levels for post-quantum resilience.,L'ANSSI encourage également à dimensionner les paramètres des primitives symétriques... au moins le même niveau de sécurité que l'AES-256... et au moins le même niveau de sécurité que SHA2-384,Section 1.3,https://cyber.gouv.fr/sites/default/files/2022/04/anssi-avis-migration-vers-la-cryptographie-post-quantique.pdf,high,mlx-community/Qwen3.6-27B-8bit,2026-08-30,active,,
BSI TR-02102-1,Cryptographic Mechanisms: Recommendations and Key Lengths,Certification Schemes,Compliance Framework,lifecycle,2,keys,Discontinue sole use of classical asymmetric mechanisms and implement hybridization with quantum-safe mechanisms as per BSI recommendations.,discontinuation of the sole use of classic asymmetric mechanisms. ... Recommendation of FrodoKEM and Classic McEliece ... for PQC applications in conjunction with a previously recommended asymmetric mechanism.,Changes; Section 2.1,https://www.bsi.bund.de/SharedDocs/Downloads/EN/BSI/Publications/TechGuidelines/TG02102/BSI-TR-02102-1.pdf,high,mlx-community/Qwen3.6-27B-8bit,2026-08-30,active,,
BSI TR-02102-1,Cryptographic Mechanisms: Recommendations and Key Lengths,Certification Schemes,Compliance Framework,lifecycle,2,keys,Plan for the discontinuation of DSA recommendations effective from 2029 and migrate to recommended alternatives.,discontinuation of DSA recommendation from 2029,Changes,https://www.bsi.bund.de/SharedDocs/Downloads/EN/BSI/Publications/TechGuidelines/TG02102/BSI-TR-02102-1.pdf,high,mlx-community/Qwen3.6-27B-8bit,2026-08-30,active,,
BSI TR-02102-1,Cryptographic Mechanisms: Recommendations and Key Lengths,Certification Schemes,Compliance Framework,assurance,2,libraries,"Ensure random number generators comply with updated AIS 20/31 standards, specifically regarding DRG.3 and NTG.1 usage.","Revision of the chapter on random generators, especially with regard to the use of DRG.3 and NTG.1 random generators. ... update of random number generation after AIS 20/31 update.",Changes; Section 8,https://www.bsi.bund.de/SharedDocs/Downloads/EN/BSI/Publications/TechGuidelines/TG02102/BSI-TR-02102-1.pdf,high,mlx-community/Qwen3.6-27B-8bit,2026-08-30,active,,
BSI TR-02102-1,Cryptographic Mechanisms: Recommendations and Key Lengths,Certification Schemes,Compliance Framework,assurance,2,libraries,Remove PTG.2 random generators from general use as they are no longer recommended.,PTG.2 random generators are no longer recommended for general use.,Changes,https://www.bsi.bund.de/SharedDocs/Downloads/EN/BSI/Publications/TechGuidelines/TG02102/BSI-TR-02102-1.pdf,high,mlx-community/Qwen3.6-27B-8bit,2026-08-30,active,,
BSI TR-02102-1,Cryptographic Mechanisms: Recommendations and Key Lengths,Certification Schemes,Compliance Framework,inventory,2,keys,Maintain cryptographic mechanisms with key lengths providing at least 120 bits of security level.,"Increase of the security level to 120 bits, updates in the area of PQC.",Changes; Table 1.1,https://www.bsi.bund.de/SharedDocs/Downloads/EN/BSI/Publications/TechGuidelines/TG02102/BSI-TR-02102-1.pdf,high,mlx-community/Qwen3.6-27B-8bit,2026-08-30,active,,
BSI TR-02102-2,Cryptographic Mechanisms: Recommendations for TLS,Certification Schemes,Compliance Framework,lifecycle,3,software,Enforce retirement of TLS 1.2 by end of 2031 and TLS 1.0/1.1 immediately; mandate TLS 1.3 preference.,TLS 1.2 is only recommended until the end of 2031... TLS 1.0 and TLS 1.1 are not recommended... TLS 1.3 should be used in preference.,Section 3.2,https://www.bsi.bund.de/SharedDocs/Downloads/EN/BSI/Publications/TechGuidelines/TG02102/BSI-TR-02102-2.pdf,high,mlx-community/Qwen3.6-27B-8bit,2026-08-30,active,,
BSI TR-02102-2,Cryptographic Mechanisms: Recommendations for TLS,Certification Schemes,Compliance Framework,lifecycle,3,software,Retire DSA and DHE cipher suites by end of 2029; retire RSA PKCS#1 v1.5 signatures immediately.,discontinuation of DSA and of DHE cipher suite recommendations from the end of 2029... discontinuation of RSA signatures with PKCS #1 v1.5 padding,Document history / Section 3.3,https://www.bsi.bund.de/SharedDocs/Downloads/EN/BSI/Publications/TechGuidelines/TG02102/BSI-TR-02102-2.pdf,high,mlx-community/Qwen3.6-27B-8bit,2026-08-30,active,,
BSI TR-02102-2,Cryptographic Mechanisms: Recommendations for TLS,Certification Schemes,Compliance Framework,lifecycle,3,software,Plan migration to quantum-safe key agreement mechanisms; sole classical key agreement ends 2031.,The sole use of classic key agreement mechanisms is only recommended until the end of 2031... migration periods to quantum-safe key agreement mechanisms,Section 3.1.3,https://www.bsi.bund.de/SharedDocs/Downloads/EN/BSI/Publications/TechGuidelines/TG02102/BSI-TR-02102-2.pdf,high,mlx-community/Qwen3.6-27B-8bit,2026-08-30,active,,
BSI TR-02102-2,Cryptographic Mechanisms: Recommendations for TLS,Certification Schemes,Compliance Framework,assurance,2,software,Validate that all TLS mechanisms meet the 120-bit security level defined in TR-02102-1.,The security level for all cryptographic mechanisms in this Technical Guideline... is 120 bits.,Section 3.1.2,https://www.bsi.bund.de/SharedDocs/Downloads/EN/BSI/Publications/TechGuidelines/TG02102/BSI-TR-02102-2.pdf,high,mlx-community/Qwen3.6-27B-8bit,2026-08-30,active,,
BSI TR-02102-2,Cryptographic Mechanisms: Recommendations for TLS,Certification Schemes,Compliance Framework,observability,2,software,"Monitor for side-channel vulnerabilities (timing, power) and implement countermeasures as identified by experts.",data can leak... by exploiting side channels... developer... should identify possible side channels by involving experts... and implement appropriate countermeasures.,Section 1,https://www.bsi.bund.de/SharedDocs/Downloads/EN/BSI/Publications/TechGuidelines/TG02102/BSI-TR-02102-2.pdf,medium,mlx-community/Qwen3.6-27B-8bit,2026-08-30,active,,
BSI TR-02102-3,Cryptographic Mechanisms: Recommendations for IPsec,Certification Schemes,Compliance Framework,lifecycle,2,keys,Define and enforce SA lifetimes and rekeying procedures for IPsec and IKEv2 security associations based on BSI recommendations.,"The requirements for this must be defined beforehand by a security administrator... A CREATE_CHILD_SA exchange is optional and allows, for example, the renewal of the key material of an existing IPsec-SA... after the previously defined lifetime has expired.",Section 1 / Section 2.1,https://www.bsi.bund.de/SharedDocs/Downloads/EN/BSI/Publications/TechGuidelines/TG02102/BSI-TR-02102-3.pdf,high,mlx-community/Qwen3.6-27B-8bit,2026-08-30,active,,
BSI TR-02102-3,Cryptographic Mechanisms: Recommendations for IPsec,Certification Schemes,Compliance Framework,lifecycle,2,keys,Manage the lifecycle of ephemeral keys and ensure proper handling during key derivation and exchange processes.,Handling of ephemeral keys... Key derivation and key generation... The term key derivation describes the generation of cryptographic key material both for IKE-SAs and for IPsec-SAs.,Section 2.1.1 / Section 4.2,https://www.bsi.bund.de/SharedDocs/Downloads/EN/BSI/Publications/TechGuidelines/TG02102/BSI-TR-02102-3.pdf,medium,mlx-community/Qwen3.6-27B-8bit,2026-08-30,active,,
BSI TR-02102-3,Cryptographic Mechanisms: Recommendations for IPsec,Certification Schemes,Compliance Framework,assurance,2,software,Identify and mitigate side-channel vulnerabilities in cryptographic implementations by involving experts during development.,"Therefore, the developer should identify possible side channels by involving experts in this field and implement corresponding countermeasures. Depending on the application, this also applies to fault attacks.",Section 1,https://www.bsi.bund.de/SharedDocs/Downloads/EN/BSI/Publications/TechGuidelines/TG02102/BSI-TR-02102-3.pdf,high,mlx-community/Qwen3.6-27B-8bit,2026-08-30,active,,
BSI TR-02102-3,Cryptographic Mechanisms: Recommendations for IPsec,Certification Schemes,Compliance Framework,governance,2,all,"Establish security policies defining cryptographic algorithms, parameters, and modes of operation for IPsec and IKEv2 deployments.",The requirements for this must be defined beforehand by a security administrator... Negotiation of the cryptographic algorithms and cryptographic parameters to be used for IKE...,Section 1 / Section 2.1,https://www.bsi.bund.de/SharedDocs/Downloads/EN/BSI/Publications/TechGuidelines/TG02102/BSI-TR-02102-3.pdf,high,mlx-community/Qwen3.6-27B-8bit,2026-08-30,active,,
BSI TR-02102-4,Cryptographic Mechanisms: Recommendations for SSH,Certification Schemes,Compliance Framework,lifecycle,2,software,Retire SSH-1 protocol implementations due to known cryptographic vulnerabilities; enforce SSH-2 usage.,"The use of SSH-2 is recommended. Using SSH-1 is not recommended, since this protocol version contains cryptographic vulnerabilities.",Section 3.2,https://www.bsi.bund.de/SharedDocs/Downloads/EN/BSI/Publications/TechGuidelines/TG02102/BSI-TR-02102-4.pdf,high,mlx-community/Qwen3.6-27B-8bit,2026-08-30,active,,
BSI TR-02102-4,Cryptographic Mechanisms: Recommendations for SSH,Certification Schemes,Compliance Framework,lifecycle,2,software,Retire classical-only key agreement mechanisms by end of 2031; migrate to quantum-safe hybrid mechanisms.,The sole use of classic key agreement mechanisms is only recommended until the end of 2031... BSI intends to recommend quantum-safe hybrid key agreement mechanisms... as soon as suitable standards have been adopted.,Section 3.1.3,https://www.bsi.bund.de/SharedDocs/Downloads/EN/BSI/Publications/TechGuidelines/TG02102/BSI-TR-02102-4.pdf,high,mlx-community/Qwen3.6-27B-8bit,2026-08-30,active,,
BSI TR-02102-4,Cryptographic Mechanisms: Recommendations for SSH,Certification Schemes,Compliance Framework,lifecycle,2,software,Retire DSA algorithm recommendations from the end of 2029.,"Adjustment of the periods of use, discontinuation of DSA recommendation from the end of 2029",Document history (2024-01 entry),https://www.bsi.bund.de/SharedDocs/Downloads/EN/BSI/Publications/TechGuidelines/TG02102/BSI-TR-02102-4.pdf,high,mlx-community/Qwen3.6-27B-8bit,2026-08-30,active,,
BSI TR-02102-4,Cryptographic Mechanisms: Recommendations for SSH,Certification Schemes,Compliance Framework,lifecycle,2,software,Retire HMAC-SHA-1 usage in SSH implementations.,"Adjustment of the periods of use, discontinuation of HMAC-SHA-1",Document history (2020-01 entry),https://www.bsi.bund.de/SharedDocs/Downloads/EN/BSI/Publications/TechGuidelines/TG02102/BSI-TR-02102-4.pdf,high,mlx-community/Qwen3.6-27B-8bit,2026-08-30,active,,
BSI TR-02102-4,Cryptographic Mechanisms: Recommendations for SSH,Certification Schemes,Compliance Framework,governance,2,software,Configure SSH applications to prioritize recommended strong algorithms and deprioritize or disable weak/obsolete algorithms from the specification.,"The application should support the algorithms recommended in this document... but be configured in such a way that the recommended (cryptographically strong) algorithms are used with high priority and the (possibly cryptographically weak or obsolete) algorithms... are used with low priority or, if possible, are not used.",Section 3.2.1,https://www.bsi.bund.de/SharedDocs/Downloads/EN/BSI/Publications/TechGuidelines/TG02102/BSI-TR-02102-4.pdf,high,mlx-community/Qwen3.6-27B-8bit,2026-08-30,active,,
BSI TR-02102-4,Cryptographic Mechanisms: Recommendations for SSH,Certification Schemes,Compliance Framework,assurance,2,software,Ensure key exchange implementations for diffie-hellman-group-exchange-sha256 use a prime p of at least 3000 bits and generator order of at least 2^250.,The length of the prime number p should be at least 3000 bits... The order of the generator g should at least have the size 2^250,"Section 3.3, Remark on key exchange method no. 1",https://www.bsi.bund.de/SharedDocs/Downloads/EN/BSI/Publications/TechGuidelines/TG02102/BSI-TR-02102-4.pdf,high,mlx-community/Qwen3.6-27B-8bit,2026-08-30,active,,
BSI TR-02102-4,Cryptographic Mechanisms: Recommendations for SSH,Certification Schemes,Compliance Framework,assurance,2,software,Ensure key exchange implementations for diffie-hellman-group-exchange-sha256 use a safe prime p.,"According to Chapter 3 in [RFC 4419], p should be a safe prime, which means that with p = 2q+1, both p and q are prime.","Section 3.3, Remark on key exchange method no. 1",https://www.bsi.bund.de/SharedDocs/Downloads/EN/BSI/Publications/TechGuidelines/TG02102/BSI-TR-02102-4.pdf,high,mlx-community/Qwen3.6-27B-8bit,2026-08-30,active,,
BSI TR-02102-4,Cryptographic Mechanisms: Recommendations for SSH,Certification Schemes,Compliance Framework,assurance,2,software,Ensure ECDH key exchange methods use the corresponding SHA-2 hash function based on curve bit length as per RFC 5656.,The corresponding hash function from the SHA-2 family must be chosen depending on the bit length of the curve according to Section 6.2.1 in [RFC5656].,"Section 3.3, Remark on key exchange methods no. 4-6",https://www.bsi.bund.de/SharedDocs/Downloads/EN/BSI/Publications/TechGuidelines/TG02102/BSI-TR-02102-4.pdf,high,mlx-community/Qwen3.6-27B-8bit,2026-08-30,active,,
BSI TR-02102-4,Cryptographic Mechanisms: Recommendations for SSH,Certification Schemes,Compliance Framework,assurance,2,software,Ensure diffie-hellman-group-exchange-sha256 uses SHA-256 for the key derivation pseudo-random function (PRF).,"For this key exchange method, SHA-256 must also be used for the key derivation pseudo-random function (PRF).","Section 3.3, Remark on key exchange method no. 1",https://www.bsi.bund.de/SharedDocs/Downloads/EN/BSI/Publications/TechGuidelines/TG02102/BSI-TR-02102-4.pdf,high,mlx-community/Qwen3.6-27B-8bit,2026-08-30,active,,
Canada CSE PQC Guidance,Roadmap for the migration to post-quantum cryptography for the Government of Canada (ITSM.40.001),Compliance Frameworks,Government Guidance,governance,2,all,"Establish a departmental PQC migration plan with defined roles, including a PQC Migration Executive Lead (DOCS) and Technical Lead, to ensure accountability and oversight.","The departmental PQC migration plan must identify individuals responsible for various tasks... We recommend the DOCS... be assigned the role of PQC Migration Executive Lead to provide: oversight, accountability, executive support.",Section 3.1.1 Roles and responsibilities,https://www.cyber.gc.ca/sites/default/files/itsm.40.001-migration-post-quantum-cryptography-government-canada-e.pdf,high,mlx-community/Qwen3.6-27B-8bit,2026-08-30,active,,
Canada CSE PQC Guidance,Roadmap for the migration to post-quantum cryptography for the Government of Canada (ITSM.40.001),Compliance Frameworks,Government Guidance,governance,2,all,"Include financial planning, education strategy, and procurement policies in the departmental PQC migration plan to support execution and resource allocation.","The initial version of the departmental PQC migration plan should establish the individuals responsible for the following: execution of the plan, financial planning, education strategy... procurement policies...",Section 3.1 Preparation,https://www.cyber.gc.ca/sites/default/files/itsm.40.001-migration-post-quantum-cryptography-government-canada-e.pdf,high,mlx-community/Qwen3.6-27B-8bit,2026-08-30,active,,
Canada CSE PQC Guidance,Roadmap for the migration to post-quantum cryptography for the Government of Canada (ITSM.40.001),Compliance Frameworks,Government Guidance,governance,2,all,Develop procurement policies requiring new systems to support PQC and include contract clauses ensuring vendor support for PQC to avoid vendor lock-in.,Departments and agencies should ensure new procurements have requirements that support PQC... The Cyber Centre has recommended contract clauses for systems containing cryptographic modules.,Section 3.1.4 Procurement policies,https://www.cyber.gc.ca/sites/default/files/itsm.40.001-migration-post-quantum-cryptography-government-canada-e.pdf,high,mlx-community/Qwen3.6-27B-8bit,2026-08-30,active,,
Canada CSE PQC Guidance,Roadmap for the migration to post-quantum cryptography for the Government of Canada (ITSM.40.001),Compliance Frameworks,Government Guidance,governance,2,all,"Report on PQC migration progress annually starting April 2026, as required by TBS policy instruments for responsible officials.",TBS will issue the necessary policy instruments to require responsible officials to establish a departmental PQC migration plan as well as report on progress under existing departmental reporting processes.,Section 2 Stakeholders and planning,https://www.cyber.gc.ca/sites/default/files/itsm.40.001-migration-post-quantum-cryptography-government-canada-e.pdf,high,mlx-community/Qwen3.6-27B-8bit,2026-08-30,active,,
Canada CSE PQC Guidance,Roadmap for the migration to post-quantum cryptography for the Government of Canada (ITSM.40.001),Compliance Frameworks,Government Guidance,inventory,2,all,"Analyze IT infrastructure, hardware, software, and data across the enterprise to identify vulnerable systems and build an inventory for transition.","IT infrastructure, both hardware and software, and data will need to be analyzed across the entire enterprise... approaches for the identification of vulnerable systems to build an inventory for transition",Section 1 Introduction; Section 3.1 Preparation,https://www.cyber.gc.ca/sites/default/files/itsm.40.001-migration-post-quantum-cryptography-government-canada-e.pdf,high,mlx-community/Qwen3.6-27B-8bit,2026-08-30,active,,
Canada CSE PQC Guidance,Roadmap for the migration to post-quantum cryptography for the Government of Canada (ITSM.40.001),Compliance Frameworks,Government Guidance,lifecycle,2,all,Align PQC migration with existing IT equipment lifecycles and system modernization plans to reduce costs and leverage existing budgets.,The costs associated with this PQC migration may be reduced by utilizing existing IT equipment lifecycles and system modernization plans.,Section 3.1.2 Financial planning,https://www.cyber.gc.ca/sites/default/files/itsm.40.001-migration-post-quantum-cryptography-government-canada-e.pdf,high,mlx-community/Qwen3.6-27B-8bit,2026-08-30,active,,
UK NCSC PQC Guidance,Preparing for Quantum-Safe Cryptography,Compliance Frameworks,Government Guidance,governance,2,all,Factor quantum-safe transition into long-term roadmaps and conduct investigatory work to identify high-priority systems for migration.,Organisations that manage their own cryptographic infrastructure should factor quantum-safe transition into their long-term plans and conduct investigatory work to identify which of their systems will be high priority for transition.,Preparation for transition,https://www.ncsc.gov.uk/whitepaper/quantum-safe-cryptography,high,mlx-community/Qwen3.6-27B-8bit,2026-08-30,active,,
UK NCSC PQC Guidance,Preparing for Quantum-Safe Cryptography,Compliance Frameworks,Government Guidance,governance,2,all,Plan for a hybrid operational period supporting both conventional and quantum-safe cryptography to ease transition.,"There is likely to be a period during which organisations will be required to operate both conventional and quantum-safe cryptography, in order to ease transition between the two.",Preparation for transition,https://www.ncsc.gov.uk/whitepaper/quantum-safe-cryptography,high,mlx-community/Qwen3.6-27B-8bit,2026-08-30,active,,
UK NCSC PQC Guidance,Preparing for Quantum-Safe Cryptography,Compliance Frameworks,Government Guidance,governance,2,all,Avoid early adoption of non-standardised quantum-safe cryptography; wait for standards-compliant products to mitigate security and interoperability risks.,"The NCSC cautions against early adoption of non-standardised QSC. The security level may be unverifiable if the product is not based on a standardised algorithm, and such products are unlikely to inter-operate with future standards-compliant products.",Additional considerations,https://www.ncsc.gov.uk/whitepaper/quantum-safe-cryptography,high,mlx-community/Qwen3.6-27B-8bit,2026-08-30,active,,
UK NCSC PQC Guidance,Preparing for Quantum-Safe Cryptography,Compliance Frameworks,Government Guidance,inventory,2,all,Identify systems processing sensitive personal data or containing long-lived root keys as high priority for quantum-safe transition.,"Priority systems could be those that process sensitive personal data, or the parts of the public-key infrastructure that have certificate expiry dates far into the future and would be hardest to replace.",Preparation for transition,https://www.ncsc.gov.uk/whitepaper/quantum-safe-cryptography,high,mlx-community/Qwen3.6-27B-8bit,2026-08-30,active,,
G7-Financial-PQC-Roadmap-2026,G7 Cyber Expert Group Financial Sector PQC Roadmap,Compliance Frameworks,Government Guidance,governance,2,all,Establish executive-level risk awareness and define key roles for post-quantum resilience strategy.,"Executive-level risk awareness and initial post-quantum resilience strategy, and defined key roles.","Section: Transition Activities and Associated Outcomes, Phase 1: Awareness & Preparation",https://home.treasury.gov/system/files/136/G7-CEG-Quantum-Roadmap.pdf,high,mlx-community/Qwen3.6-27B-8bit,2026-08-30,active,,
G7-Financial-PQC-Roadmap-2026,G7 Cyber Expert Group Financial Sector PQC Roadmap,Compliance Frameworks,Government Guidance,governance,2,all,"Adapt internal processes for capability building, governance, and risk management regarding PQC.","Adapted internal processes for capability building, governance and risk management.","Section: Transition Activities and Associated Outcomes, Phase 3: Risk Assessment & Planning",https://home.treasury.gov/system/files/136/G7-CEG-Quantum-Roadmap.pdf,high,mlx-community/Qwen3.6-27B-8bit,2026-08-30,active,,
G7-Financial-PQC-Roadmap-2026,G7 Cyber Expert Group Financial Sector PQC Roadmap,Compliance Frameworks,Government Guidance,governance,3,all,Embed quantum-resistant cryptography into existing organizational governance and public oversight frameworks.,"Embedding quantum-resistant cryptography into existing organizational governance and public oversight frameworks, including, where relevant, supervisory and sectoral mechanisms to support implementation","Section: Continuous ongoing activities, Item (1) Governance and Risk Management",https://home.treasury.gov/system/files/136/G7-CEG-Quantum-Roadmap.pdf,high,mlx-community/Qwen3.6-27B-8bit,2026-08-30,active,,
G7-Financial-PQC-Roadmap-2026,G7 Cyber Expert Group Financial Sector PQC Roadmap,Compliance Frameworks,Government Guidance,inventory,2,all,"Create a comprehensive inventory of cryptographic assets, communication protocols, and third-party dependencies.","Comprehensive inventory of cryptographic assets, communication protocols, and relevant third-party dependencies.","Section: Transition Activities and Associated Outcomes, Phase 2: Discovery & Inventory",https://home.treasury.gov/system/files/136/G7-CEG-Quantum-Roadmap.pdf,high,mlx-community/Qwen3.6-27B-8bit,2026-08-30,active,,
G7-Financial-PQC-Roadmap-2026,G7 Cyber Expert Group Financial Sector PQC Roadmap,Compliance Frameworks,Government Guidance,inventory,2,all,"Map critical systems, functions, sensitive data, and communication protocols to assess exposure.","Mapped critical systems, functions, sensitive data, and communication protocols.","Section: Transition Activities and Associated Outcomes, Phase 2: Discovery & Inventory",https://home.treasury.gov/system/files/136/G7-CEG-Quantum-Roadmap.pdf,high,mlx-community/Qwen3.6-27B-8bit,2026-08-30,active,,
G7-Financial-PQC-Roadmap-2026,G7 Cyber Expert Group Financial Sector PQC Roadmap,Compliance Frameworks,Government Guidance,lifecycle,2,all,"Develop tailored migration plans for critical and less critical functions, including tools and standards.","Tailored migration plans for critical and less critical functions, including tools, standards and interoperability.","Section: Transition Activities and Associated Outcomes, Phase 3: Risk Assessment & Planning",https://home.treasury.gov/system/files/136/G7-CEG-Quantum-Roadmap.pdf,high,mlx-community/Qwen3.6-27B-8bit,2026-08-30,active,,
G7-Financial-PQC-Roadmap-2026,G7 Cyber Expert Group Financial Sector PQC Roadmap,Compliance Frameworks,Government Guidance,lifecycle,3,all,"Progressively deploy quantum-resistant solutions, starting with priority functions.","Quantum-resistant solutions progressively deployed, starting with priority functions.","Section: Transition Activities and Associated Outcomes, Phase 4: Migration Execution",https://home.treasury.gov/system/files/136/G7-CEG-Quantum-Roadmap.pdf,high,mlx-community/Qwen3.6-27B-8bit,2026-08-30,active,,
G7-Financial-PQC-Roadmap-2026,G7 Cyber Expert Group Financial Sector PQC Roadmap,Compliance Frameworks,Government Guidance,assurance,3,all,Test migrated functions and perform ecosystem-oriented quantum-resilience exercises.,Migrated functions are tested. Ecosystem-oriented quantum-resilience exercises performed.,"Section: Transition Activities and Associated Outcomes, Phase 5: Migration Testing",https://home.treasury.gov/system/files/136/G7-CEG-Quantum-Roadmap.pdf,high,mlx-community/Qwen3.6-27B-8bit,2026-08-30,active,,
G7-Financial-PQC-Roadmap-2026,G7 Cyber Expert Group Financial Sector PQC Roadmap,Compliance Frameworks,Government Guidance,assurance,3,all,Conduct continuous validation and ongoing improvement of quantum-resistant implementations.,Continuous validation and ongoing improvement.,"Section: Transition Activities and Associated Outcomes, Phase 6: Validation & Monitoring",https://home.treasury.gov/system/files/136/G7-CEG-Quantum-Roadmap.pdf,high,mlx-community/Qwen3.6-27B-8bit,2026-08-30,active,,
PCI-DSS-QRG,PCI DSS Quick Reference Guide v3 (v4.0 overview),Compliance Frameworks,Regulation,governance,2,all,Maintain a documented information security policy addressing security for all personnel.,12. Maintain a policy that addresses information security for all personnel,"Page 9, The PCI Data Security Standard",https://www.pcisecuritystandards.org/documents/PCIDSS_QRGv3.pdf,high,mlx-community/Qwen3.6-27B-8bit,2026-08-30,active,,
PCI-DSS-QRG,PCI DSS Quick Reference Guide v3 (v4.0 overview),Compliance Frameworks,Regulation,assurance,3,all,Submit compliance reports to acquiring banks and card brands documenting assessment and remediation details.,"Report —documenting assessment and remediation details, and submitting compliance reports to the acquiring bank and card brands you do business with","Page 5, PCI DSS COMPLIANCE IS A CONTINUOUS PROCESS",https://www.pcisecuritystandards.org/documents/PCIDSS_QRGv3.pdf,high,mlx-community/Qwen3.6-27B-8bit,2026-08-30,active,,
PCI-DSS-QRG,PCI DSS Quick Reference Guide v3 (v4.0 overview),Compliance Frameworks,Regulation,assurance,3,all,Engage Qualified Security Assessors (QSAs) to assess compliance with PCI DSS requirements.,QSAs are approved by the Council to assess compliance with the PCI DSS.,"Page 10, Tools for Assessing Compliance with PCI DSS",https://www.pcisecuritystandards.org/documents/PCIDSS_QRGv3.pdf,high,mlx-community/Qwen3.6-27B-8bit,2026-08-30,active,,
PCI-DSS-QRG,PCI DSS Quick Reference Guide v3 (v4.0 overview),Compliance Frameworks,Regulation,inventory,2,all,Identify all locations of cardholder data and take an inventory of IT assets and business processes for payment card processing.,"Assess — identifying all locations of cardholder data, taking an inventory of your IT assets and business processes for payment card processing","Page 5, PCI DSS COMPLIANCE IS A CONTINUOUS PROCESS",https://www.pcisecuritystandards.org/documents/PCIDSS_QRGv3.pdf,high,mlx-community/Qwen3.6-27B-8bit,2026-08-30,active,,
TSA-SD-PIPELINE-2021-02F,TSA Security Directive Pipeline-2021-02F,Compliance Frameworks,Regulation,governance,3,all,Establish and implement a TSA-approved Cybersecurity Implementation Plan detailing specific measures and schedules for achieving security outcomes.,Establish and implement a TSA-approved Cybersecurity Implementation Plan that describes the specific cybersecurity measures employed and the schedule for achieving the outcomes described in Section III.A. through III.E.,"Section I, Page 2",https://www.tsa.gov/sites/default/files/tsa-security-directive-pipeline-2021-02f-and-memo-508c.pdf,high,mlx-community/Qwen3.6-27B-8bit,2026-08-30,active,,
TSA-SD-PIPELINE-2021-02F,TSA Security Directive Pipeline-2021-02F,Compliance Frameworks,Regulation,governance,3,all,Develop and maintain an up-to-date Cybersecurity Incident Response Plan to reduce risk of operational disruption from cyber incidents.,"Develop and maintain an up-to-date Cybersecurity Incident Response Plan to reduce the risk of operational disruption, or the risk of other significant impacts on business critical functions... should the Information and/or Operational Technology systems... be affected by a cybersecurity incident.","Section I, Page 2",https://www.tsa.gov/sites/default/files/tsa-security-directive-pipeline-2021-02f-and-memo-508c.pdf,high,mlx-community/Qwen3.6-27B-8bit,2026-08-30,active,,
TSA-SD-PIPELINE-2021-02F,TSA Security Directive Pipeline-2021-02F,Compliance Frameworks,Regulation,governance,3,all,Develop a Cybersecurity Assessment Plan and submit annual updates and reports for TSA approval regarding assessment effectiveness and results.,"Develop a Cybersecurity Assessment Plan and submit (a) an annual update, for approval, that describes how the Owner/Operator will proactively and regularly assess the effectiveness of cybersecurity measures... and (b) an annual report that provides Cybersecurity Assessment Plan results from the previous year.","Section I, Page 2",https://www.tsa.gov/sites/default/files/tsa-security-directive-pipeline-2021-02f-and-memo-508c.pdf,high,mlx-community/Qwen3.6-27B-8bit,2026-08-30,active,,
TSA-SD-PIPELINE-2021-02F,TSA Security Directive Pipeline-2021-02F,Compliance Frameworks,Regulation,governance,3,all,"Retain sole responsibility for compliance with the TSA-approved Cybersecurity Implementation Plan, even when delegating to Managed Security Service Providers.","If an Owner/Operator has delegated to, or shared responsibility with, a Managed Security Service Provider... the Owner/Operator retains sole responsibility under this Security Directive for ensuring compliance with the Owner/Operator’s TSA-approved Cybersecurity Implementation Plan and this Security Directive.","Section II.A.3, Page 4",https://www.tsa.gov/sites/default/files/tsa-security-directive-pipeline-2021-02f-and-memo-508c.pdf,high,mlx-community/Qwen3.6-27B-8bit,2026-08-30,active,,
TSA-SD-PIPELINE-2021-02F,TSA Security Directive Pipeline-2021-02F,Compliance Frameworks,Regulation,assurance,3,all,Provide TSA with specific documentation and access to systems as necessary to establish and verify compliance with the Security Directive.,"Given this authority, TSA may require Owner/Operators to provide specific documentation and access to TSA as necessary to establish compliance. See Section IV of this Security Directive for examples of the type of records to which TSA may require access.","Section I, Page 3",https://www.tsa.gov/sites/default/files/tsa-security-directive-pipeline-2021-02f-and-memo-508c.pdf,high,mlx-community/Qwen3.6-27B-8bit,2026-08-30,active,,
HKMA-FINTECH-BLUEPRINT-2026,HKMA Fintech Promotion Blueprint (Fintech 2030) — Feb 2026,Compliance Frameworks,Industry Report,governance,2,all,"Establish governance frameworks and clear standards for asset classification to support scalable, interoperable DLT deployments.","Overcoming these barriers requires industry‑wide coordination... establishing clear standards for asset classification, governance framework, and preferred DLT network architectures.",Section 2: Market Understanding: The Adoption Landscape (Distributed Ledger Technology),https://www.hkma.gov.hk/media/eng/doc/key-information/press-release/2026/20260203e3a1.pdf,high,mlx-community/Qwen3.6-27B-8bit,2026-08-30,active,,
HKMA-FINTECH-BLUEPRINT-2026,HKMA Fintech Promotion Blueprint (Fintech 2030) — Feb 2026,Compliance Frameworks,Industry Report,governance,2,all,Integrate post-quantum cryptography (PQC) within cybersecurity frameworks to mitigate emerging quantum-related risks.,Focused efforts to integrate post-quantum cryptography (PQC) within cybersecurity frameworks are essential to mitigate emerging quantum-related risks and ensure comprehensive data protection and operational resilience.,Section 2: Market Understanding: The Adoption Landscape (High-Performance Computing),https://www.hkma.gov.hk/media/eng/doc/key-information/press-release/2026/20260203e3a1.pdf,high,mlx-community/Qwen3.6-27B-8bit,2026-08-30,active,,
NY-DFS-23-NYCRR-500-A2,NY DFS 23 NYCRR Part 500 — Cybersecurity Requirements (Amendment 2),Compliance Frameworks,Regulation,governance,3,all,Implement and maintain a written cybersecurity policy approved annually by senior officers or the senior governing body.,"Each covered entity shall implement and maintain a written policy or policies, approved at least annually by a senior officer or the covered entity’s senior governing body",500.3,https://www.dfs.ny.gov/system/files/documents/2023/12/rf23_nycrr_part_500_amend02_20231101.pdf,high,mlx-community/Qwen3.6-27B-8bit,2026-08-30,active,,
NY-DFS-23-NYCRR-500-A2,NY DFS 23 NYCRR Part 500 — Cybersecurity Requirements (Amendment 2),Compliance Frameworks,Regulation,governance,3,all,Designate a Chief Information Security Officer (CISO) responsible for overseeing and implementing the cybersecurity program.,"Each covered entity shall designate a CISO. The CISO may be employed by the covered entity, one of its affiliates or a third-party service provider.",500.4(a),https://www.dfs.ny.gov/system/files/documents/2023/12/rf23_nycrr_part_500_amend02_20231101.pdf,high,mlx-community/Qwen3.6-27B-8bit,2026-08-30,active,,
NY-DFS-23-NYCRR-500-A2,NY DFS 23 NYCRR Part 500 — Cybersecurity Requirements (Amendment 2),Compliance Frameworks,Regulation,governance,3,all,Ensure the senior governing body receives annual certification from the CISO confirming compliance with the cybersecurity regulations.,Senior management must take this issue seriously and be responsible for the organization’s cybersecurity program and file an annual certification confirming compliance with these regulations.,500.0,https://www.dfs.ny.gov/system/files/documents/2023/12/rf23_nycrr_part_500_amend02_20231101.pdf,high,mlx-community/Qwen3.6-27B-8bit,2026-08-30,active,,
NY-DFS-23-NYCRR-500-A2,NY DFS 23 NYCRR Part 500 — Cybersecurity Requirements (Amendment 2),Compliance Frameworks,Regulation,governance,3,all,Retain responsibility for compliance even if the CISO is employed by a third-party service provider or affiliate.,"If the CISO is employed by a third-party service provider or an affiliate, the covered entity shall: (1) retain responsibility for compliance with this Part",500.4(a)(1),https://www.dfs.ny.gov/system/files/documents/2023/12/rf23_nycrr_part_500_amend02_20231101.pdf,high,mlx-community/Qwen3.6-27B-8bit,2026-08-30,active,,
NY-DFS-23-NYCRR-500-A2,NY DFS 23 NYCRR Part 500 — Cybersecurity Requirements (Amendment 2),Compliance Frameworks,Regulation,assurance,3,all,Class A companies must design and conduct independent audits of their cybersecurity program based on their risk assessment.,Each class A company shall design and conduct independent audits of its cybersecurity program based on its risk assessment.,500.2(c),https://www.dfs.ny.gov/system/files/documents/2023/12/rf23_nycrr_part_500_amend02_20231101.pdf,high,mlx-community/Qwen3.6-27B-8bit,2026-08-30,active,,
NY-DFS-23-NYCRR-500-A2,NY DFS 23 NYCRR Part 500 — Cybersecurity Requirements (Amendment 2),Compliance Frameworks,Regulation,assurance,3,all,Make all documentation and information relevant to the cybersecurity program available to the Superintendent upon request.,All documentation and information relevant to the covered entity’s cybersecurity program... shall be made available to the superintendent upon request.,500.2(e),https://www.dfs.ny.gov/system/files/documents/2023/12/rf23_nycrr_part_500_amend02_20231101.pdf,high,mlx-community/Qwen3.6-27B-8bit,2026-08-30,active,,
DORA-REG-2022-2554,Digital Operational Resilience Act (DORA) — Regulation EU 2022/2554,Compliance Frameworks,Regulation,governance,2,all,"Establish a comprehensive ICT risk management framework approved by management, defining policies, roles, and responsibilities for digital operational resilience.",Financial entities should follow the same approach and the same principle-based rules when addressing ICT risk... This Regulation should thus also raise awareness of ICT risk and acknowledge that ICT incidents and a lack of operational resilience have the possibility to jeopardise the soundness of financial entities.,"Recitals 13, 12",https://eur-lex.europa.eu/legal-content/EN/TXT/PDF/?uri=CELEX:32022R2554,high,mlx-community/Qwen3.6-27B-8bit,2026-08-30,active,,
DORA-REG-2022-2554,Digital Operational Resilience Act (DORA) — Regulation EU 2022/2554,Compliance Frameworks,Regulation,assurance,3,all,"Implement mechanisms for competent authorities to supervise and verify the management of ICT risk, ensuring consistent application of digital operational resilience requirements.","The Single Rulebook and system of supervision should therefore be developed to also cover digital operational resilience, by strengthening the mandates of competent authorities to enable them to supervise the management of ICT risk in the financial sector...",Recital 8,https://eur-lex.europa.eu/legal-content/EN/TXT/PDF/?uri=CELEX:32022R2554,high,mlx-community/Qwen3.6-27B-8bit,2026-08-30,active,,
DORA-REG-2022-2554,Digital Operational Resilience Act (DORA) — Regulation EU 2022/2554,Compliance Frameworks,Regulation,assurance,3,all,Establish standardized processes for ICT-related incident reporting and digital operational resilience testing to ensure consistent evidence of resilience capabilities.,"This Regulation fills in the gaps or remedies inconsistencies in some of the prior legal acts... and explicitly refers to ICT risk via targeted rules on ICT risk-management capabilities, incident reporting, operational resilience testing and ICT third-party risk monitoring.",Recital 12,https://eur-lex.europa.eu/legal-content/EN/TXT/PDF/?uri=CELEX:32022R2554,high,mlx-community/Qwen3.6-27B-8bit,2026-08-30,active,,
GDPR-REG-2016-679,General Data Protection Regulation (GDPR) — Regulation EU 2016/679,Compliance Frameworks,Regulation,governance,2,all,"Establish documented policies and assign clear responsibilities for data protection, including the appointment of a Data Protection Officer where required.",Effective protection of personal data throughout the Union requires the strengthening and setting out in detail of the rights of data subjects and the obligations of those who process and determine the processing of personal data...,Recital 11,https://eur-lex.europa.eu/legal-content/EN/TXT/PDF/?uri=CELEX:32016R0679,high,mlx-community/Qwen3.6-27B-8bit,2026-08-30,active,,
GDPR-REG-2016-679,General Data Protection Regulation (GDPR) — Regulation EU 2016/679,Compliance Frameworks,Regulation,governance,2,all,"Implement accountability measures to demonstrate compliance with data protection principles, ensuring controllers can prove adherence to regulatory obligations.","The principles of, and rules on the protection of natural persons with regard to the processing of their personal data should, whatever their nationality or residence, respect their fundamental rights and freedoms...",Recital 2,https://eur-lex.europa.eu/legal-content/EN/TXT/PDF/?uri=CELEX:32016R0679,medium,mlx-community/Qwen3.6-27B-8bit,2026-08-30,active,,
GDPR-REG-2016-679,General Data Protection Regulation (GDPR) — Regulation EU 2016/679,Compliance Frameworks,Regulation,assurance,2,all,Maintain records of processing activities to enable supervisory authorities to monitor compliance and verify adherence to data protection rules.,Effective protection of personal data throughout the Union requires... equivalent powers for monitoring and ensuring compliance with the rules for the protection of personal data and equivalent sanctions for infringements...,Recital 11,https://eur-lex.europa.eu/legal-content/EN/TXT/PDF/?uri=CELEX:32016R0679,high,mlx-community/Qwen3.6-27B-8bit,2026-08-30,active,,
EIDAS-REG-910-2014,eIDAS Regulation — Regulation EU 910/2014 (eIDAS 1.0),Compliance Frameworks,Regulation,governance,3,certificates,Establish notified electronic identification schemes meeting security and interoperability conditions for cross-border mutual recognition.,Member States should cooperate with regard to the security and interoperability of the electronic identification schemes at Union level... The principle of mutual recognition should apply if the notifying Member State’s electronic identification scheme meets the conditions of notification,"Recitals 14, 19, 20",https://eur-lex.europa.eu/legal-content/EN/TXT/PDF/?uri=CELEX:32014R0910,high,mlx-community/Qwen3.6-27B-8bit,2026-08-30,active,,
EIDAS-REG-910-2014,eIDAS Regulation — Regulation EU 910/2014 (eIDAS 1.0),Compliance Frameworks,Regulation,governance,3,certificates,"Define and enforce identity assurance levels (low, substantial, high) based on technical controls and management activities for electronic identification means.",Assurance levels should characterise the degree of confidence... taking into account processes... management activities... and technical controls implemented... requirements established should be technology-neutral.,Recital 16,https://eur-lex.europa.eu/legal-content/EN/TXT/PDF/?uri=CELEX:32014R0910,high,mlx-community/Qwen3.6-27B-8bit,2026-08-30,active,,
EIDAS-REG-910-2014,eIDAS Regulation — Regulation EU 910/2014 (eIDAS 1.0),Compliance Frameworks,Regulation,governance,3,certificates,"Assign liability to notifying Member States, issuers, and operators for failure to comply with obligations regarding electronic identification and trust services.","This Regulation should provide for the liability of the notifying Member State, the party issuing the electronic identification means and the party operating the authentication procedure for failure to comply with the relevant obligations",Recital 18,https://eur-lex.europa.eu/legal-content/EN/TXT/PDF/?uri=CELEX:32014R0910,high,mlx-community/Qwen3.6-27B-8bit,2026-08-30,active,,
EIDAS-REG-910-2014,eIDAS Regulation — Regulation EU 910/2014 (eIDAS 1.0),Compliance Frameworks,Regulation,assurance,3,certificates,Ensure trust service providers and supervisory bodies respect confidentiality and security of processing requirements for personal data.,requirements under Directive 95/46/EC concerning confidentiality and security of processing should be respected by trust service providers and supervisory bodies.,Recital 11,https://eur-lex.europa.eu/legal-content/EN/TXT/PDF/?uri=CELEX:32014R0910,high,mlx-community/Qwen3.6-27B-8bit,2026-08-30,active,,
EU-CRA-REG-2024-2847,EU Cyber Resilience Act (CRA) — Regulation EU 2024/2847,Compliance Frameworks,Regulation,governance,3,all,"Manufacturers must establish and maintain a documented cybersecurity policy and management system covering the entire product lifecycle, including risk assessment and secure development practices.",Manufacturers should therefore ensure that all products with digital elements are designed and developed in accordance with the essential cybersecurity requirements laid down in this Regulation.,Recital 9,https://eur-lex.europa.eu/legal-content/EN/TXT/PDF/?uri=CELEX:32024R2847,high,mlx-community/Qwen3.6-27B-8bit,2026-08-30,active,,
EU-CRA-REG-2024-2847,EU Cyber Resilience Act (CRA) — Regulation EU 2024/2847,Compliance Frameworks,Regulation,governance,3,all,Manufacturers must implement a conformity assessment procedure to verify compliance with essential cybersecurity requirements before placing products on the market.,Consumer products with digital elements categorised in this Regulation as important products with digital elements... should undergo a stricter conformity assessment procedure.,Recital 10,https://eur-lex.europa.eu/legal-content/EN/TXT/PDF/?uri=CELEX:32024R2847,high,mlx-community/Qwen3.6-27B-8bit,2026-08-30,active,,
EU-CRA-REG-2024-2847,EU Cyber Resilience Act (CRA) — Regulation EU 2024/2847,Compliance Frameworks,Regulation,assurance,3,all,"Manufacturers must provide evidence of conformity through technical documentation and, for critical products, undergo independent third-party assessment to validate security claims.",The stricter conformity assessment procedures that other products with digital elements categorised in this Regulation as important or critical products with digital elements are required to undergo...,Recital 10,https://eur-lex.europa.eu/legal-content/EN/TXT/PDF/?uri=CELEX:32024R2847,high,mlx-community/Qwen3.6-27B-8bit,2026-08-30,active,,
EU-CRA-REG-2024-2847,EU Cyber Resilience Act (CRA) — Regulation EU 2024/2847,Compliance Frameworks,Regulation,lifecycle,3,all,"Manufacturers must define and publish a support period for security updates, ensuring vulnerabilities are addressed throughout the product's operational life.","It also aims to create conditions allowing users to take cybersecurity into account when selecting and using products with digital elements, for example by improving transparency with regard to the support period for products with digital elements made available on the market.",Recital 2,https://eur-lex.europa.eu/legal-content/EN/TXT/PDF/?uri=CELEX:32024R2847,high,mlx-community/Qwen3.6-27B-8bit,2026-08-30,active,,
EU-CRA-REG-2024-2847,EU Cyber Resilience Act (CRA) — Regulation EU 2024/2847,Compliance Frameworks,Regulation,inventory,2,all,Manufacturers must maintain an inventory of components and software elements to ensure supply chain security and vulnerability management.,"Those requirements will also ensure that cybersecurity is taken into account throughout supply chains, making final products with digital elements and their components more secure.",Recital 10,https://eur-lex.europa.eu/legal-content/EN/TXT/PDF/?uri=CELEX:32024R2847,medium,mlx-community/Qwen3.6-27B-8bit,2026-08-30,active,,
EC-Recommendation-2024-1101,European Commission Recommendation on Post-Quantum Cryptography (2024/1101),Compliance Frameworks,Compliance Framework,governance,2,all,"Develop a comprehensive national strategy for Post-Quantum Cryptography adoption with clear goals, milestones, and timelines.","This Commission Recommendation encourages Member States to develop a comprehensive strategy for the adoption of Post-Quantum Cryptography... The strategy should define clear goals, milestones, and timelines",Recital (6),https://eur-lex.europa.eu/legal-content/EN/TXT/PDF/?uri=OJ:L_202401101,high,mlx-community/Qwen3.6-27B-8bit,2026-08-30,active,,
EC-Recommendation-2024-1101,European Commission Recommendation on Post-Quantum Cryptography (2024/1101),Compliance Frameworks,Compliance Framework,governance,2,all,Establish a dedicated sub-group of the NIS Cooperation Group to coordinate PQC transition efforts and define the implementation roadmap.,The Commission recommends that Member States... establish a sub-group of the NIS Cooperation Group... tasked to define and develop the Post-Quantum Cryptography Coordinated Implementation Roadmap,"Section 2, Points (4) and (6)",https://eur-lex.europa.eu/legal-content/EN/TXT/PDF/?uri=OJ:L_202401101,high,mlx-community/Qwen3.6-27B-8bit,2026-08-30,active,,
EC-Recommendation-2024-1101,European Commission Recommendation on Post-Quantum Cryptography (2024/1101),Compliance Frameworks,Compliance Framework,governance,2,all,Align national transition plans with the common Post-Quantum Cryptography Coordinated Implementation Roadmap.,"the Post-Quantum Cryptography Coordinated Implementation Roadmap should serve as blueprint for the definition of the national transition plans... or, where national plans exist, their alignment with the common... Roadmap",Recital (10),https://eur-lex.europa.eu/legal-content/EN/TXT/PDF/?uri=OJ:L_202401101,high,mlx-community/Qwen3.6-27B-8bit,2026-08-30,active,,
EC-Recommendation-2024-1101,European Commission Recommendation on Post-Quantum Cryptography (2024/1101),Compliance Frameworks,Compliance Framework,assurance,2,all,Submit relevant information to the Commission upon request to enable monitoring of progress and effectiveness of PQC measures.,"Member States are therefore encouraged to submit to the Commission, upon its request, all relevant information... to ensure such monitoring","Recital (11) and Section 3, Point (9)",https://eur-lex.europa.eu/legal-content/EN/TXT/PDF/?uri=OJ:L_202401101,high,mlx-community/Qwen3.6-27B-8bit,2026-08-30,active,,
EC-Recommendation-2024-1101,European Commission Recommendation on Post-Quantum Cryptography (2024/1101),Compliance Frameworks,Compliance Framework,assurance,2,all,Cooperate with the Commission to assess the effects of the Recommendation within three years of publication.,Member States should cooperate with the Commission to assess the effects of this Recommendation maximum three years after its publication,"Section 4, Point (11)",https://eur-lex.europa.eu/legal-content/EN/TXT/PDF/?uri=OJ:L_202401101,high,mlx-community/Qwen3.6-27B-8bit,2026-08-30,active,,
HIPAA-45-CFR-164,HIPAA Security Rule — 45 CFR Part 164,Compliance Frameworks,Regulation,governance,3,all,Implement and document policies and procedures to ensure compliance with security standards for electronic protected health information.,"The covered entity is responsible for complying with §§ 164.316(a) and 164.530(i), pertaining to the implementation of policies and procedures to ensure compliance with applicable requirements of this part",§ 164.105(a)(2)(iii)(B),https://www.ecfr.gov/current/title-45/subtitle-A/subchapter-C/part-164,high,mlx-community/Qwen3.6-27B-8bit,2026-08-30,active,,
HIPAA-45-CFR-164,HIPAA Security Rule — 45 CFR Part 164,Compliance Frameworks,Regulation,governance,3,all,Designate a security official responsible for the development and implementation of security policies and procedures.,"Standard: Security management process. Implement policies and procedures to prevent, detect, contain, and correct security violations. Implementation specification: Sanction policy. Implement sanctions against workforce members who fail to comply with the security policies and procedures of the covered entity.",§ 164.308(a)(1),https://www.ecfr.gov/current/title-45/subtitle-A/subchapter-C/part-164,high,mlx-community/Qwen3.6-27B-8bit,2026-08-30,active,,
HIPAA-45-CFR-164,HIPAA Security Rule — 45 CFR Part 164,Compliance Frameworks,Regulation,governance,3,all,Implement procedures for the regular review and update of security policies and procedures in response to environmental or organizational changes.,"Review documentation periodically, and update as needed, in response to environmental or operational changes affecting the security of the electronic protected health information.",§ 164.316(b)(2)(iii),https://www.ecfr.gov/current/title-45/subtitle-A/subchapter-C/part-164,high,mlx-community/Qwen3.6-27B-8bit,2026-08-30,active,,
HIPAA-45-CFR-164,HIPAA Security Rule — 45 CFR Part 164,Compliance Frameworks,Regulation,assurance,3,all,"Maintain documentation of security policies, procedures, and activities required by the Security Rule for six years from creation or last effective date.","Standard: Documentation requirements. Create and maintain the following documentation of security policies, procedures, and activities that satisfy the requirements of this subpart: (1) Policies and related procedures... (2) Security incidents and resolutions... (3) Security measures... Documentation must be retained and available upon request for six years from the date of its creation or the da…",§ 164.316(b),https://www.ecfr.gov/current/title-45/subtitle-A/subchapter-C/part-164,high,mlx-community/Qwen3.6-27B-8bit,2026-08-30,active,,
HIPAA-45-CFR-164,HIPAA Security Rule — 45 CFR Part 164,Compliance Frameworks,Regulation,assurance,3,all,Conduct periodic technical and nontechnical evaluations to establish initial baselines and to validate that security measures continue to meet compliance requirements.,"Standard: Information system activity review. Implement procedures to regularly review records of information system activity, such as audit logs, access reports, and security incident tracking reports. Implementation specification: Security incident procedures. Implement policies and procedures to address security incidents.",§ 164.308(a)(5),https://www.ecfr.gov/current/title-45/subtitle-A/subchapter-C/part-164,high,mlx-community/Qwen3.6-27B-8bit,2026-08-30,active,,
FERPA-34-CFR-99,FERPA — 34 CFR Part 99,Compliance Frameworks,Regulation,governance,2,all,Establish and publish an annual notification policy detailing the rights of parents and students regarding education records.,What must an educational agency or institution include in its annual notification? ... The purpose of this part is to set out requirements for the protection of privacy of parents and students,"§ 99.7, § 99.2",https://www.ecfr.gov/current/title-34/subtitle-A/part-99,high,mlx-community/Qwen3.6-27B-8bit,2026-08-30,active,,
FERPA-34-CFR-99,FERPA — 34 CFR Part 99,Compliance Frameworks,Regulation,assurance,2,all,Maintain records of all requests for access and disclosures of personally identifiable information from education records.,What recordkeeping requirements exist concerning requests and disclosures? ... § 99.32,§ 99.32,https://www.ecfr.gov/current/title-34/subtitle-A/part-99,high,mlx-community/Qwen3.6-27B-8bit,2026-08-30,active,,
FERPA-34-CFR-99,FERPA — 34 CFR Part 99,Compliance Frameworks,Regulation,governance,2,all,"Define conditions under which prior consent is not required for disclosure, establishing clear ownership and policy boundaries for data release.",Under what conditions is prior consent not required to disclose information? ... § 99.31,§ 99.31,https://www.ecfr.gov/current/title-34/subtitle-A/part-99,high,mlx-community/Qwen3.6-27B-8bit,2026-08-30,active,,
FDA-21-CFR-11,FDA 21 CFR Part 11 — Electronic Records; Electronic Signatures,Compliance Frameworks,Regulation,governance,3,all,"Implement validated procedures and controls to ensure authenticity, integrity, and confidentiality of electronic records and signatures.","Persons who use closed systems to create, modify, maintain, or transmit electronic records shall employ procedures and controls designed to ensure the authenticity, integrity, and, when appropriate, the confidentiality of electronic records",§ 11.10,https://www.ecfr.gov/current/title-21/chapter-I/subchapter-A/part-11,high,mlx-community/Qwen3.6-27B-8bit,2026-08-30,active,,
FDA-21-CFR-11,FDA 21 CFR Part 11 — Electronic Records; Electronic Signatures,Compliance Frameworks,Regulation,assurance,3,all,"Maintain computer systems, controls, and documentation to be readily available for and subject to FDA inspection.","Computer systems (including hardware and software), controls, and attendant documentation maintained under this part shall be readily available for, and subject to, FDA inspection.",§ 11.1(e),https://www.ecfr.gov/current/title-21/chapter-I/subchapter-A/part-11,high,mlx-community/Qwen3.6-27B-8bit,2026-08-30,active,,
FDA-21-CFR-11,FDA 21 CFR Part 11 — Electronic Records; Electronic Signatures,Compliance Frameworks,Regulation,governance,3,all,Ensure that the signer cannot readily repudiate the signed record as not genuine through implemented controls.,Such procedures and controls shall include the following: ... to ensure that the signer cannot readily repudiate the signed record as not genuine.,§ 11.10,https://www.ecfr.gov/current/title-21/chapter-I/subchapter-A/part-11,high,mlx-community/Qwen3.6-27B-8bit,2026-08-30,active,,
COPPA-16-CFR-312,COPPA Rule — 16 CFR Part 312,Compliance Frameworks,Regulation,governance,3,all,"Establish and maintain reasonable procedures to protect the confidentiality, security, and integrity of personal information collected from children.","Establish and maintain reasonable procedures to protect the confidentiality, security, and integrity of personal information collected from children ( § 312.8 ).",§ 312.3(e),https://www.ecfr.gov/current/title-16/chapter-I/subchapter-C/part-312,high,mlx-community/Qwen3.6-27B-8bit,2026-08-30,active,,
COPPA-16-CFR-312,COPPA Rule — 16 CFR Part 312,Compliance Frameworks,Regulation,lifecycle,3,all,Define and disclose data retention policies for personal information collected from children in the online notice of information practices.,the operator's data retention policy as required under § 312.10,§ 312.4(d)(2),https://www.ecfr.gov/current/title-16/chapter-I/subchapter-C/part-312,high,mlx-community/Qwen3.6-27B-8bit,2026-08-30,active,,
COPPA-16-CFR-312,COPPA Rule — 16 CFR Part 312,Compliance Frameworks,Regulation,lifecycle,3,all,Delete parent or child online contact information if verifiable parental consent is not provided within a reasonable time.,"if the parent does not provide consent within a reasonable time from the date the direct notice was sent, the operator will delete the parent's or child's online contact information and the parent's or child's name from its records.",§ 312.4(c)(1)(vii),https://www.ecfr.gov/current/title-16/chapter-I/subchapter-C/part-312,high,mlx-community/Qwen3.6-27B-8bit,2026-08-30,active,,
COPPA-16-CFR-312,COPPA Rule — 16 CFR Part 312,Compliance Frameworks,Regulation,lifecycle,3,all,Delete audio files containing a child's voice immediately after responding to the request for which they were collected.,the operator deletes such audio files immediately after responding to the request for which they were collected,§ 312.4(d)(4),https://www.ecfr.gov/current/title-16/chapter-I/subchapter-C/part-312,high,mlx-community/Qwen3.6-27B-8bit,2026-08-30,active,,
COPPA-16-CFR-312,COPPA Rule — 16 CFR Part 312,Compliance Frameworks,Regulation,governance,3,all,"Establish, implement, and maintain a written information security program with designated coordinators to protect children's personal information.","At a minimum, the operator must establish, implement, and maintain a written information security program that contains safeguards that are appropriate to the sensitivity of the personal information collected from children... Designate one or more employees to coordinate the operator's information security program",§ 312.8(b),https://www.ecfr.gov/current/title-16/chapter-I/subchapter-C/part-312,high,mlx-community/Qwen3.6-27B-8bit,2026-08-30,active,,
COPPA-16-CFR-312,COPPA Rule — 16 CFR Part 312,Compliance Frameworks,Regulation,assurance,3,all,Regularly test and monitor the effectiveness of safeguards and annually evaluate/modify the security program to address identified risks.,"Regularly test and monitor the effectiveness of the safeguards in place to control risks identified through the risk assessments... At least annually, evaluate and modify the information security program to address identified risks, results of required testing and monitoring",§ 312.8(b)(4)-(5),https://www.ecfr.gov/current/title-16/chapter-I/subchapter-C/part-312,high,mlx-community/Qwen3.6-27B-8bit,2026-08-30,active,,
COPPA-16-CFR-312,COPPA Rule — 16 CFR Part 312,Compliance Frameworks,Regulation,lifecycle,3,all,Delete children's personal information promptly upon parental request or when consent is not obtained within a reasonable time.,"If the operator has not obtained parental consent after a reasonable time from the date of the information collection, the operator must delete such information from its records... direct the operator to delete the child's personal information","§ 312.5(c)(1), § 312.6(a)(2)",https://www.ecfr.gov/current/title-16/chapter-I/subchapter-C/part-312,high,mlx-community/Qwen3.6-27B-8bit,2026-08-30,active,,
MAS-CIRCULAR-IT-RISK,MAS Technology Risk Management Guidelines,Compliance Frameworks,Regulation,governance,2,all,Establish a technology risk management strategy and ensure key IT decisions align with the organization's defined risk appetite.,The board of directors and senior management should ensure a technology risk management strategy is established and implemented. ... ensure key IT decisions are made in accordance with the FI’s risk appetite.,"Section 3.1.4, 3.1.5",https://www.mas.gov.sg/-/media/MAS/Regulations-and-Financial-Stability/Regulatory-and-Supervisory-Framework/Risk-Management/TRM-Guidelines-18-January-2021.pdf,high,mlx-community/Qwen3.6-27B-8bit,2026-08-30,active,,
MAS-CIRCULAR-IT-RISK,MAS Technology Risk Management Guidelines,Compliance Frameworks,Regulation,governance,2,all,"Appoint a CISO or Head of Information Security with requisite expertise, approved by the CEO, to oversee information security strategy.","The board of directors and senior management should ensure ... a Chief Information Security Officer or Head of Information Security ... with the requisite expertise and experience, are appointed. The appointments should be minimally approved by the Chief Executive Officer.",Section 3.1.3,https://www.mas.gov.sg/-/media/MAS/Regulations-and-Financial-Stability/Regulatory-and-Supervisory-Framework/Risk-Management/TRM-Guidelines-18-January-2021.pdf,high,mlx-community/Qwen3.6-27B-8bit,2026-08-30,active,,
MAS-CIRCULAR-IT-RISK,MAS Technology Risk Management Guidelines,Compliance Frameworks,Regulation,governance,2,all,"Ensure the Board and Senior Management possess the knowledge to understand and manage technology risks, including cyber threats.","Both the board of directors and senior management should have members with the knowledge to understand and manage technology risks, which include risks posed by cyber threats.",Section 3.1.2,https://www.mas.gov.sg/-/media/MAS/Regulations-and-Financial-Stability/Regulatory-and-Supervisory-Framework/Risk-Management/TRM-Guidelines-18-January-2021.pdf,high,mlx-community/Qwen3.6-27B-8bit,2026-08-30,active,,
MAS-CIRCULAR-IT-RISK,MAS Technology Risk Management Guidelines,Compliance Frameworks,Regulation,governance,2,all,"Cultivate a strong culture of technology risk awareness and management at all staff levels, setting the tone from the top.",The board of directors and senior management should set the tone from the top and cultivate a strong culture of technology risk awareness and management at all levels of staff within the FI.,Section 3.1.6,https://www.mas.gov.sg/-/media/MAS/Regulations-and-Financial-Stability/Regulatory-and-Supervisory-Framework/Risk-Management/TRM-Guidelines-18-January-2021.pdf,high,mlx-community/Qwen3.6-27B-8bit,2026-08-30,active,,
MAS-CIRCULAR-IT-RISK,MAS Technology Risk Management Guidelines,Compliance Frameworks,Regulation,governance,2,all,"Establish sound and robust technology risk governance and oversight, ensuring effective internal controls for security and resilience.","The board of directors and senior management at an FI play an integral part in the oversight and management of technology risk. ... ensure effective internal controls and risk management practices are implemented to achieve security, reliability and resilience","Section 1.4(a), 3.1.1",https://www.mas.gov.sg/-/media/MAS/Regulations-and-Financial-Stability/Regulatory-and-Supervisory-Framework/Risk-Management/TRM-Guidelines-18-January-2021.pdf,high,mlx-community/Qwen3.6-27B-8bit,2026-08-30,active,,
MAS-CIRCULAR-IT-RISK,MAS Technology Risk Management Guidelines,Compliance Frameworks,Regulation,assurance,2,all,Implement an IT Audit function to provide independent assurance on the effectiveness of technology risk management controls.,15 IT Audit ... 15.1 Audit Function,"Section 15, 15.1",https://www.mas.gov.sg/-/media/MAS/Regulations-and-Financial-Stability/Regulatory-and-Supervisory-Framework/Risk-Management/TRM-Guidelines-18-January-2021.pdf,medium,mlx-community/Qwen3.6-27B-8bit,2026-08-30,active,,
UNECE-WP29-R155,UN Regulation No. 155 — Cybersecurity and Cybersecurity Management Systems (CSMS),Compliance Frameworks,Regulation,governance,3,all,"Establish a systematic risk-based CSMS defining organizational processes, responsibilities, and governance to treat cyber risks.","""Cyber Security Management System (CSMS)"" means a systematic risk-based approach defining organisational processes, responsibilities and governance to treat risk associated with cyber threats to vehicles and protect them from cyberattacks.",Section 2.3,https://unece.org/transport/documents/2021/03/standards/un-regulation-no-155-cyber-security-and-cyber-security,high,mlx-community/Qwen3.6-27B-8bit,2026-08-30,active,,
UNECE-WP29-R155,UN Regulation No. 155 — Cybersecurity and Cybersecurity Management Systems (CSMS),Compliance Frameworks,Regulation,governance,3,all,"Implement satisfactory arrangements and procedures to manage cyber security aspects, verified by the Approval Authority.",Approval Authorities shall not grant any type approval without verifying that the manufacturer has put in place satisfactory arrangements and procedures to manage properly the cyber security aspects as covered by this Regulation.,Section 5.3,https://unece.org/transport/documents/2021/03/standards/un-regulation-no-155-cyber-security-and-cyber-security,high,mlx-community/Qwen3.6-27B-8bit,2026-08-30,active,,
UNECE-WP29-R155,UN Regulation No. 155 — Cybersecurity and Cybersecurity Management Systems (CSMS),Compliance Frameworks,Regulation,governance,3,all,Collect and verify supply chain information to demonstrate that supplier-related risks are identified and managed.,Collect and verify the information required under this Regulation through the supply chain so as to demonstrate that supplier-related risks are identified and are managed;,Section 5.1.1(a),https://unece.org/transport/documents/2021/03/standards/un-regulation-no-155-cyber-security-and-cyber-security,high,mlx-community/Qwen3.6-27B-8bit,2026-08-30,active,,
UNECE-WP29-R155,UN Regulation No. 155 — Cybersecurity and Cybersecurity Management Systems (CSMS),Compliance Frameworks,Regulation,governance,3,all,"Document risk assessments, test results, and mitigations applied to the vehicle type, including design information.","Document risks assessment (conducted during development phase or retrospectively), test results and mitigations applied to the vehicle type, including design information supporting the risk assessment;",Section 5.1.1(b),https://unece.org/transport/documents/2021/03/standards/un-regulation-no-155-cyber-security-and-cyber-security,high,mlx-community/Qwen3.6-27B-8bit,2026-08-30,active,,
UNECE-WP29-R155,UN Regulation No. 155 — Cybersecurity and Cybersecurity Management Systems (CSMS),Compliance Frameworks,Regulation,assurance,3,all,Log data to support detection of cyber-attacks and provide forensic capability for analysis of attempted or successful attacks.,Log data to support the detection of cyber-attacks and provide data forensic capability to enable analysis of attempted or successful cyberattacks.,Section 5.1.1(e),https://unece.org/transport/documents/2021/03/standards/un-regulation-no-155-cyber-security-and-cyber-security,high,mlx-community/Qwen3.6-27B-8bit,2026-08-30,active,,
UNECE-WP29-R155,UN Regulation No. 155 — Cybersecurity and Cybersecurity Management Systems (CSMS),Compliance Frameworks,Regulation,assurance,3,all,Submit a Certificate of Compliance for CSMS as part of the application for vehicle type approval.,The Certificate of Compliance for CSMS according to paragraph 6 of this Regulation.,Section 3.2.3,https://unece.org/transport/documents/2021/03/standards/un-regulation-no-155-cyber-security-and-cyber-security,high,mlx-community/Qwen3.6-27B-8bit,2026-08-30,active,,
UNECE-WP29-R155,UN Regulation No. 155 — Cybersecurity and Cybersecurity Management Systems (CSMS),Compliance Frameworks,Regulation,assurance,3,all,Ensure documentation packages remain available for at least 10 years from the definitive discontinuation of production.,The Approval Authority or its Technical Service shall ensure that this documentation package remains available for at least 10 years counted from the time when production of the vehicle type is definitively discontinued.,Section 3.3(a),https://unece.org/transport/documents/2021/03/standards/un-regulation-no-155-cyber-security-and-cyber-security,high,mlx-community/Qwen3.6-27B-8bit,2026-08-30,active,,
UNECE-WP29-R155,UN Regulation No. 155 — Cybersecurity and Cybersecurity Management Systems (CSMS),Compliance Frameworks,Regulation,assurance,3,all,Perform appropriate and sufficient testing prior to approval to verify the effectiveness of implemented security measures.,"The vehicle manufacturer did not perform, prior to the approval, appropriate and sufficient testing to verify the effectiveness of the security measures implemented.",Section 5.1.3(d),https://unece.org/transport/documents/2021/03/standards/un-regulation-no-155-cyber-security-and-cyber-security,high,mlx-community/Qwen3.6-27B-8bit,2026-08-30,active,,
NIST SP 800-208,Recommendation for Stateful Hash-Based Signature Schemes,Technical Standards,Digital Signature,assurance,3,software,Ensure implementations conform to the specification through Cryptographic Algorithm Validation Program (CAVP) and Cryptographic Module Validation Program (CMVP) testing frameworks.,Conformance testing for implementations of the functions that are specified in this publication will be conducted within the framework of the Cryptographic Algorithm Validation Program (CAVP) and the Cryptographic Module Validation Program (CMVP).,Section: Conformance Testing,https://nvlpubs.nist.gov/nistpubs/SpecialPublications/NIST.SP.800-208.pdf,high,mlx-community/Qwen3.6-27B-8bit,2026-08-30,active,,
NIST SP 800-208,Recommendation for Stateful Hash-Based Signature Schemes,Technical Standards,Digital Signature,lifecycle,2,keys,"Implementers are responsible for managing the state of keys to prevent reuse, as state maintenance is critical for the security of stateful hash-based signature schemes.","Some of these requirements may be out-of-scope for CAVP or CMVP validation testing and, thus, are the responsibility of entities using, implementing, installing, or configuring applications that incorporate this Recommendation.",Section: Conformance Testing,https://nvlpubs.nist.gov/nistpubs/SpecialPublications/NIST.SP.800-208.pdf,medium,mlx-community/Qwen3.6-27B-8bit,2026-08-30,active,,
NIST SP 800-227,Recommendations for Key-Encapsulation Mechanisms,Technical Standards,KEM,assurance,3,libraries,Implement approved KEMs within FIPS 140-validated cryptographic modules to ensure compliance with federal security standards.,This recommendation provides guidelines... for implementing and using KEMs in FIPS 140-validated cryptographic modules.,Section 1.2,https://nvlpubs.nist.gov/nistpubs/SpecialPublications/NIST.SP.800-227.pdf,high,mlx-community/Qwen3.6-27B-8bit,2026-08-30,active,,
NIST SP 800-227,Recommendations for Key-Encapsulation Mechanisms,Technical Standards,KEM,assurance,3,libraries,Ensure conforming implementations of approved KEMs satisfy all requirements specified in the standard.,Conforming implementations of approved KEMs are required to satisfy all of the requirements...,Section 1.3,https://nvlpubs.nist.gov/nistpubs/SpecialPublications/NIST.SP.800-227.pdf,high,mlx-community/Qwen3.6-27B-8bit,2026-08-30,active,,
NIST SP 800-227,Recommendations for Key-Encapsulation Mechanisms,Technical Standards,KEM,lifecycle,2,keys,Manage cryptographic data associated with KEMs according to the guidelines provided for secure implementation.,3.2. Managing Cryptographic Data,Table of Contents / Section 3.2,https://nvlpubs.nist.gov/nistpubs/SpecialPublications/NIST.SP.800-227.pdf,medium,mlx-community/Qwen3.6-27B-8bit,2026-08-30,active,,
NIST SP 800-227,Recommendations for Key-Encapsulation Mechanisms,Technical Standards,KEM,governance,2,libraries,Comply with NIST standards and validation requirements when implementing KEMs.,3.1. Compliance With NIST Standards and Validation,Table of Contents / Section 3.1,https://nvlpubs.nist.gov/nistpubs/SpecialPublications/NIST.SP.800-227.pdf,medium,mlx-community/Qwen3.6-27B-8bit,2026-08-30,active,,
RFC 9802,Use of HSS and XMSS Hash-Based Signature Algorithms in X.509 PKI,Technical Standards,PKI Certificate Management,governance,2,certificates,"Define certificate policies specifying conditions for stateful HBS use, ensuring predictable signature counts and secure signing environments.",The exact conditions under which stateful HBS certificates may be used is left to certificate policies [ RFC3647 ] .,Section 3,https://www.rfc-editor.org/rfc/rfc9802.html,high,mlx-community/Qwen3.6-27B-8bit,2026-08-30,active,,
RFC 9802,Use of HSS and XMSS Hash-Based Signature Algorithms in X.509 PKI,Technical Standards,PKI Certificate Management,lifecycle,3,keys,"Implement state management strategies to track OTS key usage and prevent reuse, including secure backup and restoration mechanisms.",the private key's state must be updated and persisted after signing to prevent reuse of OTS keys... adequate mechanisms have to be implemented (see Section 11 ).,Section 3,https://www.rfc-editor.org/rfc/rfc9802.html,high,mlx-community/Qwen3.6-27B-8bit,2026-08-30,active,,
RFC 9802,Use of HSS and XMSS Hash-Based Signature Algorithms in X.509 PKI,Technical Standards,PKI Certificate Management,observability,3,certificates,"Enforce key usage extensions in CA certificates to include only digitalSignature, nonRepudiation, keyCertSign, or cRLSign for HBS algorithms.","the certificate key usage extension MUST contain at least one of the following values: digitalSignature, nonRepudiation, keyCertSign, or cRLSign. However, it MUST NOT contain other values.",Section 6,https://www.rfc-editor.org/rfc/rfc9802.html,high,mlx-community/Qwen3.6-27B-8bit,2026-08-30,active,,
RFC 9802,Use of HSS and XMSS Hash-Based Signature Algorithms in X.509 PKI,Technical Standards,PKI Certificate Management,observability,3,certificates,"Enforce key usage extensions in end-entity certificates to include only digitalSignature, nonRepudiation, or cRLSign for HBS algorithms.","the certificate key usage extension MUST contain at least one of the following values: digitalSignature, nonRepudiation or cRLSign. However, it MUST NOT contain other values.",Section 6,https://www.rfc-editor.org/rfc/rfc9802.html,high,mlx-community/Qwen3.6-27B-8bit,2026-08-30,active,,
draft-ietf-ipsecme-ikev2-mlkem,Post-quantum Hybrid Key Exchange with ML-KEM in IKEv2,Technical Standards,Protocols,observability,2,software,Log errors when ciphertext validation fails during key exchange to enable detection of protocol anomalies or attacks.,"If the check fails, the initiator MUST reject the ciphertext and MUST fail the exchange, log the error, and stop creating the SA",Section 2.2,https://datatracker.ietf.org/doc/draft-ietf-ipsecme-ikev2-mlkem/,high,mlx-community/Qwen3.6-27B-8bit,2026-08-30,active,,
draft-ietf-lamps-pq-composite-kem-12,Composite ML-KEM for Use in X.509 PKI and CMS,Technical Standards,PKI Certificate Management,governance,2,all,"Define and document a policy for selecting a limited set of composite algorithms from the standard, rather than implementing all registered options.","While this specification registers a large number of composite algorithms, it is expected that organizations will choose to deploy a single composite algorithm, or a small number of composite algorithms, that meets the needs of their environment",Section 1,https://datatracker.ietf.org/doc/draft-ietf-lamps-pq-composite-kem/,high,mlx-community/Qwen3.6-27B-8bit,2026-08-30,active,,
draft-ietf-lamps-pq-composite-kem-12,Composite ML-KEM for Use in X.509 PKI and CMS,Technical Standards,PKI Certificate Management,governance,2,all,Establish a documented policy for determining which algorithms are deprecated and which are acceptable for use within the hybrid scheme.,9.4. Policy for Deprecated and Acceptable Algorithms,Section 9.4,https://datatracker.ietf.org/doc/draft-ietf-lamps-pq-composite-kem/,high,mlx-community/Qwen3.6-27B-8bit,2026-08-30,active,,
draft-ietf-lamps-pq-composite-kem-12,Composite ML-KEM for Use in X.509 PKI and CMS,Technical Standards,PKI Certificate Management,lifecycle,2,keys,Implement processes for Certificate Authorities to check for previous key revocation when handling composite keys to prevent key reuse vulnerabilities.,9.3.1. Guidance for CAs checking for previous key revocation,Section 9.3.1,https://datatracker.ietf.org/doc/draft-ietf-lamps-pq-composite-kem/,high,mlx-community/Qwen3.6-27B-8bit,2026-08-30,active,,
draft-ietf-lamps-pq-composite-kem-12,Composite ML-KEM for Use in X.509 PKI and CMS,Technical Standards,PKI Certificate Management,assurance,2,libraries,"Maintain documentation on the FIPS certification status of component modules, acknowledging that PQ components may not yet be fully certified.",Appendix D. FIPS Certification,Appendix D,https://datatracker.ietf.org/doc/draft-ietf-lamps-pq-composite-kem/,medium,mlx-community/Qwen3.6-27B-8bit,2026-08-30,active,,
draft-ietf-lamps-cms-kyber-13,Use of ML-KEM in the Cryptographic Message Syntax (CMS),Technical Standards,Protocols,lifecycle,3,keys,"Implementations MUST protect ML-KEM private keys, key-encryption keys, content-encryption keys, and message-authentication keys during use and storage.","Implementations MUST protect the ML-KEM private key, the key-encryption key, the content-encryption key, message-authentication key, and the content-authenticated-encryption key.",Section 4,https://datatracker.ietf.org/doc/draft-ietf-lamps-cms-kyber/,high,mlx-community/Qwen3.6-27B-8bit,2026-08-30,active,,
draft-ietf-lamps-cms-kyber-13,Use of ML-KEM in the Cryptographic Message Syntax (CMS),Technical Standards,Protocols,assurance,3,software,Implementations MUST confirm that the derived key length (L) is consistent with the key size of the key-encryption algorithm used.,Implementations MUST confirm that L is consistent with the key size of the key-encryption algorithm.,Section 2.2.1,https://datatracker.ietf.org/doc/draft-ietf-lamps-cms-kyber/,high,mlx-community/Qwen3.6-27B-8bit,2026-08-30,active,,
draft-ietf-lamps-cms-kyber-13,Use of ML-KEM in the Cryptographic Message Syntax (CMS),Technical Standards,Protocols,assurance,3,software,Implementations supporting ML-KEM-512 MUST support AES-Wrap-128; those supporting ML-KEM-768/1024 MUST support AES-Wrap-256 for key encryption.,Implementations supporting ML-KEM-512 MUST support the AES-Wrap-128... Implementations supporting ML-KEM-768 or ML-KEM-1024 MUST support the AES-Wrap-256...,Section 2.1,https://datatracker.ietf.org/doc/draft-ietf-lamps-cms-kyber/,high,mlx-community/Qwen3.6-27B-8bit,2026-08-30,active,,
draft-ietf-lamps-cms-kyber-13,Use of ML-KEM in the Cryptographic Message Syntax (CMS),Technical Standards,Protocols,assurance,3,software,Implementations MUST support HKDF with SHA-256 for key derivation when using ML-KEM in CMS.,Implementations MUST support the HMAC-based Key Derivation Function (HKDF) [RFC5869] with SHA-256 [FIPS180]...,Section 2.1,https://datatracker.ietf.org/doc/draft-ietf-lamps-cms-kyber/,high,mlx-community/Qwen3.6-27B-8bit,2026-08-30,active,,
ANSSI PQC Follow-up Paper,ANSSI Views on Post-Quantum Cryptography Transition (2023 Follow-up),Compliance Frameworks,International Frameworks,governance,2,all,Include the quantum threat in organizational risk analysis and consider quantum mitigation for relevant cryptographic products.,ANSSI encourages all industries to include the quantum threat in their risk analysis and to consider including quantum mitigation in the relevant cryptographic products.,Section 1 Initial technical recommendations,https://cyber.gouv.fr/sites/default/files/document/follow_up_position_paper_on_post_quantum_cryptography.pdf,medium,mlx-community/Qwen3.6-27B-8bit,2026-08-30,active,,
ANSSI PQC Follow-up Paper,ANSSI Views on Post-Quantum Cryptography Transition (2023 Follow-up),Compliance Frameworks,International Frameworks,governance,2,all,Define a progressive transition strategy towards quantum-resistant cryptography for relevant cryptographic products.,ANSSI encourages all industries to define a progressive transition strategy towards quantum-resistant cryptography for relevant cryptographic products.,Section 1.2 Transition strategy,https://cyber.gouv.fr/sites/default/files/document/follow_up_position_paper_on_post_quantum_cryptography.pdf,medium,mlx-community/Qwen3.6-27B-8bit,2026-08-30,active,,
ANSSI PQC Follow-up Paper,ANSSI Views on Post-Quantum Cryptography Transition (2023 Follow-up),Compliance Frameworks,International Frameworks,lifecycle,2,all,Use hybrid post-quantum mitigation for products requiring confidentiality protection beyond 2030 or likely to be used after 2030 without updates.,The use of hybrid post-quantum mitigation is recommended especially for security products aimed at offering a long-lasting protection of information (until after 2030) or that will potentially be used after 2030 without updates.,Section 1.2 Transition strategy,https://cyber.gouv.fr/sites/default/files/document/follow_up_position_paper_on_post_quantum_cryptography.pdf,medium,mlx-community/Qwen3.6-27B-8bit,2026-08-30,active,,
ANSSI PQC Follow-up Paper,ANSSI Views on Post-Quantum Cryptography Transition (2023 Follow-up),Compliance Frameworks,International Frameworks,lifecycle,2,libraries,"Dimension symmetric primitive parameters to ensure conjectured post-quantum security, at least equivalent to AES-256 for block ciphers and SHA2-384 for hash functions.",ANSSI also encourages to dimension the parameters of symmetric primitives as to ensure a conjectured post-quantum security — in practice at least the same security level as AES-256 for block ciphers and at least the same security level as SHA2-384 for hash functions.,Section 1.3 Symmetric cryptography,https://cyber.gouv.fr/sites/default/files/document/follow_up_position_paper_on_post_quantum_cryptography.pdf,medium,mlx-community/Qwen3.6-27B-8bit,2026-08-30,active,,
ANSSI PQC Follow-up Paper,ANSSI Views on Post-Quantum Cryptography Transition (2023 Follow-up),Compliance Frameworks,International Frameworks,lifecycle,2,libraries,"Avoid modifying parameters of standardized post-quantum algorithm instances (e.g., CRYSTALS-Kyber, Dilithium, Falcon, XMSS, LMS, SPHINCS+).",It is important to avoid modifying the parameters of the standardized instance.,Section 2 Post-quantum algorithms,https://cyber.gouv.fr/sites/default/files/document/follow_up_position_paper_on_post_quantum_cryptography.pdf,medium,mlx-community/Qwen3.6-27B-8bit,2026-08-30,active,,
ANSSI PQC Follow-up Paper,ANSSI Views on Post-Quantum Cryptography Transition (2023 Follow-up),Compliance Frameworks,International Frameworks,lifecycle,2,libraries,"Use the highest possible NIST security level for post-quantum algorithms, preferably level-5 or level-3.","We recommend to use the highest NIST security level as possible, preferably level-5 (i.e. equivalent to AES-256) or level-3 (i.e. equivalent to AES-192).",Section 2 Post-quantum algorithms,https://cyber.gouv.fr/sites/default/files/document/follow_up_position_paper_on_post_quantum_cryptography.pdf,medium,mlx-community/Qwen3.6-27B-8bit,2026-08-30,active,,
ANSSI PQC Follow-up Paper,ANSSI Views on Post-Quantum Cryptography Transition (2023 Follow-up),Compliance Frameworks,International Frameworks,lifecycle,2,keys,Use ephemeral keys as much as possible for post-quantum KEMs to prevent attacks like decryption failures.,We recommend to use ephemeral keys as much as possible. The systematic use of ephemeral private keys allows to prevent many attacks like decryption failures ones.,Section 2 Post-quantum algorithms,https://cyber.gouv.fr/sites/default/files/document/follow_up_position_paper_on_post_quantum_cryptography.pdf,medium,mlx-community/Qwen3.6-27B-8bit,2026-08-30,active,,
ANSSI PQC Follow-up Paper,ANSSI Views on Post-Quantum Cryptography Transition (2023 Follow-up),Compliance Frameworks,International Frameworks,lifecycle,2,libraries,Use the actively secure version (IND-CCA) of post-quantum KEMs as standardized by NIST.,We also recommend to use the actively secure version (IND-CCA) that will be standardized by NIST.,Section 2 Post-quantum algorithms,https://cyber.gouv.fr/sites/default/files/document/follow_up_position_paper_on_post_quantum_cryptography.pdf,medium,mlx-community/Qwen3.6-27B-8bit,2026-08-30,active,,
ANSSI PQC Follow-up Paper,ANSSI Views on Post-Quantum Cryptography Transition (2023 Follow-up),Compliance Frameworks,International Frameworks,lifecycle,2,keys,Protect the state of stateful signature schemes (XMSS/LMS) in integrity and against replay attacks.,The state is a very critical data and should be protected in integrity. It should also be protected against replay attacks.,Section 2 Post-quantum algorithms,https://cyber.gouv.fr/sites/default/files/document/follow_up_position_paper_on_post_quantum_cryptography.pdf,medium,mlx-community/Qwen3.6-27B-8bit,2026-08-30,active,,
eIDAS-2-Regulation,eIDAS 2.0 Regulation (EU 2024/1183),Compliance Frameworks,International Frameworks,governance,3,certificates,Implement technical measures to keep personal data related to European Digital Identity Wallets logically separate from any other data held by the provider.,Personal data related to the provision of European Digital Identity Wallets should be kept logically separate from any other data held by the provider of the European Digital Identity Wallet.,Recital 12,https://eur-lex.europa.eu/legal-content/EN/TXT/?uri=CELEX%3A32024R1183,medium,mlx-community/Qwen3.6-27B-8bit,2026-08-30,active,,
eIDAS-2-Regulation,eIDAS 2.0 Regulation (EU 2024/1183),Compliance Frameworks,International Frameworks,governance,3,certificates,Prevent providers from combining personal data obtained when providing other services with data processed for European Digital Identity Wallet services.,this Regulation should lay down specific safeguards to prevent providers of electronic identification means and electronic attestation of attributes from combining personal data obtained when providing other services with the personal data processed to provide the services falling within the scope of this Regulation.,Recital 12,https://eur-lex.europa.eu/legal-content/EN/TXT/?uri=CELEX%3A32024R1183,medium,mlx-community/Qwen3.6-27B-8bit,2026-08-30,active,,
eIDAS-2-Regulation,eIDAS 2.0 Regulation (EU 2024/1183),Compliance Frameworks,International Frameworks,observability,3,certificates,"Provide a default-active dashboard allowing users to track all transactions, including time, counterpart, and data shared, with non-repudiable authenticity.","That function should provide an easy, user-friendly interface with an overview of all relying parties... It should allow users to track all transactions... It should not be possible to repudiate the authenticity of the information contained in the transaction history. Such a function should be active by default.",Recital 13,https://eur-lex.europa.eu/legal-content/EN/TXT/?uri=CELEX%3A32024R1183,medium,mlx-community/Qwen3.6-27B-8bit,2026-08-30,active,,
eIDAS-2-Regulation,eIDAS 2.0 Regulation (EU 2024/1183),Compliance Frameworks,International Frameworks,assurance,3,libraries,"Integrate privacy-preserving cryptographic technologies, such as zero-knowledge proofs, into the European Digital Identity Wallet.","Member States should integrate different privacy-preserving technologies, such as zero knowledge proof, into the European Digital Identity Wallet.",Recital 14,https://eur-lex.europa.eu/legal-content/EN/TXT/?uri=CELEX%3A32024R1183,medium,mlx-community/Qwen3.6-27B-8bit,2026-08-30,active,,
NIST SP 800-82 Rev. 3,Guide to Operational Technology (OT) Security,Compliance Frameworks,Government & Policy,governance,2,all,Establish OT cybersecurity governance structures and define OT-specific policies and procedures to manage security risks within the operational technology environment.,Establish OT Cybersecurity Governance... Define OT-Specific Policies and Procedures,"Section 3.3.1, 3.3.4",https://nvlpubs.nist.gov/nistpubs/SpecialPublications/NIST.SP.800-82r3.pdf,medium,mlx-community/Qwen3.6-27B-8bit,2026-08-30,active,,
NIST SP 800-82 Rev. 3,Guide to Operational Technology (OT) Security,Compliance Frameworks,Government & Policy,governance,2,all,"Implement a Risk Management Framework for OT systems to categorize, select, implement, and assess security controls tailored to OT environments.",Implement a Risk Management Framework for OT... Applying the Risk Management Framework to OT Systems,"Section 3.3.6, 4.3",https://nvlpubs.nist.gov/nistpubs/SpecialPublications/NIST.SP.800-82r3.pdf,medium,mlx-community/Qwen3.6-27B-8bit,2026-08-30,active,,
NIST SP 800-82 Rev. 3,Guide to Operational Technology (OT) Security,Compliance Frameworks,Government & Policy,governance,2,all,"Build and train a cross-functional team to implement the OT cybersecurity program, ensuring defined roles and responsibilities for security operations.",Build and Train a Cross-Functional Team to Implement the OT Cybersecurity Program,Section 3.3.2,https://nvlpubs.nist.gov/nistpubs/SpecialPublications/NIST.SP.800-82r3.pdf,medium,mlx-community/Qwen3.6-27B-8bit,2026-08-30,active,,
NIST SP 800-82 Rev. 3,Guide to Operational Technology (OT) Security,Compliance Frameworks,Government & Policy,governance,2,all,Establish a charter for the OT cybersecurity program and present a business case to leadership to secure resources and organizational support.,Establish a Charter for the OT Cybersecurity Program... Presenting the OT Cybersecurity Business Case to Leadership,"Section 3.1, 3.2.4",https://nvlpubs.nist.gov/nistpubs/SpecialPublications/NIST.SP.800-82r3.pdf,medium,mlx-community/Qwen3.6-27B-8bit,2026-08-30,active,,
NSM-10,National Security Memorandum 10 — Promoting U.S. Leadership in Quantum Computing,Compliance Frameworks,Government & Policy,governance,3,all,"Federal agencies must develop and execute a plan to upgrade non-NSS IT systems to quantum-resistant cryptography, prioritizing significant risks and coordinating for interoperability.",the Director of OMB... shall issue a policy memorandum requiring FCEB Agencies to develop a plan to upgrade their non-NSS IT systems to quantum-resistant cryptography. These plans shall be expeditiously developed and be designed to address the most significant risks first.,Section 3(c)(viii),https://bidenwhitehouse.archives.gov/briefing-room/statements-releases/2022/05/04/national-security-memorandum-on-promoting-united-states-leadership-in-quantum-computing-while-mitigating-risks-to-vulnerable-cryptographic-systems/,high,mlx-community/Qwen3.6-27B-8bit,2026-08-30,active,,
NSM-10,National Security Memorandum 10 — Promoting U.S. Leadership in Quantum Computing,Compliance Frameworks,Government & Policy,governance,3,all,"Federal agencies must not procure commercial quantum-resistant cryptographic solutions for enterprise/mission IT until NIST standards are released, though testing pre-standardized solutions is recommended.",Until the release of the first set of NIST standards... the heads of FCEB Agencies shall not procure any commercial quantum-resistant cryptographic solutions for use in IT systems supporting enterprise and mission operations.,Section 3(c)(ix),https://bidenwhitehouse.archives.gov/briefing-room/statements-releases/2022/05/04/national-security-memorandum-on-promoting-united-states-leadership-in-quantum-computing-while-mitigating-risks-to-vulnerable-cryptographic-systems/,high,mlx-community/Qwen3.6-27B-8bit,2026-08-30,active,,
NSM-10,National Security Memorandum 10 — Promoting U.S. Leadership in Quantum Computing,Compliance Frameworks,Government & Policy,inventory,3,all,"Federal agencies must deliver an annual inventory of IT systems vulnerable to CRQCs, detailing current cryptographic methods, system administrator protocols, and key assets.",the heads of all Federal Civilian Executive Branch (FCEB) Agencies shall deliver to the Director of CISA and the National Cyber Director an inventory of their IT systems that remain vulnerable to CRQCs... Inventories should include current cryptographic methods used on IT systems,Section 3(c)(v),https://bidenwhitehouse.archives.gov/briefing-room/statements-releases/2022/05/04/national-security-memorandum-on-promoting-united-states-leadership-in-quantum-computing-while-mitigating-risks-to-vulnerable-cryptographic-systems/,high,mlx-community/Qwen3.6-27B-8bit,2026-08-30,active,,
NSM-10,National Security Memorandum 10 — Promoting U.S. Leadership in Quantum Computing,Compliance Frameworks,Government & Policy,lifecycle,3,all,"NIST must release a proposed timeline for the deprecation of quantum-vulnerable cryptography, aiming to migrate systems off vulnerable crypto within a decade of initial standards publication.","the Secretary of Commerce, through the Director of NIST, shall release a proposed timeline for the deprecation of quantum-vulnerable cryptography in standards, with the goal of moving the maximum number of systems off quantum-vulnerable cryptography within a decade",Section 3(c)(vii),https://bidenwhitehouse.archives.gov/briefing-room/statements-releases/2022/05/04/national-security-memorandum-on-promoting-united-states-leadership-in-quantum-computing-while-mitigating-risks-to-vulnerable-cryptographic-systems/,high,mlx-community/Qwen3.6-27B-8bit,2026-08-30,active,,
NSM-10,National Security Memorandum 10 — Promoting U.S. Leadership in Quantum Computing,Compliance Frameworks,Government & Policy,observability,3,all,"OMB must establish requirements for inventorying deployed cryptographic systems, including a common, preferably automated, assessment process for evaluating migration progress.",the Director of OMB... shall establish requirements for inventorying all currently deployed cryptographic systems... These requirements shall include... a common (and preferably automated) assessment process for evaluating progress on quantum-resistant cryptographic migration,Section 3(c)(iv),https://bidenwhitehouse.archives.gov/briefing-room/statements-releases/2022/05/04/national-security-memorandum-on-promoting-united-states-leadership-in-quantum-computing-while-mitigating-risks-to-vulnerable-cryptographic-systems/,high,mlx-community/Qwen3.6-27B-8bit,2026-08-30,active,,
OMB-M-23-02,OMB Memorandum M-23-02 — Migrating to Post-Quantum Cryptography,Compliance Frameworks,Government & Policy,governance,2,all,Designate a cryptographic inventory and migration lead within 30 days to coordinate PQC transition efforts.,"Within 30 days of the publication of this memorandum, agencies will designate a cryptographic inventory and migration lead for their organization.",Section II.B,https://www.whitehouse.gov/wp-content/uploads/2022/11/M-23-02-M-Memo-on-Migrating-to-Post-Quantum-Cryptography.pdf,high,mlx-community/Qwen3.6-27B-8bit,2026-08-30,active,,
OMB-M-23-02,OMB Memorandum M-23-02 — Migrating to Post-Quantum Cryptography,Compliance Frameworks,Government & Policy,inventory,2,all,Submit a prioritized inventory of CRQC-vulnerable cryptographic systems to ONCD and CISA annually.,"By May 4, 2023, and annually thereafter until 2035... agencies are directed to submit a prioritized inventory of information systems and assets... that contain CRQC-vulnerable cryptographic systems to ONCD and... CISA.",Section II.A,https://www.whitehouse.gov/wp-content/uploads/2022/11/M-23-02-M-Memo-on-Migrating-to-Post-Quantum-Cryptography.pdf,high,mlx-community/Qwen3.6-27B-8bit,2026-08-30,active,,
OMB-M-23-02,OMB Memorandum M-23-02 — Migrating to Post-Quantum Cryptography,Compliance Frameworks,Government & Policy,inventory,2,software,Identify vendor and type (COTS/GOTS/Custom) for software packages containing vulnerable crypto systems.,"If the cryptographic system(s) is/are part of a software package, indicate whether the software package is: Commercial-Off-the-Shelf (COTS)... Government-Off-the-Shelf (GOTS)... or Other... and name of the vendor/developer.","Section II.A, Item 5",https://www.whitehouse.gov/wp-content/uploads/2022/11/M-23-02-M-Memo-on-Migrating-to-Post-Quantum-Cryptography.pdf,high,mlx-community/Qwen3.6-27B-8bit,2026-08-30,active,,
OMB-M-23-02,OMB Memorandum M-23-02 — Migrating to Post-Quantum Cryptography,Compliance Frameworks,Government & Policy,inventory,2,keys,"Report cryptographic algorithm, service provided, and key/module length for each vulnerable system.",Each CRQC-vulnerable cryptographic system actively used... including the: Cryptographic algorithm used; Service provided by the cryptographic system; and Length of associated cryptographic keys or modules.,"Section II.A, Item 4",https://www.whitehouse.gov/wp-content/uploads/2022/11/M-23-02-M-Memo-on-Migrating-to-Post-Quantum-Cryptography.pdf,high,mlx-community/Qwen3.6-27B-8bit,2026-08-30,active,,
OMB-M-23-02,OMB Memorandum M-23-02 — Migrating to Post-Quantum Cryptography,Compliance Frameworks,Government & Policy,lifecycle,2,all,Submit annual funding assessments for migrating inventoried systems to post-quantum cryptography.,No later than 30 days after the submission of each annual inventory... agencies are required to submit to ONCD and OMB an assessment of the funding required to migrate information systems... to post-quantum cryptography.,Section III,https://www.whitehouse.gov/wp-content/uploads/2022/11/M-23-02-M-Memo-on-Migrating-to-Post-Quantum-Cryptography.pdf,high,mlx-community/Qwen3.6-27B-8bit,2026-08-30,active,,
OMB-M-23-02,OMB Memorandum M-23-02 — Migrating to Post-Quantum Cryptography,Compliance Frameworks,Government & Policy,observability,1,all,Participate in the development of automated tooling strategies for assessing PQC adoption progress.,Within one year... CISA... will release a strategy on automated tooling and support for the assessment of agency progress towards adoption of PQC.,Section IV,https://www.whitehouse.gov/wp-content/uploads/2022/11/M-23-02-M-Memo-on-Migrating-to-Post-Quantum-Cryptography.pdf,medium,mlx-community/Qwen3.6-27B-8bit,2026-08-30,active,,
WH-PQC-Report-2024,White House Report on Post-Quantum Cryptography (July 2024),Compliance Frameworks,Government & Policy,inventory,3,all,"Perform annual manual cryptographic inventory to discover quantum-vulnerable algorithms and catalog key attributes, supplementing automated tools.","under M-23-02, each agency is required to perform an annual manual inventory. Completing this manual inventory entails researching each piece of hardware and software to discover the type of cryptography used and, if that cryptography is determined to be quantum-vulnerable, cataloging key attributes.","Section 1: Federal Quantum Action Plan and Strategy, Subsection 1",https://bidenwhitehouse.archives.gov/wp-content/uploads/2024/07/REF_PQC-Report_FINAL_Send.pdf,high,mlx-community/Qwen3.6-27B-8bit,2026-08-30,active,,
WH-PQC-Report-2024,White House Report on Post-Quantum Cryptography (July 2024),Compliance Frameworks,Government & Policy,inventory,3,all,"Maintain a comprehensive and ongoing cryptographic inventory as a baseline for PQC migration, updating it iteratively as systems change.",A comprehensive cryptographic inventory enables agencies to plan out their migration to PQC and track that migration once it has started. ... maintaining a comprehensive inventory will be an iterative and ongoing process.,"Section 1: Federal Quantum Action Plan and Strategy, Subsection 1",https://bidenwhitehouse.archives.gov/wp-content/uploads/2024/07/REF_PQC-Report_FINAL_Send.pdf,high,mlx-community/Qwen3.6-27B-8bit,2026-08-30,active,,
WH-PQC-Report-2024,White House Report on Post-Quantum Cryptography (July 2024),Compliance Frameworks,Government & Policy,lifecycle,2,all,"Prioritize migration of high-impact systems, high-value assets, and data sensitive until 2035 to post-quantum cryptography.",agencies are prioritizing their most sensitive systems and datasets for migration to PQC. ... M-23-02 anticipates that the following will be migrated first: High impact information systems; Agency high value assets; ... Contain data expected to remain mission-sensitive in 2035,"Section 1: Federal Quantum Action Plan and Strategy, Subsection 3",https://bidenwhitehouse.archives.gov/wp-content/uploads/2024/07/REF_PQC-Report_FINAL_Send.pdf,high,mlx-community/Qwen3.6-27B-8bit,2026-08-30,active,,
WH-PQC-Report-2024,White House Report on Post-Quantum Cryptography (July 2024),Compliance Frameworks,Government & Policy,lifecycle,2,all,Identify systems that cannot support PQC algorithms early in the migration planning process.,Systems that will not be able to support PQC algorithms must be identified as early as possible.,"Section 1: Strategy for Migration to PQC, Precept 4",https://bidenwhitehouse.archives.gov/wp-content/uploads/2024/07/REF_PQC-Report_FINAL_Send.pdf,high,mlx-community/Qwen3.6-27B-8bit,2026-08-30,active,,
WH-PQC-Report-2024,White House Report on Post-Quantum Cryptography (July 2024),Compliance Frameworks,Government & Policy,governance,2,all,"Develop deliberate multi-year plans for PQC migration, focusing on interoperability and operational impacts.",Migrating public-key cryptography to PQC will require deliberate planning over multiple years. ... Agencies will need to use developed cryptographic inventories to carefully plan and prioritize their migrations,"Section 1: Federal Quantum Action Plan and Strategy, Subsection 3",https://bidenwhitehouse.archives.gov/wp-content/uploads/2024/07/REF_PQC-Report_FINAL_Send.pdf,medium,mlx-community/Qwen3.6-27B-8bit,2026-08-30,active,,
ANSSI-PQC-FAQ-2025,ANSSI Post-Quantum Cryptography FAQ,Compliance Frameworks,Government & Policy,inventory,2,all,"Conduct an inventory of cryptographic products, algorithms, and data requiring confidentiality/authenticity beyond 2030 to identify critical use cases for PQC transition.","Chaque organisation doit réaliser un inventaire afin d'obtenir une bonne visibilité sur la liste des produits et usages métier intégrant de la cryptographie, les algorithmes cryptographiques utilisés, ainsi que les données dont la confidentialité et/ou l'authenticité doivent être garanties après 2030","Section: Pour une organisation, quels sont les prérequis pour préparer son plan de transition post-quantique ?",https://cyber.gouv.fr/cryptographie-post-quantique-faq,high,mlx-community/Qwen3.6-27B-8bit,2026-08-30,active,,
ANSSI-PQC-FAQ-2025,ANSSI Post-Quantum Cryptography FAQ,Compliance Frameworks,Government & Policy,lifecycle,2,all,Integrate PQC requirements into IT system renewal cycles and procurement strategies to ensure transition is anticipated and managed.,"Les enjeux PQC doivent être pris en compte dans le cycle de renouvellement des systèmes d'information, afin que la transition soit anticipée, maîtrisée et coûte possiblement moins cher.",Section: À quelle échéance sera-t-il nécessaire d'implémenter de la PQC pour les organisations (utilisateurs) ?,https://cyber.gouv.fr/cryptographie-post-quantique-faq,medium,mlx-community/Qwen3.6-27B-8bit,2026-08-30,active,,
ANSSI-PQC-FAQ-2025,ANSSI Post-Quantum Cryptography FAQ,Compliance Frameworks,Government & Policy,lifecycle,3,all,Cease procurement of products that do not integrate Post-Quantum Cryptography (PQC) after the year 2030.,L'ANSSI indique qu'il ne sera pas raisonnable d'acheter des produits qui n'intègrent pas de la PQC après 2030.,Section: À quelle échéance sera-t-il nécessaire d'implémenter de la PQC pour les organisations (utilisateurs) ?,https://cyber.gouv.fr/cryptographie-post-quantique-faq,high,mlx-community/Qwen3.6-27B-8bit,2026-08-30,active,,
ANSSI-PQC-FAQ-2025,ANSSI Post-Quantum Cryptography FAQ,Compliance Frameworks,Government & Policy,governance,2,all,Include the quantum threat in organizational risk analysis and consider quantum protection measures for relevant cryptographic products.,L'ANSSI encourage toutes les organisations à inclure la menace quantique dans leur analyse de risque et à envisager d'inclure des mesures de protection quantique dans les produits cryptographiques concernés.,Section: FaQ sur la Cryptographie post-quantique (PQC),https://cyber.gouv.fr/cryptographie-post-quantique-faq,medium,mlx-community/Qwen3.6-27B-8bit,2026-08-30,active,,
ANSSI-PQC-FAQ-2025,ANSSI Post-Quantum Cryptography FAQ,Compliance Frameworks,Government & Policy,assurance,3,software,"Ensure cryptographic products used in regulated scopes (defense, vital systems) are certified/qualified by ANSSI, with PQC obligations for qualification starting 2027.",L'ANSSI vise la mise en place d’obligations PQC pour l'entrée en qualification de produits à partir de 2027.,Section: À quelle échéance sera-t-il nécessaire d'implémenter de la PQC pour les organisations (utilisateurs) ?,https://cyber.gouv.fr/cryptographie-post-quantique-faq,high,mlx-community/Qwen3.6-27B-8bit,2026-08-30,active,,
ANSSI-PQC-FAQ-2025,ANSSI Post-Quantum Cryptography FAQ,Compliance Frameworks,Government & Policy,lifecycle,3,all,"Implement hybridization of post-quantum and pre-quantum asymmetric algorithms where quantum protection is necessary, as it is mandatory for regulated scopes.",L'ANSSI insiste sur la nécessité de l'hybridation partout où une protection contre la menace quantique est nécessaire... Pour ce qui concerne le périmètre réglementé... l'hybridation est obligatoire.,Section: L'ANSSI recommande-t-elle l'usage de l'hybridation ?,https://cyber.gouv.fr/cryptographie-post-quantique-faq,high,mlx-community/Qwen3.6-27B-8bit,2026-08-30,active,,
CA-CFDIR-Quantum-Readiness-2023,Canada CFDIR Quantum-Readiness Best Practices and Guidelines,Compliance Frameworks,Government & Policy,inventory,2,all,Discover and document all uses of cryptography within the organization to establish a baseline for quantum-risk assessment.,Phase 1 - Discovery... Annex B: Recommended Cryptography Use Cases to be Discovered & Documented,Section 3.1 / Annex B,https://ised-isde.canada.ca/site/spectrum-management-telecommunications/sites/default/files/attachments/2023/cfdir-quantum-readiness-best-practices-v03.pdf,medium,mlx-community/Qwen3.6-27B-8bit,2026-08-30,active,,
CA-CFDIR-Quantum-Readiness-2023,Canada CFDIR Quantum-Readiness Best Practices and Guidelines,Compliance Frameworks,Government & Policy,inventory,2,all,Catalog technology vendor and supplier post-quantum cryptography capabilities to assess third-party risk.,Appendix F: Template To Catalog Technology Vendor / Supplier PQC Capabilities,Appendix F,https://ised-isde.canada.ca/site/spectrum-management-telecommunications/sites/default/files/attachments/2023/cfdir-quantum-readiness-best-practices-v03.pdf,medium,mlx-community/Qwen3.6-27B-8bit,2026-08-30,active,,
CA-CFDIR-Quantum-Readiness-2023,Canada CFDIR Quantum-Readiness Best Practices and Guidelines,Compliance Frameworks,Government & Policy,governance,2,all,Develop a plan to transition digital systems to quantum-resistant cryptographic technologies based on recommended best practices.,The goals of this document are to provide a set of recommended practices and guidelines... to plan and prepare for how they will transition their digital systems,Section 1.1,https://ised-isde.canada.ca/site/spectrum-management-telecommunications/sites/default/files/attachments/2023/cfdir-quantum-readiness-best-practices-v03.pdf,medium,mlx-community/Qwen3.6-27B-8bit,2026-08-30,active,,
CA-CFDIR-Quantum-Readiness-2023,Canada CFDIR Quantum-Readiness Best Practices and Guidelines,Compliance Frameworks,Government & Policy,lifecycle,2,all,"Plan for the migration of cryptographic systems, accounting for long product lifetimes and data protection requirements.",some of the applications and systems... have product lifetimes of 15 - 30 years... the time needed to migrate installed cryptographic technologies... can take many years,Section 1.3,https://ised-isde.canada.ca/site/spectrum-management-telecommunications/sites/default/files/attachments/2023/cfdir-quantum-readiness-best-practices-v03.pdf,medium,mlx-community/Qwen3.6-27B-8bit,2026-08-30,active,,
CA-CFDIR-Quantum-Readiness-2023,Canada CFDIR Quantum-Readiness Best Practices and Guidelines,Compliance Frameworks,Government & Policy,assurance,2,all,Assess the post-quantum posture of third parties using recommended questionnaires and engagement guidelines.,Appendix E: Questions to Assess the PQC Posture of a 3rd Party... 5. RECOMMENDATIONS FOR ENGAGING QSC VENDORS,Section 5 / Appendix E,https://ised-isde.canada.ca/site/spectrum-management-telecommunications/sites/default/files/attachments/2023/cfdir-quantum-readiness-best-practices-v03.pdf,medium,mlx-community/Qwen3.6-27B-8bit,2026-08-30,active,,
CZ-NUKIB-Crypto-Requirements-2023,NUKIB Minimum Requirements for Cryptographic Algorithms v4.0,Compliance Frameworks,Government & Policy,governance,2,all,Liable entities under the Cyber Security Act must take into account NUKIB cryptographic recommendations to protect information and communication system assets.,"liable entities under the Act No. 181/2014 Coll., on cyber security... are obliged to take into account cryptographic recommendations issued by the National Cyber and Information Security Agency for the purpose of protecting information and communication system assets.",Introduction,https://nukib.gov.cz/download/publications_en/Minimum%20Requirements%20for%20Cryptographic%20Algorithms.pdf,high,mlx-community/Qwen3.6-27B-8bit,2026-08-30,active,,
CZ-NUKIB-Crypto-Requirements-2023,NUKIB Minimum Requirements for Cryptographic Algorithms v4.0,Compliance Frameworks,Government & Policy,lifecycle,2,all,Plan for the replacement of quantum-vulnerable classical asymmetric algorithms with suitable quantum-resistant cryptography in the near future.,The consequence of quantum vulnerability of an approved algorithm is the need to replace it by suitable quantum-resistant cryptography in the not-too-distant future.,Section 1,https://nukib.gov.cz/download/publications_en/Minimum%20Requirements%20for%20Cryptographic%20Algorithms.pdf,medium,mlx-community/Qwen3.6-27B-8bit,2026-08-30,active,,
CZ-NUKIB-Crypto-Requirements-2023,NUKIB Minimum Requirements for Cryptographic Algorithms v4.0,Compliance Frameworks,Government & Policy,lifecycle,2,software,"Use stand-alone post-quantum digital signature algorithms (LMS, XMSS) only for firmware and software integrity protection.",We only recommend using these algorithms to protect firmware and software integrity.,Section 4c,https://nukib.gov.cz/download/publications_en/Minimum%20Requirements%20for%20Cryptographic%20Algorithms.pdf,medium,mlx-community/Qwen3.6-27B-8bit,2026-08-30,active,,
CZ-NUKIB-Crypto-Requirements-2023,NUKIB Minimum Requirements for Cryptographic Algorithms v4.0,Compliance Frameworks,Government & Policy,assurance,3,software,Implement stand-alone post-quantum key establishment algorithm ML-KEM-1024 according to the NIST standard FIPS 203.,"For stand-alone use, implementation according to the NIST standard (FIPS 203) is required.",Section 4a,https://nukib.gov.cz/download/publications_en/Minimum%20Requirements%20for%20Cryptographic%20Algorithms.pdf,high,mlx-community/Qwen3.6-27B-8bit,2026-08-30,active,,
EU-BSI-PQC-Joint-Statement-2024,Joint Statement on PQC Migration by 21 EU Member State Cybersecurity Agencies,Compliance Frameworks,Government & Policy,inventory,2,all,Perform a quantum threat analysis that includes a comprehensive inventory of assets requiring protection and applications utilizing cryptography.,perform a quantum threat analysis consisting of an inventory of the assets they need to protect as well as the applications that use cryptography,"Page 2, bullet point 1",https://www.bsi.bund.de/SharedDocs/Downloads/EN/BSI/Crypto/PQC-joint-statement.pdf,medium,mlx-community/Qwen3.6-27B-8bit,2026-08-30,active,,
EU-BSI-PQC-Joint-Statement-2024,Joint Statement on PQC Migration by 21 EU Member State Cybersecurity Agencies,Compliance Frameworks,Government & Policy,governance,2,all,"Develop a risk-oriented roadmap for the PQC transition, considering data sensitivity, protection periods, and mitigation of 'store now, decrypt later' attacks.","develop a risk-oriented roadmap for executing the transition, taking into account the sensitivity and the protection period of the information, as well as the need to mitigate ‘store now, decrypt later’ attacks","Page 2, bullet point 2",https://www.bsi.bund.de/SharedDocs/Downloads/EN/BSI/Crypto/PQC-joint-statement.pdf,medium,mlx-community/Qwen3.6-27B-8bit,2026-08-30,active,,
EU-BSI-PQC-Joint-Statement-2024,Joint Statement on PQC Migration by 21 EU Member State Cybersecurity Agencies,Compliance Frameworks,Government & Policy,lifecycle,2,all,"Plan the migration with prioritization, involving all necessary business processes and budgeting for the transition to post-quantum cryptography.","plan the migration, which includes a prioritization and involves all necessary business processes as well as budgeting the migration","Page 2, bullet point 3",https://www.bsi.bund.de/SharedDocs/Downloads/EN/BSI/Crypto/PQC-joint-statement.pdf,medium,mlx-community/Qwen3.6-27B-8bit,2026-08-30,active,,
EU-BSI-PQC-Joint-Statement-2024,Joint Statement on PQC Migration by 21 EU Member State Cybersecurity Agencies,Compliance Frameworks,Government & Policy,lifecycle,2,certificates,Develop detailed transition plans for public-key infrastructure (PKI) systems by the end of 2030 to ensure timely migration.,we also recommend to develop detailed transition plans for public-key infrastructure systems in the same timeframe [latest by the end of 2030],"Page 2, paragraph following bullet points",https://www.bsi.bund.de/SharedDocs/Downloads/EN/BSI/Crypto/PQC-joint-statement.pdf,medium,mlx-community/Qwen3.6-27B-8bit,2026-08-30,active,,
EU-BSI-PQC-Joint-Statement-2024,Joint Statement on PQC Migration by 21 EU Member State Cybersecurity Agencies,Compliance Frameworks,Government & Policy,lifecycle,2,all,"Protect systems handling sensitive data against 'store now, decrypt later' attacks as soon as possible, no later than the end of 2030.","we recommend that these should be protected against ‘store now, decrypt later’ attacks as soon as possible, latest by the end of 2030","Page 2, paragraph following bullet points",https://www.bsi.bund.de/SharedDocs/Downloads/EN/BSI/Crypto/PQC-joint-statement.pdf,medium,mlx-community/Qwen3.6-27B-8bit,2026-08-30,active,,
EU-BSI-PQC-Joint-Statement-2024,Joint Statement on PQC Migration by 21 EU Member State Cybersecurity Agencies,Compliance Frameworks,Government & Policy,governance,2,all,"Design transition plans to reinforce global resilience, engaging with EU member state work streams on PQC roadmaps.",support all sectors in designing their transition plans in order to reinforce the global resilience of our society through updated cryptography,"Page 2, final paragraphs",https://www.bsi.bund.de/SharedDocs/Downloads/EN/BSI/Crypto/PQC-joint-statement.pdf,medium,mlx-community/Qwen3.6-27B-8bit,2026-08-30,active,,
BSI-ANSSI-QKD-Position-2024,BSI/ANSSI/NLNCSA/SNCSA Joint Position Paper on QKD and Quantum Cryptography,Compliance Frameworks,Government & Policy,governance,2,all,Prioritize migration to post-quantum cryptography and symmetric keying over QKD for quantum-safe key establishment.,"In light of the urgent need to stop relying only on quantum-vulnerable public-key cryptography for key establishment, the clear priorities should therefore be the migration to post-quantum cryptography and/or the adoption of symmetric keying.",Executive summary,https://www.bsi.bund.de/SharedDocs/Downloads/EN/BSI/Crypto/Quantum_Positionspapier.pdf?__blob=publicationFile&v=4,high,mlx-community/Qwen3.6-27B-8bit,2026-08-30,active,,
BSI-ANSSI-QKD-Position-2024,BSI/ANSSI/NLNCSA/SNCSA Joint Position Paper on QKD and Quantum Cryptography,Compliance Frameworks,Government & Policy,governance,2,all,Restrict QKD deployment to niche use cases where specific security requirements justify high costs and less expensive options are not feasible.,"Due to the high costs of current QKD technology, it would only be relevant to implement in situations where the specific security requirements can justify such costs and where, at the same time, less expensive options would not be feasible.",Section 4: Why QKD is not sufficiently mature,https://www.bsi.bund.de/SharedDocs/Downloads/EN/BSI/Crypto/Quantum_Positionspapier.pdf?__blob=publicationFile&v=4,high,mlx-community/Qwen3.6-27B-8bit,2026-08-30,active,,
BSI-ANSSI-QKD-Position-2024,BSI/ANSSI/NLNCSA/SNCSA Joint Position Paper on QKD and Quantum Cryptography,Compliance Frameworks,Government & Policy,assurance,3,all,"Conduct rigorous evaluation of concrete QKD implementations to obtain assurance about security, as theoretical claims do not apply to actual devices.","Thus, rigorous evaluation of QKD systems is required to obtain an assurance about the security of concrete implementations. Claims about 'absolute' or 'unconditional' security allegedly offered by QKD can never apply to actual implementations.",Section 2: What QKD can provide,https://www.bsi.bund.de/SharedDocs/Downloads/EN/BSI/Crypto/Quantum_Positionspapier.pdf?__blob=publicationFile&v=4,high,mlx-community/Qwen3.6-27B-8bit,2026-08-30,active,,
BSI-ANSSI-QKD-Position-2024,BSI/ANSSI/NLNCSA/SNCSA Joint Position Paper on QKD and Quantum Cryptography,Compliance Frameworks,Government & Policy,assurance,3,all,"Require standardized QKD protocols with precise, comprehensive security proofs that reflect realistic conditions before deployment.","To have confidence in the theoretical security of QKD protocols, standardised QKD protocols with matching precise and comprehensive security proofs that take a realistic model into account are required.",Section 4: Why QKD is not sufficiently mature,https://www.bsi.bund.de/SharedDocs/Downloads/EN/BSI/Crypto/Quantum_Positionspapier.pdf?__blob=publicationFile&v=4,high,mlx-community/Qwen3.6-27B-8bit,2026-08-30,active,,
CA-TBS-SPIN-PQC-2025,Canada TBS SPIN 2025-01 — Migrating Government of Canada Systems to Post-Quantum Cryptography,Compliance Frameworks,Government & Policy,governance,2,all,"Develop a high-level departmental PQC migration plan clarifying roles, responsibilities, and financial requirements for systems using cryptography.",Develop a high-level departmental PQC migration plan that guides Phase 1 of the PQC migration of systems that use cryptography for which the department is responsible,Section 6.1.1,https://www.canada.ca/en/government/system/digital-government/policies-standards/spin/migrating-government-canada-post-quantum-cryptography.html,high,mlx-community/Qwen3.6-27B-8bit,2026-08-30,active,,
CA-TBS-SPIN-PQC-2025,Canada TBS SPIN 2025-01 — Migrating Government of Canada Systems to Post-Quantum Cryptography,Compliance Frameworks,Government & Policy,governance,2,all,Report on PQC migration progress annually with incremental updates to the departmental migration plan.,"Begin reporting on the PQC migration progress on an annual basis, with incremental updates to the departmental PQC migration plan",Section 6.1.2,https://www.canada.ca/en/government/system/digital-government/policies-standards/spin/migrating-government-canada-post-quantum-cryptography.html,high,mlx-community/Qwen3.6-27B-8bit,2026-08-30,active,,
CA-TBS-SPIN-PQC-2025,Canada TBS SPIN 2025-01 — Migrating Government of Canada Systems to Post-Quantum Cryptography,Compliance Frameworks,Government & Policy,governance,2,all,Designate a responsible departmental point of contact for migration planning and oversight within system records.,Update departmental records... to ensure that system information includes... Migration planning and oversight Responsible departmental point of contact,Section 6.2.3,https://www.canada.ca/en/government/system/digital-government/policies-standards/spin/migrating-government-canada-post-quantum-cryptography.html,high,mlx-community/Qwen3.6-27B-8bit,2026-08-30,active,,
CA-TBS-SPIN-PQC-2025,Canada TBS SPIN 2025-01 — Migrating Government of Canada Systems to Post-Quantum Cryptography,Compliance Frameworks,Government & Policy,governance,2,all,"Include procurement clauses in contracts for IT systems supporting PQC compliance, CMVP certification, and cryptographic agility.",Ensure that all contracts that have a digital component entered into after this date include procurement clauses for IT systems... that support: PQC... cryptographic modules that have been certified... cryptographic agility,Section 6.3.1,https://www.canada.ca/en/government/system/digital-government/policies-standards/spin/migrating-government-canada-post-quantum-cryptography.html,high,mlx-community/Qwen3.6-27B-8bit,2026-08-30,active,,
CA-TBS-SPIN-PQC-2025,Canada TBS SPIN 2025-01 — Migrating Government of Canada Systems to Post-Quantum Cryptography,Compliance Frameworks,Government & Policy,inventory,2,all,"Update IT system records to include cryptographic details, components, algorithms, protocols, dependencies, and vendor lifecycle information.","Update departmental records of IT systems... to ensure that system information includes, at a minimum: System architecture and cryptographic details... Current cryptographic algorithms and protocols employed... Vendor and life-cycle information",Section 6.2.3,https://www.canada.ca/en/government/system/digital-government/policies-standards/spin/migrating-government-canada-post-quantum-cryptography.html,high,mlx-community/Qwen3.6-27B-8bit,2026-08-30,active,,
CA-TBS-SPIN-PQC-2025,Canada TBS SPIN 2025-01 — Migrating Government of Canada Systems to Post-Quantum Cryptography,Compliance Frameworks,Government & Policy,inventory,2,all,"Identify high-priority systems for PQC migration, including those susceptible to 'harvest now, decrypt later' threats.","Identify systems that are a high priority for migrating to PQC, such as those that are susceptible to a “harvest now, decrypt later” (HNDL) threat",Section 6.2.4,https://www.canada.ca/en/government/system/digital-government/policies-standards/spin/migrating-government-canada-post-quantum-cryptography.html,high,mlx-community/Qwen3.6-27B-8bit,2026-08-30,active,,
CA-TBS-SPIN-PQC-2025,Canada TBS SPIN 2025-01 — Migrating Government of Canada Systems to Post-Quantum Cryptography,Compliance Frameworks,Government & Policy,lifecycle,2,all,"Begin transitioning responsible systems to quantum-safe cryptography by April 1, 2028.","By April 1, 2028... Begin transitioning systems for which the department is responsible to quantum-safe cryptography.",Section 6.3.3,https://www.canada.ca/en/government/system/digital-government/policies-standards/spin/migrating-government-canada-post-quantum-cryptography.html,high,mlx-community/Qwen3.6-27B-8bit,2026-08-30,active,,
CA-TBS-SPIN-PQC-2025,Canada TBS SPIN 2025-01 — Migrating Government of Canada Systems to Post-Quantum Cryptography,Compliance Frameworks,Government & Policy,lifecycle,2,all,Complete PQC migration of high-priority systems by the end of 2031.,"By the end of 2031, departments and agencies, including SSC, will: Complete the PQC migration of high-priority systems.",Section 6.3.6,https://www.canada.ca/en/government/system/digital-government/policies-standards/spin/migrating-government-canada-post-quantum-cryptography.html,high,mlx-community/Qwen3.6-27B-8bit,2026-08-30,active,,
CA-TBS-SPIN-PQC-2025,Canada TBS SPIN 2025-01 — Migrating Government of Canada Systems to Post-Quantum Cryptography,Compliance Frameworks,Government & Policy,lifecycle,2,all,Complete PQC migration of remaining systems by the end of 2035.,"By the end of 2035, departments and agencies, including SSC will Complete the PQC migration of remaining systems.",Section 6.3.7,https://www.canada.ca/en/government/system/digital-government/policies-standards/spin/migrating-government-canada-post-quantum-cryptography.html,high,mlx-community/Qwen3.6-27B-8bit,2026-08-30,active,,
US-CISA-ACDI-Strategy-2024,CISA Strategy for Migrating to Automated PQC Discovery and Inventory Tools,Compliance Frameworks,Government & Policy,inventory,3,all,Deploy automated cryptography discovery and inventory (ACDI) tools to detect and catalog CRQC-vulnerable cryptographic systems across FCEB assets.,The primary goal of this strategy is to enable the assessment of agency PQC transition progress. Included is the use of ACDI tools to support a FCEB agency in its creation of an inventory of its information systems and assets that contain CRQC-vulnerable cryptography.,1. OVERVIEW / Goals,https://www.cisa.gov/sites/default/files/2024-09/Strategy-for-Migrating-to-Automated-PQC-Discovery-and-Inventory-Tools.pdf,high,mlx-community/Qwen3.6-27B-8bit,2026-08-30,active,,
US-CISA-ACDI-Strategy-2024,CISA Strategy for Migrating to Automated PQC Discovery and Inventory Tools,Compliance Frameworks,Government & Policy,inventory,3,software,Integrate ACDI tools with the Continuous Diagnostics and Mitigation (CDM) Program to automate the collection of cryptographic characteristics for reporting.,"Another goal is to integrate ACDI tools with CISA’s CDM Program, which may help to reduce the resources required to generate the inventory content.",1. OVERVIEW / Goals,https://www.cisa.gov/sites/default/files/2024-09/Strategy-for-Migrating-to-Automated-PQC-Discovery-and-Inventory-Tools.pdf,high,mlx-community/Qwen3.6-27B-8bit,2026-08-30,active,,
US-CISA-ACDI-Strategy-2024,CISA Strategy for Migrating to Automated PQC Discovery and Inventory Tools,Compliance Frameworks,Government & Policy,inventory,2,all,"Manually collect inventory data items (e.g., FISMA ID, categorization, HVA status) that cannot be detected by currently available automated tools.","At this time, there are no known automated tools that can collect the inventory information for the following items in Section II of M-23-02... Agencies may have to identify and request vendors provide information... Manual tracking of these products may need to be maintained.",2. APPROACH / Data Collection via Manual Means,https://www.cisa.gov/sites/default/files/2024-09/Strategy-for-Migrating-to-Automated-PQC-Discovery-and-Inventory-Tools.pdf,high,mlx-community/Qwen3.6-27B-8bit,2026-08-30,active,,
US-CISA-ACDI-Strategy-2024,CISA Strategy for Migrating to Automated PQC Discovery and Inventory Tools,Compliance Frameworks,Government & Policy,observability,3,all,Report PQC adoption metrics and inventory data to ONCD and CISA via CyberScope as part of the annual submission process.,This strategy also supports an agency’s annual submission of its inventory to ONCD and CISA... using CyberScope for reporting Federal Information Security Modernization Act of 2014 (FISMA) metrics related to PQC adoption,1. OVERVIEW / Goals; 2. APPROACH / Reporting,https://www.cisa.gov/sites/default/files/2024-09/Strategy-for-Migrating-to-Automated-PQC-Discovery-and-Inventory-Tools.pdf,high,mlx-community/Qwen3.6-27B-8bit,2026-08-30,active,,
US-CISA-PQC-OT-2024,CISA Post-Quantum Considerations for Operational Technology,Compliance Frameworks,Government & Policy,governance,2,all,"Develop and implement a post-quantum cryptography transition plan, identifying necessary personnel and resources to address CRQC threats.","OT owners and operators cannot wait until the advent of a CRQC to develop and implement a plan... Many of the necessary planning steps (e.g., identifying personnel and resources, inventorying systems) can begin immediately.",Recommendations / Plan for Post-Quantum Computing,https://www.cisa.gov/sites/default/files/2024-10/Post-Quantum%20Considerations%20for%20Operational%20Technology%20(508).pdf,medium,mlx-community/Qwen3.6-27B-8bit,2026-08-30,active,,
US-CISA-PQC-OT-2024,CISA Post-Quantum Considerations for Operational Technology,Compliance Frameworks,Government & Policy,inventory,2,all,Inventory OT systems to identify cryptographic dependencies and assets requiring post-quantum mitigation.,"Many of the necessary planning steps (e.g., identifying personnel and resources, inventorying systems) can begin immediately.",Recommendations / Plan for Post-Quantum Computing,https://www.cisa.gov/sites/default/files/2024-10/Post-Quantum%20Considerations%20for%20Operational%20Technology%20(508).pdf,medium,mlx-community/Qwen3.6-27B-8bit,2026-08-30,active,,
US-CISA-PQC-OT-2024,CISA Post-Quantum Considerations for Operational Technology,Compliance Frameworks,Government & Policy,lifecycle,2,software,Apply quantum mitigation considerations to platform update schedules and upgrade lifecycles to ensure timely transition.,"OT vendors, owners, and operators should... apply quantum mitigation considerations to platform update schedules and upgrade lifecycles.",Executive Summary,https://www.cisa.gov/sites/default/files/2024-10/Post-Quantum%20Considerations%20for%20Operational%20Technology%20(508).pdf,medium,mlx-community/Qwen3.6-27B-8bit,2026-08-30,active,,
US-CISA-PQC-OT-2024,CISA Post-Quantum Considerations for Operational Technology,Compliance Frameworks,Government & Policy,lifecycle,2,libraries,Ensure crypto-agility in applications and protocols to facilitate the transition to quantum-resistant algorithms.,"OT vendors, owners, and operators should... ensure crypto-agility in applications and protocols",Executive Summary,https://www.cisa.gov/sites/default/files/2024-10/Post-Quantum%20Considerations%20for%20Operational%20Technology%20(508).pdf,medium,mlx-community/Qwen3.6-27B-8bit,2026-08-30,active,,
US-CISA-PQC-OT-2024,CISA Post-Quantum Considerations for Operational Technology,Compliance Frameworks,Government & Policy,lifecycle,2,all,Use quantum-resistant algorithms where appropriate to mitigate risks from cryptanalytically relevant quantum computers.,"OT vendors, owners, and operators should... use quantum-resistant algorithms where appropriate",Executive Summary,https://www.cisa.gov/sites/default/files/2024-10/Post-Quantum%20Considerations%20for%20Operational%20Technology%20(508).pdf,medium,mlx-community/Qwen3.6-27B-8bit,2026-08-30,active,,
Europol-QSFF-Call-to-Action-2025,Europol Quantum Safe Financial Forum — Call to Action,Compliance Frameworks,Government & Policy,governance,2,all,"Establish and initiate transition plans with top management support, dedicating resources and upskilling IT teams to manage the quantum-safe cryptography transition.","Firms should establish and initiate their transition plans by: raising awareness... upskilling IT teams... dedicating resources to manage the transition, with support from top management.","QSFF RECOMMENDATIONS: A ROADMAP TO A QUANTUM-SAFE FINANCIAL SECTOR, Recommendation 1",https://www.europol.europa.eu/cms/sites/default/files/documents/Quantum-safe-financial-forum-2025.pdf,medium,mlx-community/Qwen3.6-27B-8bit,2026-08-30,active,,
Europol-QSFF-Call-to-Action-2025,Europol Quantum Safe Financial Forum — Call to Action,Compliance Frameworks,Government & Policy,governance,2,all,"Coordinate with stakeholders, vendors, and policymakers to develop aligned transition roadmaps, identifying dependencies and critical paths for a unified approach.","A successful transition requires collaboration among organisations, vendors, and policymakers, to develop coordinated transition roadmaps... identifying dependencies and critical paths","QSFF RECOMMENDATIONS: A ROADMAP TO A QUANTUM-SAFE FINANCIAL SECTOR, Recommendation 2",https://www.europol.europa.eu/cms/sites/default/files/documents/Quantum-safe-financial-forum-2025.pdf,medium,mlx-community/Qwen3.6-27B-8bit,2026-08-30,active,,
Europol-QSFF-Call-to-Action-2025,Europol Quantum Safe Financial Forum — Call to Action,Compliance Frameworks,Government & Policy,inventory,1,all,Conduct cryptography inventory efforts to identify current cryptographic usage and prepare for the update to post-quantum cryptography.,"Some companies have started cryptography inventory efforts or are planning to do so, but not all have embarked on this journey yet.",WHERE IS THE FINANCIAL SECTOR TODAY?,https://www.europol.europa.eu/cms/sites/default/files/documents/Quantum-safe-financial-forum-2025.pdf,low,mlx-community/Qwen3.6-27B-8bit,2026-08-30,active,,
US-QCCPA-2022,Quantum Computing Cybersecurity Preparedness Act (Public Law 117-260),Compliance Frameworks,Government & Policy,inventory,3,all,"Establish and maintain a current inventory of IT systems vulnerable to quantum decryption, prioritized by risk criteria.","a requirement for each agency to establish and maintain a current inventory of information technology in use by the agency that is vulnerable to decryption by quantum computers, prioritized using the criteria described in subparagraph (B)",Sec. 4(a)(1)(A),https://www.govinfo.gov/content/pkg/PLAW-117publ260/pdf/PLAW-117publ260.pdf,high,mlx-community/Qwen3.6-27B-8bit,2026-08-30,active,,
US-QCCPA-2022,Quantum Computing Cybersecurity Preparedness Act (Public Law 117-260),Compliance Frameworks,Government & Policy,governance,3,all,Develop a plan to migrate agency IT to post-quantum cryptography consistent with OMB-mandated prioritization.,develop a plan to migrate information technology of the agency to post-quantum cryptography consistent with the prioritization under paragraph (1),Sec. 4(c)(2),https://www.govinfo.gov/content/pkg/PLAW-117publ260/pdf/PLAW-117publ260.pdf,high,mlx-community/Qwen3.6-27B-8bit,2026-08-30,active,,
US-QCCPA-2022,Quantum Computing Cybersecurity Preparedness Act (Public Law 117-260),Compliance Frameworks,Government & Policy,observability,3,all,Implement an automated process to evaluate progress on migrating IT to post-quantum cryptography.,"a process for evaluating progress on migrating information technology to post-quantum cryptography, which shall be automated to the greatest extent practicable",Sec. 4(a)(2)(B),https://www.govinfo.gov/content/pkg/PLAW-117publ260/pdf/PLAW-117publ260.pdf,high,mlx-community/Qwen3.6-27B-8bit,2026-08-30,active,,
US-QCCPA-2022,Quantum Computing Cybersecurity Preparedness Act (Public Law 117-260),Compliance Frameworks,Government & Policy,observability,3,all,"Report the inventory of vulnerable IT and required data to OMB, CISA, and the National Cyber Director annually.","the head of each agency shall provide to the Director of OMB, the Director of CISA, and the National Cyber Director— (1) the inventory described in subsection (a)(1)",Sec. 4(b),https://www.govinfo.gov/content/pkg/PLAW-117publ260/pdf/PLAW-117publ260.pdf,high,mlx-community/Qwen3.6-27B-8bit,2026-08-30,active,,
SG-MAS-Quantum-Advisory-2024,MAS Advisory on Addressing Cybersecurity Risks Associated with Quantum Computing,Compliance Frameworks,Government & Policy,inventory,2,all,"Identify and maintain an inventory of cryptographic solutions, including algorithm, key length, ownership, and system location, to determine vulnerability to quantum threats.","Identifying and maintaining an inventory of cryptographic solutions used in the FI... This inventory should include information about: i. the cryptographic algorithm and key length used, ii. the ownership and parties responsible for maintaining cryptographic assets, and iii. the specific system or application where the cryptographic algorithm is embedded or used.",Section e,https://www.mas.gov.sg/-/media/mas-media-library/regulation/circulars/trpd/mas-quantum-advisory/mas-quantum-advisory.pdf,high,mlx-community/Qwen3.6-27B-8bit,2026-08-30,active,,
SG-MAS-Quantum-Advisory-2024,MAS Advisory on Addressing Cybersecurity Risks Associated with Quantum Computing,Compliance Frameworks,Government & Policy,inventory,2,all,"Classify IT and data assets dependent on vulnerable cryptographic solutions based on sensitivity, criticality, and risk exposure to prioritize migration efforts.","Classifying IT and data assets that are dependent on the potentially vulnerable cryptographic solutions, so as to prioritise the risk mitigation efforts. The classification should be based on the sensitivity, criticality, and risk exposure of the IT and data assets, and the period for which they are deemed sensitive.",Section f,https://www.mas.gov.sg/-/media/mas-media-library/regulation/circulars/trpd/mas-quantum-advisory/mas-quantum-advisory.pdf,high,mlx-community/Qwen3.6-27B-8bit,2026-08-30,active,,
SG-MAS-Quantum-Advisory-2024,MAS Advisory on Addressing Cybersecurity Risks Associated with Quantum Computing,Compliance Frameworks,Government & Policy,governance,2,all,"Review internal policies, standards, and procedures to ensure relevance during the transition to quantum security solutions.","Reviewing the FI’s internal policies, standards, and procedures, to ensure that they remain relevant as the FI transitions to quantum security solutions.",Section i,https://www.mas.gov.sg/-/media/mas-media-library/regulation/circulars/trpd/mas-quantum-advisory/mas-quantum-advisory.pdf,high,mlx-community/Qwen3.6-27B-8bit,2026-08-30,active,,
SG-MAS-Quantum-Advisory-2024,MAS Advisory on Addressing Cybersecurity Risks Associated with Quantum Computing,Compliance Frameworks,Government & Policy,governance,2,all,Ensure senior management and third-party vendors understand quantum threats and support the transition to quantum security solutions.,"Ensuring that the senior management and relevant third-party vendors understand the potential threats of quantum technology, and the importance of supporting efforts on transitioning to quantum security solutions.",Section b,https://www.mas.gov.sg/-/media/mas-media-library/regulation/circulars/trpd/mas-quantum-advisory/mas-quantum-advisory.pdf,high,mlx-community/Qwen3.6-27B-8bit,2026-08-30,active,,
SG-MAS-Quantum-Advisory-2024,MAS Advisory on Addressing Cybersecurity Risks Associated with Quantum Computing,Compliance Frameworks,Government & Policy,lifecycle,2,all,Develop risk mitigation strategies for assets that cannot be migrated to PQC and plan for contingency scenarios where quantum risks materialize early.,"Developing risk mitigation strategies for assets which cannot be migrated to PQC, and planning for contingency scenarios where cybersecurity risks associated with quantum materialize substantially ahead of the predicted timeline.",Section j,https://www.mas.gov.sg/-/media/mas-media-library/regulation/circulars/trpd/mas-quantum-advisory/mas-quantum-advisory.pdf,high,mlx-community/Qwen3.6-27B-8bit,2026-08-30,active,,
SG-MAS-Quantum-Advisory-2024,MAS Advisory on Addressing Cybersecurity Risks Associated with Quantum Computing,Compliance Frameworks,Government & Policy,lifecycle,2,all,Assess existing system infrastructures for crypto-agility support and consider upgrades to address limitations hindering the transition to quantum security.,"Assessing whether existing system infrastructures can support crypto-agility, and consider upgrading them over time if there are limitations (e.g. on processing power, infrastructure design, discontinuation of vendor support, etc.) that may hinder the transition to quantum security solutions.",Section g,https://www.mas.gov.sg/-/media/mas-media-library/regulation/circulars/trpd/mas-quantum-advisory/mas-quantum-advisory.pdf,high,mlx-community/Qwen3.6-27B-8bit,2026-08-30,active,,
SG-MAS-Quantum-Advisory-2024,MAS Advisory on Addressing Cybersecurity Risks Associated with Quantum Computing,Compliance Frameworks,Government & Policy,observability,2,all,Monitor ongoing quantum computing developments for cybersecurity threats and risks impacting financial services and their mitigation.,"Monitoring ongoing quantum computing developments for cybersecurity threats and risks that may impact financial services, and their possible mitigation using quantum security solutions such as PQC and QKD.",Section a,https://www.mas.gov.sg/-/media/mas-media-library/regulation/circulars/trpd/mas-quantum-advisory/mas-quantum-advisory.pdf,high,mlx-community/Qwen3.6-27B-8bit,2026-08-30,active,,
SG-MAS-Quantum-Advisory-2024,MAS Advisory on Addressing Cybersecurity Risks Associated with Quantum Computing,Compliance Frameworks,Government & Policy,governance,2,all,Work with third-party IT vendors to assess supply chain risks from quantum threats and request quantum-resistant solutions when available.,"Working closely with third-party IT vendors to assess the FI’s IT supply chain risks arising from the quantum threats, and requesting that vendors provide quantum-resistant solutions when they become commercially available.",Section c,https://www.mas.gov.sg/-/media/mas-media-library/regulation/circulars/trpd/mas-quantum-advisory/mas-quantum-advisory.pdf,high,mlx-community/Qwen3.6-27B-8bit,2026-08-30,active,,
NSM-8,"National Security Memorandum 8 — Improving the Cybersecurity of National Security, DoD, and IC Systems",Compliance Frameworks,Government & Policy,governance,3,all,Agencies must update plans to prioritize resources for cloud adoption and Zero Trust Architecture implementation within 60 days.,"Within 60 days... the head of each executive department or agency... shall: (A) update existing agency plans to prioritize resources for the adoption and use of cloud technology, including adoption of Zero Trust Architecture as practicable",Section 1(b)(ii)(A),https://bidenwhitehouse.archives.gov/briefing-room/statements-releases/2022/01/19/memorandum-on-improving-the-cybersecurity-of-national-security-department-of-defense-and-intelligence-community-systems/,high,mlx-community/Qwen3.6-27B-8bit,2026-08-30,active,,
NSM-8,"National Security Memorandum 8 — Improving the Cybersecurity of National Security, DoD, and IC Systems",Compliance Frameworks,Government & Policy,governance,3,all,Agencies must develop a plan to implement Zero Trust Architecture incorporating NIST SP 800-207 and CNSS instructions within 60 days.,"Within 60 days... the head of each executive department or agency... shall: (B) develop a plan to implement Zero Trust Architecture, which shall incorporate, as appropriate: (1) NIST Special Publication 800-207 Guidance",Section 1(b)(ii)(B),https://bidenwhitehouse.archives.gov/briefing-room/statements-releases/2022/01/19/memorandum-on-improving-the-cybersecurity-of-national-security-department-of-defense-and-intelligence-community-systems/,high,mlx-community/Qwen3.6-27B-8bit,2026-08-30,active,,
NSM-8,"National Security Memorandum 8 — Improving the Cybersecurity of National Security, DoD, and IC Systems",Compliance Frameworks,Government & Policy,governance,3,all,Agencies must report cloud and Zero Trust implementation plans to the CNSS and National Manager within 60 days.,Within 60 days... the head of each executive department or agency... shall: (C) provide a report to the CNSS and National Manager discussing the plans required pursuant to section 1(b)(ii)(A) and (B),Section 1(b)(ii)(C),https://bidenwhitehouse.archives.gov/briefing-room/statements-releases/2022/01/19/memorandum-on-improving-the-cybersecurity-of-national-security-department-of-defense-and-intelligence-community-systems/,high,mlx-community/Qwen3.6-27B-8bit,2026-08-30,active,,
NSM-8,"National Security Memorandum 8 — Improving the Cybersecurity of National Security, DoD, and IC Systems",Compliance Frameworks,Government & Policy,governance,3,all,Agencies must identify and maintain an inventory of systems designated as National Security Systems (NSS) within 90 days.,"Within 90 days of the date of this memorandum, agencies shall identify and maintain an inventory of those systems designated as NSS through the process designated in section 2(a)(ii)",Section 2(a)(iii),https://bidenwhitehouse.archives.gov/briefing-room/statements-releases/2022/01/19/memorandum-on-improving-the-cybersecurity-of-national-security-department-of-defense-and-intelligence-community-systems/,high,mlx-community/Qwen3.6-27B-8bit,2026-08-30,active,,
NSM-8,"National Security Memorandum 8 — Improving the Cybersecurity of National Security, DoD, and IC Systems",Compliance Frameworks,Government & Policy,governance,3,all,"Agencies must authorize exceptions for non-compliant encryption or inability to implement MFA/encryption, subject to National Manager review.","In those instances where the head of an agency determines the agency is unable to implement these measures, the head of the agency shall authorize an exception pursuant to the process provided in section 3",Section 1(b)(iii),https://bidenwhitehouse.archives.gov/briefing-room/statements-releases/2022/01/19/memorandum-on-improving-the-cybersecurity-of-national-security-department-of-defense-and-intelligence-community-systems/,high,mlx-community/Qwen3.6-27B-8bit,2026-08-30,active,,
NSM-8,"National Security Memorandum 8 — Improving the Cybersecurity of National Security, DoD, and IC Systems",Compliance Frameworks,Government & Policy,governance,3,all,"Agencies must not authorize new systems to operate without NSA-approved encryption algorithms, absent an authorized exception.","An agency shall not authorize new systems to operate that do not use approved encryption algorithms and implementations, absent an exception authorized by the head of an agency pursuant to section 3",Section 1(b)(iv),https://bidenwhitehouse.archives.gov/briefing-room/statements-releases/2022/01/19/memorandum-on-improving-the-cybersecurity-of-national-security-department-of-defense-and-intelligence-community-systems/,high,mlx-community/Qwen3.6-27B-8bit,2026-08-30,active,,
NSM-8,"National Security Memorandum 8 — Improving the Cybersecurity of National Security, DoD, and IC Systems",Compliance Frameworks,Government & Policy,governance,3,all,"Agencies must report instances of non-compliant encryption, transition timelines, and exceptions to the National Manager within 180 days.",Within 180 days... agencies shall identify any instances of encryption not in compliance... and shall report to the National Manager... (1) systems where non-compliant encryption is being used... (2) a timeline to transition... (3) any exception,Section 1(b)(iv)(D),https://bidenwhitehouse.archives.gov/briefing-room/statements-releases/2022/01/19/memorandum-on-improving-the-cybersecurity-of-national-security-department-of-defense-and-intelligence-community-systems/,high,mlx-community/Qwen3.6-27B-8bit,2026-08-30,active,,
NSM-8,"National Security Memorandum 8 — Improving the Cybersecurity of National Security, DoD, and IC Systems",Compliance Frameworks,Government & Policy,governance,3,all,"Agencies must adhere to software standards developed under EO 14028 for software used on NSS, unless an exception is authorized.","Except as otherwise authorized by law, or by an exception authorized by the heads of agencies... agencies shall adhere to the standards developed under section 4 of Executive Order 14028 for any software intended to be used on NSS",Section 1(c)(i),https://bidenwhitehouse.archives.gov/briefing-room/statements-releases/2022/01/19/memorandum-on-improving-the-cybersecurity-of-national-security-department-of-defense-and-intelligence-community-systems/,high,mlx-community/Qwen3.6-27B-8bit,2026-08-30,active,,
NSM-8,"National Security Memorandum 8 — Improving the Cybersecurity of National Security, DoD, and IC Systems",Compliance Frameworks,Government & Policy,governance,3,all,"Agencies must notify the National Manager, SecDef, and DNI before re-designating an NSS as non-NSS.","Once a system has been identified and designated as an NSS, notification to the National Manager and to the Secretary of Defense and the Director of National Intelligence... will be required to re-designate those systems as non-NSS",Section 2(a)(v),https://bidenwhitehouse.archives.gov/briefing-room/statements-releases/2022/01/19/memorandum-on-improving-the-cybersecurity-of-national-security-department-of-defense-and-intelligence-community-systems/,high,mlx-community/Qwen3.6-27B-8bit,2026-08-30,active,,
Microsoft-QSP-Roadmap-2025,Microsoft Quantum Safe Program (QSP) — Product Roadmap to 2033,Technical Standards,Migration Guidance,governance,2,all,"Define ownership, scope, and milestones for a multi-year cryptography transition strategy.","Align on strategy : Define ownership, scope, and milestones for a multi-year cryptography transition.",What to do now,https://www.microsoft.com/en-us/security/blog/,medium,mlx-community/Qwen3.6-27B-8bit,2026-08-30,active,,
Microsoft-QSP-Roadmap-2025,Microsoft Quantum Safe Program (QSP) — Product Roadmap to 2033,Technical Standards,Migration Guidance,inventory,2,all,"Create and maintain a living cryptographic inventory to identify, prioritize, and modernize dependencies.","Begin with inventory : Create and maintain a living cryptographic inventory to identify, prioritize, and modernize dependencies.",What to do now,https://www.microsoft.com/en-us/security/blog/,medium,mlx-community/Qwen3.6-27B-8bit,2026-08-30,active,,
Microsoft-QSP-Roadmap-2025,Microsoft Quantum Safe Program (QSP) — Product Roadmap to 2033,Technical Standards,Migration Guidance,lifecycle,2,software,"Build crypto-agility into new systems so future standards shifts are updates, not fire drills.","Design for change : Build crypto-agility into new systems so future standards shifts are updates, not fire drills.",What to do now,https://www.microsoft.com/en-us/security/blog/,medium,mlx-community/Qwen3.6-27B-8bit,2026-08-30,active,,
Microsoft-QSP-Roadmap-2025,Microsoft Quantum Safe Program (QSP) — Product Roadmap to 2033,Technical Standards,Migration Guidance,lifecycle,2,software,Adopt modern standards such as TLS 1.3 as a baseline across client and server systems.,Modernize protocols : Adopt modern standards such as TLS 1.3 as a baseline across client and server systems.,What to do now,https://www.microsoft.com/en-us/security/blog/,medium,mlx-community/Qwen3.6-27B-8bit,2026-08-30,active,,
Microsoft-QSP-Roadmap-2025,Microsoft Quantum Safe Program (QSP) — Product Roadmap to 2033,Technical Standards,Migration Guidance,lifecycle,2,libraries,Eliminate hard-coded algorithms and make cryptographic settings configurable outside of the application.,"This requires making cryptographic settings configurable outside of the application, standardizing key management and rotation, and eliminating hard-coded algorithms.",Build crypto-agility for stored data (data at rest),https://www.microsoft.com/en-us/security/blog/,medium,mlx-community/Qwen3.6-27B-8bit,2026-08-30,active,,
Microsoft-QSP-Roadmap-2025,Microsoft Quantum Safe Program (QSP) — Product Roadmap to 2033,Technical Standards,Migration Guidance,lifecycle,2,keys,Standardize key management and rotation to enable safe adoption of new cryptographic standards.,"This requires making cryptographic settings configurable outside of the application, standardizing key management and rotation, and eliminating hard-coded algorithms.",Build crypto-agility for stored data (data at rest),https://www.microsoft.com/en-us/security/blog/,medium,mlx-community/Qwen3.6-27B-8bit,2026-08-30,active,,
Microsoft-QSP-Roadmap-2025,Microsoft Quantum Safe Program (QSP) — Product Roadmap to 2033,Technical Standards,Migration Guidance,lifecycle,2,certificates,Implement hardware-backed key protection and updated certificate lifetimes for critical trust anchors.,"This includes hardware-backed key protection, updated certificate lifetimes and policies, and auditable signing and issuance processes for critical trust anchors","Modernize cryptographic trust chains (identity, signing, certificates)",https://www.microsoft.com/en-us/security/blog/,medium,mlx-community/Qwen3.6-27B-8bit,2026-08-30,active,,
HSBC-InfoSecGlobal-Thales-CryptographicInventory-2025,"Cryptographic Inventory: Deriving Value Today, Preparing for Tomorrow",Technical Standards,Migration Guidance,inventory,2,all,"Establish a comprehensive cryptographic inventory to identify assets, assess key quality, and evaluate protection levels for risk mitigation.",Cryptographic discovery and the creation of a dynamic cryptographic inventory are the first critical steps in understanding the vulnerabilities of the cryptographic assets upon which organisations depend.,Section 3.1,https://www.ventures.hsbc.com/-/media/ventures/250602-cryptographic-inventory-deriving-value-today-preparing-for-tomorrow-2025.pdf,medium,mlx-community/Qwen3.6-27B-8bit,2026-08-30,active,,
HSBC-InfoSecGlobal-Thales-CryptographicInventory-2025,"Cryptographic Inventory: Deriving Value Today, Preparing for Tomorrow",Technical Standards,Migration Guidance,inventory,2,all,Integrate cryptographic inventory data into Enterprise Risk Management (ERM) frameworks to prioritize mitigation based on business risk.,Establishing a risk management framework for cryptography to integrate with ERM will be critical to ensure that mitigation efforts are prioritised in alignment with critical enterprise risk scenarios.,Section 1,https://www.ventures.hsbc.com/-/media/ventures/250602-cryptographic-inventory-deriving-value-today-preparing-for-tomorrow-2025.pdf,medium,mlx-community/Qwen3.6-27B-8bit,2026-08-30,active,,
HSBC-InfoSecGlobal-Thales-CryptographicInventory-2025,"Cryptographic Inventory: Deriving Value Today, Preparing for Tomorrow",Technical Standards,Migration Guidance,governance,2,all,"Define accountability and responsibility for cryptographic assets, ensuring technology and business leadership recognize the strategic value of the inventory.",This paper is designed to help technology leaders... derive strategic value from cryptographic discovery and cryptographic inventory... It aims to help them communicate to the broader leadership... the importance and value of establishing a cryptographic inventory.,Section 2,https://www.ventures.hsbc.com/-/media/ventures/250602-cryptographic-inventory-deriving-value-today-preparing-for-tomorrow-2025.pdf,medium,mlx-community/Qwen3.6-27B-8bit,2026-08-30,active,,
HSBC-InfoSecGlobal-Thales-CryptographicInventory-2025,"Cryptographic Inventory: Deriving Value Today, Preparing for Tomorrow",Technical Standards,Migration Guidance,lifecycle,2,all,"Develop prioritized transition plans for migrating to quantum-resistant cryptography, addressing the multi-year nature of the undertaking.",It is time for organisations and institutions to begin the drafting of plans that will explore and implement the necessary measures to become quantum-safe... Achieving complete protection will be a multi-year undertaking.,Section 3.2,https://www.ventures.hsbc.com/-/media/ventures/250602-cryptographic-inventory-deriving-value-today-preparing-for-tomorrow-2025.pdf,medium,mlx-community/Qwen3.6-27B-8bit,2026-08-30,active,,
HSBC-InfoSecGlobal-Thales-CryptographicInventory-2025,"Cryptographic Inventory: Deriving Value Today, Preparing for Tomorrow",Technical Standards,Migration Guidance,inventory,3,all,"Utilize automation to create and maintain a dynamic cryptographic inventory, addressing the complexity and pervasiveness of cryptographic assets.","Cryptography is pervasive: it is complex, varied and often not readily visible. Consequently, creating a cryptographic inventory is challenging, and automation plays a critical role in this process.",Section 1,https://www.ventures.hsbc.com/-/media/ventures/250602-cryptographic-inventory-deriving-value-today-preparing-for-tomorrow-2025.pdf,medium,mlx-community/Qwen3.6-27B-8bit,2026-08-30,active,,
IETF RFC 9763,Related Certificates for Giving Expression to Multiple Algorithm Trust,Technical Standards,Migration Guidance,lifecycle,3,certificates,Validate related certificate path and verify signature ownership before issuing new certificate with Related Certificate extension.,MUST retrieve the certificate identified in the related Cert Request attribute... and validate it... MUST verify the signature field... SHOULD issue the new certificate containing the Related Certificate extension,Section 3.2,https://www.rfc-editor.org/rfc/rfc9763,high,mlx-community/Qwen3.6-27B-8bit,2026-08-30,active,,
IETF RFC 9763,Related Certificates for Giving Expression to Multiple Algorithm Trust,Technical Standards,Migration Guidance,lifecycle,3,certificates,Ensure related certificate contains matching key usage and extended key usage OIDs as the newly issued certificate.,MUST ensure that the related certificate contains the key usage (KU) bits and extended key usage (EKU) OIDs being asserted in the certificate being issued.,Section 4.1,https://www.rfc-editor.org/rfc/rfc9763,high,mlx-community/Qwen3.6-27B-8bit,2026-08-30,active,,
IETF RFC 9763,Related Certificates for Giving Expression to Multiple Algorithm Trust,Technical Standards,Migration Guidance,lifecycle,2,certificates,Verify that the related certificate is valid at the time of issuance of the new certificate.,SHOULD determine that the related certificate is valid at the time of issuance.,Section 4.1,https://www.rfc-editor.org/rfc/rfc9763,medium,mlx-community/Qwen3.6-27B-8bit,2026-08-30,active,,
IETF RFC 9763,Related Certificates for Giving Expression to Multiple Algorithm Trust,Technical Standards,Migration Guidance,lifecycle,3,certificates,"Include Related Certificate extension only in end-entity certificates, not in intermediate or root CA certificates.","For certificate chains, this extension MUST only be included in the end-entity certificate.",Section 4.1,https://www.rfc-editor.org/rfc/rfc9763,high,mlx-community/Qwen3.6-27B-8bit,2026-08-30,active,,
IETF RFC 9763,Related Certificates for Giving Expression to Multiple Algorithm Trust,Technical Standards,Migration Guidance,lifecycle,3,certificates,Do not mark the Related Certificate extension as critical to ensure interoperability.,This extension SHOULD NOT be marked critical. Marking this extension critical would severely impact interoperability.,Section 4.1,https://www.rfc-editor.org/rfc/rfc9763,medium,mlx-community/Qwen3.6-27B-8bit,2026-08-30,active,,
IETF RFC 9763,Related Certificates for Giving Expression to Multiple Algorithm Trust,Technical Standards,Migration Guidance,lifecycle,3,certificates,Use the hash algorithm indicated by the related certificate's signature OID for the Related Certificate extension hash.,If there is a hash algorithm explicitly indicated by the related certificate's signature OID... that hash algorithm SHOULD also be used for this extension.,Section 4.1,https://www.rfc-editor.org/rfc/rfc9763,medium,mlx-community/Qwen3.6-27B-8bit,2026-08-30,active,,
IETF RFC 9763,Related Certificates for Giving Expression to Multiple Algorithm Trust,Technical Standards,Migration Guidance,lifecycle,3,certificates,RA must only allow previously issued certificates to be referenced in the related Cert Request attribute to enable CA signature verification.,The RA MUST only allow a previously issued certificate to be indicated in the related Cert Request attribute in order to enable the CA to perform the required signature verification.,Section 3.2,https://www.rfc-editor.org/rfc/rfc9763,high,mlx-community/Qwen3.6-27B-8bit,2026-08-30,active,,
IETF RFC 9701,JSON Web Token (JWT) Response for OAuth Token Introspection,Technical Standards,Migration Guidance,governance,2,software,Maintain credentials and configuration data for each resource server to manage trust relationships and authorization policies.,The requirements given above imply that the AS maintains credentials and other configuration data for each RS.,Section 3,https://www.rfc-editor.org/rfc/rfc9701,high,mlx-community/Qwen3.6-27B-8bit,2026-08-30,active,,
IETF RFC 9701,JSON Web Token (JWT) Response for OAuth Token Introspection,Technical Standards,Migration Guidance,governance,2,software,"Restrict the use of client credentials by a resource server to only the calls it requires, such as limiting access to the token introspection endpoint.","The AS MUST restrict the use of client credentials by an RS to the calls it requires, e.g., the AS MAY restrict such a client to call the token introspection endpoint only.",Section 3,https://www.rfc-editor.org/rfc/rfc9701,high,mlx-community/Qwen3.6-27B-8bit,2026-08-30,active,,
IETF RFC 9701,JSON Web Token (JWT) Response for OAuth Token Introspection,Technical Standards,Migration Guidance,governance,2,software,"Determine, based on RS-specific policy, what identity claims to return in the token introspection response.","When the AS acts as a provider of resource owner identity claims to the RS, the AS determines, based on its RS-specific policy, what identity claims to return in the token introspection response.",Section 5,https://www.rfc-editor.org/rfc/rfc9701,high,mlx-community/Qwen3.6-27B-8bit,2026-08-30,active,,
IETF RFC 9701,JSON Web Token (JWT) Response for OAuth Token Introspection,Technical Standards,Migration Guidance,governance,2,software,Ensure the release of any privacy-sensitive data is legally based.,The AS MUST ensure the release of any privacy-sensitive data is legally based (see Section 9).,Section 5,https://www.rfc-editor.org/rfc/rfc9701,high,mlx-community/Qwen3.6-27B-8bit,2026-08-30,active,,
IETF RFC 9701,JSON Web Token (JWT) Response for OAuth Token Introspection,Technical Standards,Migration Guidance,lifecycle,2,libraries,Configure signing and encryption algorithms for JWT responses using registered client metadata parameters.,The authorization server determines the algorithm to secure the JWT for a particular introspection response. This decision can be based on registered metadata parameters for the resource server...,Section 6,https://www.rfc-editor.org/rfc/rfc9701,high,mlx-community/Qwen3.6-27B-8bit,2026-08-30,active,,
IETF RFC 9701,JSON Web Token (JWT) Response for OAuth Token Introspection,Technical Standards,Migration Guidance,observability,2,software,Publish supported algorithms for signing and encrypting JWT introspection responses via authorization server metadata.,Authorization servers SHOULD publish the supported algorithms for signing and encrypting the JWT of an introspection response by utilizing 'OAuth 2.0 Authorization Server Metadata' [RFC8414] parameters.,Section 7,https://www.rfc-editor.org/rfc/rfc9701,medium,mlx-community/Qwen3.6-27B-8bit,2026-08-30,active,,
draft-ietf-lamps-cert-binding-for-multi-auth,X.509 Certificate Extension for Binding to Multiple Authentication Algorithms,Technical Standards,Migration Guidance,lifecycle,3,certificates,Implement automated CA validation of related certificate ownership via signature verification and path validation before issuing new certificates with RelatedCertificate extensions.,MUST retrieve the certificate... validate it using certificate path validation rules... MUST verify the signature field... SHOULD issue the new certificate containing the RelatedCertificate extension,Section 3.2,https://datatracker.ietf.org/doc/draft-ietf-lamps-cert-binding-for-multi-auth/,high,mlx-community/Qwen3.6-27B-8bit,2026-08-30,active,,
draft-ietf-lamps-cert-binding-for-multi-auth,X.509 Certificate Extension for Binding to Multiple Authentication Algorithms,Technical Standards,Migration Guidance,lifecycle,3,certificates,Enforce freshness checks on certificate request timestamps during the issuance process to prevent replay attacks when binding multiple authentication algorithms.,MUST check that the BinaryTime indicated in the requestTime field is sufficiently fresh. Note that sufficient freshness is defined by local policy,Section 3.2,https://datatracker.ietf.org/doc/draft-ietf-lamps-cert-binding-for-multi-auth/,high,mlx-community/Qwen3.6-27B-8bit,2026-08-30,active,,
draft-ietf-lamps-cert-binding-for-multi-auth,X.509 Certificate Extension for Binding to Multiple Authentication Algorithms,Technical Standards,Migration Guidance,inventory,2,certificates,"Define local policies for determining the suitability of related certificates, including criteria for validity period remaining, during the certificate issuance workflow.","The CA may also apply local policy regarding the suitability of the related certificate, such as validity period remaining.",Section 3.2,https://datatracker.ietf.org/doc/draft-ietf-lamps-cert-binding-for-multi-auth/,medium,mlx-community/Qwen3.6-27B-8bit,2026-08-30,active,,
