role_id,variant_id,slot,slot_index,content,status,deprecated_at,deprecated_reason,last_reviewed,notes
ops,capacity,hero_eyebrow,,IT Ops · 12k certs · 4 HSM partitions · next renewal window in 90 days,active,,,2026-08-02,
ops,capacity,hero_badge_text,,"Americas · Energy & Utilities, Telecommunications",active,,,2026-08-02,
ops,capacity,hero_badge_tone,,sourced,active,,,2026-08-02,
ops,capacity,headline,,Size your fleet before renewal day.,active,,,2026-08-02,Was 'Will your HSMs survive the cutover?' until 2026-08-02 — an over-promise the tool cannot back up. See personaConfig.ts git history for the full rationale.
ops,capacity,sub,,"{Hsm_use_cases_count} enterprise workflows, sized side by side: RSA-3072 and ECDSA P-256 today against ML-DSA-44/65/87. Storage, bandwidth, and CPU cores per workflow, with a totals row.",active,,,2026-08-02,
ops,capacity,cta_primary_label,,Size your HSM fleet,active,,,2026-08-02,De-duplicated 2026-08-02: every board now points at its own destination — tls-simulator was on 6 boards and /migrate on 5.
ops,capacity,cta_primary_href,,/playground/hsm-capacity,active,,,2026-08-02,De-duplicated 2026-08-02: every board now points at its own destination — tls-simulator was on 6 boards and /migrate on 5.
ops,capacity,cta_secondary_label,,Align to funded refreshes,active,,,2026-08-02,Secondary CTA and item 2 are now this board's own BUSINESS tool (/tools/*). Before 2026-08-02 the boards leaned entirely on playground workshops.
ops,capacity,cta_secondary_href,,/business/tools/refresh-cycle-alignment,active,,,2026-08-02,"Path corrected 2026-08-02: business tools are nested under /business (/business/tools/:toolId). /tools/<id> fell through to the catch-all route and silently rendered the HOME BOARD — the destination resolved, so nothing failed, it just showed the wrong page. Secondary CTA and item 2 are now this board's own BUSINESS tool (/tools/*). Before 2026-08-02 the boards leaned entirely on playground workshops."
ops,capacity,proof_chip,0,Sizing from real FIPS 203/204 key sizes,active,,,2026-08-02,
ops,capacity,proof_chip,1,Benchmarked through a real PKCS#11 engine,active,,,2026-08-02,
ops,capacity,proof_chip,2,CNSA 2.0 mandate dates built in,active,,,2026-08-02,
ops,capacity,side_card_title,,What changes on renewal day,active,,,2026-08-02,
ops,capacity,side_card_tone,,warn,active,,,2026-08-02,
ops,capacity,side_card_provenance,,sourced,active,,,2026-08-02,
ops,capacity,side_card_row_label,0,ML-DSA-65 signature,active,,,2026-08-02,
ops,capacity,side_card_row_value,0,{ml_dsa_65_signature_only},active,,,2026-08-02,
ops,capacity,side_card_row_label,1,ML-DSA-65 sign rate on today's HSM,active,,,2026-08-02,
ops,capacity,side_card_row_value,1,{ops_sidecard_throughput_row},active,,,2026-08-02,
ops,capacity,side_card_row_label,2,Per OCSP / CRL response,active,,,2026-08-02,
ops,capacity,side_card_row_value,2,{ops_sidecard_ocsp_row},active,,,2026-08-02,
ops,capacity,side_card_punchline,,Your next renewal window is your migration window.,active,,,2026-08-02,
ops,capacity,side_card_footnote,,"Real figures, not illustrative — the same defaults behind the HSM Capacity Calculator this page links to.",active,,,2026-08-02,
ops,capacity,grid_title,,What you walk out with,active,,,2026-08-02,"Rewritten 2026-08-02: the three items now map 1:1 onto THIS board's own destinations (1=primary CTA, 2=secondary CTA, 3=the workshop it rests on). They previously described tools the board did not link to."
ops,capacity,grid_sub,,"A sizing verdict, not a guess",active,,,2026-08-02,"Rewritten 2026-08-02: the three items now map 1:1 onto THIS board's own destinations (1=primary CTA, 2=secondary CTA, 3=the workshop it rests on). They previously described tools the board did not link to."
ops,capacity,grid_card_title,0,"Your HSM fleet, sized",active,,,2026-08-02,"Rewritten 2026-08-02: the three items now map 1:1 onto THIS board's own destinations (1=primary CTA, 2=secondary CTA, 3=the workshop it rests on). They previously described tools the board did not link to."
ops,capacity,grid_card_body,0,"{Hsm_use_cases_count} enterprise use cases compared classical against PQC, with per-algorithm tuning — storage, bandwidth and CPU per workflow.",active,,,2026-08-02,"Rewritten 2026-08-02: the three items now map 1:1 onto THIS board's own destinations (1=primary CTA, 2=secondary CTA, 3=the workshop it rests on). They previously described tools the board did not link to."
ops,capacity,grid_card_title,1,Sizing turned into a schedule,active,,,2026-08-02,Secondary CTA and item 2 are now this board's own BUSINESS tool (/tools/*). Before 2026-08-02 the boards leaned entirely on playground workshops.
ops,capacity,grid_card_body,1,Refresh-Cycle Alignment maps PQC migration tasks onto infrastructure refresh cycles you have already funded.,active,,,2026-08-02,Secondary CTA and item 2 are now this board's own BUSINESS tool (/tools/*). Before 2026-08-02 the boards leaned entirely on playground workshops.
ops,capacity,grid_card_title,2,Sizing that lands in a plan,active,,,2026-08-02,Item 3 rewritten after the best-fit re-pairing — it referenced a tool this board no longer links to.
ops,capacity,grid_card_body,2,"A capacity number only matters once it has a date attached, which is what the refresh-cycle alignment adds. Mitigation gateways carry mandatory sunset dates per CSWP.39 §4.6.",active,,,2026-08-02,Item 3 rewritten after the best-fit re-pairing — it referenced a tool this board no longer links to.
ops,capacity,track_title,,"Then, the background: {essentials_vs_full:ops}.",active,,,2026-08-02,
ops,capacity,track_chip,0,PQC 101,active,,,2026-08-02,
ops,capacity,track_chip,1,Ops quantum impact,active,,,2026-08-02,
ops,capacity,track_chip,2,TLS basics,active,,,2026-08-02,
ops,capacity,track_chip,3,VPN/SSH,active,,,2026-08-02,
ops,capacity,track_chip,4,PKI workshop,active,,,2026-08-02,
ops,capacity,track_chip,5,Crypto agility,active,,,2026-08-02,
ops,capacity,track_chip,6,Migration program,active,,,2026-08-02,
ops,capacity,track_chip,7,KMS,active,,,2026-08-02,
ops,capacity,track_chip,8,HSM,active,,,2026-08-02,
ops,capacity,capstone_chip_label,,Cutover-Ready,active,,,2026-08-07,
executive,mandate,hero_eyebrow,,Illustrative — this user's inputs,active,,,2026-08-02,
executive,mandate,hero_badge_text,,Default: Americas · Finance & Banking — scenario shown: EU,active,,,2026-08-02,
executive,mandate,hero_badge_tone,,illustrative,active,,,2026-08-02,
executive,mandate,headline,,Answer the board in eleven minutes.,active,,,2026-08-02,
executive,mandate,sub,,"Eight questions about your estate. You get a defensible risk position, the regulatory dates that already bind you under NIS2 and DORA, and a board pack you can present on Thursday.",active,,,2026-08-02,
executive,mandate,cta_primary_label,,"Start — 8 questions, about 6 minutes",active,,,2026-08-02,De-duplicated 2026-08-02: every board now points at its own destination — tls-simulator was on 6 boards and /migrate on 5.
executive,mandate,cta_primary_href,,/assess,active,,,2026-08-02,De-duplicated 2026-08-02: every board now points at its own destination — tls-simulator was on 6 boards and /migrate on 5.
executive,mandate,cta_secondary_label,,Draft the program charter,active,,,2026-08-02,Secondary CTA and item 2 are now this board's own BUSINESS tool (/tools/*). Before 2026-08-02 the boards leaned entirely on playground workshops.
executive,mandate,cta_secondary_href,,/business/tools/program-charter,active,,,2026-08-02,"Path corrected 2026-08-02: business tools are nested under /business (/business/tools/:toolId). /tools/<id> fell through to the catch-all route and silently rendered the HOME BOARD — the destination resolved, so nothing failed, it just showed the wrong page. Secondary CTA and item 2 are now this board's own BUSINESS tool (/tools/*). Before 2026-08-02 the boards leaned entirely on playground workshops."
executive,mandate,proof_chip,0,Verified in your browser against NIST ACVP vectors,active,,,2026-08-02,
executive,mandate,proof_chip,1,"{library_active_count} sources, trust-tiered",active,,,2026-08-02,
executive,mandate,proof_chip,2,{regulatory_verified_phrase},active,,,2026-08-02,
executive,mandate,proof_chip,3,How we verify,active,,,2026-08-02,
executive,mandate,side_card_title,,Your exposure window,active,,,2026-08-02,
executive,mandate,side_card_tone,,bad,active,,,2026-08-02,
executive,mandate,side_card_provenance,,illustrative,active,,,2026-08-02,
executive,mandate,side_card_row_label,0,Data must stay secret,active,,,2026-08-02,
executive,mandate,side_card_row_value,0,{exec_secrecy_row},active,,,2026-08-02,"Derived from EXEC_EXPOSURE.secrecyYears — was a literal until 2026-08-02, sitting above a punchline that had drifted out of agreement with it."
executive,mandate,side_card_row_label,1,Your migration takes,active,,,2026-08-02,
executive,mandate,side_card_row_value,1,{exec_migration_row},active,,,2026-08-02,Derived from EXEC_EXPOSURE.migrationYears.
executive,mandate,side_card_row_label,2,Cryptanalytic quantum computer,active,,,2026-08-02,
executive,mandate,side_card_row_value,2,{exec_crqc_estimate_row},active,,,2026-08-02,"Derived from getCrqcConsensus() — the same single source every Q-Day figure on the Threats page uses. The old literal 2032 ±4 disagreed with it (consensus is 2033, window 2030-2036)."
executive,mandate,side_card_punchline,,{exec_mosca_punchline},active,,,2026-08-02,"Computed from this card's own three rows so the conclusion cannot drift from its premises. Corrected twice on 2026-08-02: first from the literal ""You are four years short."", then again when the replacement computed z-y (2028) instead of Mosca's z-x-y (2016) — dropping x meant it read as a future deadline while the app's other implementation of the same formula (SectorExposureHero) gave a year 12 earlier."
executive,mandate,side_card_footnote,,{exec_mosca_footnote},active,,,2026-08-02,Derived — the old literal claimed a median across 4 expert surveys with an interquartile band; the real derivation is 6 tracked sources reduced by getCrqcConsensus().
executive,mandate,grid_title,,What you walk out with,active,,,2026-08-02,"Rewritten 2026-08-02: the three items now map 1:1 onto THIS board's own destinations (1=primary CTA, 2=secondary CTA, 3=the workshop it rests on). They previously described tools the board did not link to."
executive,mandate,grid_sub,,"Your own answers, not a sample estate",active,,,2026-08-02,"Rewritten 2026-08-02: the three items now map 1:1 onto THIS board's own destinations (1=primary CTA, 2=secondary CTA, 3=the workshop it rests on). They previously described tools the board did not link to."
executive,mandate,grid_card_title,0,"Eight questions, one risk position",active,,,2026-08-02,"Rewritten 2026-08-02: the three items now map 1:1 onto THIS board's own destinations (1=primary CTA, 2=secondary CTA, 3=the workshop it rests on). They previously described tools the board did not link to."
executive,mandate,grid_card_body,0,"The assessment turns 8 answers about your estate into a defensible risk position, with the regulatory dates that already bind you attached to it.",active,,,2026-08-02,"Rewritten 2026-08-02: the three items now map 1:1 onto THIS board's own destinations (1=primary CTA, 2=secondary CTA, 3=the workshop it rests on). They previously described tools the board did not link to."
executive,mandate,grid_card_title,1,A drafted mandate,active,,,2026-08-02,Secondary CTA and item 2 are now this board's own BUSINESS tool (/tools/*). Before 2026-08-02 the boards leaned entirely on playground workshops.
executive,mandate,grid_card_body,1,"The Program Charter tool drafts the Phase 0 mandate — sponsor sign-off, steering committee, the QRPM appointment and the governance model.",active,,,2026-08-02,Secondary CTA and item 2 are now this board's own BUSINESS tool (/tools/*). Before 2026-08-02 the boards leaned entirely on playground workshops.
executive,mandate,grid_card_title,2,Why the mandate comes first,active,,,2026-08-02,"Item 2 is this board's business tool, so item 3 carries the reasoning rather than repeating it. Executive boards cite no playground workshop by design."
executive,mandate,grid_card_body,2,"Phase 0 exists because a programme without a named sponsor and a standing committee stalls at the first budget review, whatever the inventory says.",active,,,2026-08-02,"Item 2 is this board's business tool, so item 3 carries the reasoning rather than repeating it. Executive boards cite no playground workshop by design."
executive,mandate,track_title,,"Then, if you want the background: {essentials_vs_full:executive}.",active,,,2026-08-02,
executive,mandate,track_note,,"{Essentials_count:executive} essentials against the full {recommended_path_no_quiz_count:executive}-module, {estimated_minutes:executive}-minute path. The path already inserts real actions like {milestones_checkpoints:executive} right where they're relevant.",active,,,2026-08-02,
executive,mandate,track_chip,0,PQC 101,active,,,2026-08-02,
executive,mandate,track_chip,1,Quantum impact,active,,,2026-08-02,
executive,mandate,track_chip,2,Quantum threats,active,,,2026-08-02,
executive,mandate,track_chip,3,Risk management,active,,,2026-08-02,
executive,mandate,track_chip,4,Business case,active,,,2026-08-02,
executive,mandate,track_chip,5,Governance,active,,,2026-08-02,
executive,mandate,track_chip,6,Compliance strategy,active,,,2026-08-02,
executive,mandate,capstone_chip_label,,Board-Ready,active,,,2026-08-02,
developer,pilot,hero_eyebrow,,Developer · Node + Go services · TLS termination at the edge,active,,,2026-08-02,
developer,pilot,hero_badge_text,,Americas · Technology,active,,,2026-08-02,
developer,pilot,hero_badge_tone,,sourced,active,,,2026-08-02,
developer,pilot,headline,,Five minutes to a real ML-KEM handshake.,active,,,2026-08-02,
developer,pilot,sub,,"Not a diagram. ML-KEM and X25519 combined through a real HKDF pipeline in this tab, every intermediate value inspectable. Then we tell you what to change in your stack.",active,,,2026-08-02,2026-08-02 priority ruling: curious takes the TLS simulator (the clearest 'watch it break' tool); developer keeps priority on developer-specific resources and moves to the hybrid KEM pipeline.
developer,pilot,cta_primary_label,,Run ML-KEM + X25519 now,active,,,2026-08-02,2026-08-02 priority ruling: curious takes the TLS simulator (the clearest 'watch it break' tool); developer keeps priority on developer-specific resources and moves to the hybrid KEM pipeline.
developer,pilot,cta_primary_href,,/playground/hybrid-encrypt,active,,,2026-08-02,2026-08-02 priority ruling: curious takes the TLS simulator (the clearest 'watch it break' tool); developer keeps priority on developer-specific resources and moves to the hybrid KEM pipeline.
developer,pilot,cta_secondary_label,,Grade your crypto agility,active,,,2026-08-02,Secondary CTA and item 2 are now this board's own BUSINESS tool (/tools/*). Before 2026-08-02 the boards leaned entirely on playground workshops.
developer,pilot,cta_secondary_href,,/business/tools/crypto-api-refactor-audit,active,,,2026-08-02,"Path corrected 2026-08-02: business tools are nested under /business (/business/tools/:toolId). /tools/<id> fell through to the catch-all route and silently rendered the HOME BOARD — the destination resolved, so nothing failed, it just showed the wrong page. Secondary CTA and item 2 are now this board's own BUSINESS tool (/tools/*). Before 2026-08-02 the boards leaned entirely on playground workshops."
developer,pilot,proof_chip,0,Real liboqs + SoftHSMv3 in your browser,active,,,2026-08-02,
developer,pilot,proof_chip,1,Verified against NIST ACVP vectors,active,,,2026-08-02,
developer,pilot,proof_chip,2,"No signup, no key required",active,,,2026-08-02,
developer,pilot,side_card_title,,What this breaks in your code,active,,,2026-08-02,
developer,pilot,side_card_tone,,warn,active,,,2026-08-02,
developer,pilot,side_card_provenance,,sourced,active,,,2026-08-02,
developer,pilot,side_card_row_label,0,ML-DSA-65 public key,active,,,2026-08-02,
developer,pilot,side_card_row_value,0,{ml_dsa_65_public_key_row},active,,,2026-08-02,
developer,pilot,side_card_row_label,1,ML-DSA-65 signature,active,,,2026-08-02,
developer,pilot,side_card_row_value,1,{ml_dsa_65_signature_row},active,,,2026-08-02,
developer,pilot,side_card_row_label,2,Your VARCHAR(256) key column,active,,,2026-08-02,
developer,pilot,side_card_row_value,2,overflows,active,,,2026-08-02,
developer,pilot,side_card_punchline,,Your schema breaks before your crypto does.,active,,,2026-08-02,
developer,pilot,side_card_footnote,,"Real sizes, not illustrative — the second of the four anti-patterns the Crypto Agility module already teaches.",active,,,2026-08-02,
developer,pilot,grid_title,,What you walk out with,active,,,2026-08-02,"Rewritten 2026-08-02: the three items now map 1:1 onto THIS board's own destinations (1=primary CTA, 2=secondary CTA, 3=the workshop it rests on). They previously described tools the board did not link to."
developer,pilot,grid_sub,,A handshake you have actually run,active,,,2026-08-02,"Rewritten 2026-08-02: the three items now map 1:1 onto THIS board's own destinations (1=primary CTA, 2=secondary CTA, 3=the workshop it rests on). They previously described tools the board did not link to."
developer,pilot,grid_card_title,0,A real hybrid KEM pipeline,active,,,2026-08-02,2026-08-02 priority ruling: curious takes the TLS simulator (the clearest 'watch it break' tool); developer keeps priority on developer-specific resources and moves to the hybrid KEM pipeline.
developer,pilot,grid_card_body,0,"ML-KEM encapsulation combined with an X25519 ECDH share and run through HKDF — the exact construction a hybrid handshake negotiates, with each step's bytes shown.",active,,,2026-08-02,2026-08-02 priority ruling: curious takes the TLS simulator (the clearest 'watch it break' tool); developer keeps priority on developer-specific resources and moves to the hybrid KEM pipeline.
developer,pilot,grid_card_title,1,A grade on your call sites,active,,,2026-08-02,Secondary CTA and item 2 are now this board's own BUSINESS tool (/tools/*). Before 2026-08-02 the boards leaned entirely on playground workshops.
developer,pilot,grid_card_body,1,"The Crypto API Refactor Audit (CSWP.39 §4.1) grades how agile your current crypto call sites are, and what refactoring this pilot implies for them.",active,,,2026-08-02,Secondary CTA and item 2 are now this board's own BUSINESS tool (/tools/*). Before 2026-08-02 the boards leaned entirely on playground workshops.
developer,pilot,grid_card_title,2,"The construction, not the diagram",active,,,2026-08-02,2026-08-02 priority ruling: curious takes the TLS simulator (the clearest 'watch it break' tool); developer keeps priority on developer-specific resources and moves to the hybrid KEM pipeline.
developer,pilot,grid_card_body,2,This is the primitive underneath every hybrid key exchange you will ship. Getting it right here is what makes the protocol-level work uneventful.,active,,,2026-08-02,2026-08-02 priority ruling: curious takes the TLS simulator (the clearest 'watch it break' tool); developer keeps priority on developer-specific resources and moves to the hybrid KEM pipeline.
developer,pilot,track_title,,"Then, the background: {essentials_vs_full:developer}.",active,,,2026-08-02,
developer,pilot,track_chip,0,PQC 101,active,,,2026-08-02,
developer,pilot,track_chip,1,Dev quantum impact,active,,,2026-08-02,
developer,pilot,track_chip,2,PQC candidates,active,,,2026-08-02,
developer,pilot,track_chip,3,TLS basics,active,,,2026-08-02,
developer,pilot,track_chip,4,Hybrid crypto,active,,,2026-08-02,
developer,pilot,track_chip,5,Crypto agility,active,,,2026-08-02,
developer,pilot,track_chip,6,PKI workshop,active,,,2026-08-02,
developer,pilot,track_chip,7,Crypto dev APIs,active,,,2026-08-02,
developer,pilot,capstone_chip_label,,Pilot-Ready,active,,,2026-08-07,
architect,controlplane,hero_eyebrow,,Security architect · Multi-region PKI · 40k certificates,active,,,2026-08-02,
architect,controlplane,hero_badge_text,,"Global · Technology, Telecommunications",active,,,2026-08-02,
architect,controlplane,hero_badge_tone,,sourced,active,,,2026-08-02,
architect,controlplane,headline,,Change one policy line. Watch the estate rekey.,active,,,2026-08-02,
architect,controlplane,sub,,"A KMIP 3.0 control plane and a real PKCS#11 HSM, both in this tab. Create keys by business label, flip Classical → Hybrid → Full PQC, and watch the same request get allowed, denied, or auto-rekeyed.",active,,,2026-08-02,
architect,controlplane,cta_primary_label,,Open the KMIP control plane,active,,,2026-08-02,De-duplicated 2026-08-02: every board now points at its own destination — tls-simulator was on 6 boards and /migrate on 5.
architect,controlplane,cta_primary_href,,/playground/cacp,active,,,2026-08-02,De-duplicated 2026-08-02: every board now points at its own destination — tls-simulator was on 6 boards and /migrate on 5.
architect,controlplane,cta_secondary_label,,Choose your transition mode,active,,,2026-08-02,Secondary CTA and item 2 are now this board's own BUSINESS tool (/tools/*). Before 2026-08-02 the boards leaned entirely on playground workshops.
architect,controlplane,cta_secondary_href,,/business/tools/hybrid-transition-planner,active,,,2026-08-02,"Path corrected 2026-08-02: business tools are nested under /business (/business/tools/:toolId). /tools/<id> fell through to the catch-all route and silently rendered the HOME BOARD — the destination resolved, so nothing failed, it just showed the wrong page. Secondary CTA and item 2 are now this board's own BUSINESS tool (/tools/*). Before 2026-08-02 the boards leaned entirely on playground workshops."
architect,controlplane,proof_chip,0,"Real ML-KEM / ML-DSA / SLH-DSA, no server",active,,,2026-08-02,
architect,controlplane,proof_chip,1,KMIP 3.0 conformance corpus replays live,active,,,2026-08-02,
architect,controlplane,proof_chip,2,All 66 KMIP operations documented,active,,,2026-08-02,
architect,controlplane,side_card_title,,"Why agility, not just algorithms",active,,,2026-08-02,
architect,controlplane,side_card_tone,,info,active,,,2026-08-02,
architect,controlplane,side_card_provenance,,illustrative,active,,,2026-08-02,
architect,controlplane,side_card_row_label,0,Algorithms you will migrate to,active,,,2026-08-02,
architect,controlplane,side_card_row_value,0,3,active,,,2026-08-02,
architect,controlplane,side_card_row_label,1,Times you will migrate again,active,,,2026-08-02,
architect,controlplane,side_card_row_value,1,≥ 2,active,,,2026-08-02,
architect,controlplane,side_card_row_label,2,Cost of the second migration,active,,,2026-08-02,
architect,controlplane,side_card_row_value,2,near zero,active,,,2026-08-02,
architect,controlplane,side_card_punchline,,Agility is the deliverable. PQC is the first test of it.,active,,,2026-08-02,
architect,controlplane,grid_title,,What you walk out with,active,,,2026-08-02,"Rewritten 2026-08-02: the three items now map 1:1 onto THIS board's own destinations (1=primary CTA, 2=secondary CTA, 3=the workshop it rests on). They previously described tools the board did not link to."
architect,controlplane,grid_sub,,A control plane you have driven,active,,,2026-08-02,"Rewritten 2026-08-02: the three items now map 1:1 onto THIS board's own destinations (1=primary CTA, 2=secondary CTA, 3=the workshop it rests on). They previously described tools the board did not link to."
architect,controlplane,grid_card_title,0,A policy-driven KMIP control plane,active,,,2026-08-02,"Rewritten 2026-08-02: the three items now map 1:1 onto THIS board's own destinations (1=primary CTA, 2=secondary CTA, 3=the workshop it rests on). They previously described tools the board did not link to."
architect,controlplane,grid_card_body,0,"KMIP 3.0 plus a SoftHSM Rust v3 HSM, both in WebAssembly. Load a crypto-agility policy and watch requests get allowed, denied or auto-rekeyed.",active,,,2026-08-02,"Rewritten 2026-08-02: the three items now map 1:1 onto THIS board's own destinations (1=primary CTA, 2=secondary CTA, 3=the workshop it rests on). They previously described tools the board did not link to."
architect,controlplane,grid_card_title,1,"A transition decision, per asset class",active,,,2026-08-02,Secondary CTA and item 2 are now this board's own BUSINESS tool (/tools/*). Before 2026-08-02 the boards leaned entirely on playground workshops.
architect,controlplane,grid_card_body,1,"The Hybrid Transition Planner (CSWP.39 §3.2.4) walks the decision tree between traditional+PQC, PQC+PQC and pure PQC.",active,,,2026-08-02,Secondary CTA and item 2 are now this board's own BUSINESS tool (/tools/*). Before 2026-08-02 the boards leaned entirely on playground workshops.
architect,controlplane,grid_card_title,2,"Agility as a control, not a slogan",active,,,2026-08-02,"Rewritten 2026-08-02: the three items now map 1:1 onto THIS board's own destinations (1=primary CTA, 2=secondary CTA, 3=the workshop it rests on). They previously described tools the board did not link to."
architect,controlplane,grid_card_body,2,"The control plane is the workshop this board rests on: the policy line you change is a real one, and the estate rekeys against it.",active,,,2026-08-02,"Rewritten 2026-08-02: the three items now map 1:1 onto THIS board's own destinations (1=primary CTA, 2=secondary CTA, 3=the workshop it rests on). They previously described tools the board did not link to."
architect,controlplane,track_title,,"Then, the background: {essentials_vs_full:architect}.",active,,,2026-08-02,
architect,controlplane,track_chip,0,PQC 101,active,,,2026-08-02,
architect,controlplane,track_chip,1,Arch quantum impact,active,,,2026-08-02,
architect,controlplane,track_chip,2,PQC candidates,active,,,2026-08-02,
architect,controlplane,track_chip,3,Crypto agility,active,,,2026-08-02,
architect,controlplane,track_chip,4,Crypto mgmt modernization,active,,,2026-08-02,
architect,controlplane,track_chip,5,Hybrid crypto,active,,,2026-08-02,
architect,controlplane,track_chip,6,KMS,active,,,2026-08-02,
architect,controlplane,track_chip,7,HSM,active,,,2026-08-02,
architect,controlplane,track_chip,8,PKI workshop,active,,,2026-08-02,
architect,controlplane,capstone_chip_label,,Agility-Ready,active,,,2026-08-07,
researcher,provenance,hero_eyebrow,,Researcher · unfiltered corpus · strict chronological · no gating,active,,,2026-08-02,
researcher,provenance,hero_badge_text,,All regions · unfiltered,active,,,2026-08-02,
researcher,provenance,hero_badge_tone,,illustrative,active,,,2026-08-02,
researcher,provenance,headline,,Check our work.,active,,,2026-08-02,
researcher,provenance,sub,,"Every claim on this site carries a source tier, a verification date, and where one exists, the strongest published argument against it. Run the known-answer tests yourself in this tab.",active,,,2026-08-02,
researcher,provenance,cta_primary_label,,Open the evidence workspace,active,,,2026-08-02,"Best-fit pairing, 2026-08-02: business tool or playground workshop chosen per use case and role rather than one of each by rule. No destination is used twice."
researcher,provenance,cta_primary_href,,/library,active,,,2026-08-02,"Best-fit pairing, 2026-08-02: business tool or playground workshop chosen per use case and role rather than one of each by rule. No destination is used twice."
researcher,provenance,cta_secondary_label,,Read the revision log,active,,,2026-08-02,"Best-fit pairing, 2026-08-02: business tool or playground workshop chosen per use case and role rather than one of each by rule. No destination is used twice."
researcher,provenance,cta_secondary_href,,/revisions,active,,,2026-08-02,"Best-fit pairing, 2026-08-02: business tool or playground workshop chosen per use case and role rather than one of each by rule. No destination is used twice."
researcher,provenance,proof_chip,0,"ACVP + KAT run locally, not asserted",active,,,2026-08-02,
researcher,provenance,proof_chip,1,Authoritative / High / Moderate / Low source tiers,active,,,2026-08-02,
researcher,provenance,proof_chip,2,Counter-claims dataset · CVE snapshots,active,,,2026-08-02,
researcher,provenance,proof_chip,3,Drift guards fail the build on silent data change,active,,,2026-08-02,
researcher,provenance,side_card_title,,Changed in your fields,active,,,2026-08-02,"ResearcherFieldWatchCard renders the ROWS live from the library corpus, but takes this title and the punchline/footnote/empty-state below from here. Was 'Changed in your fields since your last visit' until 2026-08-02: the card compared document publication dates against browsing time, so every field read 0 forever."
researcher,provenance,side_card_tone,,info,active,,,2026-08-02,
researcher,provenance,side_card_provenance,,illustrative,active,,,2026-08-02,
researcher,provenance,side_card_punchline,,Nothing in the fields you follow was retracted.,active,,,2026-08-02,"Shown when the retracted count is zero. Was 'Nothing you cited has been retracted.' until 2026-08-02 — the app has no per-user citation list, a gap the card's own footnote admitted in fine print while the headline asserted it anyway."
researcher,provenance,side_card_footnote,,Counts documents in the fields you follow that were updated or retracted in the 90 days before this release of the library.,active,,,2026-08-02,"Was developer methodology prose hardcoded in the component ('...not a per-user citation list (this app doesn't have one)') — invisible to CSV review, same defect class as the researcher track_note reworded below."
researcher,provenance,side_card_empty_state,,Pick a few fields to see what has moved in them lately.,active,,,2026-08-02,Shown before any field is followed.
researcher,provenance,grid_title,,What the workspace gives you,active,,,2026-08-02,"Rewritten 2026-08-02: the three items now map 1:1 onto THIS board's own destinations (1=primary CTA, 2=secondary CTA, 3=the workshop it rests on). They previously described tools the board did not link to."
researcher,provenance,grid_sub,,Every claim traceable to its source,active,,,2026-08-02,"Rewritten 2026-08-02: the three items now map 1:1 onto THIS board's own destinations (1=primary CTA, 2=secondary CTA, 3=the workshop it rests on). They previously described tools the board did not link to."
researcher,provenance,grid_card_title,0,"The corpus, unfiltered",active,,,2026-08-02,"Best-fit pairing, 2026-08-02: business tool or playground workshop chosen per use case and role rather than one of each by rule. No destination is used twice."
researcher,provenance,grid_card_body,0,"Source tier, verification date and the counter-claim where one is on file. Nothing is filtered out for this role — the corpus arrives whole.",active,,,2026-08-02,"Best-fit pairing, 2026-08-02: business tool or playground workshop chosen per use case and role rather than one of each by rule. No destination is used twice."
researcher,provenance,grid_card_title,1,The correction history,active,,,2026-08-02,"Best-fit pairing, 2026-08-02: business tool or playground workshop chosen per use case and role rather than one of each by rule. No destination is used twice."
researcher,provenance,grid_card_body,1,"Every logged correction to the compliance, vendor and migration data, with who reviewed it — the audit trail behind the catalogues.",active,,,2026-08-02,"Best-fit pairing, 2026-08-02: business tool or playground workshop chosen per use case and role rather than one of each by rule. No destination is used twice."
researcher,provenance,grid_card_title,2,Provenance you can re-check,active,,,2026-08-02,Item 3 rewritten after the best-fit re-pairing — it referenced a tool this board no longer links to.
researcher,provenance,grid_card_body,2,"Both destinations are read-only records: the corpus with its tiers, and the log of every correction made to it. Nothing here asks you to trust a summary.",active,,,2026-08-02,Item 3 rewritten after the best-fit re-pairing — it referenced a tool this board no longer links to.
researcher,provenance,track_title,,"Learning path: available, never pushed.",active,,,2026-08-02,
researcher,provenance,track_note,,"This is a reference shelf, not a curriculum — browse at your own pace, nothing here is sequenced for you.",active,,,2026-08-02,"Reworded 2026-08-02: was 'For this persona it is a reference shelf, not a curriculum, and the UI should say so' — instruction TO A DEVELOPER about what the UI should do, shipped as visitor-facing copy."
researcher,provenance,track_chip,0,PQC 101,active,,,2026-08-02,
researcher,provenance,track_chip,1,Research quantum impact,active,,,2026-08-02,
researcher,provenance,track_chip,2,PQC candidates,active,,,2026-08-02,
researcher,provenance,track_chip,3,Entropy & randomness,active,,,2026-08-02,
researcher,provenance,track_chip,4,Hybrid crypto,active,,,2026-08-02,
researcher,provenance,track_chip,5,Crypto agility,active,,,2026-08-02,
researcher,provenance,track_chip,6,Standards bodies,active,,,2026-08-02,
researcher,provenance,track_chip,7,TLS basics,active,,,2026-08-02,
researcher,provenance,track_chip,8,PKI workshop,active,,,2026-08-02,
curious,break,hero_eyebrow,,No background needed · about 6 minutes · nothing to install,active,,,2026-08-02,
curious,break,hero_badge_text,,Americas · unfiltered,active,,,2026-08-02,
curious,break,hero_badge_tone,,illustrative,active,,,2026-08-02,
curious,break,headline,,"What actually breaks, and when.",active,,,2026-08-02,
curious,break,sub,,"The padlock in your browser relies on maths a quantum computer would undo. Watch it happen to a real connection in this tab, then decide how much further you want to go.",active,,,2026-08-02,
curious,break,cta_primary_label,,Watch a real handshake,active,,,2026-08-02,2026-08-02 priority ruling: curious takes the TLS simulator (the clearest 'watch it break' tool); developer keeps priority on developer-specific resources and moves to the hybrid KEM pipeline.
curious,break,cta_primary_href,,/playground/tls-simulator,active,,,2026-08-02,2026-08-02 priority ruling: curious takes the TLS simulator (the clearest 'watch it break' tool); developer keeps priority on developer-specific resources and moves to the hybrid KEM pipeline.
curious,break,cta_secondary_label,,See what a breach costs,active,,,2026-08-02,Secondary CTA and item 2 are now this board's own BUSINESS tool (/tools/*). Before 2026-08-02 the boards leaned entirely on playground workshops.
curious,break,cta_secondary_href,,/business/tools/breach-simulator,active,,,2026-08-02,"Path corrected 2026-08-02: business tools are nested under /business (/business/tools/:toolId). /tools/<id> fell through to the catch-all route and silently rendered the HOME BOARD — the destination resolved, so nothing failed, it just showed the wrong page. Secondary CTA and item 2 are now this board's own BUSINESS tool (/tools/*). Before 2026-08-02 the boards leaned entirely on playground workshops."
curious,break,proof_chip,0,"Real cryptography, running here",active,,,2026-08-02,
curious,break,proof_chip,1,Plain English by default,active,,,2026-08-02,
curious,break,proof_chip,2,Every term explained on hover,active,,,2026-08-02,
curious,break,side_card_title,,The bit that surprises people,active,,,2026-08-02,
curious,break,side_card_tone,,bad,active,,,2026-08-02,
curious,break,side_card_provenance,,illustrative,active,,,2026-08-02,
curious,break,side_card_row_label,0,Encrypted data captured today,active,,,2026-08-02,
curious,break,side_card_row_value,0,still readable later,active,,,2026-08-02,
curious,break,side_card_row_label,1,If it must stay secret for,active,,,2026-08-02,
curious,break,side_card_row_value,1,12 years,active,,,2026-08-02,
curious,break,side_card_row_label,2,And the machine arrives in,active,,,2026-08-02,
curious,break,side_card_row_value,2,~2032,active,,,2026-08-02,
curious,break,side_card_punchline,,The deadline already passed for some data.,active,,,2026-08-02,
curious,break,side_card_footnote,,"Harvest now, decrypt later. That is the whole argument, and it is the one idea worth leaving with even if you read nothing else.",active,,,2026-08-02,
curious,break,grid_title,,Where you can go next,active,,,2026-08-02,"Rewritten 2026-08-02: the three items now map 1:1 onto THIS board's own destinations (1=primary CTA, 2=secondary CTA, 3=the workshop it rests on). They previously described tools the board did not link to."
curious,break,grid_sub,,"Optional, none of it locked",active,,,2026-08-02,"Rewritten 2026-08-02: the three items now map 1:1 onto THIS board's own destinations (1=primary CTA, 2=secondary CTA, 3=the workshop it rests on). They previously described tools the board did not link to."
curious,break,grid_card_title,0,"A real connection, in this tab",active,,,2026-08-02,2026-08-02 priority ruling: curious takes the TLS simulator (the clearest 'watch it break' tool); developer keeps priority on developer-specific resources and moves to the hybrid KEM pipeline.
curious,break,grid_card_body,0,The TLS 1.3 simulator runs an actual handshake — the same negotiation your browser does for the padlock — so you can see which part the quantum threat lands on.,active,,,2026-08-02,2026-08-02 priority ruling: curious takes the TLS simulator (the clearest 'watch it break' tool); developer keeps priority on developer-specific resources and moves to the hybrid KEM pipeline.
curious,break,grid_card_title,1,What it would actually cost,active,,,2026-08-02,Secondary CTA and item 2 are now this board's own BUSINESS tool (/tools/*). Before 2026-08-02 the boards leaned entirely on playground workshops.
curious,break,grid_card_body,1,"The Breach Scenario Simulator compares classical against quantum-enabled breach cost, per event and as annual expected loss.",active,,,2026-08-02,Secondary CTA and item 2 are now this board's own BUSINESS tool (/tools/*). Before 2026-08-02 the boards leaned entirely on playground workshops.
curious,break,grid_card_title,2,"Why a handshake, of all things",active,,,2026-08-02,2026-08-02 priority ruling: curious takes the TLS simulator (the clearest 'watch it break' tool); developer keeps priority on developer-specific resources and moves to the hybrid KEM pipeline.
curious,break,grid_card_body,2,"The handshake is where the keys are agreed. It is the one moment worth understanding if you only ever understand one, and it takes about a minute to watch.",active,,,2026-08-02,2026-08-02 priority ruling: curious takes the TLS simulator (the clearest 'watch it break' tool); developer keeps priority on developer-specific resources and moves to the hybrid KEM pipeline.
curious,break,track_title,,"{Essentials_count:curious} modules, {essentials_minutes:curious} minutes — and yes, that is still a lot.",active,,,2026-08-02,
curious,break,track_note,,"Worth saying plainly: at {essentials_minutes:curious} minutes this is longer than the executive track ({essentials_minutes:executive} min), which is not what you would expect. Take it in pieces — your progress is saved between visits.",active,,,2026-08-02,
curious,break,track_chip,0,PQC 101,active,,,2026-08-02,
curious,break,track_chip,1,PQC candidates,active,,,2026-08-02,
curious,break,track_chip,2,Quantum threats,active,,,2026-08-02,
curious,break,track_chip,3,Risk basics,active,,,2026-08-02,
curious,break,track_chip,4,Compliance timelines,active,,,2026-08-02,
curious,break,track_chip,5,TLS basics,active,,,2026-08-02,
curious,break,capstone_chip_label,,Quantum-Native,active,,,2026-08-02,
executive,risk,hero_eyebrow,,Executive / GRC · risk position · the dates that already bind you,active,,,2026-08-02,
executive,risk,hero_badge_text,,Default: Americas · Finance & Banking — scenario shown: EU,active,,,2026-08-02,"Region/industry context — same for every variant of this role, it describes the visitor not the option."
executive,risk,hero_badge_tone,,illustrative,active,,,2026-08-02,
executive,risk,headline,,Know what you are actually exposed to.,active,,,2026-08-02,
executive,risk,sub,,"The same eight questions, scored. You get a risk position you can defend line by line, with each regulatory deadline attached to the finding it threatens rather than filed in an appendix.",active,,,2026-08-02,
executive,risk,cta_primary_label,,See a finished example report,active,,,2026-08-02,De-duplicated 2026-08-02: every board now points at its own destination — tls-simulator was on 6 boards and /migrate on 5.
executive,risk,cta_primary_href,,/report?example=1,active,,,2026-08-02,De-duplicated 2026-08-02: every board now points at its own destination — tls-simulator was on 6 boards and /migrate on 5.
executive,risk,cta_secondary_label,,Build the risk register,active,,,2026-08-02,Secondary CTA and item 2 are now this board's own BUSINESS tool (/tools/*). Before 2026-08-02 the boards leaned entirely on playground workshops.
executive,risk,cta_secondary_href,,/business/tools/risk-register,active,,,2026-08-02,"Path corrected 2026-08-02: business tools are nested under /business (/business/tools/:toolId). /tools/<id> fell through to the catch-all route and silently rendered the HOME BOARD — the destination resolved, so nothing failed, it just showed the wrong page. Secondary CTA and item 2 are now this board's own BUSINESS tool (/tools/*). Before 2026-08-02 the boards leaned entirely on playground workshops."
executive,risk,proof_chip,0,"{library_active_count} sources, trust-tiered",active,,,2026-08-02,
executive,risk,proof_chip,1,{regulatory_verified_phrase},active,,,2026-08-02,
executive,risk,proof_chip,2,Organised around the NIST CSWP.39 zones,active,,,2026-08-02,
executive,risk,proof_chip,3,How we verify,active,,,2026-08-02,
executive,risk,side_card_title,,What the score is built from,active,,,2026-08-02,
executive,risk,side_card_tone,,warn,active,,,2026-08-02,
executive,risk,side_card_provenance,,illustrative,active,,,2026-08-02,
executive,risk,side_card_row_label,0,Questions you answer,active,,,2026-08-02,
executive,risk,side_card_row_value,0,8,active,,,2026-08-02,
executive,risk,side_card_row_label,1,Report sections generated,active,,,2026-08-02,
executive,risk,side_card_row_value,1,{report_section_total},active,,,2026-08-02,
executive,risk,side_card_row_label,2,Governance artifacts attached,active,,,2026-08-02,
executive,risk,side_card_row_value,2,{artifacts_count:executive:governance},active,,,2026-08-02,
executive,risk,side_card_punchline,,A number you can put in front of an auditor.,active,,,2026-08-02,
executive,risk,side_card_footnote,,"Illustrative until you answer the eight questions — the score, the sections and the artifacts are generated from your own answers, not from a sample estate.",active,,,2026-08-02,
executive,risk,grid_title,,What the score gives you,active,,,2026-08-02,"Rewritten 2026-08-02: the three items now map 1:1 onto THIS board's own destinations (1=primary CTA, 2=secondary CTA, 3=the workshop it rests on). They previously described tools the board did not link to."
executive,risk,grid_sub,,Generated from your 8 answers,active,,,2026-08-02,"Rewritten 2026-08-02: the three items now map 1:1 onto THIS board's own destinations (1=primary CTA, 2=secondary CTA, 3=the workshop it rests on). They previously described tools the board did not link to."
executive,risk,grid_card_title,0,"A finished report, before you start",active,,,2026-08-02,"Rewritten 2026-08-02: the three items now map 1:1 onto THIS board's own destinations (1=primary CTA, 2=secondary CTA, 3=the workshop it rests on). They previously described tools the board did not link to."
executive,risk,grid_card_body,0,The worked example renders a complete report under its own authored persona — you can read the output before committing to the assessment.,active,,,2026-08-02,"Rewritten 2026-08-02: the three items now map 1:1 onto THIS board's own destinations (1=primary CTA, 2=secondary CTA, 3=the workshop it rests on). They previously described tools the board did not link to."
executive,risk,grid_card_title,1,A register with owners on it,active,,,2026-08-02,Secondary CTA and item 2 are now this board's own BUSINESS tool (/tools/*). Before 2026-08-02 the boards leaned entirely on playground workshops.
executive,risk,grid_card_body,1,"The Risk Register Builder turns the score into named risks with impact, likelihood, an owner and a mitigation each — the form a risk committee accepts.",active,,,2026-08-02,Secondary CTA and item 2 are now this board's own BUSINESS tool (/tools/*). Before 2026-08-02 the boards leaned entirely on playground workshops.
executive,risk,grid_card_title,2,"Why a register, not just a score",active,,,2026-08-02,"Item 2 is this board's business tool, so item 3 carries the reasoning rather than repeating it. Executive boards cite no playground workshop by design."
executive,risk,grid_card_body,2,A number persuades a meeting once. A register with an owner against each risk is what survives the meeting and gets re-read next quarter.,active,,,2026-08-02,"Item 2 is this board's business tool, so item 3 carries the reasoning rather than repeating it. Executive boards cite no playground workshop by design."
executive,risk,track_title,,"Then, if you want the background: {essentials_vs_full:executive}.",active,,,2026-08-02,
executive,roadmap,hero_eyebrow,,Executive / GRC · sequenced plan · owners · KPIs,active,,,2026-08-02,
executive,roadmap,hero_badge_text,,Default: Americas · Finance & Banking — scenario shown: EU,active,,,2026-08-02,"Region/industry context — same for every variant of this role, it describes the visitor not the option."
executive,roadmap,hero_badge_tone,,illustrative,active,,,2026-08-02,
executive,roadmap,headline,,Show a plan your regulator will accept.,active,,,2026-08-02,
executive,roadmap,sub,,"A sequenced roadmap with named owners, measurable KPIs and a policy draft — built from the same eight answers, so your plan and your risk position cannot quietly disagree.",active,,,2026-08-02,
executive,roadmap,cta_primary_label,,Build the roadmap,active,,,2026-08-02,"Best-fit pairing, 2026-08-02: business tool or playground workshop chosen per use case and role rather than one of each by rule. No destination is used twice."
executive,roadmap,cta_primary_href,,/business/tools/roadmap-builder,active,,,2026-08-02,"Path corrected 2026-08-02: business tools are nested under /business (/business/tools/:toolId). /tools/<id> fell through to the catch-all route and silently rendered the HOME BOARD — the destination resolved, so nothing failed, it just showed the wrong page. Best-fit pairing, 2026-08-02: business tool or playground workshop chosen per use case and role rather than one of each by rule. No destination is used twice."
executive,roadmap,cta_secondary_label,,Check what already binds you,active,,,2026-08-02,"Best-fit pairing, 2026-08-02: business tool or playground workshop chosen per use case and role rather than one of each by rule. No destination is used twice."
executive,roadmap,cta_secondary_href,,/compliance,active,,,2026-08-02,"Best-fit pairing, 2026-08-02: business tool or playground workshop chosen per use case and role rather than one of each by rule. No destination is used twice."
executive,roadmap,proof_chip,0,Deadlines derived from the published timeline,active,,,2026-08-02,
executive,roadmap,proof_chip,1,{regulatory_verified_phrase},active,,,2026-08-02,
executive,roadmap,proof_chip,2,Organised around the NIST CSWP.39 zones,active,,,2026-08-02,
executive,roadmap,proof_chip,3,How we verify,active,,,2026-08-02,
executive,roadmap,side_card_title,,What the plan contains,active,,,2026-08-02,
executive,roadmap,side_card_tone,,info,active,,,2026-08-02,
executive,roadmap,side_card_provenance,,illustrative,active,,,2026-08-02,
executive,roadmap,side_card_row_label,0,Governance artifacts,active,,,2026-08-02,
executive,roadmap,side_card_row_value,0,{artifacts_count:executive:governance},active,,,2026-08-02,
executive,roadmap,side_card_row_label,1,Report sections,active,,,2026-08-02,
executive,roadmap,side_card_row_value,1,{report_section_total},active,,,2026-08-02,
executive,roadmap,side_card_row_label,2,Modules on your path,active,,,2026-08-02,
executive,roadmap,side_card_row_value,2,{recommended_path_no_quiz_count:executive},active,,,2026-08-02,
executive,roadmap,side_card_punchline,,"A plan, not a slide.",active,,,2026-08-02,
executive,roadmap,side_card_footnote,,Illustrative until you answer the eight questions. The artifact and section counts are real — they are what this role's report and Command Center actually generate.,active,,,2026-08-02,
executive,roadmap,grid_title,,What you walk out with,active,,,2026-08-02,"Rewritten 2026-08-02: the three items now map 1:1 onto THIS board's own destinations (1=primary CTA, 2=secondary CTA, 3=the workshop it rests on). They previously described tools the board did not link to."
executive,roadmap,grid_sub,,A plan someone can be held to,active,,,2026-08-02,"Rewritten 2026-08-02: the three items now map 1:1 onto THIS board's own destinations (1=primary CTA, 2=secondary CTA, 3=the workshop it rests on). They previously described tools the board did not link to."
executive,roadmap,grid_card_title,0,A two-track roadmap,active,,,2026-08-02,"Best-fit pairing, 2026-08-02: business tool or playground workshop chosen per use case and role rather than one of each by rule. No destination is used twice."
executive,roadmap,grid_card_body,0,"The Roadmap Builder sequences key-exchange/HNDL work alongside signatures and PKI across the framework's eight phases — a shape, not just a deadline.",active,,,2026-08-02,"Best-fit pairing, 2026-08-02: business tool or playground workshop chosen per use case and role rather than one of each by rule. No destination is used twice."
executive,roadmap,grid_card_title,1,What already binds you,active,,,2026-08-02,"Best-fit pairing, 2026-08-02: business tool or playground workshop chosen per use case and role rather than one of each by rule. No destination is used twice."
executive,roadmap,grid_card_body,1,The compliance view lists the standardization and certification frameworks in force and what each one already requires of you.,active,,,2026-08-02,"Best-fit pairing, 2026-08-02: business tool or playground workshop chosen per use case and role rather than one of each by rule. No destination is used twice."
executive,roadmap,grid_card_title,2,"Two tracks, not one list",active,,,2026-08-02,"Item 2 is this board's business tool, so item 3 carries the reasoning rather than repeating it. Executive boards cite no playground workshop by design."
executive,roadmap,grid_card_body,2,Harvest-now-decrypt-later work and signature/PKI work have different deadlines and different owners — a single ordered list hides that.,active,,,2026-08-02,"Item 2 is this board's business tool, so item 3 carries the reasoning rather than repeating it. Executive boards cite no playground workshop by design."
executive,roadmap,track_title,,"Then, if you want the background: {essentials_vs_full:executive}.",active,,,2026-08-02,
developer,inventory,hero_eyebrow,,Developer / Engineer · CBOM before code changes,active,,,2026-08-02,
developer,inventory,hero_badge_text,,Americas · Technology,active,,,2026-08-02,"Region/industry context — same for every variant of this role, it describes the visitor not the option."
developer,inventory,hero_badge_tone,,sourced,active,,,2026-08-02,
developer,inventory,headline,,Find the crypto before you change it.,active,,,2026-08-02,
developer,inventory,sub,,"Most of your cryptography was chosen by a library default, not by you. A CBOM names what your services actually negotiate — start from the catalogue rather than from a grep.",active,,,2026-08-02,
developer,inventory,cta_primary_label,,Open OpenSSL Studio,active,,,2026-08-02,De-duplicated 2026-08-02: every board now points at its own destination — tls-simulator was on 6 boards and /migrate on 5.
developer,inventory,cta_primary_href,,/playground/openssl-studio,active,,,2026-08-02,De-duplicated 2026-08-02: every board now points at its own destination — tls-simulator was on 6 boards and /migrate on 5.
developer,inventory,cta_secondary_label,,Build the CBOM,active,,,2026-08-02,Secondary CTA and item 2 are now this board's own BUSINESS tool (/tools/*). Before 2026-08-02 the boards leaned entirely on playground workshops.
developer,inventory,cta_secondary_href,,/business/tools/crypto-cbom-builder,active,,,2026-08-02,"Path corrected 2026-08-02: business tools are nested under /business (/business/tools/:toolId). /tools/<id> fell through to the catch-all route and silently rendered the HOME BOARD — the destination resolved, so nothing failed, it just showed the wrong page. Secondary CTA and item 2 are now this board's own BUSINESS tool (/tools/*). Before 2026-08-02 the boards leaned entirely on playground workshops."
developer,inventory,proof_chip,0,Real liboqs + SoftHSMv3 in your browser,active,,,2026-08-02,
developer,inventory,proof_chip,1,Catalogue entries are proof-gated,active,,,2026-08-02,
developer,inventory,proof_chip,2,"No signup, no key required",active,,,2026-08-02,
developer,inventory,side_card_title,,What a CBOM has to name,active,,,2026-08-02,
developer,inventory,side_card_tone,,info,active,,,2026-08-02,
developer,inventory,side_card_provenance,,illustrative,active,,,2026-08-02,
developer,inventory,side_card_row_label,0,Algorithms in use,active,,,2026-08-02,
developer,inventory,side_card_row_value,0,every suite you negotiate,active,,,2026-08-02,
developer,inventory,side_card_row_label,1,Where they came from,active,,,2026-08-02,
developer,inventory,side_card_row_value,1,"library defaults, not just your code",active,,,2026-08-02,
developer,inventory,side_card_row_label,2,What breaks first,active,,,2026-08-02,
developer,inventory,side_card_row_value,2,your longest-lived key,active,,,2026-08-02,
developer,inventory,side_card_punchline,,You cannot migrate what you have not named.,active,,,2026-08-02,
developer,inventory,side_card_footnote,,Illustrative framing. The catalogue's PQC-readiness data is real and proof-gated; what your own estate contains is something only your scan can answer.,active,,,2026-08-02,
developer,inventory,grid_title,,What you walk out with,active,,,2026-08-02,"Rewritten 2026-08-02: the three items now map 1:1 onto THIS board's own destinations (1=primary CTA, 2=secondary CTA, 3=the workshop it rests on). They previously described tools the board did not link to."
developer,inventory,grid_sub,,An inventory you can act on,active,,,2026-08-02,"Rewritten 2026-08-02: the three items now map 1:1 onto THIS board's own destinations (1=primary CTA, 2=secondary CTA, 3=the workshop it rests on). They previously described tools the board did not link to."
developer,inventory,grid_card_title,0,A full OpenSSL environment,active,,,2026-08-02,"Rewritten 2026-08-02: the three items now map 1:1 onto THIS board's own destinations (1=primary CTA, 2=secondary CTA, 3=the workshop it rests on). They previously described tools the board did not link to."
developer,inventory,grid_card_body,0,"OpenSSL Studio is OpenSSL 3.6.2 compiled to WASM — keygen, certificates, CSR, KEM, signing, KDF and encryption — with 11 guided lessons.",active,,,2026-08-02,"Rewritten 2026-08-02: the three items now map 1:1 onto THIS board's own destinations (1=primary CTA, 2=secondary CTA, 3=the workshop it rests on). They previously described tools the board did not link to."
developer,inventory,grid_card_title,1,The CBOM itself,active,,,2026-08-02,Secondary CTA and item 2 are now this board's own BUSINESS tool (/tools/*). Before 2026-08-02 the boards leaned entirely on playground workshops.
developer,inventory,grid_card_body,1,"The CBOM Builder assembles a Crypto Bill of Materials from an SBOM, library posture or HSM inventory — the artifact an inventory pass is supposed to produce.",active,,,2026-08-02,Secondary CTA and item 2 are now this board's own BUSINESS tool (/tools/*). Before 2026-08-02 the boards leaned entirely on playground workshops.
developer,inventory,grid_card_title,2,Inspect before you inventory,active,,,2026-08-02,"Rewritten 2026-08-02: the three items now map 1:1 onto THIS board's own destinations (1=primary CTA, 2=secondary CTA, 3=the workshop it rests on). They previously described tools the board did not link to."
developer,inventory,grid_card_body,2,Studio is where you read what a key or certificate really contains — the step before a CBOM is worth writing.,active,,,2026-08-02,"Rewritten 2026-08-02: the three items now map 1:1 onto THIS board's own destinations (1=primary CTA, 2=secondary CTA, 3=the workshop it rests on). They previously described tools the board did not link to."
developer,inventory,track_title,,"Then, the background: {essentials_vs_full:developer}.",active,,,2026-08-02,
developer,sizing,hero_eyebrow,,"Developer / Engineer · sizes, budgets, and what overflows",active,,,2026-08-02,
developer,sizing,hero_badge_text,,Americas · Technology,active,,,2026-08-02,"Region/industry context — same for every variant of this role, it describes the visitor not the option."
developer,sizing,hero_badge_tone,,sourced,active,,,2026-08-02,
developer,sizing,headline,,The new sizes break your schema first.,active,,,2026-08-02,
developer,sizing,sub,,"An ML-DSA-65 signature is roughly fifty times an ECDSA one. Your token budget, your database column and your MTU all notice long before your cryptography does.",active,,,2026-08-02,
developer,sizing,cta_primary_label,,Sign a JWT with ML-DSA,active,,,2026-08-02,"Best-fit pairing, 2026-08-02: business tool or playground workshop chosen per use case and role rather than one of each by rule. No destination is used twice."
developer,sizing,cta_primary_href,,/playground/api-security-jwt,active,,,2026-08-02,"Best-fit pairing, 2026-08-02: business tool or playground workshop chosen per use case and role rather than one of each by rule. No destination is used twice."
developer,sizing,cta_secondary_label,,Size the certificate estate,active,,,2026-08-02,"Best-fit pairing, 2026-08-02: business tool or playground workshop chosen per use case and role rather than one of each by rule. No destination is used twice."
developer,sizing,cta_secondary_href,,/playground/cert-capacity,active,,,2026-08-02,"Best-fit pairing, 2026-08-02: business tool or playground workshop chosen per use case and role rather than one of each by rule. No destination is used twice."
developer,sizing,proof_chip,0,"Sizes from FIPS 203/204, not estimates",active,,,2026-08-02,
developer,sizing,proof_chip,1,Benchmarked through a real PKCS#11 engine,active,,,2026-08-02,
developer,sizing,proof_chip,2,"No signup, no key required",active,,,2026-08-02,
developer,sizing,side_card_title,,What the calculator tells you,active,,,2026-08-02,
developer,sizing,side_card_tone,,warn,active,,,2026-08-02,
developer,sizing,side_card_provenance,,sourced,active,,,2026-08-02,
developer,sizing,side_card_row_label,0,Enterprise workflows sized,active,,,2026-08-02,
developer,sizing,side_card_row_value,0,{hsm_use_cases_count},active,,,2026-08-02,
developer,sizing,side_card_row_label,1,ML-DSA-65 signature,active,,,2026-08-02,
developer,sizing,side_card_row_value,1,{ml_dsa_65_signature_only},active,,,2026-08-02,
developer,sizing,side_card_row_label,2,Sign rate on today's HSM,active,,,2026-08-02,
developer,sizing,side_card_row_value,2,{ops_sidecard_throughput_row},active,,,2026-08-02,
developer,sizing,side_card_punchline,,Budget the cores before you budget the migration.,active,,,2026-08-02,
developer,sizing,side_card_footnote,,"Real figures, not illustrative — the HSM Capacity Calculator's own defaults, the same ones behind the IT Ops board.",active,,,2026-08-02,
developer,sizing,grid_title,,What you walk out with,active,,,2026-08-02,"Rewritten 2026-08-02: the three items now map 1:1 onto THIS board's own destinations (1=primary CTA, 2=secondary CTA, 3=the workshop it rests on). They previously described tools the board did not link to."
developer,sizing,grid_sub,,Numbers you can put in a ticket,active,,,2026-08-02,"Rewritten 2026-08-02: the three items now map 1:1 onto THIS board's own destinations (1=primary CTA, 2=secondary CTA, 3=the workshop it rests on). They previously described tools the board did not link to."
developer,sizing,grid_card_title,0,A signed token you can measure,active,,,2026-08-02,"Best-fit pairing, 2026-08-02: business tool or playground workshop chosen per use case and role rather than one of each by rule. No destination is used twice."
developer,sizing,grid_card_body,0,"The JWT workshop signs with ML-DSA-44/65/87, SLH-DSA and composite ML-DSA-65+Ed25519, so you can weigh each payload against your own header budget.",active,,,2026-08-02,"Best-fit pairing, 2026-08-02: business tool or playground workshop chosen per use case and role rather than one of each by rule. No destination is used twice."
developer,sizing,grid_card_title,1,"The same question, at PKI scale",active,,,2026-08-02,"Best-fit pairing, 2026-08-02: business tool or playground workshop chosen per use case and role rather than one of each by rule. No destination is used twice."
developer,sizing,grid_card_body,1,"The Cert Capacity Calculator models storage, bandwidth and CPU for migrating a PKI to ML-DSA, with adjustable certificate counts and renewal cadence.",active,,,2026-08-02,"Best-fit pairing, 2026-08-02: business tool or playground workshop chosen per use case and role rather than one of each by rule. No destination is used twice."
developer,sizing,grid_card_title,2,Where the bytes land,active,,,2026-08-02,"Rewritten 2026-08-02: the three items now map 1:1 onto THIS board's own destinations (1=primary CTA, 2=secondary CTA, 3=the workshop it rests on). They previously described tools the board did not link to."
developer,sizing,grid_card_body,2,"Token payloads, certificate chains and TLS records — the three places the new sizes surface in a service first.",active,,,2026-08-02,"Rewritten 2026-08-02: the three items now map 1:1 onto THIS board's own destinations (1=primary CTA, 2=secondary CTA, 3=the workshop it rests on). They previously described tools the board did not link to."
developer,sizing,track_title,,"Then, the background: {essentials_vs_full:developer}.",active,,,2026-08-02,
architect,inventory,hero_eyebrow,,Security Architect · as-is before to-be,active,,,2026-08-02,
architect,inventory,hero_badge_text,,"Global · Technology, Telecommunications",active,,,2026-08-02,"Region/industry context — same for every variant of this role, it describes the visitor not the option."
architect,inventory,hero_badge_tone,,sourced,active,,,2026-08-02,
architect,inventory,headline,,You cannot draw the to-be without the as-is.,active,,,2026-08-02,
architect,inventory,sub,,"Every library, HSM, protocol and CA in the estate, inventoried before the target architecture exists. A CBOM is what makes the diagram arguable rather than aspirational.",active,,,2026-08-02,
architect,inventory,cta_primary_label,,Document the architecture,active,,,2026-08-02,"Best-fit pairing, 2026-08-02: business tool or playground workshop chosen per use case and role rather than one of each by rule. No destination is used twice."
architect,inventory,cta_primary_href,,/business/tools/crypto-architecture-diagram,active,,,2026-08-02,"Path corrected 2026-08-02: business tools are nested under /business (/business/tools/:toolId). /tools/<id> fell through to the catch-all route and silently rendered the HOME BOARD — the destination resolved, so nothing failed, it just showed the wrong page. Best-fit pairing, 2026-08-02: business tool or playground workshop chosen per use case and role rather than one of each by rule. No destination is used twice."
architect,inventory,cta_secondary_label,,Build a certificate chain,active,,,2026-08-02,"Best-fit pairing, 2026-08-02: business tool or playground workshop chosen per use case and role rather than one of each by rule. No destination is used twice."
architect,inventory,cta_secondary_href,,/playground/pki-workshop,active,,,2026-08-02,"Best-fit pairing, 2026-08-02: business tool or playground workshop chosen per use case and role rather than one of each by rule. No destination is used twice."
architect,inventory,proof_chip,0,Catalogue entries are proof-gated,active,,,2026-08-02,
architect,inventory,proof_chip,1,KMIP 3.0 conformance corpus replays live,active,,,2026-08-02,
architect,inventory,proof_chip,2,"Real ML-KEM / ML-DSA / SLH-DSA, no server",active,,,2026-08-02,
architect,inventory,side_card_title,,What the as-is must name,active,,,2026-08-02,
architect,inventory,side_card_tone,,info,active,,,2026-08-02,
architect,inventory,side_card_provenance,,illustrative,active,,,2026-08-02,
architect,inventory,side_card_row_label,0,Layers in the catalogue,active,,,2026-08-02,
architect,inventory,side_card_row_value,0,{migrate_layers_count:architect},active,,,2026-08-02,
architect,inventory,side_card_row_label,1,Agility tracked per,active,,,2026-08-02,
architect,inventory,side_card_row_value,1,"asset, not per algorithm",active,,,2026-08-02,
architect,inventory,side_card_row_label,2,Ownership recorded via,active,,,2026-08-02,
architect,inventory,side_card_row_value,2,RACI,active,,,2026-08-02,
architect,inventory,side_card_punchline,,"An inventory nobody owns is a document, not a control.",active,,,2026-08-02,
architect,inventory,side_card_footnote,,Illustrative framing. The catalogue's layer taxonomy and PQC-readiness data are real; the ownership model is the one this role's Command Center zone already assumes.,active,,,2026-08-02,
architect,inventory,grid_title,,What you walk out with,active,,,2026-08-02,"Rewritten 2026-08-02: the three items now map 1:1 onto THIS board's own destinations (1=primary CTA, 2=secondary CTA, 3=the workshop it rests on). They previously described tools the board did not link to."
architect,inventory,grid_sub,,The evidence under the diagram,active,,,2026-08-02,"Rewritten 2026-08-02: the three items now map 1:1 onto THIS board's own destinations (1=primary CTA, 2=secondary CTA, 3=the workshop it rests on). They previously described tools the board did not link to."
architect,inventory,grid_card_title,0,"The as-is, written down",active,,,2026-08-02,"Best-fit pairing, 2026-08-02: business tool or playground workshop chosen per use case and role rather than one of each by rule. No destination is used twice."
architect,inventory,grid_card_body,0,"The Crypto Architecture Diagram records apps, libraries, HSMs, protocols, key stores and CAs with their dependencies — the inventory in a form a review board reads.",active,,,2026-08-02,"Best-fit pairing, 2026-08-02: business tool or playground workshop chosen per use case and role rather than one of each by rule. No destination is used twice."
architect,inventory,grid_card_title,1,A chain you built yourself,active,,,2026-08-02,"Best-fit pairing, 2026-08-02: business tool or playground workshop chosen per use case and role rather than one of each by rule. No destination is used twice."
architect,inventory,grid_card_body,1,"The PKI workshop walks CSR, root CA, issuance, parsing and CRL by hand, so what you are documenting is something you have actually constructed.",active,,,2026-08-02,"Best-fit pairing, 2026-08-02: business tool or playground workshop chosen per use case and role rather than one of each by rule. No destination is used twice."
architect,inventory,grid_card_title,2,"Documented, then verified",active,,,2026-08-02,Item 3 rewritten after the best-fit re-pairing — it referenced a tool this board no longer links to.
architect,inventory,grid_card_body,2,The diagram is the deliverable; the chain workshop is how you check that what you drew is what your CAs actually issue.,active,,,2026-08-02,Item 3 rewritten after the best-fit re-pairing — it referenced a tool this board no longer links to.
architect,inventory,track_title,,"Then, the background: {essentials_vs_full:architect}.",active,,,2026-08-02,
architect,keystores,hero_eyebrow,,Security Architect · where the keys live,active,,,2026-08-02,
architect,keystores,hero_badge_text,,"Global · Technology, Telecommunications",active,,,2026-08-02,"Region/industry context — same for every variant of this role, it describes the visitor not the option."
architect,keystores,hero_badge_tone,,sourced,active,,,2026-08-02,
architect,keystores,headline,,Decide where the keys live.,active,,,2026-08-02,
architect,keystores,sub,,"HSM partitions, KMS policy and TPM-backed device identity all behave differently under ML-DSA. Size them before you commit to a date in someone else's plan.",active,,,2026-08-02,
architect,keystores,cta_primary_label,,"Wrap a key, KMS-style",active,,,2026-08-02,De-duplicated 2026-08-02: every board now points at its own destination — tls-simulator was on 6 boards and /migrate on 5.
architect,keystores,cta_primary_href,,/playground/envelope-encrypt,active,,,2026-08-02,De-duplicated 2026-08-02: every board now points at its own destination — tls-simulator was on 6 boards and /migrate on 5.
architect,keystores,cta_secondary_label,,Plan the modernization,active,,,2026-08-02,Secondary CTA and item 2 are now this board's own BUSINESS tool (/tools/*). Before 2026-08-02 the boards leaned entirely on playground workshops.
architect,keystores,cta_secondary_href,,/business/tools/infra-modernization-planner,active,,,2026-08-02,"Path corrected 2026-08-02: business tools are nested under /business (/business/tools/:toolId). /tools/<id> fell through to the catch-all route and silently rendered the HOME BOARD — the destination resolved, so nothing failed, it just showed the wrong page. Secondary CTA and item 2 are now this board's own BUSINESS tool (/tools/*). Before 2026-08-02 the boards leaned entirely on playground workshops."
architect,keystores,proof_chip,0,"Real PKCS#11 engine, in your browser",active,,,2026-08-02,
architect,keystores,proof_chip,1,Sizing from real FIPS 203/204 key sizes,active,,,2026-08-02,
architect,keystores,proof_chip,2,TPM 2.0 conformance checks run locally,active,,,2026-08-02,
architect,keystores,side_card_title,,What changes in the key store,active,,,2026-08-02,
architect,keystores,side_card_tone,,warn,active,,,2026-08-02,
architect,keystores,side_card_provenance,,sourced,active,,,2026-08-02,
architect,keystores,side_card_row_label,0,ML-DSA-65 signature,active,,,2026-08-02,
architect,keystores,side_card_row_value,0,{ml_dsa_65_signature_only},active,,,2026-08-02,
architect,keystores,side_card_row_label,1,Sign rate on today's HSM,active,,,2026-08-02,
architect,keystores,side_card_row_value,1,{ops_sidecard_throughput_row},active,,,2026-08-02,
architect,keystores,side_card_row_label,2,Keys in the sample estate,active,,,2026-08-02,
architect,keystores,side_card_row_value,2,{migration_estate_key_count},active,,,2026-08-02,
architect,keystores,side_card_punchline,,"Capacity is an architecture decision, not an ops surprise.",active,,,2026-08-02,
architect,keystores,side_card_footnote,,Real figures — the capacity calculator's own defaults and the migration estate this playground actually ships with.,active,,,2026-08-02,
architect,keystores,grid_title,,What you walk out with,active,,,2026-08-02,"Rewritten 2026-08-02: the three items now map 1:1 onto THIS board's own destinations (1=primary CTA, 2=secondary CTA, 3=the workshop it rests on). They previously described tools the board did not link to."
architect,keystores,grid_sub,,Decisions with numbers attached,active,,,2026-08-02,"Rewritten 2026-08-02: the three items now map 1:1 onto THIS board's own destinations (1=primary CTA, 2=secondary CTA, 3=the workshop it rests on). They previously described tools the board did not link to."
architect,keystores,grid_card_title,0,"Envelope encryption, end to end",active,,,2026-08-02,"Rewritten 2026-08-02: the three items now map 1:1 onto THIS board's own destinations (1=primary CTA, 2=secondary CTA, 3=the workshop it rests on). They previously described tools the board did not link to."
architect,keystores,grid_card_body,0,"ML-KEM plus AES key wrap in the KMS envelope pattern — the shape most key stores will adopt, run before you commit to it.",active,,,2026-08-02,"Rewritten 2026-08-02: the three items now map 1:1 onto THIS board's own destinations (1=primary CTA, 2=secondary CTA, 3=the workshop it rests on). They previously described tools the board did not link to."
architect,keystores,grid_card_title,1,A Phase 6 deliverable,active,,,2026-08-02,Secondary CTA and item 2 are now this board's own BUSINESS tool (/tools/*). Before 2026-08-02 the boards leaned entirely on playground workshops.
architect,keystores,grid_card_body,1,The Infrastructure Modernization Planner consolidates the PKI modernization plan and the HSM/KMS upgrade schedule into one document.,active,,,2026-08-02,Secondary CTA and item 2 are now this board's own BUSINESS tool (/tools/*). Before 2026-08-02 the boards leaned entirely on playground workshops.
architect,keystores,grid_card_title,2,Where the keys live,active,,,2026-08-02,"Rewritten 2026-08-02: the three items now map 1:1 onto THIS board's own destinations (1=primary CTA, 2=secondary CTA, 3=the workshop it rests on). They previously described tools the board did not link to."
architect,keystores,grid_card_body,2,The envelope workshop is what this board rests on: it is the difference between a key policy you wrote and one you have executed.,active,,,2026-08-02,"Rewritten 2026-08-02: the three items now map 1:1 onto THIS board's own destinations (1=primary CTA, 2=secondary CTA, 3=the workshop it rests on). They previously described tools the board did not link to."
architect,keystores,track_title,,"Then, the background: {essentials_vs_full:architect}.",active,,,2026-08-02,
ops,cutover,hero_eyebrow,,IT Ops · rehearse before the change window,active,,,2026-08-02,
ops,cutover,hero_badge_text,,"Americas · Energy & Utilities, Telecommunications",active,,,2026-08-02,"Region/industry context — same for every variant of this role, it describes the visitor not the option."
ops,cutover,hero_badge_tone,,sourced,active,,,2026-08-02,
ops,cutover,headline,,Rehearse the cutover before renewal day.,active,,,2026-08-02,
ops,cutover,sub,,"Hybrid tunnels and hybrid certificates, end to end in this tab, so the first time you meet a fragmentation bug is not at 2am inside a change window.",active,,,2026-08-02,
ops,cutover,cta_primary_label,,Run an IKEv2 hybrid handshake,active,,,2026-08-02,De-duplicated 2026-08-02: every board now points at its own destination — tls-simulator was on 6 boards and /migrate on 5.
ops,cutover,cta_primary_href,,/playground/vpn-sim,active,,,2026-08-02,De-duplicated 2026-08-02: every board now points at its own destination — tls-simulator was on 6 boards and /migrate on 5.
ops,cutover,cta_secondary_label,,Write the playbook,active,,,2026-08-02,Secondary CTA and item 2 are now this board's own BUSINESS tool (/tools/*). Before 2026-08-02 the boards leaned entirely on playground workshops.
ops,cutover,cta_secondary_href,,/business/tools/deployment-playbook,active,,,2026-08-02,"Path corrected 2026-08-02: business tools are nested under /business (/business/tools/:toolId). /tools/<id> fell through to the catch-all route and silently rendered the HOME BOARD — the destination resolved, so nothing failed, it just showed the wrong page. Secondary CTA and item 2 are now this board's own BUSINESS tool (/tools/*). Before 2026-08-02 the boards leaned entirely on playground workshops."
ops,cutover,proof_chip,0,"Real TLS 1.3 handshake, in your browser",active,,,2026-08-02,
ops,cutover,proof_chip,1,Hybrid groups X25519MLKEM768 and friends,active,,,2026-08-02,
ops,cutover,proof_chip,2,Log exportable,active,,,2026-08-02,
ops,cutover,side_card_title,,What the rehearsal covers,active,,,2026-08-02,
ops,cutover,side_card_tone,,info,active,,,2026-08-02,
ops,cutover,side_card_provenance,,illustrative,active,,,2026-08-02,
ops,cutover,side_card_row_label,0,Protocols exercised,active,,,2026-08-02,
ops,cutover,side_card_row_value,0,"TLS 1.3, IPsec, SSH",active,,,2026-08-02,
ops,cutover,side_card_row_label,1,What fails first,active,,,2026-08-02,
ops,cutover,side_card_row_value,1,MTU and fragmentation,active,,,2026-08-02,
ops,cutover,side_card_row_label,2,Rollback,active,,,2026-08-02,
ops,cutover,side_card_row_value,2,classical suites stay negotiable,active,,,2026-08-02,
ops,cutover,side_card_punchline,,"Find the fragmentation bug in a tab, not in a change window.",active,,,2026-08-02,
ops,cutover,side_card_footnote,,The handshakes are real; which of them your estate breaks on is not something we can know for you. Treat the failure order as a starting hypothesis.,active,,,2026-08-02,
ops,cutover,grid_title,,What you walk out with,active,,,2026-08-02,"Rewritten 2026-08-02: the three items now map 1:1 onto THIS board's own destinations (1=primary CTA, 2=secondary CTA, 3=the workshop it rests on). They previously described tools the board did not link to."
ops,cutover,grid_sub,,A rehearsal you can repeat,active,,,2026-08-02,"Rewritten 2026-08-02: the three items now map 1:1 onto THIS board's own destinations (1=primary CTA, 2=secondary CTA, 3=the workshop it rests on). They previously described tools the board did not link to."
ops,cutover,grid_card_title,0,A full IKEv2 handshake,active,,,2026-08-02,"Rewritten 2026-08-02: the three items now map 1:1 onto THIS board's own destinations (1=primary CTA, 2=secondary CTA, 3=the workshop it rests on). They previously described tools the board did not link to."
ops,cutover,grid_card_body,0,"The VPN simulator runs IKEv2 in WASM with PKCS#11 crypto routed through SoftHSMv3, and the live C_* calls open for inspection.",active,,,2026-08-02,"Rewritten 2026-08-02: the three items now map 1:1 onto THIS board's own destinations (1=primary CTA, 2=secondary CTA, 3=the workshop it rests on). They previously described tools the board did not link to."
ops,cutover,grid_card_title,1,"The rehearsal, written down",active,,,2026-08-02,Secondary CTA and item 2 are now this board's own BUSINESS tool (/tools/*). Before 2026-08-02 the boards leaned entirely on playground workshops.
ops,cutover,grid_card_body,1,"The Deployment Playbook generates the rollout with rollback procedures and validation steps — for the night itself, not the tab.",active,,,2026-08-02,Secondary CTA and item 2 are now this board's own BUSINESS tool (/tools/*). Before 2026-08-02 the boards leaned entirely on playground workshops.
ops,cutover,grid_card_title,2,"Two protocols, not one",active,,,2026-08-02,"Rewritten 2026-08-02: the three items now map 1:1 onto THIS board's own destinations (1=primary CTA, 2=secondary CTA, 3=the workshop it rests on). They previously described tools the board did not link to."
ops,cutover,grid_card_body,2,The cutover rarely fails in the protocol you rehearsed — which is why this board carries both.,active,,,2026-08-02,"Rewritten 2026-08-02: the three items now map 1:1 onto THIS board's own destinations (1=primary CTA, 2=secondary CTA, 3=the workshop it rests on). They previously described tools the board did not link to."
ops,cutover,track_title,,"Then, the background: {essentials_vs_full:ops}.",active,,,2026-08-02,
ops,suppliers,hero_eyebrow,,IT Ops · your renewals depend on their roadmaps,active,,,2026-08-02,
ops,suppliers,hero_badge_text,,"Americas · Energy & Utilities, Telecommunications",active,,,2026-08-02,"Region/industry context — same for every variant of this role, it describes the visitor not the option."
ops,suppliers,hero_badge_tone,,sourced,active,,,2026-08-02,
ops,suppliers,headline,,Your renewals commit you to someone else's timeline.,active,,,2026-08-02,
ops,suppliers,sub,,"Every certificate you renew this year ties you to a vendor's PQC schedule for its whole lifetime. Check theirs against yours before you sign, not after.",active,,,2026-08-02,
ops,suppliers,cta_primary_label,,Check vendor roadmaps,active,,,2026-08-02,De-duplicated 2026-08-02: every board now points at its own destination — tls-simulator was on 6 boards and /migrate on 5.
ops,suppliers,cta_primary_href,,/migrate?tab=roadmaps,active,,,2026-08-02,De-duplicated 2026-08-02: every board now points at its own destination — tls-simulator was on 6 boards and /migrate on 5.
ops,suppliers,cta_secondary_label,,Score your vendors,active,,,2026-08-02,Secondary CTA and item 2 are now this board's own BUSINESS tool (/tools/*). Before 2026-08-02 the boards leaned entirely on playground workshops.
ops,suppliers,cta_secondary_href,,/business/tools/vendor-scorecard,active,,,2026-08-02,"Path corrected 2026-08-02: business tools are nested under /business (/business/tools/:toolId). /tools/<id> fell through to the catch-all route and silently rendered the HOME BOARD — the destination resolved, so nothing failed, it just showed the wrong page. Secondary CTA and item 2 are now this board's own BUSINESS tool (/tools/*). Before 2026-08-02 the boards leaned entirely on playground workshops."
ops,suppliers,proof_chip,0,Vendor claims are proof-gated,active,,,2026-08-02,
ops,suppliers,proof_chip,1,CNSA 2.0 mandate dates built in,active,,,2026-08-02,
ops,suppliers,proof_chip,2,Every roadmap links to the vendor's own source,active,,,2026-08-02,
ops,suppliers,side_card_title,,What to ask a supplier,active,,,2026-08-02,
ops,suppliers,side_card_tone,,info,active,,,2026-08-02,
ops,suppliers,side_card_provenance,,illustrative,active,,,2026-08-02,
ops,suppliers,side_card_row_label,0,Named algorithms,active,,,2026-08-02,
ops,suppliers,side_card_row_value,0,not the words quantum-safe,active,,,2026-08-02,
ops,suppliers,side_card_row_label,1,A dated commitment,active,,,2026-08-02,
ops,suppliers,side_card_row_value,1,not on our roadmap,active,,,2026-08-02,
ops,suppliers,side_card_row_label,2,Evidence,active,,,2026-08-02,
ops,suppliers,side_card_row_value,2,a certificate or a published spec,active,,,2026-08-02,
ops,suppliers,side_card_punchline,,A roadmap without a date is a press release.,active,,,2026-08-02,
ops,suppliers,side_card_footnote,,"Illustrative checklist. The vendor data behind the catalogue is proof-gated — every claim there carries a link to the vendor's own published source, or it is not shown.",active,,,2026-08-02,
ops,suppliers,grid_title,,What you walk out with,active,,,2026-08-02,"Rewritten 2026-08-02: the three items now map 1:1 onto THIS board's own destinations (1=primary CTA, 2=secondary CTA, 3=the workshop it rests on). They previously described tools the board did not link to."
ops,suppliers,grid_sub,,Questions with evidence behind them,active,,,2026-08-02,"Rewritten 2026-08-02: the three items now map 1:1 onto THIS board's own destinations (1=primary CTA, 2=secondary CTA, 3=the workshop it rests on). They previously described tools the board did not link to."
ops,suppliers,grid_card_title,0,Supplier roadmaps as published,active,,,2026-08-02,"Rewritten 2026-08-02: the three items now map 1:1 onto THIS board's own destinations (1=primary CTA, 2=secondary CTA, 3=the workshop it rests on). They previously described tools the board did not link to."
ops,suppliers,grid_card_body,0,"Vendor PQC roadmaps quoted as issued rather than summarised, each linked to the vendor's own source or not shown at all.",active,,,2026-08-02,"Rewritten 2026-08-02: the three items now map 1:1 onto THIS board's own destinations (1=primary CTA, 2=secondary CTA, 3=the workshop it rests on). They previously described tools the board did not link to."
ops,suppliers,grid_card_title,1,Claims made comparable,active,,,2026-08-02,Secondary CTA and item 2 are now this board's own BUSINESS tool (/tools/*). Before 2026-08-02 the boards leaned entirely on playground workshops.
ops,suppliers,grid_card_body,1,The Vendor Scorecard Builder turns roadmap claims into a comparable PQC-readiness assessment per supplier.,active,,,2026-08-02,Secondary CTA and item 2 are now this board's own BUSINESS tool (/tools/*). Before 2026-08-02 the boards leaned entirely on playground workshops.
ops,suppliers,grid_card_title,2,A date means nothing without enrollment,active,,,2026-08-02,"Rewritten 2026-08-02: the three items now map 1:1 onto THIS board's own destinations (1=primary CTA, 2=secondary CTA, 3=the workshop it rests on). They previously described tools the board did not link to."
ops,suppliers,grid_card_body,2,"If a supplier cannot enrol a PQC certificate, their roadmap date is a press release. This board lets you check both.",active,,,2026-08-02,"Rewritten 2026-08-02: the three items now map 1:1 onto THIS board's own destinations (1=primary CTA, 2=secondary CTA, 3=the workshop it rests on). They previously described tools the board did not link to."
ops,suppliers,track_title,,"Then, the background: {essentials_vs_full:ops}.",active,,,2026-08-02,
researcher,reproduce,hero_eyebrow,,Researcher / Academic · run it yourself · export the log,active,,,2026-08-02,
researcher,reproduce,hero_badge_text,,All regions · unfiltered,active,,,2026-08-02,"Region/industry context — same for every variant of this role, it describes the visitor not the option."
researcher,reproduce,hero_badge_tone,,illustrative,active,,,2026-08-02,
researcher,reproduce,headline,,Run the tests yourself.,active,,,2026-08-02,
researcher,reproduce,sub,,"ACVP vectors, known-answer tests and the 25-check TCG V1.85 runner all execute locally in this tab. Export the log. Do not take our word for any of it.",active,,,2026-08-02,
researcher,reproduce,cta_primary_label,,Run SLH-DSA sign and verify,active,,,2026-08-02,"Best-fit pairing, 2026-08-02: business tool or playground workshop chosen per use case and role rather than one of each by rule. No destination is used twice."
researcher,reproduce,cta_primary_href,,/playground/slh-dsa,active,,,2026-08-02,"Best-fit pairing, 2026-08-02: business tool or playground workshop chosen per use case and role rather than one of each by rule. No destination is used twice."
researcher,reproduce,cta_secondary_label,,Run the SP 800-90B entropy suite,active,,,2026-08-02,"Best-fit pairing, 2026-08-02: business tool or playground workshop chosen per use case and role rather than one of each by rule. No destination is used twice."
researcher,reproduce,cta_secondary_href,,/playground/entropy-test,active,,,2026-08-02,"Best-fit pairing, 2026-08-02: business tool or playground workshop chosen per use case and role rather than one of each by rule. No destination is used twice."
researcher,reproduce,proof_chip,0,"ACVP + KAT run locally, not asserted",active,,,2026-08-02,
researcher,reproduce,proof_chip,1,Real liboqs + SoftHSMv3 compiled to WASM,active,,,2026-08-02,
researcher,reproduce,proof_chip,2,Log exportable,active,,,2026-08-02,
researcher,reproduce,proof_chip,3,Drift guards fail the build on silent data change,active,,,2026-08-02,
researcher,reproduce,side_card_title,,What you can reproduce here,active,,,2026-08-02,
researcher,reproduce,side_card_tone,,accent,active,,,2026-08-02,
researcher,reproduce,side_card_provenance,,sourced,active,,,2026-08-02,
researcher,reproduce,side_card_row_label,0,Hash-based signatures,active,,,2026-08-02,
researcher,reproduce,side_card_row_value,0,"SLH-DSA, XMSS, LMS",active,,,2026-08-02,
researcher,reproduce,side_card_row_label,1,Randomness,active,,,2026-08-02,
researcher,reproduce,side_card_row_value,1,entropy and DRBG tests,active,,,2026-08-02,
researcher,reproduce,side_card_row_label,2,Certificate structure,active,,,2026-08-02,
researcher,reproduce,side_card_row_value,2,Merkle inclusion proofs,active,,,2026-08-02,
researcher,reproduce,side_card_punchline,,Nothing here asks you to trust it.,active,,,2026-08-02,
researcher,reproduce,side_card_footnote,,The named workshops run real implementations locally — liboqs and SoftHSMv3 compiled to WebAssembly — not recorded output replayed back at you.,active,,,2026-08-02,
researcher,reproduce,grid_title,,What the workspace gives you,active,,,2026-08-02,"Rewritten 2026-08-02: the three items now map 1:1 onto THIS board's own destinations (1=primary CTA, 2=secondary CTA, 3=the workshop it rests on). They previously described tools the board did not link to."
researcher,reproduce,grid_sub,,"Instruments, not assertions",active,,,2026-08-02,"Rewritten 2026-08-02: the three items now map 1:1 onto THIS board's own destinations (1=primary CTA, 2=secondary CTA, 3=the workshop it rests on). They previously described tools the board did not link to."
researcher,reproduce,grid_card_title,0,All 12 FIPS 205 parameter sets,active,,,2026-08-02,"Best-fit pairing, 2026-08-02: business tool or playground workshop chosen per use case and role rather than one of each by rule. No destination is used twice."
researcher,reproduce,grid_card_body,0,"SLH-DSA sign and verify across every parameter set, pre-hash variants included, executed locally in the browser.",active,,,2026-08-02,"Best-fit pairing, 2026-08-02: business tool or playground workshop chosen per use case and role rather than one of each by rule. No destination is used twice."
researcher,reproduce,grid_card_title,1,"Randomness, tested not asserted",active,,,2026-08-02,"Best-fit pairing, 2026-08-02: business tool or playground workshop chosen per use case and role rather than one of each by rule. No destination is used twice."
researcher,reproduce,grid_card_body,1,"The NIST SP 800-90B suite — monobit, frequency and min-entropy — run against live output rather than quoted from a datasheet.",active,,,2026-08-02,"Best-fit pairing, 2026-08-02: business tool or playground workshop chosen per use case and role rather than one of each by rule. No destination is used twice."
researcher,reproduce,grid_card_title,2,Nothing here is recorded output,active,,,2026-08-02,"Rewritten 2026-08-02: the three items now map 1:1 onto THIS board's own destinations (1=primary CTA, 2=secondary CTA, 3=the workshop it rests on). They previously described tools the board did not link to."
researcher,reproduce,grid_card_body,2,"Both workshops run real implementations compiled to WebAssembly, alongside the 25-check TCG V1.85 runner. The log is exportable, so the claim is yours to check.",active,,,2026-08-02,Carries a guarded live fact (personaConfig.test.ts) — kept on the board whose subject it actually is.
researcher,reproduce,track_title,,"Learning path: available, never pushed.",active,,,2026-08-02,
researcher,reproduce,track_note,,"This is a reference shelf, not a curriculum — browse at your own pace, nothing here is sequenced for you.",active,,,2026-08-02,
researcher,threatmodel,hero_eyebrow,,"Researcher / Academic · the estimate, its sources, and its objections",active,,,2026-08-02,
researcher,threatmodel,hero_badge_text,,All regions · unfiltered,active,,,2026-08-02,"Region/industry context — same for every variant of this role, it describes the visitor not the option."
researcher,threatmodel,hero_badge_tone,,illustrative,active,,,2026-08-02,
researcher,threatmodel,headline,,Argue with the threat model.,active,,,2026-08-02,
researcher,threatmodel,sub,,"CRQC arrival is a distribution, not a date. The consensus window, every source behind it, and the strongest published objections are all on file and all dated.",active,,,2026-08-02,
researcher,threatmodel,cta_primary_label,,Plan a CRQC scenario,active,,,2026-08-02,"Best-fit pairing, 2026-08-02: business tool or playground workshop chosen per use case and role rather than one of each by rule. No destination is used twice."
researcher,threatmodel,cta_primary_href,,/business/tools/crqc-scenario,active,,,2026-08-02,"Path corrected 2026-08-02: business tools are nested under /business (/business/tools/:toolId). /tools/<id> fell through to the catch-all route and silently rendered the HOME BOARD — the destination resolved, so nothing failed, it just showed the wrong page. Best-fit pairing, 2026-08-02: business tool or playground workshop chosen per use case and role rather than one of each by rule. No destination is used twice."
researcher,threatmodel,cta_secondary_label,,Read the threat economics,active,,,2026-08-02,"Best-fit pairing, 2026-08-02: business tool or playground workshop chosen per use case and role rather than one of each by rule. No destination is used twice."
researcher,threatmodel,cta_secondary_href,,/threats,active,,,2026-08-02,"Best-fit pairing, 2026-08-02: business tool or playground workshop chosen per use case and role rather than one of each by rule. No destination is used twice."
researcher,threatmodel,proof_chip,0,Counter-claims dataset · CVE snapshots,active,,,2026-08-02,
researcher,threatmodel,proof_chip,1,Authoritative / High / Moderate / Low source tiers,active,,,2026-08-02,
researcher,threatmodel,proof_chip,2,"{library_active_count} sources, trust-tiered",active,,,2026-08-02,
researcher,threatmodel,proof_chip,3,Drift guards fail the build on silent data change,active,,,2026-08-02,
researcher,threatmodel,side_card_title,,The CRQC consensus,active,,,2026-08-02,
researcher,threatmodel,side_card_tone,,bad,active,,,2026-08-02,
researcher,threatmodel,side_card_provenance,,sourced,active,,,2026-08-02,
researcher,threatmodel,side_card_row_label,0,Consensus estimate,active,,,2026-08-02,
researcher,threatmodel,side_card_row_value,0,{exec_crqc_estimate_row},active,,,2026-08-02,
researcher,threatmodel,side_card_row_label,1,Data must stay secret,active,,,2026-08-02,
researcher,threatmodel,side_card_row_value,1,{exec_secrecy_row},active,,,2026-08-02,
researcher,threatmodel,side_card_row_label,2,A migration takes,active,,,2026-08-02,
researcher,threatmodel,side_card_row_value,2,{exec_migration_row},active,,,2026-08-02,
researcher,threatmodel,side_card_punchline,,{exec_mosca_punchline},active,,,2026-08-02,
researcher,threatmodel,side_card_footnote,,{exec_mosca_footnote},active,,,2026-08-02,
researcher,threatmodel,grid_title,,What the workspace gives you,active,,,2026-08-02,"Rewritten 2026-08-02: the three items now map 1:1 onto THIS board's own destinations (1=primary CTA, 2=secondary CTA, 3=the workshop it rests on). They previously described tools the board did not link to."
researcher,threatmodel,grid_sub,,The estimate and its dissent,active,,,2026-08-02,"Rewritten 2026-08-02: the three items now map 1:1 onto THIS board's own destinations (1=primary CTA, 2=secondary CTA, 3=the workshop it rests on). They previously described tools the board did not link to."
researcher,threatmodel,grid_card_title,0,"Scenarios, not a single date",active,,,2026-08-02,"Best-fit pairing, 2026-08-02: business tool or playground workshop chosen per use case and role rather than one of each by rule. No destination is used twice."
researcher,threatmodel,grid_card_body,0,The CRQC Scenario Planner models cryptographically-relevant-quantum-computer arrival scenarios and what each one implies for your own horizon.,active,,,2026-08-02,"Best-fit pairing, 2026-08-02: business tool or playground workshop chosen per use case and role rather than one of each by rule. No destination is used twice."
researcher,threatmodel,grid_card_title,1,"The threat data, with its sources",active,,,2026-08-02,"Best-fit pairing, 2026-08-02: business tool or playground workshop chosen per use case and role rather than one of each by rule. No destination is used twice."
researcher,threatmodel,grid_card_body,1,"Threat Economics, the CRQC Capability Watch and the Z-estimate, each figure carrying the sources behind it.",active,,,2026-08-02,"Best-fit pairing, 2026-08-02: business tool or playground workshop chosen per use case and role rather than one of each by rule. No destination is used twice."
researcher,threatmodel,grid_card_title,2,"An estimate, not a date",active,,,2026-08-02,"Rewritten 2026-08-02: the three items now map 1:1 onto THIS board's own destinations (1=primary CTA, 2=secondary CTA, 3=the workshop it rests on). They previously described tools the board did not link to."
researcher,threatmodel,grid_card_body,2,"The consensus is a median across tracked sources, each with its own date, tier and link — and the published objections are on file too.",active,,,2026-08-02,"Rewritten 2026-08-02: the three items now map 1:1 onto THIS board's own destinations (1=primary CTA, 2=secondary CTA, 3=the workshop it rests on). They previously described tools the board did not link to."
researcher,threatmodel,track_title,,"Learning path: available, never pushed.",active,,,2026-08-02,
researcher,threatmodel,track_note,,"This is a reference shelf, not a curriculum — browse at your own pace, nothing here is sequenced for you.",active,,,2026-08-02,
curious,short,hero_eyebrow,,No background needed · about 30 seconds · nothing to install,active,,,2026-08-02,
curious,short,hero_badge_text,,Americas · unfiltered,active,,,2026-08-02,"Region/industry context — same for every variant of this role, it describes the visitor not the option."
curious,short,hero_badge_tone,,illustrative,active,,,2026-08-02,
curious,short,headline,,"Thirty seconds, then decide.",active,,,2026-08-02,
curious,short,sub,,"Someone can record encrypted traffic today and open it years later, once the right computer exists. That is the whole argument. Everything else is detail.",active,,,2026-08-02,
curious,short,cta_primary_label,,Take the guided path,active,,,2026-08-02,De-duplicated 2026-08-02: every board now points at its own destination — tls-simulator was on 6 boards and /migrate on 5.
curious,short,cta_primary_href,,/learn,active,,,2026-08-02,De-duplicated 2026-08-02: every board now points at its own destination — tls-simulator was on 6 boards and /migrate on 5.
curious,short,cta_secondary_label,,The cost of waiting,active,,,2026-08-02,Secondary CTA and item 2 are now this board's own BUSINESS tool (/tools/*). Before 2026-08-02 the boards leaned entirely on playground workshops.
curious,short,cta_secondary_href,,/business/tools/cost-of-inaction,active,,,2026-08-02,"Path corrected 2026-08-02: business tools are nested under /business (/business/tools/:toolId). /tools/<id> fell through to the catch-all route and silently rendered the HOME BOARD — the destination resolved, so nothing failed, it just showed the wrong page. Secondary CTA and item 2 are now this board's own BUSINESS tool (/tools/*). Before 2026-08-02 the boards leaned entirely on playground workshops."
curious,short,proof_chip,0,Plain English by default,active,,,2026-08-02,
curious,short,proof_chip,1,Every term explained on hover,active,,,2026-08-02,
curious,short,proof_chip,2,Nothing to install,active,,,2026-08-02,
curious,short,side_card_title,,The one idea,active,,,2026-08-02,
curious,short,side_card_tone,,bad,active,,,2026-08-02,
curious,short,side_card_provenance,,illustrative,active,,,2026-08-02,
curious,short,side_card_row_label,0,Recorded today,active,,,2026-08-02,
curious,short,side_card_row_value,0,opened later,active,,,2026-08-02,
curious,short,side_card_row_label,1,Nothing you do now,active,,,2026-08-02,
curious,short,side_card_row_value,1,un-records it,active,,,2026-08-02,
curious,short,side_card_row_label,2,So the fix,active,,,2026-08-02,
curious,short,side_card_row_value,2,change the lock before then,active,,,2026-08-02,
curious,short,side_card_punchline,,"Harvest now, decrypt later.",active,,,2026-08-02,
curious,short,side_card_footnote,,"An illustrative framing of the harvest-now-decrypt-later argument. The dates it depends on are on the timeline, with sources.",active,,,2026-08-02,
curious,short,grid_title,,Where you can go next,active,,,2026-08-02,"Rewritten 2026-08-02: the three items now map 1:1 onto THIS board's own destinations (1=primary CTA, 2=secondary CTA, 3=the workshop it rests on). They previously described tools the board did not link to."
curious,short,grid_sub,,"Optional, none of it sequenced",active,,,2026-08-02,"Rewritten 2026-08-02: the three items now map 1:1 onto THIS board's own destinations (1=primary CTA, 2=secondary CTA, 3=the workshop it rests on). They previously described tools the board did not link to."
curious,short,grid_card_title,0,One guided path,active,,,2026-08-02,"Rewritten 2026-08-02: the three items now map 1:1 onto THIS board's own destinations (1=primary CTA, 2=secondary CTA, 3=the workshop it rests on). They previously described tools the board did not link to."
curious,short,grid_card_body,0,"The learning path is a single route through post-quantum cryptography, ordered for whichever role you pick.",active,,,2026-08-02,"Rewritten 2026-08-02: the three items now map 1:1 onto THIS board's own destinations (1=primary CTA, 2=secondary CTA, 3=the workshop it rests on). They previously described tools the board did not link to."
curious,short,grid_card_title,1,The cost of waiting,active,,,2026-08-02,Secondary CTA and item 2 are now this board's own BUSINESS tool (/tools/*). Before 2026-08-02 the boards leaned entirely on playground workshops.
curious,short,grid_card_body,1,The Cost of Inaction Analyzer models the discounted cost of delaying — breach exposure and harvest-now-decrypt-later residual among them.,active,,,2026-08-02,Secondary CTA and item 2 are now this board's own BUSINESS tool (/tools/*). Before 2026-08-02 the boards leaned entirely on playground workshops.
curious,short,grid_card_title,2,Thirty seconds was the point,active,,,2026-08-02,"Rewritten 2026-08-02: the three items now map 1:1 onto THIS board's own destinations (1=primary CTA, 2=secondary CTA, 3=the workshop it rests on). They previously described tools the board did not link to."
curious,short,grid_card_body,2,If you stop here you already have the argument. Everything above is optional detail.,active,,,2026-08-02,"Rewritten 2026-08-02: the three items now map 1:1 onto THIS board's own destinations (1=primary CTA, 2=secondary CTA, 3=the workshop it rests on). They previously described tools the board did not link to."
curious,short,track_title,,Start anywhere. Nothing is locked.,active,,,2026-08-02,
curious,short,track_note,,"Optional, none of it sequenced — pick what looks interesting and stop when you have had enough.",active,,,2026-08-02,
curious,mylife,hero_eyebrow,,No background needed · about 6 minutes · nothing to install,active,,,2026-08-02,
curious,mylife,hero_badge_text,,Americas · unfiltered,active,,,2026-08-02,"Region/industry context — same for every variant of this role, it describes the visitor not the option."
curious,mylife,hero_badge_tone,,illustrative,active,,,2026-08-02,
curious,mylife,headline,,Where this actually touches you.,active,,,2026-08-02,
curious,mylife,sub,,"Your card payments, the ID in your phone and your medical records all lean on the same maths. Here is what changes for each, and which one cannot wait.",active,,,2026-08-02,
curious,mylife,cta_primary_label,,Walk through a digital ID wallet,active,,,2026-08-02,"Best-fit pairing, 2026-08-02: business tool or playground workshop chosen per use case and role rather than one of each by rule. No destination is used twice."
curious,mylife,cta_primary_href,,/playground/digital-id,active,,,2026-08-02,"Best-fit pairing, 2026-08-02: business tool or playground workshop chosen per use case and role rather than one of each by rule. No destination is used twice."
curious,mylife,cta_secondary_label,,Follow a Bitcoin transaction,active,,,2026-08-02,"Best-fit pairing, 2026-08-02: business tool or playground workshop chosen per use case and role rather than one of each by rule. No destination is used twice."
curious,mylife,cta_secondary_href,,/playground/bitcoin-flow,active,,,2026-08-02,"Best-fit pairing, 2026-08-02: business tool or playground workshop chosen per use case and role rather than one of each by rule. No destination is used twice."
curious,mylife,proof_chip,0,"Real cryptography, running here",active,,,2026-08-02,
curious,mylife,proof_chip,1,Plain English by default,active,,,2026-08-02,
curious,mylife,proof_chip,2,Every term explained on hover,active,,,2026-08-02,
curious,mylife,side_card_title,,Three things it touches,active,,,2026-08-02,
curious,mylife,side_card_tone,,info,active,,,2026-08-02,
curious,mylife,side_card_provenance,,illustrative,active,,,2026-08-02,
curious,mylife,side_card_row_label,0,Payments,active,,,2026-08-02,
curious,mylife,side_card_row_value,0,the card in your pocket,active,,,2026-08-02,
curious,mylife,side_card_row_label,1,Identity,active,,,2026-08-02,
curious,mylife,side_card_row_value,1,the ID in your phone,active,,,2026-08-02,
curious,mylife,side_card_row_label,2,Health records,active,,,2026-08-02,
curious,mylife,side_card_row_value,2,kept for decades,active,,,2026-08-02,
curious,mylife,side_card_punchline,,Long-lived data is the part that cannot wait.,active,,,2026-08-02,
curious,mylife,side_card_footnote,,Illustrative examples chosen because their data outlives the lock protecting it. The underlying standards for each are in the library.,active,,,2026-08-02,
curious,mylife,grid_title,,Where you can go next,active,,,2026-08-02,"Rewritten 2026-08-02: the three items now map 1:1 onto THIS board's own destinations (1=primary CTA, 2=secondary CTA, 3=the workshop it rests on). They previously described tools the board did not link to."
curious,mylife,grid_sub,,"Three doors, all optional",active,,,2026-08-02,"Rewritten 2026-08-02: the three items now map 1:1 onto THIS board's own destinations (1=primary CTA, 2=secondary CTA, 3=the workshop it rests on). They previously described tools the board did not link to."
curious,mylife,grid_card_title,0,The ID in your phone,active,,,2026-08-02,"Best-fit pairing, 2026-08-02: business tool or playground workshop chosen per use case and role rather than one of each by rule. No destination is used twice."
curious,mylife,grid_card_body,0,"The full EUDI wallet lifecycle: wallet, PID issuance, attestation, relying-party verification and the QES provider.",active,,,2026-08-02,"Best-fit pairing, 2026-08-02: business tool or playground workshop chosen per use case and role rather than one of each by rule. No destination is used twice."
curious,mylife,grid_card_title,1,The money,active,,,2026-08-02,"Best-fit pairing, 2026-08-02: business tool or playground workshop chosen per use case and role rather than one of each by rule. No destination is used twice."
curious,mylife,grid_card_body,1,"A Bitcoin transaction end to end — secp256k1 keypair, SHA-256 and RIPEMD-160, transaction signing. Classical crypto, shown as what is being migrated away from.",active,,,2026-08-02,"Best-fit pairing, 2026-08-02: business tool or playground workshop chosen per use case and role rather than one of each by rule. No destination is used twice."
curious,mylife,grid_card_title,2,Why these two,active,,,2026-08-02,"Rewritten 2026-08-02: the three items now map 1:1 onto THIS board's own destinations (1=primary CTA, 2=secondary CTA, 3=the workshop it rests on). They previously described tools the board did not link to."
curious,mylife,grid_card_body,2,Identity and money are the everyday systems whose data outlives the lock protecting it — which is what makes them the clear cases.,active,,,2026-08-02,"Rewritten 2026-08-02: the three items now map 1:1 onto THIS board's own destinations (1=primary CTA, 2=secondary CTA, 3=the workshop it rests on). They previously described tools the board did not link to."
curious,mylife,track_title,,Start anywhere. Nothing is locked.,active,,,2026-08-02,
curious,mylife,track_note,,"Optional, none of it sequenced — pick what looks interesting and stop when you have had enough.",active,,,2026-08-02,
