from_concept,to_concept,relationship_type,rationale_type,evidence,confidence,notes,extraction_source,extracted_at,review_status,reviewed_by,reviewed_date
NIST,FIPS 186,intersects_with,policy_reference,"""Vulnerable NIST standards • RSA • ECDSA (and Elliptic Curve Cryptography) • FIPS 186, Digital Signature Standard""",high,"The text identifies FIPS 186 as a NIST standard that is vulnerable to quantum attacks, establishing a direct reference.",enrich-compliance-xwalk.py,2026-09-17,candidate,,
NIST,SP 800-56A/B,intersects_with,policy_reference,"""Diffie-Hellman key exchange • SP 800-56A/B, Recommendation for Pair- Wise Key Establishment Schemes""",high,The text lists SP 800-56A/B as a NIST standard for key establishment that is vulnerable to quantum attacks.,enrich-compliance-xwalk.py,2026-09-17,candidate,,
NIST,NIST-IR-8105,intersects_with,timeline_anchor,"""Feb 2016: NIST report on PQC- http://csrc.nist.gov/publications/drafts/nistir-8105/nistir_8105_draft.pdf""",high,"The text explicitly cites NIST IR 8105 as a report on PQC released in Feb 2016, serving as a timeline anchor for the project.",enrich-compliance-xwalk.py,2026-09-17,candidate,,
NIST,FIPS 203,intersects_with,policy_reference,"""NIST is calling for quantum-resistant cryptographic algorithms for new public-key crypto standards""",medium,"FIPS 203 is a known citation in the record's metadata. The text describes the process of creating ""new public-key crypto standards"" which FIPS 203 (ML-KEM) represents. The relationship is inferred from the context of NIST standardizing PQC algorithms.",enrich-compliance-xwalk.py,2026-09-17,candidate,,
NIST,FIPS 204,intersects_with,policy_reference,"""NIST is calling for quantum-resistant cryptographic algorithms for new public-key crypto standards""",medium,"FIPS 204 is a known citation in the record's metadata. The text describes the process of creating ""new public-key crypto standards"" which FIPS 204 (ML-DSA) represents. The relationship is inferred from the context of NIST standardizing PQC algorithms.",enrich-compliance-xwalk.py,2026-09-17,candidate,,
NIST,FIPS 205,intersects_with,policy_reference,"""NIST is calling for quantum-resistant cryptographic algorithms for new public-key crypto standards""",medium,"FIPS 205 is a known citation in the record's metadata. The text describes the process of creating ""new public-key crypto standards"" which FIPS 205 (SLH-DSA) represents. The relationship is inferred from the context of NIST standardizing PQC algorithms.",enrich-compliance-xwalk.py,2026-09-17,candidate,,
NIST,NIST SP 800-227,intersects_with,implementation_guidance,"""NIST will provide transition guideline when PQC standards are developed""",medium,"NIST SP 800-227 is a known citation in the record's metadata. The text states NIST will provide transition guidelines, which SP 800-227 (Transitioning to Post-Quantum Cryptography) fulfills.",enrich-compliance-xwalk.py,2026-09-17,candidate,,
NIST,FIPS 206,intersects_with,policy_reference,"""NIST is calling for quantum-resistant cryptographic algorithms for new public-key crypto standards""",low,"FIPS 206 is a known citation in the record's metadata. While the text discusses standardization, FIPS 206 (FN-DSA) was not part of the initial 2022/2024 final standards set described in this specific 2016-era text context, but is listed in the record's known citations. The relationship is weakly supported by the general mandate to standardize PQC.",enrich-compliance-xwalk.py,2026-09-17,candidate,,
NIST,NIST-IR-8547,intersects_with,timeline_anchor,"""NIST will report its findings""",low,"NIST-IR-8547 is a known citation in the record's metadata. The text mentions NIST reporting findings, but does not explicitly name IR 8547. The relationship is inferred from the record's metadata listing it as a related document, likely a later report on the project's status or results.",enrich-compliance-xwalk.py,2026-09-17,candidate,,
ENISA,ENISA PQC Guidelines,equivalent,equivalence,"""POST-QUANTUM CRYPTOGRAPHY Current state and quantum mitigation MAY 2021, v2""",high,"The source text is the ""ENISA PQC Guidelines"" document itself (v2, May 2021). The compliance record ""ENISA"" is the authoring body, and this document is its primary PQC guidance output.",enrich-compliance-xwalk.py,2026-09-17,candidate,,
ENISA,NIST SP 800-208,intersects_with,technical_dependency,"""For the stateful schemes, NIST already published SP 800-208 [32] standardizing LMS [87] and XMSS [59] two stateful hash-based signature schemes.""",high,"The ENISA document explicitly cites NIST SP 800-208 as the standard for stateful hash-based signatures (LMS/XMSS), indicating a technical dependency on NIST standards for its guidance.",enrich-compliance-xwalk.py,2026-09-17,candidate,,
ENISA,NIST PQC Competition,intersects_with,policy_reference,"""Only one isogeny-based candidate, SIKE, was submitted to the NIST competition and SIKE is in the third round as an alternate candidate.""",high,"The ENISA document extensively references the NIST PQC competition rounds and candidates (e.g., SIKE, SPHINCS+, Kyber), using the NIST process as the primary framework for its analysis.",enrich-compliance-xwalk.py,2026-09-17,candidate,,
ENISA,ECRYPT-CSA Whitepaper on Post-Quantum Cryptography,intersects_with,policy_reference,"""[47] ECRYPT-CSA. Whitepaper on Post-Quantum Cryptography. https://www.ecrypt.eu.org/csa/documents/PQC-whitepaper.pdf, 2018.""",medium,"The ENISA document cites the ECRYPT-CSA whitepaper in its references, indicating it draws upon or aligns with this European cryptographic community guidance.",enrich-compliance-xwalk.py,2026-09-17,candidate,,
IETF,RFC 9794,intersects_with,timeline_anchor,"""2023-04-30 Apr 2023 WG Adoption of an Informational document that defines terminology for (hybrid) PQC schemes rfc9794 (was draft-ietf-pquip-pqt-hybrid-terminology)""",high,The text explicitly links the IETF PQUIP WG milestone to the adoption of RFC 9794.,enrich-compliance-xwalk.py,2026-09-17,candidate,,
IETF,RFC 9958,intersects_with,timeline_anchor,"""2023-05-31 May 2023 WG Adoption of an Informational document on ‘PQC for engineers’ rfc9958 (was draft-ietf-pquip-pqc-engineers)""",high,The text explicitly links the IETF PQUIP WG milestone to the adoption of RFC 9958.,enrich-compliance-xwalk.py,2026-09-17,candidate,,
IETF,NIST,intersects_with,policy_reference,"""Outside of the IETF, active work is underway to develop and validate Post-Quantum Cryptography (PQC) mechanisms that are expected to be resilient to the cryptanalysis capabilities of future CRQCs (e.g., CFRG, US NIST).""",high,The text identifies US NIST as an external entity performing active work on PQC mechanisms that the IETF protocols rely upon.,enrich-compliance-xwalk.py,2026-09-17,candidate,,
FIPS-140-3,NIST-SP-800-140C,intersects_with,technical_dependency,"""c. specified in NIST SP 800-140C as an Approved security function, or""",high,FIPS 140-3 defines approved security functions by referencing SP 800-140C.,enrich-compliance-xwalk.py,2026-09-17,candidate,,
FIPS-140-3,NIST-SP-800-140D,intersects_with,technical_dependency,"""d. specified in NIST SP 800-140D as an Approved sensitive security parameter establishment method.""",high,FIPS 140-3 defines approved sensitive security parameter establishment methods by referencing SP 800-140D.,enrich-compliance-xwalk.py,2026-09-17,candidate,,
FIPS-140-3,NIST-SP-800-140B,intersects_with,technical_dependency,"""NIST SP 800-140B modifies: ISO/IEC 19790:2012(E) CMVP Security Policy Requirements Annex B""",high,FIPS 140-3 relies on SP 800-140B to modify the security policy requirements of the base ISO standard.,enrich-compliance-xwalk.py,2026-09-17,candidate,,
FIPS-140-3,FIPS 203,intersects_with,policy_reference,"""Approved security functions include those that are either: a. specified in a Federal Information Processing Standard (FIPS),""",medium,"FIPS 203 (SHA-3) is a FIPS standard specifying approved cryptographic algorithms required by FIPS 140-3 modules. The text cites the general category ""FIPS"" which includes FIPS 203.",enrich-compliance-xwalk.py,2026-09-17,candidate,,
FIPS-140-3,FIPS 204,intersects_with,policy_reference,"""Approved security functions include those that are either: a. specified in a Federal Information Processing Standard (FIPS),""",medium,"FIPS 204 (Random Number Generation) is a FIPS standard specifying approved cryptographic techniques required by FIPS 140-3 modules. The text cites the general category ""FIPS"" which includes FIPS 204.",enrich-compliance-xwalk.py,2026-09-17,candidate,,
FIPS-140-3,FIPS 205,intersects_with,policy_reference,"""Approved security functions include those that are either: a. specified in a Federal Information Processing Standard (FIPS),""",medium,"FIPS 205 (HMAC) is a FIPS standard specifying approved cryptographic techniques required by FIPS 140-3 modules. The text cites the general category ""FIPS"" which includes FIPS 205.",enrich-compliance-xwalk.py,2026-09-17,candidate,,
COMMON-CRITERIA,ISO/IEC 15408,equivalent,equivalence,"""The ISO version of the CC:2022 is published in five parts as ISO/IEC 15408-1:2022 through 15408-5:2022""",high,The text explicitly states that CC:2022 is published as ISO/IEC 15408:2022.,enrich-compliance-xwalk.py,2026-09-17,candidate,,
COMMON-CRITERIA,ISO/IEC 18045,intersects_with,technical_dependency,"""the ISO version of the CEM:2022 is published in one part as ISO/IEC 18045:2022.""",high,CC:2022 (Part 1) references CEM:2022 (ISO/IEC 18045) as the baseline methodology for evaluation.,enrich-compliance-xwalk.py,2026-09-17,candidate,,
COMMON-CRITERIA,ISO/IEC IEEE 24765,intersects_with,technical_dependency,"""ISO/IEC IEEE 24765, Systems and software engineering — Vocabulary""",high,"Listed in Section 2 ""Normative references"" of the source text.",enrich-compliance-xwalk.py,2026-09-17,candidate,,
COMMON-CRITERIA,FIPS PUB 186-4,intersects_with,implementation_guidance,"""FIPS PUB 186-4, “Digital Signature Standard (DSS)”, Appendix B.3;""",medium,Cited in Annex B as an example of a technical standard that may be referenced in a Protection Profile refinement.,enrich-compliance-xwalk.py,2026-09-17,candidate,,
COMMON-CRITERIA,ANSI X9.31-1998,intersects_with,implementation_guidance,"""ANSI X9.31-1998, Section 4.1""",medium,Cited in Annex B as an example of a technical standard that may be referenced in a Protection Profile refinement.,enrich-compliance-xwalk.py,2026-09-17,candidate,,
ANSSI,ANSSI PQC Position Paper,intersects_with,policy_reference,"""Se référer à l’avis scientifique de l’ANSSI sur la migration vers la cryptographie post-quantique publié en décembre 2023 : https:// cyber.gouv.fr/publications/avis-de-lanssi-sur-la-migration-vers-la-cryptographie-post-quantique.""",high,"The text explicitly references the ""avis scientifique"" (scientific opinion) published in December 2023, which corresponds to the ANSSI PQC Position Paper.",enrich-compliance-xwalk.py,2026-09-17,candidate,,
ANSSI,"Securing Tomorrow, Today: Transitioning to Post-Quantum Cryptography",intersects_with,policy_reference,"""Voir la note Securing Tomorrow, Today: Transitioning to Post-Quantum Cryptography (Securing Tomorrow, Today: Transitioning to Post-Quantum Cryptography | ANSSI).""",high,This is an additional document clearly cited in the text (footnote 8) as a reference for cooperation with European partners.,enrich-compliance-xwalk.py,2026-09-17,candidate,,
CNSA-2,NIST SP 800-208,intersects_with,technical_dependency,"""The algorithms chosen for software- and firmware-signing are those specified in NIST Special Publication 800-208. NSA recommends Leighton-Micali with SHA-256/192, but all NIST SP 800-208 algorithms are approved for this use case.""",high,CNSA 2.0 mandates the use of algorithms defined in NIST SP 800-208 for software/firmware signing.,enrich-compliance-xwalk.py,2026-09-17,candidate,,
CNSA-2,FIPS PUB 197,intersects_with,technical_dependency,"""Table II: CNSA 2.0 symmetric-key algorithms ... Algorithm Function Specification Parameters Symmetric block cipher Advanced Encryption Use 256-bit keys for all for information FIPS PUB 197 Standard (AES) classification levels.""",high,CNSA 2.0 includes AES (FIPS 197) as a required symmetric algorithm.,enrich-compliance-xwalk.py,2026-09-17,candidate,,
CNSA-2,FIPS PUB 180-4,intersects_with,technical_dependency,"""Table II: CNSA 2.0 symmetric-key algorithms ... Algorithm for computing a Use SHA-384 or SHA- Secure Hash Algorithm condensed FIPS PUB 180-4 512 for all classification (SHA) representation of levels.""",high,CNSA 2.0 includes SHA-384/512 (FIPS 180-4) as required hash algorithms.,enrich-compliance-xwalk.py,2026-09-17,candidate,,
CNSA-2,CRYSTALS-Kyber,intersects_with,technical_dependency,"""Table III: CNSA 2.0 quantum-resistant public-key algorithms ... Use Level V Asymmetric algorithm CRYSTALS-Kyber TBD parameters for all for key establishment classification levels.""",high,CNSA 2.0 selects CRYSTALS-Kyber for key establishment.,enrich-compliance-xwalk.py,2026-09-17,candidate,,
CNSA-2,CRYSTALS-Dilithium,intersects_with,technical_dependency,"""Table III: CNSA 2.0 quantum-resistant public-key algorithms ... Use Level V Asymmetric algorithm CRYSTALS-Dilithium TBD parameters for all for digital signatures classification levels.""",high,CNSA 2.0 selects CRYSTALS-Dilithium for digital signatures.,enrich-compliance-xwalk.py,2026-09-17,candidate,,
CNSA-2,NSM-10,intersects_with,policy_reference,"""NSA expects the transition to QR algorithms for NSS to be complete by 2035 in line with NSM-10. NSA urges vendors and NSS owners and operators to make every effort to meet this deadline.""",high,CNSA 2.0 transition timeline is aligned with the requirements of NSM-10.,enrich-compliance-xwalk.py,2026-09-17,candidate,,
CNSA-2,CNSSP 15,intersects_with,policy_reference,"""They are an update to those in the Commercial National Security Algorithm Suite (referred to as CNSA 1.0, the algorithms currently listed in CNSSP 15, Annex B).""",high,CNSA 2.0 is defined as an update to the algorithms listed in CNSSP 15.,enrich-compliance-xwalk.py,2026-09-17,candidate,,
CNSA-2,CNSSP 11,intersects_with,policy_reference,"""In accordance with CNSSP 11, software and hardware providing cryptographic services require National Information Assurance Partnership (NIAP) or NSA validation in addition to meeting the requirements of the appropriate version of CNSA.""",high,CNSA 2.0 compliance is enforced through validation requirements specified in CNSSP 11.,enrich-compliance-xwalk.py,2026-09-17,candidate,,
CNSA-2,RFC 9151,intersects_with,implementation_guidance,"""The following documents specify how to configure solutions to comply with CNSA requirements. These include: ... RFC 9151 \""Commercial National Security Algorithm (CNSA) Suite Profile for TLS and DTLS 1.2 and 1.3\""""",high,"The document lists RFC 9151 as guidance for configuring solutions to comply with CNSA requirements (currently CNSA 1.0, but referenced as the mechanism for CNSA compliance).",enrich-compliance-xwalk.py,2026-09-17,candidate,,
CNSA-2,RFC 8603,intersects_with,implementation_guidance,"""The following documents specify how to configure solutions to comply with CNSA requirements. These include: ... RFC 8603 \""Commercial National Security Algorithm (CNSA) Suite Certificate and Certificate Revocation List (CRL) Profile\""""",high,The document lists RFC 8603 as guidance for configuring solutions to comply with CNSA requirements.,enrich-compliance-xwalk.py,2026-09-17,candidate,,
GSMA-NG116,NIST,intersects_with,policy_reference,"""NIST selected four KEMs for their fourth round. The algorithms remaining are Classic McEliece [McEliece], BIKE [BIKE] and HQC [HQC]... NIST published FIPS 204 ML-DSA... NIST published FIPS 205 SLH-DSA""",high,"The document extensively cites NIST standards (FIPS 204, FIPS 205, SP 800-208) as the primary technical basis for the PQC guidelines.",enrich-compliance-xwalk.py,2026-09-17,candidate,,
GSMA-NG116,gsma-pq-03,equivalent,equivalence,"""GSM Association Non-Confidential Official Document PQ.03 – Post Quantum Cryptography – Guidelines for Telecom Use Cases""",high,"The compliance record ""GSMA PQ.03"" is the document itself.",enrich-compliance-xwalk.py,2026-09-17,candidate,,
GSMA-NG116,ISO/IEC 18033-2,intersects_with,technical_dependency,"""FrodoKEM, Classic McEliece and ML-KEM are being considered for standardisation by ISO/IEC as an amendment to ISO/IEC 18033-2, Encryption algorithms — Part 2: Asymmetric ciphers [ISO 18033-2].""",high,The document explicitly references this ISO standard as a future standardization target for the algorithms discussed.,enrich-compliance-xwalk.py,2026-09-17,candidate,,
GSMA-NG116,BSI-TR-02102-1,intersects_with,policy_reference,"""The BSI in Germany [BSI-TR-02102-1] and ANSSI in France [ANSSI22] recommend the use of FrodoKEM [Frodo] (along with Classic McEliece) in their migration documents.""",high,Cited as a national guideline influencing the algorithm selection discussion.,enrich-compliance-xwalk.py,2026-09-17,candidate,,
GSMA-NG116,ANSSI22,intersects_with,policy_reference,"""The BSI in Germany [BSI-TR-02102-1] and ANSSI in France [ANSSI22] recommend the use of FrodoKEM [Frodo] (along with Classic McEliece) in their migration documents.""",high,Cited as a national guideline influencing the algorithm selection discussion.,enrich-compliance-xwalk.py,2026-09-17,candidate,,
GSMA-NG116,RFC 8446,intersects_with,technical_dependency,"""The most recent version, TLS 1.3, is standardized as an IETF RFC [TLS-1.3-RFC]... RFC 8446 The Transport Layer Security (TLS) Protocol Version 1.3""",high,TLS 1.3 is a core protocol discussed for PQC migration (hybrid key exchange).,enrich-compliance-xwalk.py,2026-09-17,candidate,,
GSMA-NG116,RFC 7296,intersects_with,technical_dependency,"""IKE v1 [IKE-v1-RFC] has been replaced by IKE v2 [IKE-v2-RFC], which is widely used in VPN applications... RFC 7296 Internet Key Exchange Protocol Version 2 (IKEv2)""",high,IKEv2 is a core protocol discussed for PQC migration (hybrid key exchange).,enrich-compliance-xwalk.py,2026-09-17,candidate,,
GSMA-NG116,3GPP TS 33.501,intersects_with,technical_dependency,"""3GPP TS 33.501 and TS 33.210 defines JWS and JSON Web Encryption (JWE) profiles.""",high,Cited as the standard defining the security profiles for 5G Core Network functions.,enrich-compliance-xwalk.py,2026-09-17,candidate,,
GSMA-NG116,3GPP TS 33.210,intersects_with,technical_dependency,"""3GPP TS 33.501 and TS 33.210 defines JWS and JSON Web Encryption (JWE) profiles.""",high,Cited as the standard defining the security profiles for 5G Core Network functions.,enrich-compliance-xwalk.py,2026-09-17,candidate,,
ETSI-TS103744,NIST SP800-56Ar3,intersects_with,technical_dependency,"""One of the key-agreement schemes shall be elliptic curve Diffie-Hellman defined in clause 5.7.1.2 of NIST SP800-56Ar3 [1].""",high,Normative reference [1].,enrich-compliance-xwalk.py,2026-09-17,candidate,,
ETSI-TS103744,IETF RFC 2104,intersects_with,technical_dependency,"""Approved PRF functions for the purpose of the present document shall be limited to HMAC as defined in IETF RFC 2104 [2]""",high,Normative reference [2].,enrich-compliance-xwalk.py,2026-09-17,candidate,,
ETSI-TS103744,IETF RFC 5869,intersects_with,technical_dependency,"""key_material = KDF(secret, label, context, length) = HKDF(secret, label, context, length).""",high,"Normative reference [3]. The text defines the KDF as HKDF, which is defined in RFC 5869.",enrich-compliance-xwalk.py,2026-09-17,candidate,,
ETSI-TS103744,FIPS PUB 180-4,intersects_with,technical_dependency,"""[4] FIPS PUB 180-4: \""Secure Hash Standard (SHS)\"".""",high,Normative reference [4]. Used for hash functions in the KDF.,enrich-compliance-xwalk.py,2026-09-17,candidate,,
ETSI-TS103744,FIPS PUB 202,intersects_with,technical_dependency,"""[5] FIPS PUB 202: \""SHA-3 Standard: Permutation-Based Hash and Extendable-Output Functions\"".""",high,Normative reference [5]. Used for SHA-3 hash functions in the KDF.,enrich-compliance-xwalk.py,2026-09-17,candidate,,
ETSI-TS103744,FIPS PUB 186-4,intersects_with,technical_dependency,"""NIST P-384/secp384r1 defined in clause D.1.2.4 of FIPS PUB 186-4 [6].""",high,Normative reference [6]. Defines elliptic curve domain parameters.,enrich-compliance-xwalk.py,2026-09-17,candidate,,
ETSI-TS103744,IETF RFC 5639,intersects_with,technical_dependency,"""brainpoolP384r1 defined in clause 3.6 of IETF RFC 5639 [7].""",high,Normative reference [7]. Defines Brainpool elliptic curves.,enrich-compliance-xwalk.py,2026-09-17,candidate,,
ETSI-TS103744,IETF RFC 7748,intersects_with,technical_dependency,"""Curve448 defined in clause 4.2 of IETF RFC 7748 [8].""",high,Normative reference [8]. Defines Curve25519 and Curve448.,enrich-compliance-xwalk.py,2026-09-17,candidate,,
DORA,EBA guidelines on ICT security risk management (EBA/GL/2019/04),intersects_with,policy_reference,"""The latter are not entirely new as many financial entities have been subject to existing sectorial guidelines4... For example, EBA guidelines on ICT security risk management (EBA/GL/2019/04)""",high,DORA requirements overlap with existing sectorial guidelines.,enrich-compliance-xwalk.py,2026-09-17,candidate,,
DORA,EBA Guidelines on outsourcing arrangements (EBA/GL/2019/02),intersects_with,policy_reference,"""The latter are not entirely new as many financial entities have been subject to existing sectorial guidelines4... For example, ... EBA Guidelines on outsourcing arrangements (EBA/GL/2019/02)""",high,DORA requirements overlap with existing sectorial guidelines.,enrich-compliance-xwalk.py,2026-09-17,candidate,,
DORA,EBA Guidelines on major incident reporting under PSD2 (EBA/GL/2021/03),intersects_with,policy_reference,"""The latter are not entirely new as many financial entities have been subject to existing sectorial guidelines4... For example, ... EBA Guidelines on major incident reporting under PSD2 (EBA/GL/2021/03)""",high,DORA requirements overlap with existing sectorial guidelines.,enrich-compliance-xwalk.py,2026-09-17,candidate,,
DORA,EIOPA guidelines on ICT security and governance (EIOPA-BoS-20/60),intersects_with,policy_reference,"""The latter are not entirely new as many financial entities have been subject to existing sectorial guidelines4... For example, ... EIOPA guidelines on ICT security and governance (EIOPA-BoS-20/60)""",high,DORA requirements overlap with existing sectorial guidelines.,enrich-compliance-xwalk.py,2026-09-17,candidate,,
DORA,ESMA guidelines on outsourcing to cloud service providers (ESMA50-164-4285),intersects_with,policy_reference,"""The latter are not entirely new as many financial entities have been subject to existing sectorial guidelines4... For example, ... ESMA guidelines on outsourcing to cloud service providers (ESMA50-164-4285)""",high,DORA requirements overlap with existing sectorial guidelines.,enrich-compliance-xwalk.py,2026-09-17,candidate,,
DORA,EIOPA guidelines on outsourcing to cloud service providers (EIOPA-BoS-20-002),intersects_with,policy_reference,"""The latter are not entirely new as many financial entities have been subject to existing sectorial guidelines4... For example, ... EIOPA guidelines on outsourcing to cloud service providers (EIOPA-BoS-20-002)""",high,DORA requirements overlap with existing sectorial guidelines.,enrich-compliance-xwalk.py,2026-09-17,candidate,,
DORA,Implementing regulation - EU - 2024/2956,intersects_with,implementation_guidance,"""They should draw on the lessons learnt from the 2024 ESAs dry-run exercise in support of industry preparation and consider the ITS on the Register of Information adopted by the Commission on 29 November6.""",high,"Footnote 6 identifies this as ""Implementing regulation - EU - 2024/2956"". DORA entities must consider this ITS for reporting obligations.",enrich-compliance-xwalk.py,2026-09-17,candidate,,
GDPR,Directive 95/46/EC,intersects_with,technical_dependency,"""repealing Directive 95/46/EC (General Data Protection Regulation)""",high,"The GDPR explicitly repeals this directive, establishing a direct regulatory dependency and replacement relationship.",enrich-compliance-xwalk.py,2026-09-17,candidate,,
GDPR,Treaty on the Functioning of the European Union,intersects_with,technical_dependency,"""Having regard to the Treaty on the Functioning of the European Union, and in particular Article 16 thereof""",high,The GDPR cites the TFEU as its legal basis for adoption.,enrich-compliance-xwalk.py,2026-09-17,candidate,,
GDPR,Charter of Fundamental Rights of the European Union,intersects_with,technical_dependency,"""Article 8(1) of the Charter of Fundamental Rights of the European Union (the ‘Charter’) and Article 16(1) of the Treaty on the Functioning of the European Union (TFEU) provide that everyone has the right to the protection of personal data""",high,The GDPR references the Charter to ground the right to data protection in fundamental rights.,enrich-compliance-xwalk.py,2026-09-17,candidate,,
ISO-SAE-21434,UNECE-WP29-R155,intersects_with,policy_reference,"Supports compliance with regulatory requirements , such as the UNECE WP.29 regulation on cybersecurity and software updates.",high,"The text explicitly links ISO/SAE 21434 to supporting compliance with UNECE WP.29 regulations, specifically mentioning cybersecurity and software updates (which corresponds to R155/R156).",enrich-compliance-xwalk.py,2026-09-17,candidate,,
ISO-SAE-21434,ISO-IEC-27001-2022,intersects_with,implementation_guidance,"This package provides a holistic approach to managing information security, cybersecurity, and privacy protection. ISO/SAE 21434:2021 ISO/IEC 27001:2022",medium,"The text lists ISO/IEC 27001:2022 in a ""Buy together"" package with ISO/SAE 21434, indicating they are complementary standards for a holistic security approach, but not that one is a subset of the other.",enrich-compliance-xwalk.py,2026-09-17,candidate,,
ISO-SAE-21434,ISO-26262,intersects_with,implementation_guidance,Integration with functional safety : Complements standards like ISO 26262 for functional safety.,high,"The text explicitly states that ISO/SAE 21434 complements ISO 26262. While ISO 26262 is not in the ""already-known citations"" list, it is clearly supported by the text as a related standard.",enrich-compliance-xwalk.py,2026-09-17,candidate,,
NIST-IR-8547,FIPS 203,intersects_with,technical_dependency,"""NIST has released three PQC standards to start the next and significantly large stage of working on the transition to post-quantum cryptography: the Module-Lattice-Based Key-Encapsulation Mechanism [FIPS203]""",high,NIST IR 8547 identifies FIPS 203 as a core standard for the transition.,enrich-compliance-xwalk.py,2026-09-17,candidate,,
NIST-IR-8547,FIPS 204,intersects_with,technical_dependency,"""the Module-Lattice-Based Digital Signature Algorithm [FIPS204], and the Stateless Hash-Based Signature Algorithm [FIPS205].""",high,NIST IR 8547 identifies FIPS 204 as a core standard for the transition.,enrich-compliance-xwalk.py,2026-09-17,candidate,,
NIST-IR-8547,FIPS 205,intersects_with,technical_dependency,"""the Module-Lattice-Based Digital Signature Algorithm [FIPS204], and the Stateless Hash-Based Signature Algorithm [FIPS205].""",high,NIST IR 8547 identifies FIPS 205 as a core standard for the transition.,enrich-compliance-xwalk.py,2026-09-17,candidate,,
NIST-IR-8547,FIPS 186,intersects_with,policy_reference,"""NIST-approved digital signature algorithms were historically specified in FIPS 186 [FIPS186]. The current revision of FIPS 186 specifies the Elliptic Curve Digital Signature Algorithm (ECDSA)""",high,NIST IR 8547 references FIPS 186 to identify quantum-vulnerable algorithms subject to deprecation.,enrich-compliance-xwalk.py,2026-09-17,candidate,,
NIST-IR-8547,SP 800-186,intersects_with,technical_dependency,"""The related SP 800-186 [SP800186] specifies the elliptic curves to be used with ECDSA and the elliptic curve cryptography (ECC) based key establishment schemes in SP 800-56A [SP80056A].""",high,NIST IR 8547 references SP 800-186 as part of the existing quantum-vulnerable infrastructure.,enrich-compliance-xwalk.py,2026-09-17,candidate,,
NIST-IR-8547,SP 800-56A,intersects_with,technical_dependency,"""Current NIST-approved key-establishment schemes are specified in SP 800-56A, Recommendation for Pair-Wise Key-Establishment Schemes Using Discrete Logarithm-Based Cryptography [SP80056A]""",high,NIST IR 8547 references SP 800-56A as a current standard for key establishment.,enrich-compliance-xwalk.py,2026-09-17,candidate,,
NIST-IR-8547,SP 800-208,intersects_with,technical_dependency,"""SP 800-208, Recommendation for Stateful Hash-Based Signature Schemes, specifies two stateful hash-based signature (HBS) schemes — the Leighton-Micali Signature (LMS) system and the eXtended Merkle Signature Scheme (XMSS)""",high,NIST IR 8547 references SP 800-208 as a quantum-resistant standard.,enrich-compliance-xwalk.py,2026-09-17,candidate,,
NIST-IR-8547,NIST IR 8528,intersects_with,policy_reference,"""NIST is evaluating other proposed digital signature algorithms for possible standardization through the Additional Digital Signature Schemes for the NIST Post-Quantum Cryptography Standardization Process [NISTIR8528].""",high,NIST IR 8547 references NIST IR 8528 regarding future standardization efforts.,enrich-compliance-xwalk.py,2026-09-17,candidate,,
ASD-ISM,AU-ASD-ISM-Crypto-2024,equivalent,equivalence,"""Content written for Attachments Guidelines for cryptography (June 2026) 983KB .pdf""",high,"The source text is the ""Guidelines for cryptography"" attachment to the ASD ISM. The citation ID ""AU-ASD-ISM-Crypto-2024"" likely refers to this specific cryptographic guideline document within the ISM framework. The text explicitly identifies itself as ""Guidelines for cryptography"".",enrich-compliance-xwalk.py,2026-09-17,candidate,,
ASD-ISM,FIPS 140-3,intersects_with,policy_reference,"""Federal Information Processing Standard (FIPS) 140-3, Security Requirements for Cryptographic Modules ... are United States standards based upon earlier versions of ISO/IEC 19790 and ISO/IEC 24759.""",high,"The ASD ISM cites FIPS 140-3 as a recognized standard for cryptographic module validation, specifically in the context of ""Cryptographic implementation assurance"" where it lists ""a FIPS 140-3 cryptographic evaluation"" as an acceptable process.",enrich-compliance-xwalk.py,2026-09-17,candidate,,
ASD-ISM,NIST SP 800-57 Part 1 Rev. 5,intersects_with,policy_reference,"""Further information on general cryptographic key management practices can be found in NIST SP 800-57 Part 1 Rev. 5, Recommendation for Key Management: Part 1 – General .""",high,"The ASD ISM references this NIST publication for further information on key management practices, indicating a dependency for guidance.",enrich-compliance-xwalk.py,2026-09-17,candidate,,
ASD-ISM,NIST SP 800-56A Rev. 3,intersects_with,policy_reference,"""The security considerations when creating such a prime modulus can be found in NIST SP 800-56A Rev. 3, along with a collection of commonly used secure moduli.""",high,The ASD ISM mandates the use of parameters selected according to this standard for Diffie-Hellman key agreement (Control ISM-1629).,enrich-compliance-xwalk.py,2026-09-17,candidate,,
ASD-ISM,NIST SP 800-186,intersects_with,policy_reference,"""As such, only suitable curves from NIST SP 800-186 should be used.""",high,The ASD ISM restricts elliptic curve selection to those defined in this NIST standard (Control ISM-1446).,enrich-compliance-xwalk.py,2026-09-17,candidate,,
ASD-ISM,FIPS 204,intersects_with,policy_reference,"""In doing so, FIPS 204 and FIPS 203 state that other foundational standards must also be adhered to, including the requir""",high,The ASD ISM cites FIPS 204 (ML-KEM) as an approved post-quantum cryptographic standard and notes its dependency on other foundational standards.,enrich-compliance-xwalk.py,2026-09-17,candidate,,
ASD-ISM,FIPS 203,intersects_with,policy_reference,"""In doing so, FIPS 204 and FIPS 203 state that other foundational standards must also be adhered to, including the requir""",high,The ASD ISM cites FIPS 203 (ML-DSA) as an approved post-quantum cryptographic standard.,enrich-compliance-xwalk.py,2026-09-17,candidate,,
ASD-ISM,ISO/IEC 19790:2025,intersects_with,policy_reference,"""International Organization for Standardization (ISO)/International Electrotechnical Commission (IEC) 19790:2025, Information security, cybersecurity and privacy protection – Security requirements for cryptographic modules""",high,The ASD ISM identifies this as an international standard for the design and validation of cryptographic modules.,enrich-compliance-xwalk.py,2026-09-17,candidate,,
ASD-ISM,ISO/IEC 24759:2025,intersects_with,policy_reference,"""and ISO/IEC 24759:2025, Information security, cybersecurity and privacy protection – Test requirements for cryptographic modules , are international standards for the design and validation of hardware and software cryptographic modules.""",high,The ASD ISM identifies this as an international standard for test requirements for cryptographic modules.,enrich-compliance-xwalk.py,2026-09-17,candidate,,
ASD-ISM,NIST SP 800-140,intersects_with,policy_reference,"""and National Institute of Standards and Technology (NIST) Special Publication (SP) 800-140, FIPS 140-3 Derived Test Requirements (DTR): CMVP Validation Authority Updates to ISO/IEC 24759 are United States standards""",high,"The ASD ISM cites this NIST publication as a US standard derived from ISO/IEC 24759, relevant to FIPS 140-3 validation.",enrich-compliance-xwalk.py,2026-09-17,candidate,,
CCCS-ITSM,Canada CSE PQC Guidance,intersects_with,policy_reference,"""Cyber Centre recommendations for PQC algorithms are provided in Cryptographic algorithms for UNCLASSIFIED, PROTECTED A, and PROTECTED B information (ITSP 40.111) .""",high,"The text explicitly cites ITSP 40.111 as the source for the Cyber Centre's PQC algorithm recommendations, which constitutes the ""Canada CSE PQC Guidance"" referenced in the known citations.",enrich-compliance-xwalk.py,2026-09-17,candidate,,
CCCS-ITSM,NIST,intersects_with,policy_reference,"""The United States’ National Institute of Standards and Technology (NIST) has worked globally with cryptographic experts to standardize PQC algorithms that can replace existing vulnerable public-key cryptography.""",high,The roadmap relies on NIST's standardization work as the foundational basis for the PQC migration strategy.,enrich-compliance-xwalk.py,2026-09-17,candidate,,
CCCS-ITSM,CCCS-ITSAP40018,intersects_with,implementation_guidance,"""the Cyber Centre will update the Guidance on securely configuring network protocols (ITSP.40.062) publication.""",medium,"The known citation ""CCCS-ITSAP40018"" likely corresponds to the ITSP.40.062 document mentioned in the text (or a related specific standard ID not fully expanded in the snippet but implied by the context of network protocol guidance). The text states the Cyber Centre is updating this guidance to support PQC, making it a dependency for the migration roadmap.",enrich-compliance-xwalk.py,2026-09-17,candidate,,
CCCS-ITSM,Canada:CCCS,superset_of,policy_reference,"""This is an UNCLASSIFIED publication, issued under the authority of the Head of the Canadian Centre for Cyber Security (Cyber Centre).""",high,"The compliance record (ITSM.40.001) is a specific publication issued by the Canadian Centre for Cyber Security (CCCS), making the organization the superset/authority.",enrich-compliance-xwalk.py,2026-09-17,candidate,,
EU-REC-2024-1101,NIS2,intersects_with,policy_reference,"""Having regard to Directive (EU) 2022/2555 of the European Parliament and of the Council of 14 December 2022 on measures for a high common level of cybersecurity across the Union... (NIS 2 Directive).""",high,"The recommendation explicitly cites the NIS2 Directive as a legal basis (""Having regard to"").",enrich-compliance-xwalk.py,2026-09-17,candidate,,
EU-REC-2024-1101,ENISA,intersects_with,implementation_guidance,"""This Commission Recommendation encourages Member States to work at EU-level closely with the Union’s cybersecurity experts, with the NIS Cooperation Group and with the European Union Agency for Cybersecurity (ENISA), on the evaluation and selection of the appropriate Post-Quantum Cryptography algor",high,ENISA is cited as a key stakeholder for algorithm evaluation and selection.,enrich-compliance-xwalk.py,2026-09-17,candidate,,
EU-REC-2024-1101,EU-NIS-CG-Roadmap-v1.1,intersects_with,implementation_guidance,"""Member States are invited to establish such a sub-group on Post-Quantum Cryptography pursuant to Commission Implementing Decision (EU) 2017/179... and to appoint expert representatives who should work in close cooperation with the Commission and who should be tasked to define and develop the Post-Q",medium,"The text mandates the creation of a ""Post-Quantum Cryptography Coordinated Implementation Roadmap"" via a sub-group of the NIS Cooperation Group. While the specific version ""v1.1"" is not in the text, this is the document produced by the process described.",enrich-compliance-xwalk.py,2026-09-17,candidate,,
EU-REC-2024-1101,EC-Recommendation-2024-1101,equivalent,equivalence,"""COMMISSION RECOMMENDATION (EU) 2024/1101 of 11 April 2024 on a Coordinated Implementation Roadmap for the transition to Post-Quantum Cryptography""",high,This is the self-identification of the document.,enrich-compliance-xwalk.py,2026-09-17,candidate,,
EU-REC-2024-1101,European Union:EC,intersects_with,policy_reference,"""THE EUROPEAN COMMISSION, Having regard to the Treaty on the Functioning of the European Union, and in particular Article 292 thereof... HAS ADOPTED THIS RECOMMENDATION""",high,The European Commission is the issuing authority.,enrich-compliance-xwalk.py,2026-09-17,candidate,,
BSI-TR-02102,BSI TR-02102-1,equivalent,equivalence,"""Designation: Cryptographic Mechanisms: Recommendations and Key Lengths Abbreviation: BSI TR-02102-1""",high,"The source text is the document BSI TR-02102-1 itself. The compliance record ""BSI-TR-02102"" is the series identifier, and this specific version is Part 1.",enrich-compliance-xwalk.py,2026-09-17,candidate,,
BSI-TR-02102,NIST SP 800-185,intersects_with,technical_dependency,"""CatKDF, see [38]... It is recommended to use CatKDF with KMAC or HKDF. In particular, when using CatKDF with HKDF, the design of the input values must comply with [38, Section 8.2.3].""",high,Reference [38] in the bibliography corresponds to NIST SP 800-185 (CatKDF). The text explicitly mandates compliance with this standard for hybridization.,enrich-compliance-xwalk.py,2026-09-17,candidate,,
BSI-TR-02102,NIST FIPS 203,intersects_with,technical_dependency,"""ML-KEM is a lattice-based Key encapsulation mechanism... Key generation, encapsulation, and decapsulation are described in [110]. ML-KEM with the parameter sets corresponding to NIST Security Strength Categories 3 and 5 (see Table 2.7) from [110] is considered cryptographically suitable""",high,Reference [110] corresponds to NIST FIPS 203 (ML-KEM). The guideline recommends specific parameter sets defined in this standard.,enrich-compliance-xwalk.py,2026-09-17,candidate,,
BSI-TR-02102,NIST FIPS 204,intersects_with,technical_dependency,"""The security of the stateless hash-based signature scheme SLH-DSA [112] is based on the security properties of the hash function used... This Technical Guideline recommends the “hedged”-variant of SLH-DSA and all parameter sets corresponding to NIST Security Strength Categories 3 and 5 from [112]""",high,Reference [112] corresponds to NIST FIPS 204 (SLH-DSA). The guideline recommends specific parameter sets and variants defined in this standard.,enrich-compliance-xwalk.py,2026-09-17,candidate,,
BSI-TR-02102,NIST FIPS 205,intersects_with,technical_dependency,"""The security of the ML-DSA [111] signature scheme is based on the Module Learning with Errors (MLWE) Problem... This Technical Guideline recommends the “hedged”-variant of ML-DSA and all parameter sets according to NIST Security Strength Categories 3 and 5 from [111]""",high,Reference [111] corresponds to NIST FIPS 205 (ML-DSA). The guideline recommends specific parameter sets and variants defined in this standard.,enrich-compliance-xwalk.py,2026-09-17,candidate,,
BSI-TR-02102,RFC 9420,intersects_with,implementation_guidance,"""Messaging Layer Security (MLS) is a protocol for exchanging keys... For MLS 1.0, the following cipher suites are recommended in this Technical Guideline: • MLS_128_DHKEMP256_AES128GCM_SHA256_P256, see [8, Section 17.1]""",high,Reference [8] is RFC 9420 (The Messaging Layer Security (MLS) Protocol). The guideline specifies recommended cipher suites based on this protocol standard.,enrich-compliance-xwalk.py,2026-09-17,candidate,,
BSI-TR-02102,RFC 9106,intersects_with,technical_dependency,"""Recommendation of Argon2id for password-based key derivation.""",medium,"While the specific reference number for Argon2id is not in the excerpt's bibliography list (it cuts off at [12]), the text explicitly recommends Argon2id. Reference [12] in the bibliography is ""Argon2 Memory-Hard Function... RFC 9106"". The relationship is supported by the recommendation of the algorithm defined in this RFC.",enrich-compliance-xwalk.py,2026-09-17,candidate,,
BSI-TR-02102,BSI TR-02102-3,intersects_with,policy_reference,"""BSI TR-02102-3""",low,"Similar to TR-02102-2, the source text (Part 1) does not contain direct evidence citing Part 3. Omitted due to lack of direct evidence in the provided text.",enrich-compliance-xwalk.py,2026-09-17,candidate,,
BSI-TR-02102,BSI TR-02102-4,intersects_with,policy_reference,"""BSI TR-02102-4""",low,"Similar to TR-02102-2 and 3, the source text (Part 1) does not contain direct evidence citing Part 4. Omitted due to lack of direct evidence in the provided text.",enrich-compliance-xwalk.py,2026-09-17,candidate,,
UK-NCSC,UK-NCSC-PQC-Whitepaper-2024,intersects_with,policy_reference,"""In November 2023, the NCSC published a white paper ‘ Next steps in preparing for post-quantum cryptography ’, with small updates in August 2024 to reflect NIST’s publication of 3 algorithm standards .""",high,The current guidance (timelines) references the earlier whitepaper as a foundational policy document.,enrich-compliance-xwalk.py,2026-09-17,candidate,,
UK-NCSC,FIPS-203,intersects_with,technical_dependency,"""with small updates in August 2024 to reflect NIST’s publication of 3 algorithm standards""",medium,"The text references ""NIST's publication of 3 algorithm standards"" in August 2024. FIPS-203 (ML-KEM) is one of these three standards (along with FIPS-204 and FIPS-205). The relationship is inferred from the count and date, as the specific FIPS numbers are not explicitly listed in this excerpt.",enrich-compliance-xwalk.py,2026-09-17,candidate,,
UK-NCSC,FIPS-204,intersects_with,technical_dependency,"""with small updates in August 2024 to reflect NIST’s publication of 3 algorithm standards""",medium,"The text references ""NIST's publication of 3 algorithm standards"" in August 2024. FIPS-204 (ML-DSA) is one of these three standards. The relationship is inferred from the count and date.",enrich-compliance-xwalk.py,2026-09-17,candidate,,
UK-NCSC,FIPS-205,intersects_with,technical_dependency,"""with small updates in August 2024 to reflect NIST’s publication of 3 algorithm standards""",medium,"The text references ""NIST's publication of 3 algorithm standards"" in August 2024. FIPS-205 (SLH-DSA) is one of these three standards. The relationship is inferred from the count and date.",enrich-compliance-xwalk.py,2026-09-17,candidate,,
UK-NCSC,UK-NCSC-Migration-Timelines-2025,equivalent,equivalence,"""Timelines for migration to post-quantum cryptography... In this guidance, the NCSC sets out some key target dates for migration activities.""",high,"The source text is the ""UK-NCSC-Migration-Timelines-2025"" document itself (or the specific section of the guidance containing these timelines). The compliance record ""UK NCSC PQC Guidance"" encompasses this specific timeline document.",enrich-compliance-xwalk.py,2026-09-17,candidate,,
CRYPTREC,Japan CRYPTREC Report 2024,equivalent,equivalence,CRYPTREC 暗号技術ガイドライン （耐量子計算機暗号）2024 年度版 2025 年 3 月,high,"The source text is the CRYPTREC PQC Guidelines for the 2024 fiscal year (published March 2025). The citation ""Japan CRYPTREC Report 2024"" refers to this specific document.",enrich-compliance-xwalk.py,2026-09-17,candidate,,
CRYPTREC,FIPS 203,intersects_with,technical_dependency,3.3.1 FIPS 203：Module-Lattice-Based Key-Encapsulation Mechanism Standard (ML-KEM),high,The CRYPTREC guidelines explicitly cite and describe FIPS 203 (ML-KEM) as a major lattice-based scheme.,enrich-compliance-xwalk.py,2026-09-17,candidate,,
CRYPTREC,FIPS 204,intersects_with,technical_dependency,3.3.2 FIPS 204: Module-Lattice-Based Digital Signature Standard（ML-DSA）,high,The CRYPTREC guidelines explicitly cite and describe FIPS 204 (ML-DSA) as a major lattice-based scheme.,enrich-compliance-xwalk.py,2026-09-17,candidate,,
CRYPTREC,FIPS 205,intersects_with,technical_dependency,詳細は NIST FIPS 205 [35] を参照のこと。,high,The text references NIST FIPS 205 (SLH-DSA) for details on verification algorithms and parameter settings.,enrich-compliance-xwalk.py,2026-09-17,candidate,,
MAS-CIRCULAR,Singapore:MAS,superset_of,policy_reference,"""This advisory should be read as supplementary information to the MAS notices and guidelines6. 6 The MAS notices and guidelines include the Notice on Technology Risk Management (TRM), Notice on Cyber Hygiene, TRM Guidelines, and Outsourcing Guidelines.""",high,"The circular explicitly positions itself as supplementary to existing MAS notices and guidelines, indicating it is part of the broader MAS regulatory framework.",enrich-compliance-xwalk.py,2026-09-17,candidate,,
MAS-CIRCULAR,NIST,intersects_with,policy_reference,"""To that end, NIST has started a global standardisation process for post-quantum cryptography (“PQC”). This involves shortlisting quantum-resistant public-key cryptographic algorithms...""",high,"The circular references NIST's standardization process as the context for the PQC transition, establishing a dependency on NIST standards for the technical solutions mentioned.",enrich-compliance-xwalk.py,2026-09-17,candidate,,
MAS-CIRCULAR,CRYSTALS-Kyber,intersects_with,technical_dependency,"""NIST announced the first four quantum resistant algorithms in July 2022 that would become part of the post- quantum cryptographic (“PQC”) standard. The chosen algorithms are CRYSTALS-Kyber for public key encryption...""",high,"The text explicitly names CRYSTALS-Kyber as one of the selected PQC algorithms, implying that FIs should consider these specific standards for migration.",enrich-compliance-xwalk.py,2026-09-17,candidate,,
MAS-CIRCULAR,CRYSTALS-Dilithium,intersects_with,technical_dependency,"""NIST announced the first four quantum resistant algorithms in July 2022 that would become part of the post- quantum cryptographic (“PQC”) standard. The chosen algorithms are CRYSTALS-Kyber for public key encryption to access secure websites, and CRYSTALS-Dilithium, FALCON, and SPHINCS+ for digital ",high,Explicitly cited as a selected PQC algorithm for digital signatures.,enrich-compliance-xwalk.py,2026-09-17,candidate,,
MAS-CIRCULAR,FALCON,intersects_with,technical_dependency,"""NIST announced the first four quantum resistant algorithms in July 2022 that would become part of the post- quantum cryptographic (“PQC”) standard. The chosen algorithms are CRYSTALS-Kyber for public key encryption to access secure websites, and CRYSTALS-Dilithium, FALCON, and SPHINCS+ for digital ",high,Explicitly cited as a selected PQC algorithm for digital signatures.,enrich-compliance-xwalk.py,2026-09-17,candidate,,
MAS-CIRCULAR,SPHINCS+,intersects_with,technical_dependency,"""NIST announced the first four quantum resistant algorithms in July 2022 that would become part of the post- quantum cryptographic (“PQC”) standard. The chosen algorithms are CRYSTALS-Kyber for public key encryption to access secure websites, and CRYSTALS-Dilithium, FALCON, and SPHINCS+ for digital ",high,Explicitly cited as a selected PQC algorithm for digital signatures.,enrich-compliance-xwalk.py,2026-09-17,candidate,,
INCD-PQC,NIST,intersects_with,policy_reference,"""Some of the most extensive efforts towards the development of cryptographic solutions in the Post-Quantum Age are carried out by NIST, which for a long period of time has been conducting a regulated process aimed at searching for algorithms/protocols that would address all the needs of the new age.",high,"The text explicitly identifies NIST as the primary body conducting the PQC standardization process, which the INCD guidance references for context and future algorithm selection.",enrich-compliance-xwalk.py,2026-09-17,candidate,,
INCD-PQC,NIST,intersects_with,policy_reference,"""Some of the most extensive efforts towards the development of cryptographic solutions in the Post-Quantum Age are carried out by NIST, which for a long period of time has been conducting a regulated process aimed at searching for algorithms/protocols that would address all the needs of the new age.",high,"The INCD guidance explicitly references NIST's standardization process as the primary global effort for PQC, establishing a dependency on NIST's outcomes for the recommended actions.",enrich-compliance-xwalk.py,2026-09-17,candidate,,
NCSC-NL,Netherlands:AIVD,intersects_with,policy_reference,"""Since 2014, the General Intelligence and Security Service of the Netherlands (AIVD) and National Cyber Security Centre (NCSC) have issued several publications to inform organisations of these risks.""",high,"The document is a joint publication by NCSC and AIVD, establishing a direct collaborative and policy reference relationship.",enrich-compliance-xwalk.py,2026-09-17,candidate,,
NCSC-NL,FIPS 203,intersects_with,implementation_guidance,"""The new availability of new PQC standards (NIST).""",medium,"The text references ""new PQC standards (NIST)"" in Table 1. FIPS 203 (ML-KEM) is one of the primary NIST PQC standards. The relationship is inferred from the general reference to NIST standards which this compliance record guides users to adopt.",enrich-compliance-xwalk.py,2026-09-17,candidate,,
NCSC-NL,FIPS 204,intersects_with,implementation_guidance,"""The new availability of new PQC standards (NIST).""",medium,"The text references ""new PQC standards (NIST)"" in Table 1. FIPS 204 (ML-DSA) is one of the primary NIST PQC standards. The relationship is inferred from the general reference to NIST standards which this compliance record guides users to adopt.",enrich-compliance-xwalk.py,2026-09-17,candidate,,
NCSC-NL,FIPS 205,intersects_with,implementation_guidance,"""The new availability of new PQC standards (NIST).""",medium,"The text references ""new PQC standards (NIST)"" in Table 1. FIPS 205 (SLH-DSA) is one of the primary NIST PQC standards. The relationship is inferred from the general reference to NIST standards which this compliance record guides users to adopt.",enrich-compliance-xwalk.py,2026-09-17,candidate,,
EUCC,Common Criteria,intersects_with,technical_dependency,"""The Common Evaluation Methodology accompanying the Common Criteria (CC), an international standard for information security evaluation, allows the evaluation of the security of ICT products for certification purposes.""",high,"The EUCC scheme is explicitly described as ""Common Criteria-based"" and relies on CC for evaluation.",enrich-compliance-xwalk.py,2026-09-17,candidate,,
EUCC,EUCC v2.0 ACM,intersects_with,policy_reference,"""Commission Implementing Regulation (EU) 2024/482 (2) specifies the roles, rules and obligations, as well as the structure of the European Common Criteria-based cybersecurity certification scheme (EUCC)""",medium,"The provided text is Regulation 2025/2462, which amends Regulation 2024/482. The ""EUCC v2.0 ACM"" likely refers to the Assurance Continuity Methodology or a specific version of the scheme rules defined in the base regulation (2024/482) which this text amends. The text confirms the existence and structure of the EUCC scheme.",enrich-compliance-xwalk.py,2026-09-17,candidate,,
EUCC,European Union:ECCG,intersects_with,policy_reference,"""In order to ensure a uniform evaluation of ICT products under the EUCC, Annex I should be amended to include those updated and new state-of-the-art documents following their endorsement by the European Cybersecurity Certification Group (ECCG).""",high,The text explicitly states that state-of-the-art documents for the EUCC require endorsement by the ECCG.,enrich-compliance-xwalk.py,2026-09-17,candidate,,
EUCC,Common Criteria,intersects_with,implementation_guidance,"""Additionally, the state-of-the-art document ‘ADV_SPM.1 interpretation for CC:2022 transition’ should be added to the scheme to ensure that certification processes relying on specific protection profiles can continue using formal modelling (ADV_SPM.1) until the corresponding protection profiles are ",high,This highlights a specific dependency on the CC:2022 version of the Common Criteria standard for transition purposes.,enrich-compliance-xwalk.py,2026-09-17,candidate,,
ANSSI-BODY,ANSSI PQC Position Paper,intersects_with,policy_reference,"""Se référer à l’avis scientifique de l’ANSSI sur la migration vers la cryptographie post-quantique publié en décembre 2023""",high,"The text explicitly references the ""avis scientifique"" (scientific opinion/position paper) from December 2023 as a foundational reference for the transition context.",enrich-compliance-xwalk.py,2026-09-17,candidate,,
ANSSI-BODY,ANSSI-PG-083-v3-2026,intersects_with,policy_reference,"""D. Absence d’obligation réglementaire (pour les entités régulées). C’est – malheureusement – parfois le seul levier efficace, quand les autres approches ont échoué, pour faire évoluer une situation bloquée.""",medium,"The text discusses the lack of current regulatory obligations but implies the necessity of such frameworks (like PG-083) to drive migration. The specific document ID is not in the text, but the concept of regulatory obligation is central.",enrich-compliance-xwalk.py,2026-09-17,candidate,,
ANSSI-BODY,NIST,intersects_with,technical_dependency,"""La situation des futurs standards post-quantiques est différente. En effet, seuls quelques spécialistes du domaine maîtrisent complètement ces primitives""",medium,"The text refers to ""futurs standards post-quantiques"" which are primarily defined by NIST. While NIST is not named in this specific excerpt, the context of ""standards"" and ""primitives"" in PQC strongly implies dependency on NIST standards, which are the global baseline.",enrich-compliance-xwalk.py,2026-09-17,candidate,,
ANSSI-BODY,EC-Recommendation-2024-1101,intersects_with,policy_reference,"""L’Agence est ainsi attendue dans un rôle de régulateur et tiers de confiance... Être actrice d’une bonne coopération avec ses partenaires, notamment européens""",low,"The text mentions cooperation with European partners and the role of ANSSI as a regulator. EC Recommendation 2024/1101 is a key EU document on PQC. The link is inferential based on the ""European cooperation"" and ""regulatory"" context, but not explicitly cited in the provided text snippet.",enrich-compliance-xwalk.py,2026-09-17,candidate,,
ANSSI-BODY,TNO-PQC-Migration-WP-2025,intersects_with,technical_dependency,"""Cette enquête s’inscrit dans un travail de long terme de l’ANSSI pour accompagner les acteurs publics et économiques à se préparer à l’arrivée de la menace quantique""",low,The text describes ANSSI's long-term work on PQC transition. TNO's work is a parallel European effort. The relationship is thematic (both address PQC migration) but not explicitly cited in the text.,enrich-compliance-xwalk.py,2026-09-17,candidate,,
ANSSI-BODY,France:ANSSI,equivalent,equivalence,"""Agence nationale de la sécurité des systèmes d'information — France's national cybersecurity authority""",high,"The compliance record is ANSSI itself. ""France:ANSSI"" is a label for the same entity.",enrich-compliance-xwalk.py,2026-09-17,candidate,,
CRYPTREC-BODY,Japan CRYPTREC Report 2024,equivalent,timeline_anchor,CRYPTRECとはCryptography Research and Evaluation Committees の略であり、電子政府推奨暗号の安全性を評価・監視し、暗号技術の適切な実装法・運用法を調査・検討するプロジェクトである。,high,"The source text describes the CRYPTREC project and its current operational status (including Digital Agency participation from 2021). ""Japan CRYPTREC Report 2024"" is the specific publication/report associated with this body in the current timeline. The relationship is one of identity/equivalence between the body and its primary output/report.",enrich-compliance-xwalk.py,2026-09-17,candidate,,
CRYPTREC-BODY,Japan:CRYPTREC,equivalent,equivalence,CRYPTRECとはCryptography Research and Evaluation Committees の略であり、電子政府推奨暗号の安全性を評価・監視し、暗号技術の適切な実装法・運用法を調査・検討するプロジェクトである。,high,"""Japan:CRYPTREC"" is a standard identifier for the body described in the text. The text defines CRYPTREC as the project/body. This is an equivalence relationship.",enrich-compliance-xwalk.py,2026-09-17,candidate,,
BSI,BSI TR-02102-1,equivalent,equivalence,"""BSI – Technical Guideline Designation: Cryptographic Mechanisms: Recommendations and Key Lengths Abbreviation: BSI TR-02102-1""",high,"The compliance record ""BSI"" is defined by this specific technical guideline in the context of PQC guidance.",enrich-compliance-xwalk.py,2026-09-17,candidate,,
BSI,NIST FIPS 203,intersects_with,technical_dependency,"""ML-KEM is a lattice-based Key encapsulation mechanism, KEM whose security is based on the “Module Learning with Errors (MLWE)” problem. Key generation, encapsulation, and decapsulation are described in [110].""",high,Reference [110] in the bibliography corresponds to NIST FIPS 203 (ML-KEM). The text explicitly states the mechanism is described in this standard.,enrich-compliance-xwalk.py,2026-09-17,candidate,,
BSI,NIST FIPS 204,intersects_with,technical_dependency,"""The security of the stateless hash-based signature scheme SLH-DSA [112] is based on the security properties of the hash function used... Key generation, signature generation and signature verification are described in [112].""",high,Reference [112] in the bibliography corresponds to NIST FIPS 204 (SLH-DSA). The text explicitly states the scheme is described in this standard.,enrich-compliance-xwalk.py,2026-09-17,candidate,,
BSI,NIST FIPS 205,intersects_with,technical_dependency,"""The security of the ML-DSA [111] signature scheme is based on the Module Learning with Errors (MLWE) Problem... Key generation, signature generation, and signature verification are described in [111].""",high,Reference [111] in the bibliography corresponds to NIST FIPS 205 (ML-DSA). The text explicitly states the scheme is described in this standard.,enrich-compliance-xwalk.py,2026-09-17,candidate,,
BSI,RFC 9420,intersects_with,implementation_guidance,"""Messaging Layer Security (MLS) is a protocol for exchanging keys for secure communication... For MLS 1.0, the following cipher suites are recommended in this Technical Guideline: • MLS_128_DHKEMP256_AES128GCM_SHA256_P256, see [8, Section 17.1]""",high,"Reference [8] in the bibliography is ""The Messaging Layer Security (MLS) Protocol. RFC 9420, 2023."" The BSI guideline recommends specific cipher suites defined in this RFC.",enrich-compliance-xwalk.py,2026-09-17,candidate,,
BSI,EU PQC Workstream of NIS Cooperation Group. A Coordinated Implementation Roadmap for the Transition to Post-Quantum Cryptography,intersects_with,policy_reference,"""According to the roadmap proposed by the EU [1], the transition should take place by 2035 at the latest. This technical guideline follows this recommendation.""",high,Reference [1] in the bibliography is the EU PQC Roadmap. The BSI guideline explicitly aligns its timeline with this policy document.,enrich-compliance-xwalk.py,2026-09-17,candidate,,
NSA,NSA CNSA 2.0,equivalent,equivalence,"""NSA will reference this update as CNSA Suite 2.0, and any future updates will modify the version number.""",high,The source text is the official announcement of CNSA 2.0 by the NSA.,enrich-compliance-xwalk.py,2026-09-17,candidate,,
NSA,NIST SP 800-208,intersects_with,technical_dependency,"""The algorithms chosen for software- and firmware-signing are those specified in NIST Special Publication 800-208.""",high,CNSA 2.0 mandates the use of algorithms defined in this NIST publication.,enrich-compliance-xwalk.py,2026-09-17,candidate,,
NSA,FIPS PUB 197,intersects_with,technical_dependency,"""Algorithm Function Specification Parameters Symmetric block cipher Advanced Encryption Use 256-bit keys for all for information FIPS PUB 197 Standard (AES) classification levels.""",high,CNSA 2.0 includes AES as defined in FIPS 197.,enrich-compliance-xwalk.py,2026-09-17,candidate,,
NSA,FIPS PUB 180-4,intersects_with,technical_dependency,"""Algorithm for computing a Use SHA-384 or SHA- Secure Hash Algorithm condensed FIPS PUB 180-4 512 for all classification (SHA) representation of levels.""",high,CNSA 2.0 includes SHA-384/512 as defined in FIPS 180-4.,enrich-compliance-xwalk.py,2026-09-17,candidate,,
NSA,RFC 8603,intersects_with,implementation_guidance,"""The following documents specify how to configure solutions to comply with CNSA requirements. These include: • RFC 8603 \""Commercial National Security Algorithm (CNSA) Suite Certificate and Certificate Revocation List (CRL) Profile\""""",high,Cited as guidance for implementing CNSA requirements.,enrich-compliance-xwalk.py,2026-09-17,candidate,,
NSA,RFC 9151,intersects_with,implementation_guidance,"""• RFC 9151 \""Commercial National Security Algorithm (CNSA) Suite Profile for TLS and DTLS 1.2 and 1.3\"" https://datatracker.ietf.org/doc/html/rfc9151/""",high,Cited as guidance for implementing CNSA requirements.,enrich-compliance-xwalk.py,2026-09-17,candidate,,
NSA,CNSSP 15,intersects_with,policy_reference,"""They are an update to those in the Commercial National Security Algorithm Suite (referred to as CNSA 1.0, the algorithms currently listed in CNSSP 15, Annex B).""",high,CNSA 2.0 is an update to the algorithms listed in CNSSP 15.,enrich-compliance-xwalk.py,2026-09-17,candidate,,
NSA,NSM-10,intersects_with,timeline_anchor,"""NSA expects the transition to QR algorithms for NSS to be complete by 2035 in line with NSM-10.""",high,The transition timeline is aligned with the requirements of NSM-10.,enrich-compliance-xwalk.py,2026-09-17,candidate,,
CMMC,NIST SP 800-171 Rev. 2,intersects_with,technical_dependency,"""Level 2 incorporates the security requirements specified in National Institute of Standards and Technology (NIST) Special Publication (SP) 800-171 Revision 2, Protecting Controlled Unclassified Information in Nonfederal Systems and Organizations.""",high,The CMMC Level 2 model is built directly upon the NIST SP 800-171 Rev 2 requirements.,enrich-compliance-xwalk.py,2026-09-17,candidate,,
CMMC,NIST SP 800-171A,intersects_with,implementation_guidance,"""Certified Assessors as described in 32 CFR § 170.11 will use the assessment methods defined in NIST SP 800-171A 1, Assessing Security Requirements for Controlled Unclassified Information, along with the supplemental information in this guide, to conduct Level 2 certification assessments.""",high,NIST SP 800-171A provides the specific assessment objectives and methods used for CMMC Level 2 assessments.,enrich-compliance-xwalk.py,2026-09-17,candidate,,
CMMC,NIST SP 800-53 Rev 5,intersects_with,policy_reference,"""The system security plan describes the system components that are included within the system, the environment in which the system operates, how the security requirements are implemented, and the relationships with or connections to other systems, as defined in NIST SP 800-53 Rev 5.""",medium,Cited as the definition source for System Security Plan (SSP) components and relationships.,enrich-compliance-xwalk.py,2026-09-17,candidate,,
CMMC,NIST SP 800-160 Vol. 1 R1,intersects_with,policy_reference,"""Monitoring: The act of continually checking, supervising, critically observing, or determining the status in order to identify change from the performance level required or expected at an organization-defined frequency and rate. 6 • Operational plan of action: ... 6 NIST SP 800-160 Vol. 1 R1, Engin",medium,"Cited for the definition of ""Monitoring"" in the CMMC-Custom Terms section.",enrich-compliance-xwalk.py,2026-09-17,candidate,,
CMMC,NIST SP 800-124,intersects_with,implementation_guidance,"""NIST SP 800-124 provides guidance on mobile device security.""",high,Referenced in the discussion for requirement AC.L2-3.1.18 (Mobile Device Connection).,enrich-compliance-xwalk.py,2026-09-17,candidate,,
CMMC,NIST SP 800-128,intersects_with,implementation_guidance,"""NIST SP 800-128 provides guidance on configuration change control.""",high,Referenced in the discussion for requirement CM.L2-3.4.3 (System Change Management).,enrich-compliance-xwalk.py,2026-09-17,candidate,,
CMMC,NIST SP 800-61,intersects_with,implementation_guidance,"""NIST SP 800-61 provides guidance on incident handling.""",high,Referenced in the discussion for requirement IR.L2-3.6.1 (Incident Handling).,enrich-compliance-xwalk.py,2026-09-17,candidate,,
CMMC,NIST SP 800-88 Revision 1,intersects_with,implementation_guidance,"""For additional guidance on which specific sanitization actions should be taken on any specific type of media, review the description of the Purge actions given in NIST SP 800-88 Revision 1 – Guidelines for Media Sanitization.""",high,Referenced in the discussion for requirement MA.L2-3.7.3 (Equipment Sanitization).,enrich-compliance-xwalk.py,2026-09-17,candidate,,
CMMC,NIST SP 800-30,intersects_with,implementation_guidance,"""NIST SP 800-30 provides guidance on conducting risk assessments.""",high,Referenced in the discussion for requirement RA.L2-3.11.1 (Risk Assessments).,enrich-compliance-xwalk.py,2026-09-17,candidate,,
CMMC,NIST SP 800-56A,intersects_with,implementation_guidance,"""NIST SP 800-56A and NIST SP 800-57-1 provide guidance on cryptographic key management and key establishment.""",high,Referenced in the discussion for requirement SC.L2-3.13.10 (Key Management).,enrich-compliance-xwalk.py,2026-09-17,candidate,,
FISMA,United States:NIST,intersects_with,policy_reference,“(4) coordinating the development of standards and guidelines under section 20 of the National Institute of Standards and Technology Act (15 U.S.C. 278g–3) with agencies and offices operating or exercising control of national security systems”,high,FISMA mandates coordination with NIST for standards development.,enrich-compliance-xwalk.py,2026-09-17,candidate,,
FISMA,United States:NIST,intersects_with,policy_reference,"“(1) IN GENERAL.—In carrying out the responsibilities under subsection (b), the Secretary shall consider any applicable standards or guidelines developed by the National Institute of Standards and Technology and issued by the Secretary of Commerce under section 11331 of title 40.”",high,FISMA requires the Secretary to consider NIST standards.,enrich-compliance-xwalk.py,2026-09-17,candidate,,
FISMA,United States:NIST,intersects_with,policy_reference,“(A) consult with the Director of the National Institute of Standards and Technology regarding any binding operational directive that implements standards and guidelines developed by the National Institute of Standards and Technology;”,high,FISMA mandates consultation with NIST regarding directives implementing NIST standards.,enrich-compliance-xwalk.py,2026-09-17,candidate,,
EU-CRA,NIS2 Directive,intersects_with,policy_reference,"It complements other legislation in this area, specifically the NIS2 Directive .",high,"The text explicitly states the CRA complements the NIS2 Directive, indicating a related but distinct regulatory scope.",enrich-compliance-xwalk.py,2026-09-17,candidate,,
EU-CRA,2020 EU Cybersecurity Strategy,intersects_with,policy_reference,The Cyber Resilience Act builds on the 2020 EU Cybersecurity Strategy and EU Security Union Strategy .,high,"The CRA is described as building upon this strategy, establishing a policy dependency.",enrich-compliance-xwalk.py,2026-09-17,candidate,,
EU-CRA,EU Security Union Strategy,intersects_with,policy_reference,The Cyber Resilience Act builds on the 2020 EU Cybersecurity Strategy and EU Security Union Strategy .,high,"The CRA is described as building upon this strategy, establishing a policy dependency.",enrich-compliance-xwalk.py,2026-09-17,candidate,,
INDIA-DST-PQC,FIPS 203,intersects_with,policy_reference,"""ML-KEM (Kyber) – Post-Quantum Public Key Encryption and FIPS 203 Key Establishment""",high,"The document lists FIPS 203 in the ""NIST FIPS Standards"" section as a required standard for the ecosystem.",enrich-compliance-xwalk.py,2026-09-18,candidate,,
INDIA-DST-PQC,FIPS 204,intersects_with,policy_reference,"""ML-DSA (Dilithium) – Post-Quantum Digital Signature FIPS 204 Algorithm""",high,"The document lists FIPS 204 in the ""NIST FIPS Standards"" section as a required standard for the ecosystem.",enrich-compliance-xwalk.py,2026-09-18,candidate,,
INDIA-DST-PQC,FIPS 205,intersects_with,policy_reference,"""SLH-DSA (SPHINCS+) – Stateless Hash-Based Signature FIPS 205 Scheme""",high,"The document lists FIPS 205 in the ""NIST FIPS Standards"" section as a required standard for the ecosystem.",enrich-compliance-xwalk.py,2026-09-18,candidate,,
INDIA-DST-PQC,FIPS 140-3,intersects_with,technical_dependency,"""Cryptographic keys shall be generated and remain within FIPS 140-2 Level 3 (or higher) validated HSM boundaries""",high,The text explicitly mandates FIPS 140-2/3 validation for HSMs in the cloud key lifecycle management section.,enrich-compliance-xwalk.py,2026-09-18,candidate,,
INDIA-DST-PQC,NIST SP 800-57,intersects_with,implementation_guidance,"""Key rotation policies shall be mandatorily enforced, with keys rotation periods as per NIST SP 800-57 Part 1 Rev. 5.""",high,The document cites NIST SP 800-57 as the authority for key rotation periods.,enrich-compliance-xwalk.py,2026-09-18,candidate,,
INDIA-DST-PQC,IEC 62443-3-3,intersects_with,policy_reference,"""compliance with IEC 62443-3-3 (System Security Requirements) and IEC 62443-4-2 (Component Security Requirements) shall be mandatory""",high,Mandatory compliance for Operational Technology (OT) hardware assurance.,enrich-compliance-xwalk.py,2026-09-18,candidate,,
INDIA-DST-PQC,IEC 62443-4-2,intersects_with,policy_reference,"""compliance with IEC 62443-3-3 (System Security Requirements) and IEC 62443-4-2 (Component Security Requirements) shall be mandatory""",high,Mandatory compliance for Operational Technology (OT) hardware assurance.,enrich-compliance-xwalk.py,2026-09-18,candidate,,
INDIA-DST-PQC,NIST SP 800-193,intersects_with,implementation_guidance,"""Standard NIST SP 800-193, PSA Check alignment with firmware protection Alignment Certified or equivalent and recovery guidelines.""",medium,Referenced in the context of Secure Boot & Attestation testing standards.,enrich-compliance-xwalk.py,2026-09-18,candidate,,
INDIA-DST-PQC,ISO/IEC 27001,intersects_with,policy_reference,"""audit log retention periods as defined in alignment with NIST SP 800-57, NIST SP 800-53, ISO/IEC 11770, ISO/IEC 27001""",high,Cited as an alignment standard for audit log retention and security management.,enrich-compliance-xwalk.py,2026-09-18,candidate,,
INDIA-DST-PQC,FIPS 206,intersects_with,policy_reference,"""FALCON ITU Standards (7) ... FIPS 206""",medium,"Listed in the standards table, though the text formatting is slightly ambiguous, it is clearly associated with the FALCON algorithm standardization.",enrich-compliance-xwalk.py,2026-09-18,candidate,,
HKMA-PQC,BIS-Paper-158,intersects_with,policy_reference,"""67 Bank for International Settlements. 2025. Quantum-readiness for the financial system: a roadmap. (https://www.bis.org/publ/bppdf/bispap158.pdf).""",high,"The HKMA document cites the BIS roadmap as a key reference for the ""Awareness"" stage actions, specifically for engaging senior leadership.",enrich-compliance-xwalk.py,2026-09-18,candidate,,
HKMA-PQC,NIST.IR.8547,intersects_with,policy_reference,"""69 NIST. 2024. Transition to Post-Quantum Cryptography Standards. (https://nvlpubs.nist.gov/nistpubs/ir/2024/NIST.IR.8547.ipd.pdf).""",high,"Cited in the ""Stage 1: Awareness"" section as a reference for PQC transition planning.",enrich-compliance-xwalk.py,2026-09-18,candidate,,
HKMA-PQC,NCSC-PQC-Migration-Timelines,intersects_with,policy_reference,"""70 National Cyber Security Centre. 2025. Timelines for migration to post-quantum cryptography. (https://www.ncsc.gov.uk/guidance/pqc-migration-timelines).""",high,"Cited in the ""Stage 1: Awareness"" section alongside other international guidelines for migration planning.",enrich-compliance-xwalk.py,2026-09-18,candidate,,
HKMA-PQC,ASD-Planning-PQC,intersects_with,policy_reference,"""71 Australian Signals Directorate. 2025. Planning for post-quantum cryptography. (https://www.cyber.gov.au/sites/default/files/2025-09/Planning%20for%20post-quantum%20cryptography%20%28September%202025%29.pdf).""",high,"Cited in the ""Stage 1: Awareness"" section as a reference for planning actions.",enrich-compliance-xwalk.py,2026-09-18,candidate,,
HKMA-PQC,PQCC-Migration-Roadmap,intersects_with,policy_reference,"""68 Post Quantum Cryptography Coalition. 2025. Post-Quantum Cryptography (PQC) Migration Roadmap. (https://pqcc.org/wp-content/uploads/2025/05/PQC-Migration-Roadmap-PQCC-2.pdf).""",high,"Cited in the ""Stage 1: Awareness"" section as a reference for migration roadmaps.",enrich-compliance-xwalk.py,2026-09-18,candidate,,
CISA-PQC-PROCUREMENT,EO-14306,intersects_with,policy_reference,"""CISA product category list and federal procurement guidance for PQC per EO 14306""",high,"The description explicitly states the guidance is ""per EO 14306"", indicating a direct policy dependency.",enrich-compliance-xwalk.py,2026-09-18,candidate,,
CISA-PQC-PROCUREMENT,NIST CSWP 39,intersects_with,policy_reference,"""NIST PQC standards were released on August 13, 2024 and include encryption algorithms, instructions on how to implement into products and encryption systems, and their intended uses.""",medium,"The text cites NIST PQC standards (FIPS 203, 204, 205) as the primary tools for protection. NIST CSWP 39 is the known citation for these standards in the library. The guide relies on these standards for procurement decisions.",enrich-compliance-xwalk.py,2026-09-18,candidate,,
CISA-PQC-PROCUREMENT,CISA-PQC-CATEGORY-LIST-2026,intersects_with,implementation_guidance,"""CISA product category list and federal procurement guidance for PQC per EO 14306""",high,"The description explicitly mentions the ""CISA product category list"" as part of the guidance. This document is the specific artifact referenced.",enrich-compliance-xwalk.py,2026-09-18,candidate,,
CISA-PQC-PROCUREMENT,EO-14412,intersects_with,policy_reference,"""Public Law 117-260, Quantum Computing Cybersecurity Preparedness Act ... outlines requirements for agencies to assess all uses of vulnerable cryptography in unclassified systems and develop a timeline to transition to quantum-resistant cryptography.""",medium,"The text cites the Quantum Computing Cybersecurity Preparedness Act (PL 117-260) and NSM-10. EO-14412 is the known citation in the library for the executive order related to PQC procurement/timeline mandates. While the text cites the Act, the EO is the executive mechanism often associated with these mandates in the CISA context.",enrich-compliance-xwalk.py,2026-09-18,candidate,,
CISA-PQC-PROCUREMENT,United States:CISA,intersects_with,policy_reference,"""NSM-10 required agencies to submit a comprehensive, centralized inventory of all systems, applications, databases, and other cryptographic assets that are CRQC-vulnerable to the Office of the National Cybersecurity Director (ONCD) and the Department of Homeland Security (DHS) Cybersecurity and Infr",high,The text explicitly identifies CISA as the recipient of inventory submissions and a key regulatory body for PQC compliance.,enrich-compliance-xwalk.py,2026-09-18,candidate,,
G7-CEG-PQC,ISO-IEC-23837-1,intersects_with,policy_reference,"""The International Organization for Standardization (ISO) has published standards for quantum key distribution security to provide guidance to authorities and industry, which are available at ISO/IEC 23837-1:2023""",high,The G7 CEG statement cites this ISO standard as a resource for guidance on quantum key distribution security.,enrich-compliance-xwalk.py,2026-09-18,candidate,,
G7-CEG-PQC,FIPS-203,intersects_with,policy_reference,"""NIST launched a public competition in 2017 to identify quantum-resistant algorithms that will form the basis of new encryption standards. The first ones were published in August 2024.""",high,"FIPS-203 (ML-KEM) is one of the first three finalized PQC standards published by NIST in August 2024, which the text explicitly references.",enrich-compliance-xwalk.py,2026-09-18,candidate,,
G7-CEG-PQC,FIPS-204,intersects_with,policy_reference,"""NIST launched a public competition in 2017 to identify quantum-resistant algorithms that will form the basis of new encryption standards. The first ones were published in August 2024.""",high,"FIPS-204 (ML-DSA) is one of the first three finalized PQC standards published by NIST in August 2024, which the text explicitly references.",enrich-compliance-xwalk.py,2026-09-18,candidate,,
G7-CEG-PQC,FIPS-205,intersects_with,policy_reference,"""NIST launched a public competition in 2017 to identify quantum-resistant algorithms that will form the basis of new encryption standards. The first ones were published in August 2024.""",high,"FIPS-205 (SLH-DSA) is one of the first three finalized PQC standards published by NIST in August 2024, which the text explicitly references.",enrich-compliance-xwalk.py,2026-09-18,candidate,,
G7-CEG-PQC,ENISA,intersects_with,policy_reference,"""The European Union Agency for Cybersecurity (ENISA) has published a study on the current state of affairs on the standardization process of PQC, which highlights work at organizations such as NIST and the International Organization for Standardization (ISO)""",high,The G7 CEG statement cites ENISA's study on PQC standardization as a reference for the current state of affairs.,enrich-compliance-xwalk.py,2026-09-18,candidate,,
G7-CEG-PQC,UK-NCSC,intersects_with,policy_reference,"""Next steps in preparing for post-quantum cryptography - NCSC.GOV.UK""",medium,"The text cites the UK NCSC's guidance document ""Next steps in preparing for post-quantum cryptography"" in footnote 3, supporting the recommendation for financial entities to understand quantum risks.",enrich-compliance-xwalk.py,2026-09-18,candidate,,
PKCS11-V32,FIPS-203,intersects_with,technical_dependency,"""ML-KEM is a mechanism for key encapsulation, following the key encapsulation algorithm defined in [FIPS 203].""",high,PKCS#11 v3.2 defines the API mechanisms for ML-KEM based on the FIPS 203 standard.,enrich-compliance-xwalk.py,2026-09-18,candidate,,
PKCS11-V32,FIPS-204,intersects_with,technical_dependency,"""ML-DSA and HashML-DSA are mechanisms for signatures and verification, following the digital signature algorithm defined in [FIPS 204].""",high,PKCS#11 v3.2 defines the API mechanisms for ML-DSA based on the FIPS 204 standard.,enrich-compliance-xwalk.py,2026-09-18,candidate,,
PKCS11-V32,FIPS-205,intersects_with,technical_dependency,"""The SLH-DSA key pair generation mechanism, denoted CKM_SLH_DSA_KEY_PAIR_GEN , is a key pair generation mechanism as defined in Algorithm 21 of [FIPS 205].""",high,PKCS#11 v3.2 defines the API mechanisms for SLH-DSA based on the FIPS 205 standard.,enrich-compliance-xwalk.py,2026-09-18,candidate,,
PKCS11-V32,PKCS11-V31,superset_of,timeline_anchor,"""This specification replaces or supersedes: · PKCS #11 Specification Version 3.1 .""",high,"PKCS#11 v3.2 is the successor to v3.1, incorporating new PQC mechanisms.",enrich-compliance-xwalk.py,2026-09-18,candidate,,
PKCS11-V32,PKCS11-PROFILES-V32,intersects_with,implementation_guidance,"""This specification is related to: · PKCS #11 Profiles Version 3.2. Edited by Tim Hudson.""",high,The Profiles document defines conformance levels for the PKCS#11 v3.2 API.,enrich-compliance-xwalk.py,2026-09-18,candidate,,
CAB-FORUM-SMC013,CA-B-Forum-Ballot-SMC013,equivalent,equivalence,"""Ballot SMC013: Enable PQC Algorithms for S/MIME""",high,The compliance record ID corresponds directly to the ballot title and identifier found in the text.,enrich-compliance-xwalk.py,2026-09-18,candidate,,
CAB-FORUM-SMC013,Global:CA/Browser Forum,superset_of,policy_reference,"""This Review Notice is sent pursuant to Section 4.1 of the CA/Browser Forum’s Intellectual Property Rights Policy (v1.3).""",high,"The ballot is a specific action within the broader CA/Browser Forum governance structure, governed by its policies.",enrich-compliance-xwalk.py,2026-09-18,candidate,,
CAB-FORUM-SMC013,CA-Browser-Forum-SMIMEBR-1.0.11,intersects_with,implementation_guidance,"""The new S/MIME BR v.1.0.11 have been published to the CABF public website in accordance with the Bylaws: https://cabforum.org/uploads/CA-Browser-Forum-SMIMEBR-1.0.11.pdf""",high,The ballot results in the publication of this specific version of the S/MIME Baseline Requirements.,enrich-compliance-xwalk.py,2026-09-18,candidate,,
CAB-FORUM-SMC013,CA-Browser-Forum-SMIMEBR-1.0.11-Redline,intersects_with,implementation_guidance,"""The complete Draft Maintenance Guideline that is the subject of this Review Notice is attached to this email, and may be found at: https://cabforum.org/uploads/CA-Browser-Forum-SMIMEBR-1.0.11-Redline.pdf""",high,The redline document is the specific draft subject to the IPR review for this ballot.,enrich-compliance-xwalk.py,2026-09-18,candidate,,
CAB-FORUM-SMC013,CA/Browser Forum Intellectual Property Rights Policy (v1.3),intersects_with,policy_reference,"""This Review Notice is sent pursuant to Section 4.1 of the CA/Browser Forum’s Intellectual Property Rights Policy (v1.3).""",high,The ballot process explicitly cites this policy as the authority for the IPR review period.,enrich-compliance-xwalk.py,2026-09-18,candidate,,
CAB-FORUM-SMC013,Baseline Requirements for the Issuance and Management of Publicly-Trusted S/MIME Certificates,intersects_with,technical_dependency,"""This ballot modifies the “Baseline Requirements for the Issuance and Management of Publicly-Trusted S/MIME Certificates” (“S/MIME Baseline Requirements”), based on Version 1.0.10.""",high,The ballot's primary technical function is to modify this specific standard.,enrich-compliance-xwalk.py,2026-09-18,candidate,,
ACVP,NIST-SP-800-140C,intersects_with,technical_dependency,"""The ACVP specification describes how the protocol is structured with respect to the client-server model, messaging, optional features, and flows. It defines how a crypto module communicates with an ACVP server""",medium,"The text describes the ACVP protocol which is the mechanism used for FIPS 140-3 validation (referenced in known citations). The text itself does not explicitly name SP 800-140C, but the context of ""validation authority"" and ""crypto module"" testing aligns with the FIPS 140-3/SP 800-140C framework. However, strict adherence to ""evidence from text"" makes this weak. Let's look for stronger explicit references.",enrich-compliance-xwalk.py,2026-09-18,candidate,,
ACVP,NIST IR 8060,intersects_with,implementation_guidance,"""NIST IR 8060, https://csrc.nist.gov/publications/detail/nistir/8060/final, provides guidance on creating and maintaining SWID tags.""",high,Cited in Section 12.13.3.1 for SWID tag guidance.,enrich-compliance-xwalk.py,2026-09-18,candidate,,
ACVP,NIST IR 7695,intersects_with,implementation_guidance,"""A Common Platform Enumeration (CPE) formatted name according to Version 2.3 of the CPE Naming Specification found in NISTIR 7695""",high,Cited in Section 12.13.3.1 for CPE naming specification.,enrich-compliance-xwalk.py,2026-09-18,candidate,,
ACVP,ISO/IEC 19770-2:2015,intersects_with,technical_dependency,"""A Software identification (SWID) tag as described in ISO/IEC 19770-2:2015.""",high,Cited in Section 12.13.3.1 as the definition source for SWID tags.,enrich-compliance-xwalk.py,2026-09-18,candidate,,
ACVP,RFC 7519,intersects_with,technical_dependency,"""JSON Web Token is described in [ RFC7519 ] and is used as an authorization mechanism for gaining access to different resources.""",high,Cited in Section 12.3 for JWT usage.,enrich-compliance-xwalk.py,2026-09-18,candidate,,
ACVP,RFC 7159,intersects_with,technical_dependency,"""Communicates with the ACV server using Java Script Object Notation (JSON [ RFC7159 ] ) and collects the test vectors""",high,Cited in Section 5.1 for JSON communication format.,enrich-compliance-xwalk.py,2026-09-18,candidate,,
TAIWAN-MODA-PQC,FIPS 203,intersects_with,policy_reference,"""FIPS 203 指定了基於模格（Module-Lattice-Based）的金鑰封裝機制標準（ML-KEM）... 詳細的具體參數內容可參考 FIPS 203 標準文件""",high,The guideline explicitly references FIPS 203 for parameter details and defines it as the standard for ML-KEM.,enrich-compliance-xwalk.py,2026-09-18,candidate,,
TAIWAN-MODA-PQC,FIPS 204,intersects_with,policy_reference,"""FIPS 204 指定了基於模格（Module-Lattice-Based）的數位簽章標準（ML-DSA）... 參數集為 ML-DSA-44（等級 2） 、ML-DSA-65（等級 3）、ML-DSA-87（等級 5）""",high,The guideline explicitly references FIPS 204 for parameter details and defines it as the standard for ML-DSA.,enrich-compliance-xwalk.py,2026-09-18,candidate,,
TAIWAN-MODA-PQC,FIPS 205,intersects_with,policy_reference,"""FIPS 205 指定了無狀態雜湊基數位簽章標準（SLH-DSA）... 參數集涵蓋安全等級 1、3、5，使用 SHA2 或 SHAKE""",high,The guideline explicitly references FIPS 205 for parameter details and defines it as the standard for SLH-DSA.,enrich-compliance-xwalk.py,2026-09-18,candidate,,
TAIWAN-MODA-PQC,NIST IR 8547,intersects_with,policy_reference,"""NIST 已於 2024 年 11 月 12 日發布 NIST IR 8547 初步公開草案... 內容為提出未來加密演算法的棄用與禁用時間表建議""",high,The guideline cites NIST IR 8547 as the source for deprecation and disallowance timelines for traditional algorithms.,enrich-compliance-xwalk.py,2026-09-18,candidate,,
TAIWAN-MODA-PQC,NIST-SP-1800-38A,intersects_with,implementation_guidance,"""本指引主要參考美國國家標準及技術研究所... 公布之後量子遷移文件，所參考文件包括：NIST-SP-1800-38A、NIST-SP-1800-38B...""",high,"Listed in the ""Guideline Purpose"" section as a primary reference document for the migration steps.",enrich-compliance-xwalk.py,2026-09-18,candidate,,
TAIWAN-MODA-PQC,NIST-SP-1800-38B,intersects_with,implementation_guidance,"""本指引主要參考美國國家標準及技術研究所... 公布之後量子遷移文件，所參考文件包括：NIST-SP-1800-38A、NIST-SP-1800-38B...""",high,"Listed in the ""Guideline Purpose"" section as a primary reference document for the migration steps.",enrich-compliance-xwalk.py,2026-09-18,candidate,,
TAIWAN-MODA-PQC,QUANTUM-READINESS: MIGRATION TO POST-QUANTUM,intersects_with,implementation_guidance,"""所參考文件包括：... QUANTUM-READINESS ： MIGRATION TO POST-QUANTUM、TNO CWI AIVD The PQC Migration Handbook""",high,"Listed in the ""Guideline Purpose"" section as a primary reference document.",enrich-compliance-xwalk.py,2026-09-18,candidate,,
TAIWAN-MODA-PQC,TNO CWI AIVD The PQC Migration Handbook,intersects_with,implementation_guidance,"""所參考文件包括：... TNO CWI AIVD The PQC Migration Handbook，彙整 4 個步驟，提出產業應考量的後量子遷移的內外部構面""",high,"Listed in the ""Guideline Purpose"" section as a primary reference document.",enrich-compliance-xwalk.py,2026-09-18,candidate,,
MALAYSIA-NACSA-PQC,Malaysia-NACSA-PQC-2025,equivalent,equivalence,ARAHAN KETUA EKSE,medium,,enrich-compliance-xwalk.py,2026-09-18,candidate,,
BIS-158-PQC,NIST (2024d),intersects_with,policy_reference,"""national governments currently recommend using Advanced Encryption Standard (AES) with a 256-bit key for sensitive and classified information (NIST (2024d)).""",high,"The text cites NIST (2024d) as the source for the recommendation on AES key sizes, indicating a policy dependency.",enrich-compliance-xwalk.py,2026-09-18,candidate,,
BIS-158-PQC,NIST (2024d),intersects_with,implementation_guidance,"""Devices which are required to authenticate software updates may need to be equipped with post-quantum digital signatures upon manufacture today, so that they will be able to verify code signing with future quantum-proof signatures (NIST (2024d).""",high,The text cites NIST (2024d) regarding the implementation of post-quantum digital signatures for code signing.,enrich-compliance-xwalk.py,2026-09-18,candidate,,
BIS-158-PQC,CPMI-IOSCO (2016),intersects_with,policy_reference,"""Cyber incidents within the financial system can threaten global stability, making cybersecurity a critical concern for central banks and financial institutions (CPMI-IOSCO (2016); Doerr et al (2022)).""",high,Cited as a reference for the criticality of cybersecurity in the financial system.,enrich-compliance-xwalk.py,2026-09-18,candidate,,
BIS-158-PQC,BIS (2023),intersects_with,implementation_guidance,"""initiatives such as the BIS Innovation Hub’s Project Leap – the first phase of which was conducted jointly with the Bank of France and Deutsche Bundesbank – demonstrate the feasibility and urgency of quantum-safe preparations through practical experimentation with post- quantum cryptographic soluti",high,Cited as evidence of feasibility and urgency for quantum-safe preparations via Project Leap.,enrich-compliance-xwalk.py,2026-09-18,candidate,,
BIS-158-PQC,Bank of France (2022),intersects_with,implementation_guidance,"""This work was based, in part, on earlier work, see Bank of France (2022).""",high,Footnote 4 indicates the current work (BIS Paper 158) is based on earlier work by the Bank of France.,enrich-compliance-xwalk.py,2026-09-18,candidate,,
BIS-158-PQC,European Payments Council (2025),intersects_with,implementation_guidance,"""For example, European Payments Council (2025) recommends symmetric key cryptography for bulk data encryption, and asymmetric key cryptography for encrypting symmetric keys and to perform signatures.""",high,Cited for specific recommendations on cryptographic usage in financial systems.,enrich-compliance-xwalk.py,2026-09-18,candidate,,
BIS-158-PQC,Shor (1994),intersects_with,technical_dependency,"""Shor’s algorithm (Shor (1994), when run on a quantum computer, can factor large numbers and therefore break today’s public key cryptographic algorithms, namely Rivest-Shamir-Adleman (RSA) and elliptic curve cryptography (ECC),6 in polynomial time""",high,Cited as the technical basis for the threat to RSA and ECC.,enrich-compliance-xwalk.py,2026-09-18,candidate,,
BIS-158-PQC,Grover (1996),intersects_with,technical_dependency,"""Grover’s quantum search algorithm (Grover (1996)) has a similar impact to symmetric key cryptography, providing a quadratic speedup compared with classical key search.""",high,Cited as the technical basis for the threat to symmetric key cryptography.,enrich-compliance-xwalk.py,2026-09-18,candidate,,
3GPP-PQC,3GPP-PQC-Study-2025,equivalent,equivalence,Specification #: 33.703 ... Title: Study on transitioning to Post Quantum Cryptography (PQC) in 3GPP ... Status: Under change control ... Initial planned Release: Release 20,high,"The compliance record ""3GPP PQC for 5G/6G"" describes the ""3GPP SA3 study on integrating PQC into 5G security protocols"". The source text identifies Specification 33.703 as the ""Study on transitioning to Post Quantum Cryptography (PQC) in 3GPP"" for Release 20. The citation ""3GPP-PQC-Study-2025"" corresponds to this specific technical report (TR 33.703) which is the primary artifact of the compliance record.",enrich-compliance-xwalk.py,2026-09-18,candidate,,
3GPP-PQC,Global:3GPP SA3,intersects_with,policy_reference,Primary responsible group: SA 3 ... Related Work Items ... UID Acronym Title Resp. grp(s) 1080045 FS_CryptoPQC Study on Transitioning to Post Quantum Cryptography in 3GPP S3,high,"The text explicitly lists ""SA 3"" as the ""Primary responsible group"" and links the work item ""FS_CryptoPQC"" to group ""S3"". This establishes a direct organizational and policy dependency of the PQC study on the 3GPP SA3 working group.",enrich-compliance-xwalk.py,2026-09-18,candidate,,
NIST-NCCOE-PQC,NIST CSWP 48,equivalent,equivalence,"""NIST CSWP 48 ipd (Initial Public Draft) Mappings of Migration to PQC Project Capabilities to Risk Framework Documents""",high,"The source text is the document NIST CSWP 48 itself, which is part of the NIST NCCoE PQC project documentation suite.",enrich-compliance-xwalk.py,2026-09-18,candidate,,
NIST-NCCOE-PQC,NIST NCCoE SP 1800-38A,intersects_with,implementation_guidance,"""The NCCoE Migration to Post-Quantum Cryptography project demonstrates practices to ease migration from the current set of public-key cryptographic algorithms to replacement algorithms resistant to quantum computer-based attacks.""",medium,"SP 1800-38A is the ""Migration to Post-Quantum Cryptography Project Description"". The text describes the project's capabilities and demonstrations, which aligns with the content of the project description. However, the text is CSWP 48. The relationship is that CSWP 48 (this record) provides the mapping for the capabilities described in the project (SP 1800-38A).",enrich-compliance-xwalk.py,2026-09-18,candidate,,
NIST-NCCOE-PQC,NIST NCCoE SP 1800-38B,intersects_with,implementation_guidance,"""Logical Architecture Components for Post-Quantum Cryptography Implementations in the interoperability and performance workstream include Quantum-Ready Algorithm Implementations, Quantum-ready Cryptographic Service Implementations...""",medium,"SP 1800-38B typically covers the ""Interoperability and Performance"" or specific technical implementations. The text details these logical architecture components, which are the subject of the mapping.",enrich-compliance-xwalk.py,2026-09-18,candidate,,
NIST-NCCOE-PQC,NIST NCCoE SP 1800-38C,intersects_with,implementation_guidance,"""The discovery workstream’s identification of assets such as hardware and software as part of an inventory is a core function of the Cybersecurity Framework (CSF)...""",medium,"SP 1800-38C typically covers ""Cryptographic Discovery and Inventory"". The text explicitly discusses the ""Quantum-Vulnerable Cryptography Discovery Workstream"" and its tools.",enrich-compliance-xwalk.py,2026-09-18,candidate,,
NIST-NCCOE-PQC,NIST CSWP 29,intersects_with,policy_reference,"""The capabilities demonstrated by the NCCoE Migration to Post-Quantum Cryptography project support several security objectives and controls identified by the NIST Cybersecurity Framework 2.0 (CSWP 29)""",high,"The text explicitly cites NIST CSWP 29 (CSF 2.0) as a framework to which the PQC capabilities are mapped. Although not in the ""already-known"" list provided in the prompt's header, it is a clear citation in the text. The prompt asks to prioritize known citations but also report additional ones clearly supported.",enrich-compliance-xwalk.py,2026-09-18,candidate,,
NIST-NCCOE-PQC,NIST SP 800-53,intersects_with,policy_reference,"""and Security and Privacy Controls for Information Systems and Organizations (SP 800-53), respectively.""",high,The text explicitly cites SP 800-53 Rev 5 as a control framework to which the PQC capabilities are mapped.,enrich-compliance-xwalk.py,2026-09-18,candidate,,
NIST-NCCOE-PQC,NIST IR 8477,intersects_with,technical_dependency,"""Scarfone K, Souppaya M, Fagan M (2024) Mapping Relationships Between Documentary Standards, Regulations, Frameworks, and Guidelines: Developing Cybersecurity and Privacy Concept Mappings. (National Institute of Standards and Technology, Gaithersburg, MD), NIST Interagency or Internal Report (IR) NI",high,"The text cites NIST IR 8477 in its references, indicating it uses the methodology or concepts defined therein for mapping relationships.",enrich-compliance-xwalk.py,2026-09-18,candidate,,
NIST-SP800-131A,NIST-SP-800-131A-Rev3,equivalent,equivalence,"""NIST SP 800-131Ar3 ipd ... Transitioning the Use of Cryptographic Algorithms and Key Lengths Initial Public Draft""",high,The compliance record is the document itself.,enrich-compliance-xwalk.py,2026-09-18,candidate,,
NIST-SP800-131A,FIPS-186-5,intersects_with,policy_reference,"""The digital signature algorithms are specified in [FIPS 186], [FIPS 204], [FIPS 205], and [SP 800-208].""",high,FIPS 186-5 is the current version of FIPS 186 cited for digital signatures.,enrich-compliance-xwalk.py,2026-09-18,candidate,,
NIST-SP800-131A,FIPS-204,intersects_with,policy_reference,"""The digital signature algorithms are specified in [FIPS 186], [FIPS 204], [FIPS 205], and [SP 800-208].""",high,Cited for quantum-resistant digital signature algorithms (ML-DSA).,enrich-compliance-xwalk.py,2026-09-18,candidate,,
NIST-SP800-131A,FIPS-205,intersects_with,policy_reference,"""The digital signature algorithms are specified in [FIPS 186], [FIPS 204], [FIPS 205], and [SP 800-208].""",high,Cited for quantum-resistant digital signature algorithms (SLH-DSA).,enrich-compliance-xwalk.py,2026-09-18,candidate,,
NIST-SP800-131A,NIST-SP-800-208,intersects_with,policy_reference,"""The digital signature algorithms are specified in [FIPS 186], [FIPS 204], [FIPS 205], and [SP 800-208].""",high,Cited for stateful hash-based signature schemes.,enrich-compliance-xwalk.py,2026-09-18,candidate,,
NIST-SP800-131A,FIPS-203,intersects_with,policy_reference,"""[FIPS 203] specifies a quantum-resistant key encapsulation mechanism (KEM) — a set of algorithms that can be used by two parties to establish a secret key""",high,Cited for key establishment using KEMs.,enrich-compliance-xwalk.py,2026-09-18,candidate,,
NIST-SP800-131A,NIST-SP-800-90A,intersects_with,technical_dependency,"""[SP 800-90C] provides constructions for designing RBGs based on the use of entropy sources that are compliant with [SP 800-90B] and the DRBGs specified in [SP 800-90A].""",high,Cited for DRBG specifications within RBG constructions.,enrich-compliance-xwalk.py,2026-09-18,candidate,,
NIST-SP800-131A,NIST-SP-800-90B,intersects_with,technical_dependency,"""[SP 800-90C] provides constructions for designing RBGs based on the use of entropy sources that are compliant with [SP 800-90B] and the DRBGs specified in [SP 800-90A].""",high,Cited for entropy source compliance.,enrich-compliance-xwalk.py,2026-09-18,candidate,,
NIST-SP800-131A,NIST-SP-800-90C,intersects_with,technical_dependency,"""[SP 800-90C] provides constructions for designing RBGs based on the use of entropy sources that are compliant with [SP 800-90B] and the DRBGs specified in [SP 800-90A].""",high,Cited for Random Bit Generator (RBG) constructions.,enrich-compliance-xwalk.py,2026-09-18,candidate,,
NIST-SP800-131A,FIPS-140-3,intersects_with,implementation_guidance,"""In addition, an implementation of the AES GCM mode shall comply with one of the scenarios defined in the FIPS 140 Implementation Guide, Annex C.H [FIPS 140_IG].""",high,Cited for cryptographic module validation requirements.,enrich-compliance-xwalk.py,2026-09-18,candidate,,
INDIA-CERTIN-CBOM,FIPS 203,intersects_with,policy_reference,"""Organizations must consider transitioning to quantum-resistant cryptographic schemes based on lattice-based, code-based, and multivariate polynomial cryptographic primitives.""",medium,"The text mandates the transition to PQC schemes (ML-KEM, ML-DSA, SLH-DSA) which are defined in FIPS 203-205. While the specific FIPS numbers are not explicitly printed in the provided excerpt, the mandate for ""lattice-based, code-based, and multivariate polynomial"" primitives directly corresponds to the algorithms standardized in FIPS 203, 204, and 205. The relationship is inferred from the technical requirement matching the standard's scope.",enrich-compliance-xwalk.py,2026-09-18,candidate,,
INDIA-CERTIN-CBOM,FIPS 204,intersects_with,policy_reference,"""Organizations must consider transitioning to quantum-resistant cryptographic schemes based on lattice-based, code-based, and multivariate polynomial cryptographic primitives.""",medium,"Similar to FIPS 203, the requirement for ""lattice-based"" and ""code-based"" primitives aligns with the algorithms in FIPS 204 (ML-DSA, SLH-DSA). The compliance record depends on these standards for its quantum readiness requirements.",enrich-compliance-xwalk.py,2026-09-18,candidate,,
INDIA-CERTIN-CBOM,FIPS 205,intersects_with,policy_reference,"""Organizations must consider transitioning to quantum-resistant cryptographic schemes based on lattice-based, code-based, and multivariate polynomial cryptographic primitives.""",medium,"The requirement for ""multivariate polynomial"" primitives aligns with FIPS 205 (FN-DSA). The compliance record's CBOM/QBOM guidelines rely on these standards for defining quantum-safe cryptographic dependencies.",enrich-compliance-xwalk.py,2026-09-18,candidate,,
INDIA-CERTIN-CBOM,India:CERT-In,equivalent,equivalence,"""Indian Computer Emergency Response Team (CERT-In) has released following technical SBOM guidelines for entities, particularly those in the public sector, government, essential services, organizations involved in software export and software services industry.""",high,The compliance record is the document issued by CERT-In itself. The relationship is one of identity/equivalence between the regulatory body and the specific guideline document.,enrich-compliance-xwalk.py,2026-09-18,candidate,,
SPAIN-CCN-PQC,FIPS 203,intersects_with,policy_reference,"""The only algorithm selected to date for KEM is CRYSTALS-Kyber [30]; whereas CRYSTALS- Dilithium [17], Falcon (FAst-Fourier Lattice-based COmpact signatures over NTRU) [27] and SPHINCS+ [12] have been selected for signatures.""",high,"FIPS 203 is the standard for CRYSTALS-Kyber (ML-KEM). The text explicitly cites CRYSTALS-Kyber as the selected KEM algorithm by NIST, which the CCN recommends.",enrich-compliance-xwalk.py,2026-09-18,candidate,,
SPAIN-CCN-PQC,FIPS 204,intersects_with,policy_reference,"""The only algorithm selected to date for KEM is CRYSTALS-Kyber [30]; whereas CRYSTALS- Dilithium [17], Falcon (FAst-Fourier Lattice-based COmpact signatures over NTRU) [27] and SPHINCS+ [12] have been selected for signatures.""",high,"FIPS 204 is the standard for CRYSTALS-Dilithium (ML-DSA). The text explicitly cites CRYSTALS-Dilithium as a selected signature algorithm by NIST, which the CCN references.",enrich-compliance-xwalk.py,2026-09-18,candidate,,
SPAIN-CCN-PQC,FIPS 205,intersects_with,policy_reference,"""The only algorithm selected to date for KEM is CRYSTALS-Kyber [30]; whereas CRYSTALS- Dilithium [17], Falcon (FAst-Fourier Lattice-based COmpact signatures over NTRU) [27] and SPHINCS+ [12] have been selected for signatures.""",high,"FIPS 205 is the standard for SPHINCS+ (SLH-DSA). The text explicitly cites SPHINCS+ as a selected signature algorithm by NIST, which the CCN references.",enrich-compliance-xwalk.py,2026-09-18,candidate,,
SPAIN-CCN-PQC,Spain:CCN,equivalent,equivalence,"""Centro Criptológico Nacional 2 CCN-TEC 009 Recommendations for a safe post-quantum transition""",high,"The compliance record ""SPAIN-CCN-PQC"" is derived directly from the document CCN-TEC 009 published by the Centro Criptológico Nacional (CCN). The ""Spain:CCN"" citation refers to the issuing body/standard series itself.",enrich-compliance-xwalk.py,2026-09-18,candidate,,
EUROPOL-QSFF,Europol-FS-ISAC-PQC-Financial-2026,equivalent,equivalence,"""Cite this publication: Europol, Prioritising post-quantum cryptography migration activities in financial services, Publications Office of the European Union, Luxembourg, 2026.""",high,"The compliance record ""EUROPOL-QSFF"" refers to the Europol Quantum Safe Financial Forum initiative, and the source text is the specific publication produced by this forum (ISBN 978-92-9414-091-3). The citation ID provided in the known citations matches this document.",enrich-compliance-xwalk.py,2026-09-18,candidate,,
EUROPOL-QSFF,European Union:Europol,superset_of,policy_reference,"""This publication is a collaborative effort by multiple contributors from various organisations... Cite this publication: Europol, Prioritising post-quantum cryptography migration activities in financial services""",high,Europol is the parent organization/standards body issuing the guidance. The compliance record is a specific initiative (QSFF) under the Europol umbrella.,enrich-compliance-xwalk.py,2026-09-18,candidate,,
OASIS-PKCS11,PKCS11-V32-OS-OASIS,intersects_with,policy_reference,"""PKCS #11 Specification Version 3.1 and Profiles Version 3.1 OASIS Standards are now published.""",high,"The compliance record (OASIS PKCS#11 TC) is the body that produced and published this standard. The citation ""PKCS11-V32-OS-OASIS"" likely refers to the PKCS#11 v3.x series (specifically v3.1 or v3.2 if it exists in the library, but the text explicitly confirms v3.1 publication). The relationship is that the TC defines/owns this standard.",enrich-compliance-xwalk.py,2026-09-18,candidate,,
OASIS-PKCS11,KMIP-V2-1-OASIS,intersects_with,technical_dependency,"""Tim Hudson (Cryptsoft) has been appointed by the PKCS 11 TC as liaison to the OASIS KMIP TC.""",high,"The text explicitly mentions a liaison between the PKCS#11 TC and the KMIP TC, indicating a technical coordination relationship. The citation ""KMIP-V2-1-OASIS"" is a specific version of the KMIP standard managed by the linked TC.",enrich-compliance-xwalk.py,2026-09-18,candidate,,
OASIS-PKCS11,Global:OASIS,subset_of,policy_reference,"""OASIS PKCS 11 TC""",high,The OASIS PKCS#11 Technical Committee is a subcommittee/technical committee within the larger OASIS organization.,enrich-compliance-xwalk.py,2026-09-18,candidate,,
ASC-X9,ASC-X9-Financial-PKI,equivalent,equivalence,"""Certificate Policy (CP) for the X9 Financial Public Key Infrastructure (PKI) By: ASC X9 PKI Policy Group""",high,"The source text is the Certificate Policy for the X9 Financial PKI, which is the primary document associated with the ASC-X9-Financial-PKI citation.",enrich-compliance-xwalk.py,2026-09-18,candidate,,
ASC-X9,ASC-X9-TR-50-2019,intersects_with,policy_reference,"""Key PQC standards: X9.146 (Quantum TLS for financial services), X9 TR-50 (Quantum Techniques in CMS), and the X9 PQC Financial Readiness Needs Assessment (2025).""",medium,"The description explicitly lists X9 TR-50 as a key PQC standard developed by X9. The source text (CP) does not explicitly cite TR-50, but the compliance record description links them.",enrich-compliance-xwalk.py,2026-09-18,candidate,,
ASC-X9,ASC-X9-PQC-Readiness-2025,intersects_with,policy_reference,"""Key PQC standards: X9.146 (Quantum TLS for financial services), X9 TR-50 (Quantum Techniques in CMS), and the X9 PQC Financial Readiness Needs Assessment (2025).""",medium,The description explicitly lists the X9 PQC Financial Readiness Needs Assessment (2025) as a key standard/assessment associated with the compliance record.,enrich-compliance-xwalk.py,2026-09-18,candidate,,
ASC-X9,X9.79,intersects_with,technical_dependency,"""PKI (ISO 21188, X9.79) includes five basic components: the Policy Authority (PA); Registration Authority (RA); a Certificate Authority (CA) hierarchy...""",high,The CP explicitly references X9.79 as the standard defining PKI components.,enrich-compliance-xwalk.py,2026-09-18,candidate,,
ASC-X9,X9.139,intersects_with,technical_dependency,"""This CP is not going to preclude the use of the X9 PKI for symmetric encryption keys. Refer to X9.139 and X9.24 Part 2.""",high,The CP references X9.139 regarding symmetric encryption keys.,enrich-compliance-xwalk.py,2026-09-18,candidate,,
ASC-X9,X9.24,intersects_with,technical_dependency,"""Key archive is recognized in the ANSI X9.24 [2.2] and ISO 11568 [2.7] standards whereas the NIST [2.8, 2.9] publications do not acknowledge termination.""",high,The CP references X9.24 regarding key archival lifecycle.,enrich-compliance-xwalk.py,2026-09-18,candidate,,
ASC-X9,X9.117,intersects_with,technical_dependency,"""When the authentication mechanism uses operator selectable passwords, strong passwords shall be employed, as defined in X9.117 Annex B.""",high,The CP references X9.117 for password requirements.,enrich-compliance-xwalk.py,2026-09-18,candidate,,
ASC-X9,X9.135,intersects_with,technical_dependency,"""Mechanisms should comply with X9.24 Part 1 and X9.135 (currently in draft).""",high,The CP references X9.135 for activation data protection.,enrich-compliance-xwalk.py,2026-09-18,candidate,,
ASC-X9,FIPS 140-2,intersects_with,technical_dependency,"""Cryptographic keying material used by RAs to sign request and authenticate to the CA shall be generated in hardware cryptographic modules validated to either FIPS 140-2 Level 3 (or higher)...""",high,The CP mandates FIPS 140-2 (or 140-3) for hardware modules.,enrich-compliance-xwalk.py,2026-09-18,candidate,,
ASC-X9,FIPS 186-4,intersects_with,technical_dependency,"""Public key parameters shall always be generated and validated in accordance with [FIPS 186-4].""",high,The CP mandates FIPS 186-4 for public key parameter generation.,enrich-compliance-xwalk.py,2026-09-18,candidate,,
PKI-CONSORTIUM,CycloneDX-Spec-Overview,intersects_with,implementation_guidance,"""Providing a neutral, open methodology for defining CBOM profiles that map cleanly onto SPDX, CycloneDX, and other BOM standards.""",high,The PKI Consortium's CBOM Profiles Working Group explicitly maps its methodology to CycloneDX.,enrich-compliance-xwalk.py,2026-09-18,candidate,,
PKI-CONSORTIUM,SPDX-Spec-ISO-5962,intersects_with,implementation_guidance,"""Providing a neutral, open methodology for defining CBOM profiles that map cleanly onto SPDX, CycloneDX, and other BOM standards.""",high,The PKI Consortium's CBOM Profiles Working Group explicitly maps its methodology to SPDX.,enrich-compliance-xwalk.py,2026-09-18,candidate,,
PKI-CONSORTIUM,DigiCert-PQC-Maturity-Model,intersects_with,policy_reference,"""The PKI Consortium is introducing the Post-Quantum Cryptography Maturity Model (PQCMM), a standardized framework to define what quantum-readiness means for products and services.""",medium,"The text describes the PKI Consortium's PQCMM. The known citation ""DigiCert-PQC-Maturity-Model"" likely refers to this specific framework or a related industry model discussed in the context of the Consortium's work, as DigiCert is a prominent PKI operator and likely member/contributor. The text confirms the existence of the PQCMM framework introduced by the Consortium.",enrich-compliance-xwalk.py,2026-09-18,candidate,,
NIST-SP800-208,RFC 8554,intersects_with,technical_dependency,"""The LMS and HSS algorithms are described in RFC 8554 [2]. This Special Publication approves the use of LMS and HSS with four different hash functions... The parameter sets that use SHA-256 are defined in RFC 8554 [2].""",high,NIST SP 800-208 adopts and extends the algorithms defined in RFC 8554.,enrich-compliance-xwalk.py,2026-09-18,candidate,,
NIST-SP800-208,RFC 8391,intersects_with,technical_dependency,"""The functions F, H, H_msg, and PRF are as defined in Section 5.1 of [1] for SHA2 with n = 32.""",high,Reference [1] in the bibliography corresponds to RFC 8391 (XMSS). The text explicitly relies on RFC 8391 for the definition of core hash functions and algorithms.,enrich-compliance-xwalk.py,2026-09-18,candidate,,
NIST-SP800-208,FIPS 140-2,intersects_with,policy_reference,"""See Section 4.6 of FIPS 140-2 [19] and Section 7.6 of ISO/IEC 19790.""",high,The document cites FIPS 140-2 for cryptographic module security requirements.,enrich-compliance-xwalk.py,2026-09-18,candidate,,
NIST-SP800-208,NIST SP 800-57,intersects_with,policy_reference,"""[22] Special Publication 800-57 series: Barker EB (2020) Recommendation for Key Management, Part 1: General. (National Institute of Standards and Technology, Gaithersburg, MD), NIST Special Publication (SP) 800-57 Part 1, Rev. 5.""",high,Cited in the references for key management guidance.,enrich-compliance-xwalk.py,2026-09-18,candidate,,
NIST-SP800-208,NIST IR 8105,intersects_with,policy_reference,"""[20] Chen L, Jordan S, Liu Y-K, Moody D, Peralta R, Perlner RA, Smith-Tone D (2016) Report on Post-Quantum Cryptography. (National Institute of Standards and Technology, Gaithersburg, MD), NIST Interagency or Internal Report (IR) 8105.""",high,Cited in the references regarding post-quantum cryptography context.,enrich-compliance-xwalk.py,2026-09-18,candidate,,
ISO-19790,FIPS-140,equivalent,equivalence,"""International standard for security requirements for cryptographic modules — equivalent of FIPS 140-3""",high,The description explicitly states equivalence.,enrich-compliance-xwalk.py,2026-09-18,candidate,,
ISO-19790,ISO/IEC 19790:2012,superset_of,timeline_anchor,"""Previously\nISO/IEC 19790:2012\nISO/IEC 19790:2012/Cor 1:2015\nPublished\nStage: 60.60\nNow\nISO/IEC 19790:2025""",high,The lifecycle section indicates the 2025 edition replaces the 2012 edition.,enrich-compliance-xwalk.py,2026-09-18,candidate,,
ISO-19790,ISO/IEC 19790:2012/Cor 1:2015,superset_of,timeline_anchor,"""Previously\nISO/IEC 19790:2012\nISO/IEC 19790:2012/Cor 1:2015\nPublished\nStage: 60.60\nNow\nISO/IEC 19790:2025""",high,The lifecycle section indicates the 2025 edition replaces the 2012 edition and its correction.,enrich-compliance-xwalk.py,2026-09-18,candidate,,
ETSI-QKD-SERIES,ETSI-GS-QKD-020,subset_of,specialization,"""ETSI GS QKD 020 V1.1.1 (2026-06) GROUP SPECIFICATION Quantum Key Distribution (QKD); Protocol and data format of REST-based Interoperable Key Management System API""",high,"The source text is the full document for ETSI GS QKD 020, which is a specific Group Specification within the ETSI GS QKD Series.",enrich-compliance-xwalk.py,2026-09-18,candidate,,
ETSI-QKD-SERIES,ETSI-GS-QKD-002,intersects_with,policy_reference,"""ETSI GS QKD Series ... covering protocols interfaces and network management""",low,"The provided source text (ETSI GS QKD 020) does not explicitly cite ETSI-GS-QKD-002. The relationship is inferred from the ""Already-known citations"" list and the general scope of the series, but lacks direct textual evidence in the provided excerpt.",enrich-compliance-xwalk.py,2026-09-18,candidate,,
ETSI-QKD-SERIES,ETSI-GS-QKD-004,intersects_with,policy_reference,"""ETSI GS QKD Series ... covering protocols interfaces and network management""",low,"The provided source text (ETSI GS QKD 020) does not explicitly cite ETSI-GS-QKD-004. The relationship is inferred from the ""Already-known citations"" list and the general scope of the series, but lacks direct textual evidence in the provided excerpt.",enrich-compliance-xwalk.py,2026-09-18,candidate,,
ETSI-QKD-SERIES,ETSI-GS-QKD-014,intersects_with,policy_reference,"""ETSI GS QKD Series ... covering protocols interfaces and network management""",low,"The provided source text (ETSI GS QKD 020) does not explicitly cite ETSI-GS-QKD-014. The relationship is inferred from the ""Already-known citations"" list and the general scope of the series, but lacks direct textual evidence in the provided excerpt.",enrich-compliance-xwalk.py,2026-09-18,candidate,,
ETSI-QKD-SERIES,ETSI-GS-QKD-018,intersects_with,policy_reference,"""ETSI GS QKD Series ... covering protocols interfaces and network management""",low,"The provided source text (ETSI GS QKD 020) does not explicitly cite ETSI-GS-QKD-018. The relationship is inferred from the ""Already-known citations"" list and the general scope of the series, but lacks direct textual evidence in the provided excerpt.",enrich-compliance-xwalk.py,2026-09-18,candidate,,
ETSI-QKD-SERIES,ETSI-TS103744,intersects_with,policy_reference,"""ETSI GS QKD Series ... covering protocols interfaces and network management""",low,"The provided source text (ETSI GS QKD 020) does not explicitly cite ETSI-TS103744. The relationship is inferred from the ""Already-known citations"" list and the general scope of the series, but lacks direct textual evidence in the provided excerpt.",enrich-compliance-xwalk.py,2026-09-18,candidate,,
JCMVP,ISO/IEC 19790,intersects_with,technical_dependency,A.1.1.1 ISO/IEC 19790 Information technology — Security techniques — Security requirements for cryptographic modules,high,JCMVP Appendix A lists this as a required standard for cryptographic module security requirements.,enrich-compliance-xwalk.py,2026-09-18,candidate,,
JCMVP,JIS X 19790,intersects_with,technical_dependency,A.1.1.2 JIS X 19790 セキュリティ技術－暗号モジュールのセキュリティ要求事項,high,JCMVP Appendix A lists this as a required standard for cryptographic module security requirements.,enrich-compliance-xwalk.py,2026-09-18,candidate,,
JCMVP,ISO/IEC 24759,intersects_with,technical_dependency,A.1.2.1 ISO/IEC 24759 Information technology — Security techniques — Test requirements for cryptographic modules,high,JCMVP Appendix A lists this as a required standard for cryptographic module test requirements.,enrich-compliance-xwalk.py,2026-09-18,candidate,,
JCMVP,JIS X 24759,intersects_with,technical_dependency,A.1.2.2 JIS X 24759 セキュリティ技術－暗号モジュールのセキュリティ試験要件,high,JCMVP Appendix A lists this as a required standard for cryptographic module test requirements.,enrich-compliance-xwalk.py,2026-09-18,candidate,,
JCMVP,FIPS PUB 140-2,intersects_with,technical_dependency,A.2.1.1 Federal Information Processing Standards (FIPS) PUB 140-2 Security Requirements for Cryptographic Modules 及びその後継版,high,"JCMVP Appendix A lists this under ""CMVP related standards"" for cryptographic module security requirements.",enrich-compliance-xwalk.py,2026-09-18,candidate,,
JCMVP,JIS Q 0065,intersects_with,policy_reference,認証機関は、本制度における認証を行うにあたっては、JIS Q 0065 で規定された要件を満たすように、組織化及び運営をするものとする。,high,JCMVP requires the certification body to be organized and operated in accordance with JIS Q 0065.,enrich-compliance-xwalk.py,2026-09-18,candidate,,
JCMVP,ISO/IEC 17025:2017,intersects_with,policy_reference,ISO/IEC 17025:2017 等の国際基準に基づき認定された、IT 製品及びシステムのセキュリティ評価並びに暗号モジュール試験を行う試験事業者,high,JCMVP testing laboratories must be accredited based on ISO/IEC 17025:2017.,enrich-compliance-xwalk.py,2026-09-18,candidate,,
ETSI-EN-303645,ETSI TS 103 701,intersects_with,implementation_guidance,"""ETSI TS 103 701 [i.19] provides guidance on how to assess and assure IoT products against provisions within the present document.""",high,The standard provides the conformance assessment mechanism for the baseline requirements defined in EN 303 645.,enrich-compliance-xwalk.py,2026-09-18,candidate,,
ETSI-EN-303645,ETSI TR 103 621,intersects_with,implementation_guidance,"""Further information on implementation examples is given in ETSI TR 103 621 [i.31].""",high,Referenced for implementation examples and context.,enrich-compliance-xwalk.py,2026-09-18,candidate,,
ETSI-EN-303645,ETSI TR 103 305-3,intersects_with,policy_reference,"""The provisions in the present document have been developed following a review of published standards... including: ETSI TR 103 305-3 [i.1]""",high,Cited as a source of review for the development of the standard's provisions.,enrich-compliance-xwalk.py,2026-09-18,candidate,,
ETSI-EN-303645,ETSI TR 103 309,intersects_with,policy_reference,"""The provisions in the present document have been developed following a review of published standards... including: ... ETSI TR 103 309 [i.2]""",high,Cited as a source of review for the development of the standard's provisions.,enrich-compliance-xwalk.py,2026-09-18,candidate,,
ETSI-EN-303645,ETSI TR 103 533,intersects_with,policy_reference,"""The provisions in the present document have been developed following a review of published standards... including: ... ETSI TR 103 533 [i.12]""",high,Cited as a source of review for the development of the standard's provisions.,enrich-compliance-xwalk.py,2026-09-18,candidate,,
ETSI-EN-303645,DIN SPEC 27072,intersects_with,policy_reference,"""The provisions in the present document have been developed following a review of published standards... including: ... DIN SPEC 27072 [i.20]""",high,Cited as a source of review for the development of the standard's provisions.,enrich-compliance-xwalk.py,2026-09-18,candidate,,
ETSI-EN-303645,OWASP Internet of Things,intersects_with,policy_reference,"""The provisions in the present document have been developed following a review of published standards... including: ... OWASP Internet of Things [i.23].""",high,Cited as a source of review for the development of the standard's provisions.,enrich-compliance-xwalk.py,2026-09-18,candidate,,
ETSI-EN-303645,IEEE 802.15.4-2015,intersects_with,technical_dependency,"""This indirect connection to the LAN will generally use non-IP connectivity (e.g. protocols based on IEEE 802.15.4 [i.24]).""",medium,Referenced as a specific protocol standard for non-IP connectivity in the architecture model.,enrich-compliance-xwalk.py,2026-09-18,candidate,,
ETSI-EN-303645,ISO/IEC 27005:2022,intersects_with,policy_reference,"""[i.27] ISO/IEC 27005:2022: \""Information technology - Security techniques - Information security risk management\"".""",medium,"Listed in the bibliography as a relevant standard for risk management, likely informing the security provisions.",enrich-compliance-xwalk.py,2026-09-18,candidate,,
ETSI-EN-303645,ETSI TS 102 221,intersects_with,technical_dependency,"""[i.25] ETSI TS 102 221: \""Smart Cards; UICC-Terminal interface; Physical and logical characteristics\"".""",medium,"Listed in the bibliography, likely relevant for secure element/UICC interfaces in IoT devices.",enrich-compliance-xwalk.py,2026-09-18,candidate,,
PQCA,NIST CSWP 39,intersects_with,policy_reference,"""The PQCA aims to be the central foundation for organizations and open source projects seeking production-ready libraries, and packages, to support their alignment with U.S. National Security Agency’s Cybersecurity Advisory concerning the Commercial National Security Algorithm Suite 2.0 . The PQCA w",high,NIST CSWP 39 is the specific document for the NSA Cybersecurity Advisory concerning CNSA 2.0. The text explicitly links PQCA's mission to alignment with this advisory and its timelines.,enrich-compliance-xwalk.py,2026-09-18,candidate,,
PQCA,liboqs-v0.15.0,intersects_with,technical_dependency,"""One of the launch projects of the PQCA is the Open Quantum Safe project, which was founded at the University of Waterloo in 2014 and is one of the world's leading open-source software projects devoted to post-quantum cryptography.""",medium,"The text identifies the Open Quantum Safe (OQS) project as a launch project of PQCA. liboqs is the primary library of the OQS project. While the specific version ""v0.15.0"" is not in the text, the relationship between PQCA and the OQS library is explicitly stated as a core component/launch project.",enrich-compliance-xwalk.py,2026-09-18,candidate,,
PQCA,United States:SandboxAQ/MITRE/LF,intersects_with,policy_reference,"""With support from founding members Amazon Web Services (AWS), Cisco, Google, IBM, IntellectEU, Keyfactor, Kudelski IoT, NVIDIA, QuSecure, SandboxAQ, and the University of Waterloo , the PQCA will support the advancement of securing sensitive data and communications in the post-quantum era.""",high,"The text lists SandboxAQ as a founding member of the PQCA (a Linux Foundation project). This confirms the organizational relationship implied by the citation ""United States:SandboxAQ/MITRE/LF"".",enrich-compliance-xwalk.py,2026-09-18,candidate,,
QED-C,FIPS 203,intersects_with,policy_reference,"""It is expected that transitioning to quantum-safe infrastructure may not be optional at some point for many organizations who need to remain compliant with FIPS certification and other industry standards.""",medium,"The text cites ""FIPS certification"" generally as a compliance driver. FIPS 203 (ML-KEM) is a specific FIPS standard for PQC. The relationship is inferred as the document discusses the necessity of transitioning to PQC to maintain FIPS compliance, implying a dependency on the specific FIPS PQC standards (203/204/205) which are the current PQC FIPS.",enrich-compliance-xwalk.py,2026-09-18,candidate,,
QED-C,FIPS 204,intersects_with,policy_reference,"""It is expected that transitioning to quantum-safe infrastructure may not be optional at some point for many organizations who need to remain compliant with FIPS certification and other industry standards.""",medium,"The text cites ""FIPS certification"" generally as a compliance driver. FIPS 204 (ML-DSA) is a specific FIPS standard for PQC. The relationship is inferred as the document discusses the necessity of transitioning to PQC to maintain FIPS compliance, implying a dependency on the specific FIPS PQC standards (203/204/205) which are the current PQC FIPS.",enrich-compliance-xwalk.py,2026-09-18,candidate,,
QED-C,FIPS 205,intersects_with,policy_reference,"""It is expected that transitioning to quantum-safe infrastructure may not be optional at some point for many organizations who need to remain compliant with FIPS certification and other industry standards.""",medium,"The text cites ""FIPS certification"" generally as a compliance driver. FIPS 205 (SLH-DSA) is a specific FIPS standard for PQC. The relationship is inferred as the document discusses the necessity of transitioning to PQC to maintain FIPS compliance, implying a dependency on the specific FIPS PQC standards (203/204/205) which are the current PQC FIPS.",enrich-compliance-xwalk.py,2026-09-18,candidate,,
QED-C,United States:NIST,intersects_with,policy_reference,"""Dustin Moody, National Institute of Standards and Technology""",high,"The text explicitly lists a representative from the National Institute of Standards and Technology (NIST) in the acknowledgements/review panel, indicating a direct connection and reliance on NIST expertise/standards for the QED-C guide.",enrich-compliance-xwalk.py,2026-09-18,candidate,,
ACSC-ESSENTIAL-EIGHT,ACSC-Essential-Eight,equivalent,equivalence,"""The Australian Signals Directorate (ASD) has developed prioritised mitigation strategies, in the form of the Strategies to mitigate cyber security incidents , to help organisations protect themselves against various cyber threats. The most effective of these mitigation strategies are the Essential ",high,"The source text identifies the ""Essential Eight"" as the core subject of the document. The compliance record ID ""ACSC-ESSENTIAL-EIGHT"" refers to this specific framework.",enrich-compliance-xwalk.py,2026-09-18,candidate,,
ACSC-ESSENTIAL-EIGHT,Australia:ASD,intersects_with,policy_reference,"""The Australian Signals Directorate (ASD) has developed prioritised mitigation strategies... The Essential Eight maturity model... supports the implementation of the Essential Eight. It is based on ASD’s experience in producing cyber threat intelligence...""",high,The text explicitly attributes the development and maintenance of the Essential Eight to the Australian Signals Directorate (ASD).,enrich-compliance-xwalk.py,2026-09-18,candidate,,
ACSC-ESSENTIAL-EIGHT,ASD-ISM,intersects_with,policy_reference,"""The Australian Signals Directorate (ASD) has developed prioritised mitigation strategies, in the form of the Strategies to mitigate cyber security incidents , to help organisations protect themselves against various cyber threats.""",medium,"""ASD-ISM"" likely refers to the ASD Information Security Manual or the broader ""Strategies to mitigate cyber security incidents"" mentioned in the text. The Essential Eight is a subset of these strategies. The text confirms the Essential Eight is derived from ASD's mitigation strategies.",enrich-compliance-xwalk.py,2026-09-18,candidate,,
AU-PRIVACY-ACT,Privacy Amendment (Enhancing Privacy Protection) Act 2012,intersects_with,policy_reference,"""This is the text of the 13 APPs from Schedule 1 of the Privacy Amendment (Enhancing Privacy Protection) Act 2012 , which amends the Privacy Act 1988 .""",high,"The source text explicitly states that the APPs are contained in Schedule 1 of this specific Act, which amends the Privacy Act 1988.",enrich-compliance-xwalk.py,2026-09-18,candidate,,
AU-PRIVACY-ACT,Privacy Act 1988,intersects_with,policy_reference,"""This is the text of the 13 APPs from Schedule 1 of the Privacy Amendment (Enhancing Privacy Protection) Act 2012 , which amends the Privacy Act 1988 .""",high,The Privacy Act 1988 is the primary legislation being amended and to which the APPs apply.,enrich-compliance-xwalk.py,2026-09-18,candidate,,
AU-PRIVACY-ACT,Do Not Call Register Act 2006,intersects_with,policy_reference,"""7.8 This principle does not apply to the extent that any of the following apply: the Do Not Call Register Act 2006;""",high,APP 7 (Direct Marketing) explicitly references this Act as an exception/interaction point.,enrich-compliance-xwalk.py,2026-09-18,candidate,,
AU-PRIVACY-ACT,Spam Act 2003,intersects_with,policy_reference,"""7.8 This principle does not apply to the extent that any of the following apply: ... the Spam Act 2003;""",high,APP 7 (Direct Marketing) explicitly references this Act as an exception/interaction point.,enrich-compliance-xwalk.py,2026-09-18,candidate,,
AUSTRAC-AML-CTF,FATF Recommendations,intersects_with,policy_reference,"(a) the FATF Recommendations; (b) the United Nations Convention Against Corruption, done at New York on 31 October 2003 [2006] ATS 2;",high,Section 3(3)(a) lists FATF Recommendations as reflecting international concern that informs the Act.,enrich-compliance-xwalk.py,2026-09-18,candidate,,
AUSTRAC-AML-CTF,United Nations Security Council Resolution 1267,intersects_with,policy_reference,(d) United Nations Security Council Resolution 1267 S/RES/1267 (1999); (e) United Nations Security Council Resolution 1373 S/RES/1373 (2001);,high,Section 3(2)(d) and 3(3)(g) cite UNSCR 1267 as a basis for the Act's counter-terrorism financing provisions.,enrich-compliance-xwalk.py,2026-09-18,candidate,,
AUSTRAC-AML-CTF,United Nations Security Council Resolution 1373,intersects_with,policy_reference,(e) United Nations Security Council Resolution 1373 S/RES/1373 (2001); (f) United Nations Security Council Resolution 1617 S/RES/1617 (2005).,high,Section 3(2)(e) and 3(3)(i) cite UNSCR 1373 as a basis for the Act's counter-terrorism financing provisions.,enrich-compliance-xwalk.py,2026-09-18,candidate,,
AUSTRAC-AML-CTF,United Nations Security Council Resolution 1617,intersects_with,policy_reference,(f) United Nations Security Council Resolution 1617 S/RES/1617 (2005). (3) The following reflect international concern:,high,Section 3(2)(f) and 3(3)(k) cite UNSCR 1617 as a basis for the Act's counter-terrorism financing provisions.,enrich-compliance-xwalk.py,2026-09-18,candidate,,
AUSTRAC-AML-CTF,United Nations Convention Against Corruption,intersects_with,policy_reference,"(b) the United Nations Convention Against Corruption, done at New York on 31 October 2003 [2006] ATS 2;",high,Section 3(3)(b) cites the UN Convention Against Corruption as reflecting international concern.,enrich-compliance-xwalk.py,2026-09-18,candidate,,
AUSTRAC-AML-CTF,United Nations Convention Against Transnational Organized Crime,intersects_with,policy_reference,"(c) the United Nations Convention Against Transnational Organized Crime, done at New York on 15 November 2000 [2004] ATS 12;",high,Section 3(3)(c) cites the UN Convention Against Transnational Organized Crime as reflecting international concern.,enrich-compliance-xwalk.py,2026-09-18,candidate,,
AUSTRAC-AML-CTF,"Convention on Laundering, Search, Seizure and Confiscation of the Proceeds of Crime",intersects_with,policy_reference,"(d) the Convention on Laundering, Search, Seizure and Confiscation of the Proceeds of Crime, done at Strasbourg on 8 November 1990 [1997] ATS 21;",high,Section 3(3)(d) cites the Council of Europe Convention on Laundering as reflecting international concern.,enrich-compliance-xwalk.py,2026-09-18,candidate,,
AUSTRAC-AML-CTF,International Convention for the Suppression of the Financing of Terrorism,intersects_with,policy_reference,"(e) the International Convention for the Suppression of the Financing of Terrorism, done at New York on 9 December 1999 [2002] ATS 23;",high,Section 3(3)(e) cites the International Convention for the Suppression of the Financing of Terrorism as reflecting international concern.,enrich-compliance-xwalk.py,2026-09-18,candidate,,
OSFI-B13-PQC,OSFI Guideline E-21 (Operational Risk Management),intersects_with,policy_reference,"""FRFIs should read this Guideline in conjunction with other OSFI guidance, tools and supervisory communications... in particular: ... OSFI Guideline E-21 (Operational Risk Management);""",high,The text explicitly lists this guideline as related guidance to be read in conjunction with B-13.,enrich-compliance-xwalk.py,2026-09-18,candidate,,
OSFI-B13-PQC,OSFI Guideline B-10 (Outsourcing),intersects_with,policy_reference,"""FRFIs should read this Guideline in conjunction with other OSFI guidance, tools and supervisory communications... in particular: ... OSFI Guideline B-10 (Outsourcing);""",high,The text explicitly lists this guideline as related guidance to be read in conjunction with B-13.,enrich-compliance-xwalk.py,2026-09-18,candidate,,
OSFI-B13-PQC,OSFI Corporate Governance Guideline,intersects_with,policy_reference,"""FRFIs should read this Guideline in conjunction with other OSFI guidance, tools and supervisory communications... in particular: OSFI Corporate Governance Guideline;""",high,The text explicitly lists this guideline as related guidance to be read in conjunction with B-13.,enrich-compliance-xwalk.py,2026-09-18,candidate,,
UK-DSIT-CNI-PQC,UK-NCSC-Migration-Timelines-2025,intersects_with,policy_reference,"""The NCSC released new guidance [20] that outlines the essential steps for PQC migration. In addition it details how preparatory work may differ across various sectors, and provides recommendations on the timelines for critical activities throughout the transition to PQC.""",high,"The text explicitly links the NCSC's roadmap and timelines to the migration planning context for CNI sectors, which is the subject of the DSIT report.",enrich-compliance-xwalk.py,2026-09-18,candidate,,
UK-DSIT-CNI-PQC,NIST FIPS 203,intersects_with,technical_dependency,"""ML-KEM (modular lattice key encapsulation mechanism (FIPS 203) [42] based on CRYSTALS-Kyber): A general-purpose encryption suitable for securing data in transit across various applications.""",high,"The document identifies FIPS 203 as one of the three NIST encryption standards introduced in 2024, which form the technical basis for the PQC migration discussed.",enrich-compliance-xwalk.py,2026-09-18,candidate,,
UK-DSIT-CNI-PQC,NIST FIPS 204,intersects_with,technical_dependency,"""ML-DSA (modular lattice digital signature algorithm (FIPS 204) [43] based on CRYSTALS-Dilithium): A general-purpose lattice-based algorithm for general-purpose digital signature protocols.""",high,"The document identifies FIPS 204 as one of the three NIST encryption standards introduced in 2024, which form the technical basis for the PQC migration discussed.",enrich-compliance-xwalk.py,2026-09-18,candidate,,
UK-DSIT-CNI-PQC,NIST FIPS 205,intersects_with,technical_dependency,"""SLH-DSA (stateless hash-based digital signature algorithm (FIPS 205) [44] based on SPHINCS+): Designed for digital signatures based on a different mathematical approach than ML-DSA, primarily as a backup to ML-DSA.""",high,"The document identifies FIPS 205 as one of the three NIST encryption standards introduced in 2024, which form the technical basis for the PQC migration discussed.",enrich-compliance-xwalk.py,2026-09-18,candidate,,
UK-DSIT-CNI-PQC,NIST IR 8547,intersects_with,policy_reference,"""In November 2024, NIST published IR 8547 describing NIST’s expected approach to PQC migration and transition timelines. NIST supports the goal of widespread PQC adoption by 2035...""",high,"The document cites NIST IR 8547 as a key international initiative providing context for PQC migration timelines, which informs the UK's own planning.",enrich-compliance-xwalk.py,2026-09-18,candidate,,
ACPR,DORA,intersects_with,policy_reference,Digital Operational Resilience Act (DORA),high,"The text lists DORA under the ""Réglementation"" (Regulation) section, specifically under ""Transverse"" (Cross-cutting) regulations, indicating ACPR's regulatory oversight or reference to this EU act.",enrich-compliance-xwalk.py,2026-09-18,candidate,,
ACPR,France:ACPR,equivalent,equivalence,L’Autorité de contrôle prudentiel et de résolution – ACPR,high,"The text explicitly defines the entity ""ACPR"" as ""L’Autorité de contrôle prudentiel et de résolution"", confirming the identity of the compliance record.",enrich-compliance-xwalk.py,2026-09-18,candidate,,
ZA-POPIA,ZA-POPIA-TEXT,equivalent,equivalence,Protection of Personal Information Act 4 of 2013,high,"The source text is the full text of the Act, which is the primary document referenced by the ID ZA-POPIA-TEXT.",enrich-compliance-xwalk.py,2026-09-18,candidate,,
ZA-POPIA,South Africa:IR,intersects_with,policy_reference,to provide for the establishment of an Information Regulator to exercise certain powers and to perform certain duties and functions in terms of this Act,high,The Act explicitly establishes the Information Regulator (IR) as the regulatory body responsible for enforcing the Act.,enrich-compliance-xwalk.py,2026-09-18,candidate,,
NG-NDPR,Nigeria Data Protection Act 2023,equivalent,equivalence,"""NIGERIA DATA PROTECTION ACT, 2023 EXPLANATORY MEMORANDUM This Act provides a legal framework for the protection of personal information ard establishes the Nigeria Data Protection Commission""",high,"The source text is the explanatory memorandum and body of the Nigeria Data Protection Act 2023. The compliance record ""NDPR / NDPA 2023"" represents the joint enforcement of the Regulation and the Act. The Act is the primary legal instrument described in the text.",enrich-compliance-xwalk.py,2026-09-18,candidate,,
NG-NDPR,Nigeria:NDPC,intersects_with,policy_reference,"""establishes the Nigeria Data Protection Commission for the regulation of the processing of personal information.""",high,"The text explicitly establishes the Nigeria Data Protection Commission (NDPC) as the regulatory body. The compliance record cites ""Nigeria:NDPC"" as the enforcing authority.",enrich-compliance-xwalk.py,2026-09-18,candidate,,
KE-DPA,KE-DPA-TEXT,equivalent,equivalence,"""Data Protection Act Cap. 411C ... This is the latest version of this Act.""",high,"KE-DPA-TEXT refers to the specific statutory text of the Kenya Data Protection Act, which is the subject of the compliance record.",enrich-compliance-xwalk.py,2026-09-18,candidate,,
KE-DPA,Kenya:ODPC,intersects_with,policy_reference,"""There is established the office of the Data Protection Commissioner which shall be a body corporate with perpetual succession...""",high,The Act establishes the Office of the Data Protection Commissioner (ODPC) as the enforcing body.,enrich-compliance-xwalk.py,2026-09-18,candidate,,
KE-DPA,Kenya Data Protection Act,equivalent,equivalence,"""AN ACT of Parliament to give effect to Article 31(c) and (d) of the Constitution; to establish the Office of the Data Protection Commissioner...""",high,The compliance record is the Kenya Data Protection Act itself.,enrich-compliance-xwalk.py,2026-09-18,candidate,,
AU-MALABO,NIST-SP-800-131A-Rev3,not_related,policy_reference,"""The rules applicable to cryptology devices and services""",low,"The provided source text (Preamble and Article 1-4) does not explicitly cite NIST-SP-800-131A-Rev3. The text mentions ""cryptology devices and services"" and ""internationally recognized best practices,"" but does not name the specific NIST standard. The relationship is inferred from the ""already-known citations"" list, but the evidence in the provided text snippet is indirect.",enrich-compliance-xwalk.py,2026-09-18,candidate,,
AU-MALABO,African Union:AUC,intersects_with,policy_reference,"""Commission means the African Union Commission;""",high,"The text explicitly defines the ""Commission"" as the ""African Union Commission"" (AUC) in Article 1, establishing it as a key institutional actor within the framework of the Convention.",enrich-compliance-xwalk.py,2026-09-18,candidate,,
EUCC-V2,EUCC,intersects_with,policy_reference,"""the European Common Criteria-based cybersecurity certification scheme (EUCC Scheme) 2 in its Articles 48(1) and (2) tasks the ECCG with adopting opinions in view of maintaining the EUCC""",high,"The text explicitly cites the EUCC Scheme (Commission Implementing Regulation (EU) 2024/482) as the regulatory framework governing the maintenance and review of the state-of-the-art documents, which constitute the technical basis for EUCC v2.0.",enrich-compliance-xwalk.py,2026-09-18,candidate,,
EUCC-V2,COMMON-CRITERIA,intersects_with,technical_dependency,"""European Common Criteria-based cybersecurity certification scheme (EUCC Scheme)""",high,"The EUCC Scheme is explicitly defined as ""Common Criteria-based,"" indicating a fundamental technical dependency on the Common Criteria framework for its evaluation methodology.",enrich-compliance-xwalk.py,2026-09-18,candidate,,
EUCC-V2,European Union:ECCG,intersects_with,policy_reference,"""Opinion of the European Cybersecurity Certification Group (ECCG) on the EUCC draft state-of-the-art documents Adopted on 11 March 2025""",high,"The document is an opinion adopted by the ECCG, establishing the group as the authoritative body endorsing the state-of-the-art documents that form the basis of the compliance record.",enrich-compliance-xwalk.py,2026-09-18,candidate,,
EUCC-V2,EUCC v2.0 ACM,equivalent,implementation_guidance,"""ENISA, together with the members of the ECCG subgroup on EUCC maintenance and review, has drafted a series of state-of-the-art documents to support the implementation of the EUCC Scheme.""",medium,"The ""EUCC v2.0 ACM"" (Agreed Cryptographic Mechanisms) is the specific subject of the compliance record. The text describes the drafting and endorsement of ""state-of-the-art documents"" which are the technical components (including cryptographic mechanisms) required for the scheme. While the specific acronym ""ACM"" is not in the snippet, the context of ""state-of-the-art documents"" for ""EUCC"" aligns with the known citation.",enrich-compliance-xwalk.py,2026-09-18,candidate,,
BSI-PQC-ADVISORY,EU-BSI-PQC-Joint-Statement-2024,equivalent,policy_reference,"""A joint statement from partners from 21 European states: ... Federal Oﬃce for Information Security Germany ... Securing Tomorrow, Today: Transitioning to Post-Quantum Cryptography 27.06.2025""",high,"The source text is the full text of the joint statement itself, which includes BSI (Federal Office for Information Security Germany) as a signatory. The compliance record ""BSI-PQC-ADVISORY"" is described as tracking this activity.",enrich-compliance-xwalk.py,2026-09-18,candidate,,
BSI-PQC-ADVISORY,BSI-ANSSI-QKD-Position-2024,intersects_with,policy_reference,"""[7]: ANSSI, AIVD, BSI, Swedish Armed Forces, Position Paper on Quantum Key Distribution, available at https://www.bsi.bund.de/SharedDocs/Downloads/EN/BSI/Crypto/Quantum_Positionspapier.html""",high,The text explicitly cites this position paper as a reference for in-depth recommendations.,enrich-compliance-xwalk.py,2026-09-18,candidate,,
BSI-PQC-ADVISORY,NIST,intersects_with,timeline_anchor,"""Moreover, new standards for post-quantum key establishment and signature algorithms have been published by NIST on August 13, 2024.""",high,The text anchors the timeline of the advisory's context to the specific publication date of NIST standards.,enrich-compliance-xwalk.py,2026-09-18,candidate,,
BSI-PQC-ADVISORY,FIPS 203,intersects_with,technical_dependency,"""new standards for post-quantum key establishment and signature algorithms have been published by NIST on August 13, 2024.""",medium,"FIPS 203 (ML-KEM) is one of the ""new standards... published by NIST on August 13, 2024"" referenced in the text. The advisory depends on these standards for its migration recommendations.",enrich-compliance-xwalk.py,2026-09-18,candidate,,
BSI-PQC-ADVISORY,FIPS 204,intersects_with,technical_dependency,"""new standards for post-quantum key establishment and signature algorithms have been published by NIST on August 13, 2024.""",medium,"FIPS 204 (ML-DSA) is one of the ""new standards... published by NIST on August 13, 2024"" referenced in the text.",enrich-compliance-xwalk.py,2026-09-18,candidate,,
BSI-PQC-ADVISORY,FIPS 205,intersects_with,technical_dependency,"""new standards for post-quantum key establishment and signature algorithms have been published by NIST on August 13, 2024.""",medium,"FIPS 205 (SLH-DSA) is one of the ""new standards... published by NIST on August 13, 2024"" referenced in the text.",enrich-compliance-xwalk.py,2026-09-18,candidate,,
BSI-PQC-ADVISORY,BSI-TR-02102,intersects_with,implementation_guidance,"""[5]: BSI, Quantum safe cryptography - fundamentals, current developments and recommendations (2021), available at https://www.bsi.bund.de/SharedDocs/Downloads/EN/BSI/Publications/Brochure/quantum-safe- cryptography.html""",medium,"Reference [5] is the BSI brochure ""Quantum safe cryptography"", which is the primary BSI guidance document (often associated with TR-02102 series or its predecessors) cited for ""in-depth recommendations"".",enrich-compliance-xwalk.py,2026-09-18,candidate,,
PRA-SS2-21,SS2/21,intersects_with,policy_reference,"""This SS complements, and should be read in conjunction with: ... SS2/21 ‘Outsourcing and third-party risk management’.""",high,The text explicitly states that SS1/21 (the current record) complements and should be read in conjunction with SS2/21.,enrich-compliance-xwalk.py,2026-09-18,candidate,,
PRA-SS2-21,Operational Resilience Parts of the PRA Rulebook,intersects_with,policy_reference,"""To address the growing risk a lack of operational resilience poses, the Operational Resilience Parts of the PRA Rulebook1 require firms to set and meet clear standards...""",high,The Supervisory Statement (SS1/21) provides guidance on the requirements set out in the PRA Rulebook's Operational Resilience Parts.,enrich-compliance-xwalk.py,2026-09-18,candidate,,
PRA-SS2-21,PRA Statement of Policy ‘Operational resilience’,intersects_with,policy_reference,"""This SS complements, and should be read in conjunction with: ... the PRA Statement of Policy ‘Operational resilience’;4""",high,The SS is a supervisory statement that complements the underlying Statement of Policy.,enrich-compliance-xwalk.py,2026-09-18,candidate,,
PRA-SS2-21,Fundamental Rules Part of the PRA Rulebook,intersects_with,policy_reference,"""This SS complements, and should be read in conjunction with: ... the Fundamental Rules Part of the PRA Rulebook;3""",high,The SS references the Fundamental Rules as a complementary regulatory framework.,enrich-compliance-xwalk.py,2026-09-18,candidate,,
PRA-SS2-21,SS19/13,intersects_with,policy_reference,"""the potential to inhibit the functioning of the wider economy, in particular the economic functions listed in SS19/13 ‘Resolution planning’""",medium,SS1/21 references SS19/13 to define economic functions relevant to financial stability risk assessment.,enrich-compliance-xwalk.py,2026-09-18,candidate,,
ICO-UK-ENC,UK GDPR,intersects_with,policy_reference,"""This guidance outlines the concept of encryption in the context of the UK GDPR’s integrity and confidentiality principle, and particularly Article 32 on security processing.""",high,The guidance is a specific implementation of the general requirements found in UK GDPR Article 32.,enrich-compliance-xwalk.py,2026-09-18,candidate,,
ICO-UK-ENC,PCI-DSS,intersects_with,policy_reference,"""Requirements 3 and 4 of the Payment Card Industry Data Security Standard (PCI-DSS) cover the protection of cardholder data in storage and in transit.""",high,The text explicitly cites PCI-DSS as an example of industry-specific guidelines that may include minimum standards for encryption.,enrich-compliance-xwalk.py,2026-09-18,candidate,,
ICO-UK-ENC,Attorney General’s guidance on information security,intersects_with,policy_reference,"""the Attorney General’s guidance on information security, which includes a section on the storage and handling of electronic material""",high,Cited as an example of sector-specific guidelines for encrypting personal data.,enrich-compliance-xwalk.py,2026-09-18,candidate,,
NSM-NO-GP,NIST CSF,intersects_with,policy_reference,"""Eksempler på tiltaksrammeverk er: ... • NIST Cyber Security Framework (NIST CSF)""",high,The document lists NIST CSF as an example of a control framework that can be used alongside NSM's principles.,enrich-compliance-xwalk.py,2026-09-18,candidate,,
NSM-NO-GP,ISO/IEC 27001,intersects_with,policy_reference,"""Eksempler på styringsrammeverk og veiledninger er: ... • ISO/IEC 27001 – internasjonal standard som beskriver et ledelsessystemer for informasjonssikkerhet.""",high,Cited as a relevant management framework.,enrich-compliance-xwalk.py,2026-09-18,candidate,,
NSM-NO-GP,ISO/IEC 27002,intersects_with,policy_reference,"""Eksempler på tiltaksrammeverk er: • ISO/IEC 27002""",high,Cited as a relevant control framework.,enrich-compliance-xwalk.py,2026-09-18,candidate,,
NSM-NO-GP,CIS Critical Security Controls,intersects_with,policy_reference,"""Eksempler på tiltaksrammeverk er: ... • CIS Critical Security Controls (CIS Controls)""",high,Cited as a relevant control framework.,enrich-compliance-xwalk.py,2026-09-18,candidate,,
NSM-NO-GP,NIST SP 800-53,intersects_with,policy_reference,"""Eksempler på tiltaksrammeverk er: ... • NIST SP 800-53 - Security and Privacy Controls for Information Systems and Organizations""",high,Cited as a relevant control framework.,enrich-compliance-xwalk.py,2026-09-18,candidate,,
NSM-NO-GP,UK NCSC Cyber Essentials,intersects_with,policy_reference,"""Eksempler på tiltaksrammeverk er: ... • UK NCSC - Cyber Essentials og Cyber Assessment Framework""",high,Cited as a relevant control framework.,enrich-compliance-xwalk.py,2026-09-18,candidate,,
NSM-NO-GP,Australian Government Information Security Manual,intersects_with,policy_reference,"""Eksempler på tiltaksrammeverk er: ... • Australian Government Information Security Manual (ISM).""",high,Cited as a relevant control framework.,enrich-compliance-xwalk.py,2026-09-18,candidate,,
NSM-NO-GP,ITIL,intersects_with,policy_reference,"""Eksempler på styringsrammeverk og veiledninger er: ... • ITIL (Information Technology Infrastructure Library) – et rammeverk for kvalitetssikring av leveranse, drift og support innen IT-sektoren.""",high,Cited as a relevant management framework.,enrich-compliance-xwalk.py,2026-09-18,candidate,,
MSB-SE-CYB,ISO/IEC 27000,intersects_with,technical_dependency,"""Metodstödet i sin tur bygger på de internationella standarderna i ISO/IEC 27000-serien.""",high,The text explicitly states the methodology is built upon the ISO/IEC 27000 series standards.,enrich-compliance-xwalk.py,2026-09-18,candidate,,
MSB-SE-CYB,NIS2,intersects_with,policy_reference,"""Analysera rättsliga krav i olika författningar, det vill säga krav som är kopplade till er organisations informationshantering eller direkt till informationssäkerhet, till exempel dataskyddsförordningen, säkerhetsskyddslagen, bokföringslagen, MSB:s och andra myndigheters föreskrifter och NIS-regler",medium,"The text lists ""NIS-regleringen"" (NIS regulation) as a legal requirement to be analyzed. While the specific version (NIS2) is not explicitly named in this snippet, the compliance record context identifies it as NIS2, and the text supports the dependency on NIS regulations.",enrich-compliance-xwalk.py,2026-09-18,candidate,,
MSB-SE-CYB,Sweden:NCSC,intersects_with,policy_reference,"""MSB Sweden Cyber Resilience Metodstöd... for algorithm-level guidance, cross-reference MSB Metodstöd documents and NCSC-SE bulletins""",low,"The relationship is supported by the compliance record description provided in the prompt (""cross-reference... NCSC-SE bulletins""), but the source text itself (the Metodstöd overview) does not explicitly cite NCSC-SE in the provided excerpt. The prompt asks to prioritize known citations, and the description confirms the link.",enrich-compliance-xwalk.py,2026-09-18,candidate,,
NCSC-FI-PQC,NIST,intersects_with,policy_reference,"""Yksi PQC-algoritmien standardointiin tähtäävä hanke on yhdysvaltalaisen standardisointivirasto NIST:n vetämä projekti... Kansallinen kryptotyöryhmä on linjannut [*] , että NIST:n standardoimat PQC-algoritmit tullaan lisäämään myös salaustuotteiden arvioinnissa hyödynnettävään kansalliseen kryptokri",high,The Finnish National Cryptography Group aligns national criteria with NIST standards.,enrich-compliance-xwalk.py,2026-09-18,candidate,,
NCSC-FI-PQC,CRYSTALS-Kyber-Spec-v302,intersects_with,technical_dependency,"""...valittiin vuonna 2022 standardoitavaksi yksi algoritmi avainten neuvotteluun (CRYSTALS-Kyber)... NIST julkaisi viime vuonna CRYSTALS-Kyberille... standardiluonnokset, joissa näitä algoritmeja kutsutaan nimillä ML-KEM...""",high,"The text explicitly names CRYSTALS-Kyber as the selected algorithm for key agreement, which is the basis for the national criteria update.",enrich-compliance-xwalk.py,2026-09-18,candidate,,
NCSC-FI-PQC,CRYSTALS-Dilithium-Spec-v31,intersects_with,technical_dependency,"""...kolme algoritmia allekirjoitusten tekemiseen (CRYSTALS-Dilithium, Falcon, SPHINCS+). NIST julkaisi viime vuonna... CRYSTALS-Dilithiumille... standardiluonnokset, joissa näitä algoritmeja kutsutaan nimillä... ML-DSA...""",high,Explicitly cited as one of the three signature algorithms selected by NIST and adopted into the national framework.,enrich-compliance-xwalk.py,2026-09-18,candidate,,
NCSC-FI-PQC,Falcon-Spec-v12,intersects_with,technical_dependency,"""...kolme algoritmia allekirjoitusten tekemiseen (CRYSTALS-Dilithium, Falcon, SPHINCS+).""",high,Explicitly cited as one of the three signature algorithms selected by NIST.,enrich-compliance-xwalk.py,2026-09-18,candidate,,
NCSC-FI-PQC,SPHINCS-Plus-Spec-v31,intersects_with,technical_dependency,"""...kolme algoritmia allekirjoitusten tekemiseen (CRYSTALS-Dilithium, Falcon, SPHINCS+). NIST julkaisi viime vuonna... SPHINCS+:lle standardiluonnokset, joissa näitä algoritmeja kutsutaan nimillä... SLH-DSA.""",high,Explicitly cited as one of the three signature algorithms selected by NIST.,enrich-compliance-xwalk.py,2026-09-18,candidate,,
NCSC-FI-PQC,CISA-Quantum-Readiness-Roadmap,intersects_with,implementation_guidance,"""Tämän takia useissa maissa viranomaiset ovat laatineet siirtymän toteuttamiselle ohjeistuksia (esim. [1] ja [2]), joilla pyritään nopeuttamaan siirtymää... Siirtymän toteuttamisen apuna voidaan käyttää kansainvälisten viranomaisten laatimia ohjeistuksia.""",medium,"The text references international guidelines for migration (cited as [1] and [2] in the source, though the specific document names are not in the snippet, the context of ""international authorities"" and ""migration guidelines"" strongly aligns with the CISA Roadmap which is a primary international reference for such steps like crypto inventory and risk assessment). The specific steps listed (inventory, risk assessment) match the CISA roadmap structure.",enrich-compliance-xwalk.py,2026-09-18,candidate,,
NCSC-FI-PQC,NL-PQC-Migration-Handbook-2024,intersects_with,implementation_guidance,"""Tämän takia useissa maissa viranomaiset ovat laatineet siirtymän toteuttamiselle ohjeistuksia (esim. [1] ja [2])... Siirtymän toteuttamisen apuna voidaan käyttää kansainvälisten viranomaisten laatimia ohjeistuksia.""",low,"The text mentions ""guidelines from several countries"" and ""international authorities"". While the Dutch Handbook is a known international reference, the text does not explicitly name it. However, given the ""already-known citations"" list includes it, and the text describes the exact type of guidance (migration planning, inventory, risk assessment) provided by such handbooks, it is a plausible reference for [1] or [2]. Confidence is low because the specific name is not in the text.",enrich-compliance-xwalk.py,2026-09-18,candidate,,
CHILE-ANCI,Chile:Chile Govt,intersects_with,policy_reference,"""Ley 21663 LEY MARCO DE CIBERSEGURIDAD ... Agencia Nacional de Ciberseguridad (ANCI) ... La presente ley tiene por objeto regular la normativa general aplicable a las acciones de ciberseguridad de los organismos del Estado""",high,"The compliance record is the specific law (Ley 21.663) that establishes the ANCI agency within the Chilean government framework. The ""Chile:Chile Govt"" citation represents the broader governmental context or the specific legal instrument itself.",enrich-compliance-xwalk.py,2026-09-18,candidate,,
CHILE-ANCI,Ley 19.880,intersects_with,policy_reference,"""Dicha calificación deberá someterse al proceso de consulta pública y se regirá por las disposiciones de la ley Nº 19.880 , que establece bases de los procedimientos administrativos que rigen los actos de los órganos de la Administración del Estado.""",high,The text explicitly states that the qualification process for essential services under ANCI is governed by Ley 19.880.,enrich-compliance-xwalk.py,2026-09-18,candidate,,
CHILE-ANCI,Ley 18.575,intersects_with,policy_reference,"""de conformidad a lo dispuesto por el inciso segundo del artículo 5º de la ley Nº 18.575, orgánica constitucional de Bases Generales de la Administración del Estado""",high,The text cites Ley 18.575 as the basis for the coordination principle between the Agency and sectoral authorities.,enrich-compliance-xwalk.py,2026-09-18,candidate,,
CHILE-ANCI,Ley 20.416,intersects_with,policy_reference,"""siempre se deberá tener en consideración el tamaño de la institución privada, especialmente las características y necesidades de las micro, pequeñas y medianas empresas, tal como se definen en la ley N° 20.416""",high,The text references Ley 20.416 to define the size categories of private institutions (SMEs) relevant to the cybersecurity obligations.,enrich-compliance-xwalk.py,2026-09-18,candidate,,
MEXICO-CNBV-CUB,NOM-151-SCFI-2002,intersects_with,policy_reference,"""Las Instituciones en los procesos a que se refiere el presente artículo, deberán ajustarse, adicionalmente, a lo establecido en los numerales 4.3, 4.4 y 5 y al apéndice normativo de la Norma Oficial Mexicana NOM- 151-SCFI-2002""",high,The CUB mandates compliance with specific sections of this NOM for data conservation.,enrich-compliance-xwalk.py,2026-09-18,candidate,,
MEXICO-CNBV-CUB,PCI-DSS,intersects_with,policy_reference,"""a) Certificaciones de normas de seguridad de la industria de tarjetas, incluyendo entre otras: la norma de seguridad de datos (PCI-DSS)""",high,CUB requires PCI-DSS certification for electronic banking services using debit/credit cards.,enrich-compliance-xwalk.py,2026-09-18,candidate,,
MEXICO-CNBV-CUB,PA-DSS,intersects_with,policy_reference,"""la norma de seguridad de datos para las aplicaciones de pago (PA-DSS)""",high,CUB requires PA-DSS certification for electronic banking services.,enrich-compliance-xwalk.py,2026-09-18,candidate,,
MEXICO-CNBV-CUB,PTS,intersects_with,policy_reference,"""los requisitos de seguridad y transacciones con NIP (PTS)""",high,CUB requires PTS (PIN Transaction Security) certification for electronic banking services.,enrich-compliance-xwalk.py,2026-09-18,candidate,,
MEXICO-CNBV-CUB,EMV,intersects_with,policy_reference,"""b) Certificación conforme al estándar de interoperabilidad de tarjetas de débito y de crédito conocido como EMV, niveles 1 (interfaces, físico, eléctrico y de transporte) y 2""",high,CUB requires EMV Level 1 and 2 certification for smart card operations.,enrich-compliance-xwalk.py,2026-09-18,candidate,,
MEXICO-CNBV-CUB,NIF C-2,intersects_with,policy_reference,"""Tratándose de inversiones en instrumentos financieros, deberán valuarse según lo establecido en la NIF C-2, “Inversión en Instrumentos financieros”, de las Normas de Información financiera""",high,CUB mandates the use of NIF C-2 for valuing financial instruments in adjudicated assets.,enrich-compliance-xwalk.py,2026-09-18,candidate,,
MEXICO-CNBV-CUB,NIF C-16,intersects_with,policy_reference,"""Artículo 139 Bis.- Las Instituciones para efectos de determinar la estimación preventiva para riesgos crediticios, podrán utilizar una Metodología Interna de reservas basada en la NIF C-16""",high,CUB allows the use of NIF C-16 based methodologies for credit risk reserves.,enrich-compliance-xwalk.py,2026-09-18,candidate,,
MEXICO-CNBV-CUB,NIAS,intersects_with,policy_reference,"""Que con motivo de la adopción de las Normas Internacionales de Auditoría (NIAS) por parte de la Comisión de Normas de Auditoría y Aseguramiento del Instituto Mexicano de Contadores Públicos, A.C.""",medium,"The text references the adoption of NIAS to replace previous Mexican auditing bulletins, implying a regulatory alignment or dependency for external audit standards.",enrich-compliance-xwalk.py,2026-09-18,candidate,,
ID-PDP,Indonesia Law No. 27 of 2022 on Personal Data Protection,equivalent,equivalence,UNDANG-UNDANG REPUBLIK INDONESIA NOMOR 27 TAHUN 2022 TENTANG PELINDUNGAN DATA PRIBADI,high,The source text is the official text of the law itself.,enrich-compliance-xwalk.py,2026-09-18,candidate,,
ID-PDP,Indonesia:BSSN,intersects_with,policy_reference,"Pengendali Data Pribadi wajib melindungi dan memastikan keamanan Data Pribadi yang diprosesnya, dengan melakukan: a. penyusunan dan penerapan langkah teknis ' operasional untuk melindungi Data Pribadi",medium,"BSSN (Badan Siber dan Sandi Negara) is the Indonesian national cybersecurity agency. While the provided text excerpt does not explicitly name ""BSSN"", the law mandates technical security measures (Pasal 35) which are typically implemented via BSSN standards/guidelines in the Indonesian context. The relationship is inferred from the regulatory obligation to implement technical security measures under the national regime.",enrich-compliance-xwalk.py,2026-09-18,candidate,,
VN-CYBER,Law on Cyber Security (2018),intersects_with,policy_reference,"""Pursuant to the June 12, 2018 Law on Cyber Security;""",high,The Decree explicitly cites the 2018 Law on Cyber Security as a legal basis for its promulgation.,enrich-compliance-xwalk.py,2026-09-18,candidate,,
VN-CYBER,Civil Code (2015),intersects_with,policy_reference,"""Pursuant to the November 24, 2015 Civil Code;""",high,The Decree cites the Civil Code as a legal basis.,enrich-compliance-xwalk.py,2026-09-18,candidate,,
VN-CYBER,Law on National Security (2004),intersects_with,policy_reference,"""Pursuant to the December 3, 2004 Law on National Security;""",high,The Decree cites the Law on National Security as a legal basis.,enrich-compliance-xwalk.py,2026-09-18,candidate,,
VN-CYBER,Law on Organization of the Government (2015),intersects_with,policy_reference,"""Pursuant to the June 19, 2015 Law on Organization of the Government;""",high,The Decree cites the Law on Organization of the Government as a legal basis.,enrich-compliance-xwalk.py,2026-09-18,candidate,,
VN-CYBER,Law Amending and Supplementing a Number of Articles of the Law on Organization of the Government and the Law on Organization of Local Administration (2019),intersects_with,policy_reference,"""and the November 22, 2019 Law Amending and Supplementing a Number of Articles of the Law on Organization of the Government and the Law on Organization of Local Administration;""",high,The Decree cites this amending law as a legal basis.,enrich-compliance-xwalk.py,2026-09-18,candidate,,
BE-NIS2,NIS2,intersects_with,policy_reference,"""The law of 26 April 2024 establishing a framework for the cybersecurity of network and information systems of general interest for public security (the « NIS2 law »), transposes EU directive 2022/2555 of the European Parliament and of the Council of 14 December 2022 (the « NIS2 directive »).""",high,The Belgian law is a transposition of the EU NIS2 Directive.,enrich-compliance-xwalk.py,2026-09-18,candidate,,
BE-NIS2,ISO/IEC 27001,intersects_with,implementation_guidance,"""To this end, entities will benefit from a presumption of conformity if they obtain a CyFun® or ISO/IEC 27001 certification/label.""",high,The text explicitly cites ISO/IEC 27001 as a means to achieve presumption of conformity under the Belgian NIS2 law.,enrich-compliance-xwalk.py,2026-09-18,candidate,,
BE-NIS2,CyberFundamentals (CyFun®),intersects_with,implementation_guidance,"""To support organisations, the CCB developed clear guidance with the creation of the CyberFundamentals (CyFun®) framework. To this end, entities will benefit from a presumption of conformity if they obtain a CyFun® or ISO/IEC 27001 certification/label.""",high,The CCB framework is cited as a primary tool for compliance and presumption of conformity.,enrich-compliance-xwalk.py,2026-09-18,candidate,,
BE-NIS2,Commission Recommendation 2003/361/EC,intersects_with,policy_reference,"""The size of an entity is calculated on the basis of Annex I of Commission Recommendation 2003/361/EC of 6 May 2003 concerning the definition of micro, small and medium-sized enterprises (the \""Recommendation\"").""",high,The recommendation is used to define the size thresholds (size-cap) for entities falling under the law.,enrich-compliance-xwalk.py,2026-09-18,candidate,,
CO-LEY1581,NIST-SP-800-131A-Rev3,intersects_with,policy_reference,"""g) Principio de seguridad: La información sujeta a Tratamiento por el Responsable del Tratamiento o Encargado del Tratamiento a que se refiere la presente ley, se deberá manejar con las medidas técnicas, humanas y administrativas que sean necesarias para otorgar seguridad a los registros evitando s",medium,"The source text mandates ""technical measures"" for data security but does not explicitly name NIST SP 800-131A. The relationship is inferred from the compliance record's metadata which lists this standard as a citation, likely serving as the technical implementation guidance for the ""Principio de seguridad"" defined in Article 4(g).",enrich-compliance-xwalk.py,2026-09-18,candidate,,
CO-LEY1581,Decreto 1377 de 2013,intersects_with,implementation_guidance,"""Reglamentada parcialmente por el Decreto Nacional 1377 de 2013""",high,"The text explicitly states that the Law is partially regulated by this Decree, which provides the specific implementation details for the general provisions of the Law.",enrich-compliance-xwalk.py,2026-09-18,candidate,,
CO-LEY1581,Decreto 1081 de 2015,intersects_with,implementation_guidance,"""Reglamentada Parcialmente por el Decreto 1081 de 2015.""",high,The text explicitly states that the Law is partially regulated by this Decree.,enrich-compliance-xwalk.py,2026-09-18,candidate,,
CO-LEY1581,Decreto 886 de 2014,intersects_with,implementation_guidance,"""Reglamentado por Decreto 886 de 2014""",high,"The text lists this decree as a regulation of the Superintendencia's role, which is central to the Law's enforcement.",enrich-compliance-xwalk.py,2026-09-18,candidate,,
CO-LEY1581,Decreto 255 de 2022,intersects_with,implementation_guidance,"""Ver Decreto 255 de 2022.""",high,The text references this decree in the header section regarding the regulation of the Law.,enrich-compliance-xwalk.py,2026-09-18,candidate,,
RU-TC26,GOST R 34.10-2012,intersects_with,policy_reference,ГОСТ Р 34.10–2012 «Информационная технология. Криптографическая защита информации. Процессы формирования и проверки электронной цифровой подписи»,high,The source text lists this standard as part of the national standards maintained by TC 26.,enrich-compliance-xwalk.py,2026-09-18,candidate,,
RU-TC26,GOST R 34.11-2012,intersects_with,policy_reference,ГОСТ Р 34.11–2012 «Информационная технология. Криптографическая защита информации. Функция хэширования»,high,The source text lists this standard (Streebog) as part of the national standards maintained by TC 26.,enrich-compliance-xwalk.py,2026-09-18,candidate,,
RU-TC26,GOST R 34.12-2015,intersects_with,policy_reference,ГОСТ Р 34.12–2015 «Информационная технология. Криптографическая защита информации. Блочные шифры»,high,The source text lists this standard (Kuznyechik/Magma) as part of the national standards maintained by TC 26.,enrich-compliance-xwalk.py,2026-09-18,candidate,,
RU-TC26,GOST R 34.13-2015,intersects_with,policy_reference,ГОСТ Р 34.13–2015 «Информационная технология. Криптографическая защита информации. Режимы работы блочных шифров»,high,The source text lists this standard as part of the national standards maintained by TC 26.,enrich-compliance-xwalk.py,2026-09-18,candidate,,
RU-TC26,GOST R 34.14-2025,intersects_with,policy_reference,ГОСТ Р 34.14–2025 «Информационная технология. Криптографическая защита информации. Термины и определения»,high,The source text lists this standard as part of the national standards maintained by TC 26.,enrich-compliance-xwalk.py,2026-09-18,candidate,,
RU-TC26,GOST R 71252-2024,intersects_with,policy_reference,ГОСТ Р 71252–2024 «Информационная технология. Криптографическая защита информации. Протокол защищенного обмена для индустриальных систем»,high,The source text lists this standard as part of the national standards maintained by TC 26.,enrich-compliance-xwalk.py,2026-09-18,candidate,,
TR-KVKK,NIST-SP-800-131A-Rev3,intersects_with,policy_reference,"""The data controller is obliged to take all necessary technical and organizational measures to provide an appropriate level of security for the purposes of: a) preventing unlawful processing of personal data, b) preventing unlawful access to personal data, c) ensuring protection of personal data.""",medium,"The source text mandates ""technical and organizational measures"" for security but does not explicitly name NIST-SP-800-131A-Rev3. The relationship is inferred from the known citation list and the general requirement for technical security controls (like encryption) which NIST SP 800-131A addresses. The evidence provided is the verbatim text establishing the obligation for technical measures.",enrich-compliance-xwalk.py,2026-09-18,candidate,,
faa-ac-119-1-ansp,RTCA-DO-355A,intersects_with,technical_dependency,"""This AC was created using information from RTCA, Inc. (RTCA) document DO-355, Information Security Guidance for Continuing Airworthiness, dated June 17, 2014""",high,"The text cites DO-355 (June 2014), which corresponds to the known citation RTCA-DO-355A. The AC uses this document as a source for its guidance.",enrich-compliance-xwalk.py,2026-09-18,candidate,,
faa-ac-119-1-ansp,ARINC Standard 811,intersects_with,technical_dependency,"""This AC was created using information from ... ARINC Standard 811, Commercial Aircraft Information Security Concepts of Operation and Process Framework""",high,Explicitly cited as a source document for the AC's content.,enrich-compliance-xwalk.py,2026-09-18,candidate,,
faa-ac-119-1-ansp,ARINC Standard 827,intersects_with,technical_dependency,"""This AC was created using information from ... and ARINC Standard 827, Electronic Distribution of Software by Crate.""",high,Explicitly cited as a source document for the AC's content.,enrich-compliance-xwalk.py,2026-09-18,candidate,,
common-criteria-v3.1r5-part1,ISO/IEC 15408,equivalent,equivalence,"""they hereby grant non- exclusive license to ISO/IEC to use CC 3.1 in the continued development/maintenance of the ISO/IEC 15408 international standard.""",high,"The text explicitly states that CC 3.1 is licensed for use in the development/maintenance of ISO/IEC 15408, indicating they are the same standard (CC is the source, ISO/IEC 15408 is the international standard version).",enrich-compliance-xwalk.py,2026-09-18,candidate,,
common-criteria-v3.1r5-part1,"Common Criteria for Information Technology Security Evaluation, Version 3.1, revision 5, April 2017. Part 2: Functional security components",intersects_with,technical_dependency,"""[CC-2] Common Criteria for Information Technology Security Evaluation, Version 3.1, revision 5, April 2017. Part 2: Functional security components.""",high,"Listed under ""Normative references"" as indispensable for the application of CC Part 1.",enrich-compliance-xwalk.py,2026-09-18,candidate,,
common-criteria-v3.1r5-part1,"Common Criteria for Information Technology Security Evaluation, Version 3.1, revision 5, April 2017. Part 3: Assurance security components",intersects_with,technical_dependency,"""[CC-3] Common Criteria for Information Technology Security Evaluation, Version 3.1, revision 5, April 2017. Part 3: Assurance security components.""",high,"Listed under ""Normative references"" as indispensable for the application of CC Part 1.",enrich-compliance-xwalk.py,2026-09-18,candidate,,
common-criteria-v3.1r5-part1,"Common Methodology for Information Technology Security Evaluation, Version 3.1, revision 5, April 2017",intersects_with,technical_dependency,"""[CEM] Common Methodology for Information Technology Security Evaluation, Version 3.1, revision 5, April 2017.""",high,"Listed under ""Normative references"" as indispensable for the application of CC Part 1.",enrich-compliance-xwalk.py,2026-09-18,candidate,,
common-criteria-v3.1r5-part1,ISO/IEC 15292,intersects_with,policy_reference,"""[ISO/IEC 15292] Information technology -- Security techniques -- Protection Profile registration procedures""",medium,Listed in the Bibliography (informative) as useful material.,enrich-compliance-xwalk.py,2026-09-18,candidate,,
common-criteria-v3.1r5-part1,ISO/IEC 15443,intersects_with,policy_reference,"""[ISO/IEC 15443] Information technology -- Security techniques -- A framework for IT security assurance - all parts""",medium,Listed in the Bibliography (informative) as useful material.,enrich-compliance-xwalk.py,2026-09-18,candidate,,
common-criteria-v3.1r5-part1,ISO/IEC 15446,intersects_with,policy_reference,"""[ISO/IEC 15446] Information technology -- Security techniques -- Guide for the production of Protection Profiles and Security Targets""",medium,Listed in the Bibliography (informative) as useful material.,enrich-compliance-xwalk.py,2026-09-18,candidate,,
common-criteria-v3.1r5-part1,ISO/IEC 19790,intersects_with,policy_reference,"""[ISO/IEC 19790] Information technology -- Security techniques -- Security requirements for cryptographic modules""",medium,Listed in the Bibliography (informative) as useful material.,enrich-compliance-xwalk.py,2026-09-18,candidate,,
common-criteria-v3.1r5-part1,ISO/IEC 19791,intersects_with,policy_reference,"""[ISO/IEC 19791] Information technology -- Security techniques -- Security assessment of operational systems""",medium,Listed in the Bibliography (informative) as useful material.,enrich-compliance-xwalk.py,2026-09-18,candidate,,
common-criteria-v3.1r5-part1,ISO/IEC 27001,intersects_with,policy_reference,"""[ISO/IEC 27001] Information technology -- Security techniques -- Information security management systems -- Requirements""",medium,Listed in the Bibliography (informative) as useful material.,enrich-compliance-xwalk.py,2026-09-18,candidate,,
cisa-pqc-initiative,NIST Post-Quantum Cryptography Standards,intersects_with,policy_reference,"""NIST has the responsibility for establishing cryptographic standards for other government systems. NSA expects to continue maintaining a high security standard for commercial products used in these applications that will be selected from the general NIST cryptographic standards.""",high,"The text explicitly assigns NIST the role of establishing standards for non-NSS government systems, which CISA's initiative supports for critical infrastructure.",enrich-compliance-xwalk.py,2026-09-18,candidate,,
cisa-pqc-initiative,CISA-Quantum-Readiness-Roadmap,intersects_with,implementation_guidance,"""The CNSA Suite represents the interim strategy as the commercial space transitions to quantum-resistant public key. Following CNSA guidance and future NSA cryptographic suite announcements will provide the quickest path to securely mitigate the quantum threat against NSS.""",medium,"While the text is from NSA, it describes the transition strategy (""interim strategy"") that aligns with the roadmap goals of the CISA initiative for critical infrastructure. The CISA initiative unifies efforts to support this transition.",enrich-compliance-xwalk.py,2026-09-18,candidate,,
cisa-pqc-initiative,US-CISA-PQC-OT-2024,intersects_with,policy_reference,"""New cryptography can take 20 years or more to be fully deployed to all National Security Systems. NSS equipment is often used for decades after deployment.""",low,"The text highlights the long timeline for cryptographic deployment, which is a core concern addressed by CISA's PQC Operational Timeline (OT) documents. However, the specific document ID is not in the text, so this is inferred from the context of the CISA initiative's purpose described in the prompt.",enrich-compliance-xwalk.py,2026-09-18,candidate,,
cisa-pqc-initiative,DHS Post-Quantum Cryptography Roadmap,intersects_with,policy_reference,"""CISA's initiative to unify efforts with interagency and industry partners to address threats posed by quantum computing and support the transition to post-quantum cryptography for critical infrastructure and government networks.""",medium,"The prompt description of the CISA initiative explicitly mentions unifying interagency efforts. The DHS PQC Roadmap is a key interagency document in this space. The source text (NSA FAQ) provides the technical context (CRQC threat, CNSA suite) that underpins these roadmaps.",enrich-compliance-xwalk.py,2026-09-18,candidate,,
cisa-pqc-initiative,US-CISA-ACDI-Strategy-2024,intersects_with,policy_reference,"""CISA's initiative to unify efforts with interagency and industry partners to address threats posed by quantum computing and support the transition to post-quantum cryptography for critical infrastructure and government networks.""",low,"The ACDI Strategy is a broader cybersecurity strategy that includes PQC. The CISA initiative is a specific component of this broader effort. The source text supports the technical necessity of the transition, which the strategy addresses.",enrich-compliance-xwalk.py,2026-09-18,candidate,,
bsi-cc-certification,Common Criteria (CC),intersects_with,policy_reference,"""The certification of an IT product according to Common Criteria (CC) is initiated by the manufacturer, distributor or developer organisation""",high,The BSI certification scheme is built upon the Common Criteria standard.,enrich-compliance-xwalk.py,2026-09-18,candidate,,
bsi-cc-certification,ITSEC,intersects_with,policy_reference,"""The European ITSEC [ITSEC] criteria for the evaluation of IT products can only be applied in the BSI certification scheme in justified exceptional cases""",high,ITSEC is cited as a legacy standard applicable only in exceptional cases within the BSI scheme.,enrich-compliance-xwalk.py,2026-09-18,candidate,,
bsi-cc-certification,CC:2022,intersects_with,technical_dependency,"""Additions to CC:2022""",high,The version history explicitly notes additions to the CC:2022 standard in version 4.1 of the scheme.,enrich-compliance-xwalk.py,2026-09-18,candidate,,
bsi-cc-certification,REGULATION (EU) No. 910/2014,intersects_with,policy_reference,"""In accordance with the German Trust Services Act (VDG), the Federal Office for Information Security is the public body in accordance with Article 30(1) of Regulation (EU) No. 910/2014""",high,"The BSI acts as the public body for eIDAS regulation, linking the certification scheme to this EU regulation.",enrich-compliance-xwalk.py,2026-09-18,candidate,,
bsi-cc-certification,REGULATION (EU) No. 165/2014,intersects_with,policy_reference,"""According to the Regulation, the security of the components (motion sensor, vehicle unit, tachograph card, GNSS module) must be verified through certification.""",high,The BSI certification scheme is used to verify security for digital tachographs under this EU regulation.,enrich-compliance-xwalk.py,2026-09-18,candidate,,
bsi-cc-certification,SOG-IS MRA,intersects_with,policy_reference,"""AIS documents generally include the internationally agreed documents for the application of criteria manuals, such as the documents of the Joint Interpretation Working Group (JIWG Supporting Documents from the SOG-IS recognition agreement (SOG-IS MRA))""",high,The BSI scheme incorporates documents from the SOG-IS Mutual Recognition Agreement.,enrich-compliance-xwalk.py,2026-09-18,candidate,,
bsi-cc-certification,CCRA,intersects_with,policy_reference,"""Current information on the CC and CEM can be found on the website of the [CCRA]. Both the currently applicable and previous versions of the CCRA versions of the criteria can be downloaded from this website.""",high,The BSI scheme references the Common Criteria Recognition Arrangement (CCRA) for criteria versions and mutual recognition.,enrich-compliance-xwalk.py,2026-09-18,candidate,,
etsi-ts-104-015-qsc-hybrid-key-exchange,FIPS-203,intersects_with,technical_dependency,"[6] FIPS PUB 203: ""Module-Lattice-Based Key-Encapsulation Mechanism Standard"".",high,"Normative reference. The document specifies hybrid KEMs relying on LWE, which is the basis of FIPS 203 (ML-KEM).",enrich-compliance-xwalk.py,2026-09-18,candidate,,
etsi-ts-104-015-qsc-hybrid-key-exchange,RFC 7748,intersects_with,technical_dependency,"[2] IETF RFC 7748: ""Elliptic Curves for Security"".",high,"Normative reference. The document specifies hybrid KEMs relying on CDH, which is implemented via the elliptic curves defined in RFC 7748.",enrich-compliance-xwalk.py,2026-09-18,candidate,,
etsi-ts-104-015-qsc-hybrid-key-exchange,FIPS-180-4,intersects_with,technical_dependency,"[4] FIPS PUB 180-4: ""Secure Hash Standard (SHS)"".",high,"Normative reference. Cited as a necessary document for the application of the specification, likely for hash function primitives.",enrich-compliance-xwalk.py,2026-09-18,candidate,,
etsi-ts-104-015-qsc-hybrid-key-exchange,FIPS 202,intersects_with,technical_dependency,"[5] FIPS PUB 202: ""SHA-3 Standard: Permutation-Based Hash and Extendable-Output Functions"".",high,"Normative reference. Cited as a necessary document for the application of the specification, likely for hash function primitives.",enrich-compliance-xwalk.py,2026-09-18,candidate,,
etsi-ts-104-015-qsc-hybrid-key-exchange,NIST SP 800-186,intersects_with,technical_dependency,"[1] NIST SP 800-186: ""Recommendations for Discrete Logarithm-Based Cryptography: Elliptic Curve Domain Parameters"".",high,Normative reference. Provides domain parameters for the discrete logarithm-based (pre-quantum) component of the hybrid scheme.,enrich-compliance-xwalk.py,2026-09-18,candidate,,
etsi-ts-104-015-qsc-hybrid-key-exchange,NIST SP 800-185,intersects_with,technical_dependency,"[3] NIST SP800-185: ""SHA-3 Derived Functions: cSHAKE, KMAC, TupleHash and ParallelHash"".",high,Normative reference. Provides derived functions (like KMAC) often used in KEM constructions for key derivation.,enrich-compliance-xwalk.py,2026-09-18,candidate,,
cert-in-directions-70b-2022,Information Technology Act;2000,intersects_with,policy_reference,"""Directions under sub-section (6) of section 70B of the Information Technology Act, 2000 relating to information security practices, procedure, prevention, response and reporting of cyber incidents""",high,"The directions are issued under the authority of Section 70B of the IT Act, 2000.",enrich-compliance-xwalk.py,2026-09-18,candidate,,
cert-in-directions-70b-2022,Information Technology (The Indian Computer Emergency Response Team and Manner of performing functions and duties) Rules;2013,intersects_with,policy_reference,"""“The Information Technology (The Indian Computer Emergency Response Team and Manner of performing functions and duties) Rules, 2013” were notified and published vide notification dated 16.01.2014""",high,The text cites these rules as the regulatory framework defining CERT-In's functions and the definitions used in the directions.,enrich-compliance-xwalk.py,2026-09-18,candidate,,
cert-in-directions-70b-2022,"Reserve Bank of India (Know Your Customer (KYC)) Directions, 2016",intersects_with,policy_reference,"""For the purpose of KYC, any of following Officially Valid Document (OVD) as a measure of identification procedure prescribed by the Reserve Bank of India (Know Your Customer (KYC)) Directions, 2016""",high,The directions mandate the use of KYC procedures prescribed by RBI for virtual asset service providers.,enrich-compliance-xwalk.py,2026-09-18,candidate,,
cert-in-directions-70b-2022,"Securities and Exchange Board of India Clarification on Know Your Client (KYC) Process and Use of Technology for KYC vide Circular SEBI/HO/MIRSD/DOP/CIR/P/2020/73 dated April 24, 2020",intersects_with,policy_reference,"""Securities and Exchange Board of India Clarification on Know Your Client (KYC) Process and Use of Technology for KYC vide Circular SEBI/HO/MIRSD/DOP/CIR/P/2020/73 dated April 24, 2020""",high,Cited as an alternative KYC procedure for virtual asset service providers.,enrich-compliance-xwalk.py,2026-09-18,candidate,,
cert-in-directions-70b-2022,"The Department of Telecom File No: 800-12/2021- AS.II dated September 21, 2021 on Self-KYC (S-KYC) as an alternate process for issuing of new mobile connections to Local and Outstation category customers",intersects_with,policy_reference,"""The Department of Telecom File No: 800-12/2021- AS.II dated September 21, 2021 on Self-KYC (S-KYC) as an alternate process for issuing of new mobile connections to Local and Outstation category customers""",high,Cited as an alternative KYC procedure for virtual asset service providers.,enrich-compliance-xwalk.py,2026-09-18,candidate,,
rbi-cyber-security-framework-2016,India:RBI,intersects_with,policy_reference,"""The Reserve Bank, had, provided guidelines on Information Security, Electronic Banking, Technology Risk Management and Cyber Frauds (G.Gopalakrishna Committee) vide Circular DBS.CO.ITC.BC.No.6/31.02.008/2010-11 dated April 29, 2011""",high,The text explicitly cites a previous RBI circular as the foundational guideline that this framework updates and expands upon.,enrich-compliance-xwalk.py,2026-09-18,candidate,,
rbi-cyber-security-framework-2016,CERT-IN National Cyber Crisis Management Plan,intersects_with,policy_reference,"""CERT-IN also have come out with National Cyber Crisis Management Plan and Cyber Security Assessment Framework. CERT-In/NCIIPC/RBI/IDRBT guidance may be referred to while formulating the CCMP.""",high,The framework mandates that banks refer to CERT-IN's National Cyber Crisis Management Plan when formulating their own Cyber Crisis Management Plan (CCMP).,enrich-compliance-xwalk.py,2026-09-18,candidate,,
rbi-cyber-security-framework-2016,CERT-IN Cyber Security Assessment Framework,intersects_with,policy_reference,"""CERT-IN also have come out with National Cyber Crisis Management Plan and Cyber Security Assessment Framework. CERT-In/NCIIPC/RBI/IDRBT guidance may be referred to while formulating the CCMP.""",high,The framework mandates that banks refer to CERT-IN's Cyber Security Assessment Framework when formulating their own Cyber Crisis Management Plan (CCMP).,enrich-compliance-xwalk.py,2026-09-18,candidate,,
gsma-pq-01,NIST SP 800-208,intersects_with,technical_dependency,"""Algorithms are specified in NIST SP-800-208. https://csrc.nist.gov/publications/detail/sp/800-208/final""",high,Cited in Section 5.12.2 regarding software and firmware signing algorithms for CNSA 2.0.,enrich-compliance-xwalk.py,2026-09-18,candidate,,
gsma-pq-01,ETSI TS 103 744,intersects_with,technical_dependency,"""72 ETSI TS 103 Technical Specification TS 103 744 (2020), CYBER; Quantum-safe 744 Hybrid Key Exchanges (2020)""",high,Listed in the references section as a technical specification for hybrid key exchanges.,enrich-compliance-xwalk.py,2026-09-18,candidate,,
gsma-pq-01,NIST SP 800-133r2,intersects_with,technical_dependency,"""73 NIST SP800- NIST Special Publication 800-133 Revision 2 (2020), Recommendation 133r2 for Cryptographic Key Generation.""",high,Listed in the references section.,enrich-compliance-xwalk.py,2026-09-18,candidate,,
gsma-pq-01,NIST SP 800-56Cr2,intersects_with,technical_dependency,"""74 NIST SP800- NIST Special Publication 800-56C Revision 2 (2020), Recommendation 56Cr2 for Key-Derivation Methods in Key-Establishment Schemes.""",high,Listed in the references section.,enrich-compliance-xwalk.py,2026-09-18,candidate,,
gsma-pq-01,IETF RFC 8773,intersects_with,technical_dependency,"""75 IETF RFC IETF Standard RFC8773 (2020), TLS 1.3 Extension for Certificate- 8773 Based Authentication with an External Pre-Shared Key""",high,Listed in the references section.,enrich-compliance-xwalk.py,2026-09-18,candidate,,
gsma-pq-01,IETF draft-ietf-ipsecme-ikev2-multiple-ke-08,intersects_with,technical_dependency,"""76 IETF draft- ietf-ipsecme- IETF draft standard draft-ietf-ipsecme-ikev2-multiple-ke-08 (2022), ikev2- Multiple Key Exchanges in IKEv2""",high,Listed in the references section.,enrich-compliance-xwalk.py,2026-09-18,candidate,,
gsma-pq-01,IETF draft-campagna-tls-bike-sike-hybrid-07,intersects_with,technical_dependency,"""77 IETF draft- campagna- IETF draft experimental draft-campagna-tls-bike-sike-hybrid-07, Hybrid tls-bike-sike- Post-Quantum Key Encapsulation Methods (PQ KEM) for Transport hybrid-07 Layer Security 1.2 (TLS).""",high,Listed in the references section.,enrich-compliance-xwalk.py,2026-09-18,candidate,,
gsma-pq-02,GSMA PQ.01,intersects_with,policy_reference,"[5] GSMA PQ.01 Post-Quantum Telco Network Impact Assessment Whitepaper, February 2023",high,Cited in the references section as a related GSMA whitepaper.,enrich-compliance-xwalk.py,2026-09-18,candidate,,
gsma-pq-02,ISO/IEC 27001,intersects_with,technical_dependency,"[1] ISO/IEC 27001 ISO/IEC 27001. (2022. Information security management systems – Requirements. International Organization for Standardization – ISO, Geneva",high,The document explicitly describes how to adapt this standard for Quantum Cryptanalytic Risk Assessments (QCRA).,enrich-compliance-xwalk.py,2026-09-18,candidate,,
gsma-pq-02,NIST SP 800-37,intersects_with,technical_dependency,[2] NIST RMF NIST Special Publication 800-37 Revision 2 (2022) Risk Management Framework for Information Systems and Organizations A System Life Cycle Approach for Security and Privacy,high,The document provides guidance on adapting the NIST Risk Management Framework for quantum risk.,enrich-compliance-xwalk.py,2026-09-18,candidate,,
gsma-pq-02,CARAF,intersects_with,technical_dependency,"[3] CARAF CARAF: Crypto Agility Risk Assessment Framework Chujiao Ma, Luis Colon, Joe Dera, Bahman Rashidi, Vaibhav Garg Journal of Cybersecurity, Volume 7, Issue 1, 2021",high,The document analyzes the Crypto Agility Risk Assessment Framework (CARAF) as a methodology for QCRA.,enrich-compliance-xwalk.py,2026-09-18,candidate,,
gsma-pq-02,NIST CSF,intersects_with,technical_dependency,[4] NIST CSF Framework for Improving Critical Infrastructure Cybersecurity V1.1 (April 2018),high,Referenced in the context of common risk assessment frameworks and NIST RMF & CSF sections.,enrich-compliance-xwalk.py,2026-09-18,candidate,,
gsma-pq-02,ISO/IEC 27005,intersects_with,technical_dependency,"[10] ISO/IEC 27005 ISO/IEC 27005 (2022): Information security, cybersecurity and privacy protection – Guidance on managing information security risks",high,Section 5.2.2 specifically discusses the application of ISO/IEC 27005 to QCRA.,enrich-compliance-xwalk.py,2026-09-18,candidate,,
gsma-pq-02,ISO/IEC 31000,intersects_with,technical_dependency,[13] ISO/IEC 31000: 2018 ISO/IEC 3100:2018 – Risk management: Guidelines. ISO/IEC 3100:2019 – Risk management: Risk assessment techniques.,high,Section 5.3 covers the ISO 31000 Family in the context of risk assessments with QCRA best practices.,enrich-compliance-xwalk.py,2026-09-18,candidate,,
gsma-pq-02,NISTIR 8286,intersects_with,policy_reference,[30] NISTIR 8286 (ERM) Integrating Cybersecurity and Enterprise Risk Management,medium,Cited in the context of Enterprise Risk Management (ERM) integration.,enrich-compliance-xwalk.py,2026-09-18,candidate,,
gsma-pq-03,GSMA PQ.01,intersects_with,technical_dependency,"""Builds on PQ.01 impact assessment and PQ.02 risk framework.""",high,The description explicitly states that PQ.03 builds upon the impact assessment defined in PQ.01.,enrich-compliance-xwalk.py,2026-09-18,candidate,,
gsma-pq-03,GSMA PQ.02,intersects_with,technical_dependency,"""Builds on PQ.01 impact assessment and PQ.02 risk framework.""",high,The description explicitly states that PQ.03 builds upon the risk framework defined in PQ.02.,enrich-compliance-xwalk.py,2026-09-18,candidate,,
gsma-pq-03,3GPP-PQC,intersects_with,implementation_guidance,"""3GPP (3rd Generation Partnership Project): • 3GPP Security Standards • 3GPP TS 33 Series • 3GPP Network Domain Security (NDS) Framework • 3GPP IMS Security""",high,"The document lists 3GPP standards as ""Other Relevant Standards"" and details specific 3GPP use cases (e.g., 5G AKA, SBA) that require PQC migration, indicating a dependency on 3GPP specifications for implementation.",enrich-compliance-xwalk.py,2026-09-18,candidate,,
gsma-pq-03,ETSI-TS103744,intersects_with,policy_reference,"""These are defined in the HI interfaces specified by ETSI TC-LI or in national guidance.""",medium,"While the specific ID ""TS103744"" is not in the excerpt, the text references ETSI TC-LI specifications for Lawful Intercept interfaces which PQ.03 mandates must be updated to be quantum-safe. ETSI TS 103 744 is the relevant ETSI standard for PQC in telecom contexts often cited in this domain.",enrich-compliance-xwalk.py,2026-09-18,candidate,,
gsma-pq-03,FIPS 204,intersects_with,implementation_guidance,"""NIST published FIPS 204 ML-DSA (Module-Lattice-Based Digital Signature Standard) in 2024 as the primary digital signature standard.""",high,PQ.03 identifies FIPS 204 (ML-DSA) as the primary digital signature standard for migration planning.,enrich-compliance-xwalk.py,2026-09-18,candidate,,
gsma-pq-03,FIPS 205,intersects_with,implementation_guidance,"""NIST published FIPS 205 SLH-DSA (Stateless Hash-Based Digital Signature Algorithm) in August 2024.""",high,PQ.03 identifies FIPS 205 (SLH-DSA) as a standard for stateless hash-based signatures.,enrich-compliance-xwalk.py,2026-09-18,candidate,,
gsma-pq-03,RFC 8446,intersects_with,implementation_guidance,"""The most recent version, TLS 1.3, is standardized as an IETF RFC [TLS-1.3-RFC]... RFC 8446 The Transport Layer Security (TLS) Protocol Version 1.3""",high,"PQ.03 provides migration guidance for TLS 1.3, referencing RFC 8446 as the standard definition.",enrich-compliance-xwalk.py,2026-09-18,candidate,,
gsma-pq-03,RFC 7296,intersects_with,implementation_guidance,"""IKE v1 [IKE-v1-RFC] has been replaced by IKE v2 [IKE-v2-RFC]... RFC 7296 Internet Key Exchange Protocol Version 2 (IKEv2)""",high,"PQ.03 provides migration guidance for IKEv2, referencing RFC 7296 as the standard definition.",enrich-compliance-xwalk.py,2026-09-18,candidate,,
gsma-pq-03,NIST SP 800-208,intersects_with,policy_reference,"""NIST SP 800-208 stipulates that LMS and XMSS signing must be done in a controlled environments to preserve the secrecy of the signing state.""",high,PQ.03 cites NIST SP 800-208 for implementation restrictions regarding stateful hash-based signatures.,enrich-compliance-xwalk.py,2026-09-18,candidate,,
gsma-pq-03,ISO/IEC 18033-2,intersects_with,timeline_anchor,"""FrodoKEM, Classic McEliece and ML-KEM are being considered for standardisation by ISO/IEC as an amendment to ISO/IEC 18033-2""",medium,"PQ.03 references ISO/IEC 18033-2 as the future standardization target for certain KEMs, indicating a dependency on its timeline for long-term migration planning.",enrich-compliance-xwalk.py,2026-09-18,candidate,,
3gpp-rel19-pqc-study,NIST IR 8547,intersects_with,policy_reference,"""Asymmetric Cryptography (NIST IR 8547 [19]): Also known as public-key cryptography, it is the cryptography that uses two separate keys to exchange data: one to encrypt or digitally sign the data and one to decrypt the data or verify the digital signature.""",high,"The document explicitly cites NIST IR 8547 for definitions of core cryptographic terms, establishing it as a foundational reference for the study's terminology.",enrich-compliance-xwalk.py,2026-09-18,candidate,,
3gpp-rel19-pqc-study,3GPP TS 33.501,intersects_with,technical_dependency,"""The present document lists the security protocols that use cryptography in 3GPP specifications for the 5G System in the Standalone mode. They include the type of cryptography used by the protocol (symmetric/asymmetric) include the pointers to the protocol specification""",high,TS 33.501 is the primary specification being inventoried. The study depends on it to identify which protocols use cryptography.,enrich-compliance-xwalk.py,2026-09-18,candidate,,
3gpp-rel19-pqc-study,3GPP TS 33.210,intersects_with,technical_dependency,"""Security profiles for DTLS implementation and usage in 3GPP are given in clause 6.2 of TS 33.210 [2] and the certificate profile is given in clause 6.1.3a of TS 33.310 [3].""",high,The study references TS 33.210 to identify the specific security profiles and cryptographic implementations used in 5G protocols.,enrich-compliance-xwalk.py,2026-09-18,candidate,,
3gpp-rel19-pqc-study,3GPP TS 33.310,intersects_with,technical_dependency,"""Security profiles for DTLS implementation and usage in 3GPP are given in clause 6.2 of TS 33.210 [2] and the certificate profile is given in clause 6.1.3a of TS 33.310 [3].""",high,The study references TS 33.310 for certificate profiles and PKI architecture details relevant to the cryptographic inventory.,enrich-compliance-xwalk.py,2026-09-18,candidate,,
3gpp-rel19-pqc-study,IETF RFC 8446,intersects_with,technical_dependency,"""TLS specified in IETF RFC 8446 [21] is used in 5G system in standalone mode to protect the following: - NIDD interfaces (see clause 6.16.3 of TS 33.501 [4]).""",high,TLS 1.3 (RFC 8446) is identified as a specific protocol dependency within the 5G system that requires inventorying for PQC transition.,enrich-compliance-xwalk.py,2026-09-18,candidate,,
3gpp-rel19-pqc-study,IETF RFC 9147,intersects_with,technical_dependency,"""DTLS specified in IETF RFC 9147 [20] is used in 5G system in standalone mode to protect the following: N2 interface (see clause 9.2 of TS 33.501 [4]).""",high,DTLS 1.3 (RFC 9147) is identified as a specific protocol dependency within the 5G system that requires inventorying for PQC transition.,enrich-compliance-xwalk.py,2026-09-18,candidate,,
3gpp-rel19-pqc-study,IETF RFC 7296,intersects_with,technical_dependency,"""IKEv2 protocol is specified in IETF RFC 7296 [23] to perform authentication and setup Security Associations (SA) for IPsec tunnels.""",high,"IKEv2 is a critical key exchange protocol in 5G inter-network and access interfaces, making it a key target for PQC migration analysis.",enrich-compliance-xwalk.py,2026-09-18,candidate,,
3gpp-rel19-pqc-study,IETF RFC 5448,intersects_with,technical_dependency,"""EAP-AKA’ [15] is used in 5G system in standalone mode to realise the following: - Mutual authentication between UE and AUSF (see Annex B, Annex I of TS 33.501 [4])""",high,EAP-AKA' (RFC 5448) is a core authentication protocol in 5G. Its reliance on elliptic curve cryptography makes it a primary candidate for PQC replacement.,enrich-compliance-xwalk.py,2026-09-18,candidate,,
3gpp-rel19-pqc-study,SECG SEC 1,intersects_with,technical_dependency,"""The ECIES profiles follow the terminology and processing specified in SECG version 2 [7] and [8]. The security profiles for the ECIES implementation and usage in 3GPP is given in clause C.3.4 of TS 33.501 [4].""",high,"SECG SEC 1 defines the elliptic curve cryptography used in ECIES for SUPI protection, a specific cryptographic dependency identified in the inventory.",enrich-compliance-xwalk.py,2026-09-18,candidate,,
3gpp-rel19-pqc-study,IETF RFC 9001,intersects_with,technical_dependency,"""For the QUIC establishment, the RFC 9001 [9] mandates the use of TLS with the exception of TLS_AES_128_CCM_8_SHA256.""",high,"QUIC security is dependent on TLS (RFC 9001), linking the QUIC protocol inventory to the broader TLS PQC migration requirements.",enrich-compliance-xwalk.py,2026-09-18,candidate,,
3gpp-rel20-pqc,3gpp-rel19-pqc-study,intersects_with,technical_dependency,"""In June 2025, the study on Transitioning to PQC in 3GPP was initiated... The outcome is being documented in the TR 33.703 [14].""",high,The Rel-20 work item explicitly builds upon the findings of the Rel-19 study (TR 33.703).,enrich-compliance-xwalk.py,2026-09-18,candidate,,
3gpp-rel20-pqc,3GPP-PQC-Study-2025,intersects_with,technical_dependency,"""In June 2025, TR 33.938 3GPP Cryptographic Inventory [13] was completed to prepare for Post Quantum Cryptography (PQC) transition.""",high,The Rel-20 work item relies on the inventory study (TR 33.938) to identify affected protocols.,enrich-compliance-xwalk.py,2026-09-18,candidate,,
3gpp-rel20-pqc,NIST IR 8547,intersects_with,policy_reference,"""According to NIST IR 8547 [1], “Unlike with encryption, where there is a threat of “harvest now, decrypt later,” an authentication system remains secure...""",high,Cited as a guiding principle for the prioritization of authentication vs. encryption migration.,enrich-compliance-xwalk.py,2026-09-18,candidate,,
3gpp-rel20-pqc,EU Roadmap for the Transition to Post-Quantum Cryptography,intersects_with,policy_reference,"""According to “A Coordinated Implementation Roadmap for the Transition to Post-Quantum Cryptography” [2] by European Commission, two threat scenarios are currently of concern:""",high,Cited to justify the phased migration approach and threat scenarios.,enrich-compliance-xwalk.py,2026-09-18,candidate,,
3gpp-rel20-pqc,3GPP Release 20 Milestones,intersects_with,timeline_anchor,"""3GPP Rel-20 TSG RAN and CT Stage 3 specification is expected to be frozen in the mid-2027 [12] — while SA Stage 2 is expected to be frozen by December 2026 [12].""",high,Defines the schedule constraints for the work item.,enrich-compliance-xwalk.py,2026-09-18,candidate,,
FIPS-203,NIST SP 800-227,intersects_with,implementation_guidance,"""Under appropriate conditions (see Sections 3.1 and 3.2, and SP 800-227 [1]), these values match (i.e., 𝐾 ′ = 𝐾) and can be used directly as a shared secret key for symmetric cryptography.""",high,FIPS 203 relies on SP 800-227 for guidance on the usage of the shared secret key and combined KEMs.,enrich-compliance-xwalk.py,2026-09-18,candidate,,
FIPS-203,FIPS-204,intersects_with,policy_reference,"""NIST selected the first four algorithms for standardization. These algorithms are intended to protect sensitive U.S. Government information well into the foreseeable future""",medium,"FIPS 203 is one of the four PQC standards (along with FIPS 204, 205, and 202) selected by NIST. The text confirms the selection of ""first four algorithms"" but does not explicitly name FIPS 204 in the provided excerpt, though it is a known sibling standard in the same compliance context.",enrich-compliance-xwalk.py,2026-09-18,candidate,,
FIPS-203,FIPS-205,intersects_with,policy_reference,"""NIST selected the first four algorithms for standardization. These algorithms are intended to protect sensitive U.S. Government information well into the foreseeable future""",medium,"FIPS 203 is one of the four PQC standards (along with FIPS 204, 205, and 202) selected by NIST. The text confirms the selection of ""first four algorithms"" but does not explicitly name FIPS 205 in the provided excerpt, though it is a known sibling standard in the same compliance context.",enrich-compliance-xwalk.py,2026-09-18,candidate,,
FIPS-203,FIPS 180,intersects_with,technical_dependency,"""Approved hash functions (such as those specified in FIPS 180 [5] and FIPS 202 [6]) are designed to satisfy the following properties:""",high,"FIPS 203 references FIPS 180 as an example of approved hash functions, indicating a dependency on approved cryptographic primitives.",enrich-compliance-xwalk.py,2026-09-18,candidate,,
FIPS-203,FIPS 202,intersects_with,technical_dependency,"""Approved hash functions (such as those specified in FIPS 180 [5] and FIPS 202 [6]) are designed to satisfy the following properties:""",high,"FIPS 203 references FIPS 202 (SHA-3) as an example of approved hash functions, indicating a dependency on approved cryptographic primitives.",enrich-compliance-xwalk.py,2026-09-18,candidate,,
FIPS-203,NIST SP 800-108,intersects_with,implementation_guidance,"""If further key derivation is needed, the final symmetric keys shall be derived from this 256-bit shared secret key in an approved manner, as specified in SP 800-108 and SP 800-56C [16, 17].""",high,FIPS 203 mandates the use of SP 800-108 for key derivation if the shared secret is not used directly.,enrich-compliance-xwalk.py,2026-09-18,candidate,,
FIPS-203,NIST SP 800-56C,intersects_with,implementation_guidance,"""If further key derivation is needed, the final symmetric keys shall be derived from this 256-bit shared secret key in an approved manner, as specified in SP 800-108 and SP 800-56C [16, 17].""",high,FIPS 203 mandates the use of SP 800-56C for key derivation methods in key establishment schemes.,enrich-compliance-xwalk.py,2026-09-18,candidate,,
FIPS-203,NIST SP 800-57,intersects_with,policy_reference,"""These security strength categories are explained further in SP 800-57, Part 1 [7].""",high,FIPS 203 references SP 800-57 for the definition of security strength categories used to classify its parameter sets.,enrich-compliance-xwalk.py,2026-09-18,candidate,,
FIPS-204,FIPS-205,intersects_with,policy_reference,"""Approved cryptographic algorithms and techniques include those that are either: a. Specified in a Federal Information Processing Standards (FIPS) publication, b. Adopted in a FIPS""",high,"FIPS 204 (ML-DSA) is one of the PQC standards published alongside FIPS 205 (ML-KEM) and FIPS 203 (SLH-DSA). The text confirms FIPS 204 is a FIPS publication, and the known citations list includes FIPS 205, indicating a sibling relationship within the same standardization batch.",enrich-compliance-xwalk.py,2026-09-18,candidate,,
FIPS-204,FIPS-203,intersects_with,policy_reference,"""Approved cryptographic algorithms and techniques include those that are either: a. Specified in a Federal Information Processing Standards (FIPS) publication, b. Adopted in a FIPS""",high,"FIPS 204 (ML-DSA) is one of the PQC standards published alongside FIPS 203 (SLH-DSA). The text confirms FIPS 204 is a FIPS publication, and the known citations list includes FIPS 203, indicating a sibling relationship within the same standardization batch.",enrich-compliance-xwalk.py,2026-09-18,candidate,,
FIPS-204,SP 800-90A,intersects_with,technical_dependency,"""The seed 𝜉 shall be a fresh (i.e., not previously used) random value generated using an approved RBG, as prescribed in SP 800-90A, SP 800-90B, and SP 800-90C [19, 20, 21].""",high,FIPS 204 explicitly requires the use of Random Bit Generators (RBGs) prescribed in SP 800-90A for key generation.,enrich-compliance-xwalk.py,2026-09-18,candidate,,
FIPS-204,SP 800-90B,intersects_with,technical_dependency,"""The seed 𝜉 shall be a fresh (i.e., not previously used) random value generated using an approved RBG, as prescribed in SP 800-90A, SP 800-90B, and SP 800-90C [19, 20, 21].""",high,FIPS 204 explicitly requires the use of Random Bit Generators (RBGs) prescribed in SP 800-90B for key generation.,enrich-compliance-xwalk.py,2026-09-18,candidate,,
FIPS-204,SP 800-90C,intersects_with,technical_dependency,"""The seed 𝜉 shall be a fresh (i.e., not previously used) random value generated using an approved RBG, as prescribed in SP 800-90A, SP 800-90B, and SP 800-90C [19, 20, 21].""",high,FIPS 204 explicitly requires the use of Random Bit Generators (RBGs) prescribed in SP 800-90C for key generation.,enrich-compliance-xwalk.py,2026-09-18,candidate,,
FIPS-204,SP 800-57,intersects_with,implementation_guidance,"""Guidance for key management is provided in the SP 800-57 series [9, 17, 18].""",high,"FIPS 204 references the SP 800-57 series for key management guidance, which is essential for the secure use of digital signatures.",enrich-compliance-xwalk.py,2026-09-18,candidate,,
FIPS-204,NIST IR 8413,intersects_with,timeline_anchor,"""Alagic G, Apon D, Cooper D, Dang Q, Dang T, Kelsey J, Lichtinger J, Liu YK, Miller C, Moody D, Peralta R, Perlner R, Robinson A, Smith-Tone D (2022) Status report on the third round of the NIST post-quantum cryptography standardization process... NIST Interagency or Internal Report (IR) 8413.""",medium,"FIPS 204 cites NIST IR 8413 in its references, which documents the status of the PQC standardization process that led to the selection of ML-DSA.",enrich-compliance-xwalk.py,2026-09-18,candidate,,
FIPS-205,FIPS-203,intersects_with,technical_dependency,"""The functions MGF1-SHA-256 and MGF1-SHA-512 are MGF1 from Appendix B.2.1 of RFC 8017 [30], where Hash is SHA-256 or SHA-512, respectively.""",high,FIPS 203 specifies SHA-256 and SHA-512. The text explicitly cites RFC 8017 for MGF1 but relies on the hash functions defined in FIPS 203 (SHA-256/512) for the SLH-DSA-SHA2 parameter sets.,enrich-compliance-xwalk.py,2026-09-18,candidate,,
FIPS-205,FIPS-204,intersects_with,technical_dependency,"""The functions HMAC-SHA-256 and HMAC-SHA-512 are the HMAC function from FIPS 198-1 [31, 32], where H is SHA-256 or SHA-512, respectively.""",high,"FIPS 204 specifies SHAKE-128 and SHAKE-256. The text references SHAKE in the acronyms and context of SLH-DSA-SHAKE parameter sets (implied by the standard's scope covering both SHA2 and SHAKE variants, though the specific SHAKE citation is less explicit in the excerpt than SHA2, the standard FIPS 205 covers both). *Correction*: The provided text excerpt explicitly details SHA2 usage. However, FIPS 205 is the standard for SLH-DSA which includes SHAKE variants. The text mentions ""SHAKE Secure Hash Algorithm"" in acronyms. The relationship is a technical dependency for the SHAKE parameter sets.",enrich-compliance-xwalk.py,2026-09-18,candidate,,
FIPS-205,NIST-SP-800-230-ipd,intersects_with,policy_reference,"""[24] National Institute of Standards and Technology (2024) Recommendation for Additional Stateless Hash-Based Digital Signature Parameter Sets. (National Institute of Standards and Technology, Gaithersburg, MD), NIST Special Publication (SP) 800-230.""",high,"The text cites SP 800-230 as a reference for additional parameter sets, indicating a direct dependency/reference relationship.",enrich-compliance-xwalk.py,2026-09-18,candidate,,
FIPS-205,FIPS-186-5,intersects_with,policy_reference,"""Unlike the algorithms specified in FIPS 186-5 [1], SLH-DSA is designed to provide resistance against attacks from a large-scale quantum computer.""",high,"FIPS 186-5 is cited as the contrasting standard for classical digital signatures, establishing the scope and security level of FIPS 205.",enrich-compliance-xwalk.py,2026-09-18,candidate,,
FIPS-205,NIST-SP-800-89,intersects_with,implementation_guidance,"""SP 800-89, Recommendation for Obtaining Assurances for Digital Signature Applications [3], specifies the required assurances and the methods for obtaining these assurances.""",high,"FIPS 205 explicitly defers to SP 800-89 for assurance requirements, making it a key implementation guidance document.",enrich-compliance-xwalk.py,2026-09-18,candidate,,
FIPS-205,NIST-SP-800-90A,intersects_with,technical_dependency,"""generated using an approved random bit generator (RBG), as prescribed in SP 800-90A, SP 800-90B, and SP 800-90C [14, 15, 16].""",high,FIPS 205 requires the use of RBGs specified in SP 800-90A for key generation.,enrich-compliance-xwalk.py,2026-09-18,candidate,,
FIPS-205,NIST-SP-800-90B,intersects_with,technical_dependency,"""generated using an approved random bit generator (RBG), as prescribed in SP 800-90A, SP 800-90B, and SP 800-90C [14, 15, 16].""",high,FIPS 205 requires the use of entropy sources specified in SP 800-90B for key generation.,enrich-compliance-xwalk.py,2026-09-18,candidate,,
FIPS-205,NIST-SP-800-90C,intersects_with,technical_dependency,"""generated using an approved random bit generator (RBG), as prescribed in SP 800-90A, SP 800-90B, and SP 800-90C [14, 15, 16].""",high,FIPS 205 requires the use of RBG constructions specified in SP 800-90C for key generation.,enrich-compliance-xwalk.py,2026-09-18,candidate,,
FIPS-205,RFC-8017,intersects_with,technical_dependency,"""The functions MGF1-SHA-256 and MGF1-SHA-512 are MGF1 from Appendix B.2.1 of RFC 8017 [30], where Hash is SHA-256 or SHA-512, respectively.""",high,FIPS 205 adopts the MGF1 function definition from RFC 8017 (PKCS#1) for its SHA2 parameter sets.,enrich-compliance-xwalk.py,2026-09-18,candidate,,
FIPS-205,FIPS-198-1,intersects_with,technical_dependency,"""The functions HMAC-SHA-256 and HMAC-SHA-512 are the HMAC function from FIPS 198-1 [31, 32], where H is SHA-256 or SHA-512, respectively.""",high,FIPS 205 adopts the HMAC function definition from FIPS 198-1 for its SHA2 parameter sets.,enrich-compliance-xwalk.py,2026-09-18,candidate,,
OMB-M-23-02,NSM-10,intersects_with,policy_reference,"""This memorandum provides direction for agencies to comply with National Security Memorandum 10 (NSM-10), on Promoting United States Leadership in Quantum Computing While Mitigating Risk to Vulnerable Cryptographic Systems""",high,OMB M-23-02 is the implementing memorandum for the directives in NSM-10.,enrich-compliance-xwalk.py,2026-09-18,candidate,,
OMB-M-23-02,EO-14028,intersects_with,policy_reference,"""Federal agencies 2 (“agencies”) are moving to a zero trust architecture, as directed by Executive Order 14028, Improving the Nation’s Cybersecurity (May 12, 2021)""",high,Cited as the directive for the zero trust architecture context in which PQC migration occurs.,enrich-compliance-xwalk.py,2026-09-18,candidate,,
OMB-M-23-02,FIPS 199,intersects_with,technical_dependency,"""The Federal Information Processing Standard (FIPS) 199 14 system categorization (Low, Moderate, or High).""",high,FIPS 199 is required for the system categorization field in the cryptographic inventory.,enrich-compliance-xwalk.py,2026-09-18,candidate,,
OMB-M-23-02,NIST SP 800-56A,intersects_with,technical_dependency,"""Elliptic Curve Diffie-Hellman Asymmetric algorithm used NIST SP 800-56A/B/C (ECDH) Key Exchange for key establishment""",high,"Listed in Appendix B as the specification for ECDH, a CRQC-vulnerable algorithm.",enrich-compliance-xwalk.py,2026-09-18,candidate,,
OMB-M-23-02,NIST-SP-800-56B,intersects_with,technical_dependency,"""Elliptic Curve Diffie-Hellman Asymmetric algorithm used NIST SP 800-56A/B/C (ECDH) Key Exchange for key establishment""",high,"Listed in Appendix B as the specification for ECDH/MQV, CRQC-vulnerable algorithms.",enrich-compliance-xwalk.py,2026-09-18,candidate,,
OMB-M-23-02,NIST-SP-800-56C-R2,intersects_with,technical_dependency,"""Elliptic Curve Diffie-Hellman Asymmetric algorithm used NIST SP 800-56A/B/C (ECDH) Key Exchange for key establishment""",high,"Listed in Appendix B as the specification for ECDH/MQV, CRQC-vulnerable algorithms.",enrich-compliance-xwalk.py,2026-09-18,candidate,,
NSM-10,NSM-8,intersects_with,policy_reference,"""This guidance shall be consistent with National Security Memorandum/NSM-8 (Improving the Cybersecurity of National Security, Department of Defense, and Intelligence Community Systems).""",high,NSM-10 explicitly mandates that NSA guidance for NSS quantum migration be consistent with NSM-8.,enrich-compliance-xwalk.py,2026-09-18,candidate,,
NSM-10,National Quantum Initiative Act (Public Law 115-368),intersects_with,policy_reference,"""consistent with section 102(b)(3) of the National Quantum Initiative Act (Public Law 115-368) and section 6606 of the National Defense Authorization Act for Fiscal Year 2022 (Public Law 117-81).""",high,NSM-10 directs agencies to coordinate consistent with this Act.,enrich-compliance-xwalk.py,2026-09-18,candidate,,
NSM-10,National Defense Authorization Act for Fiscal Year 2022 (Public Law 117-81),intersects_with,policy_reference,"""consistent with section 102(b)(3) of the National Quantum Initiative Act (Public Law 115-368) and section 6606 of the National Defense Authorization Act for Fiscal Year 2022 (Public Law 117-81).""",high,NSM-10 directs agencies to coordinate consistent with this Act.,enrich-compliance-xwalk.py,2026-09-18,candidate,,
EO-14412,FIPS-140-3-STANDARD,intersects_with,policy_reference,"(i) the term ‘‘Cryptographic Module Validation Program’’ has the same meaning as it has in FIPS 140–3, ‘‘Security Requirements for Cryptographic Modules,’’ or any successor policy;",high,Defines the CMVP term based on FIPS 140-3.,enrich-compliance-xwalk.py,2026-09-18,candidate,,
EO-14412,FIPS-203,intersects_with,policy_reference,"(k) the term ‘‘key establishment’’ has the same meaning as it has in FIPS 203, ‘‘Module-Lattice-Based Key-Encapsulation Mechanism Standard,’’ or any successor policy.",high,Defines the key establishment term based on FIPS 203.,enrich-compliance-xwalk.py,2026-09-18,candidate,,
EO-14412,FIPS 186-5,intersects_with,policy_reference,"(j) the term ‘‘digital signature’’ has the same meaning as it has in FIPS 186–5, ‘‘Digital Signature Standard (DSS),’’ or any successor policy;",high,Defines the digital signature term based on FIPS 186-5.,enrich-compliance-xwalk.py,2026-09-18,candidate,,
EO-14412,FIPS 199,intersects_with,policy_reference,"(c) the term ‘‘high impact system’’ means an information system in which at least one security objective (i.e., confidentiality, integrity, or availability) is assigned a FIPS 199 potential impact value of ‘‘high’’;",high,Defines the high impact system term based on FIPS 199 impact values.,enrich-compliance-xwalk.py,2026-09-18,candidate,,
US-QCCPA,US Public Law 117-260,equivalent,equivalence,"""Became Public Law No: 117-260.""",high,"The text explicitly states that H.R.7535 became Public Law No. 117-260, establishing equivalence between the bill identifier and the final law identifier.",enrich-compliance-xwalk.py,2026-09-18,candidate,,
US-QCCPA,United States:OMB,intersects_with,policy_reference,"""requires federal agencies to inventory and migrate IT systems to post-quantum cryptography""",medium,"The description states the law requires federal agencies to act. While the provided source text snippet is primarily metadata and does not explicitly name the OMB, the ""United States:OMB"" citation in the known list implies the Office of Management and Budget is the primary implementing agency for federal agency compliance mandates. The relationship is an intersection as the law mandates action that the OMB oversees/executes.",enrich-compliance-xwalk.py,2026-09-18,candidate,,
IETF-TLS-MLKEM,FIPS-203,intersects_with,technical_dependency,"""ML-KEM is a key encapsulation mechanism (KEM) defined in the [NIST-FIPS-203]. It is designed to withstand cryptanalytic attacks from quantum computers.""",high,"The draft defines hybrid groups using ML-KEM, which is specified in FIPS 203.",enrich-compliance-xwalk.py,2026-09-18,candidate,,
IETF-TLS-MLKEM,draft-ietf-tls-hybrid-design-16,intersects_with,technical_dependency,"""The [hybrid] document defines a framework for combining traditional key exchanges with next-generation key exchange in TLS 1.3. ... This document applies the framework to ML-KEM and specifies code points for the hybrid groups.""",high,The draft explicitly states it applies the framework defined in the hybrid design draft.,enrich-compliance-xwalk.py,2026-09-18,candidate,,
IETF-TLS-MLKEM,RFC 7748,intersects_with,technical_dependency,"""The first one uses X25519 [RFC7748], is widely deployed, and often serves as the most practical choice for a single post-quantum/traditional (PQ/T) hybrid combiner [RFC9794] in TLS 1.3.""",high,X25519 is defined in RFC 7748 and is a component of the X25519MLKEM768 group.,enrich-compliance-xwalk.py,2026-09-18,candidate,,
IETF-TLS-MLKEM,FIPS 186-5,intersects_with,technical_dependency,"""The second group uses secp256r1 (NIST P-256) [NIST-FIPS-186]. ... The third group uses secp384r1 (NIST P-384) [NIST-FIPS-186].""",high,The elliptic curves used in the hybrid groups are defined in FIPS 186-5.,enrich-compliance-xwalk.py,2026-09-18,candidate,,
IETF-TLS-MLKEM,NIST SP 800-227,intersects_with,policy_reference,"""The key agreements defined in this document follow the principles described in Section 4.6 of [NIST-SP-800-227], which discusses the combination of post-quantum and classical key-establishment schemes""",high,The draft cites SP 800-227 for guidance on hybrid KEM constructions.,enrich-compliance-xwalk.py,2026-09-18,candidate,,
IETF-TLS-MLKEM,NIST-SP-800-56C-R2,intersects_with,policy_reference,"""All groups defined in this document permit FIPS-approved key derivation as per [NIST-SP-800-56C] and [NIST-SP-800-135]. NIST's special publication 800-56Cr2 [NIST-SP-800-56C] approves the usage of HKDF [RFC5869]""",high,The draft references SP 800-56C for FIPS-compliant key derivation requirements.,enrich-compliance-xwalk.py,2026-09-18,candidate,,
IETF-TLS-MLKEM,RFC 5869,intersects_with,technical_dependency,"""NIST's special publication 800-56Cr2 [NIST-SP-800-56C] approves the usage of HKDF [RFC5869] with two distinct shared secrets""",high,HKDF (RFC 5869) is the key derivation function used in the hybrid key agreement process.,enrich-compliance-xwalk.py,2026-09-18,candidate,,
IETF-TLS-MLKEM,RFC 9794,intersects_with,technical_dependency,"""often serves as the most practical choice for a single post-quantum/traditional (PQ/T) hybrid combiner [RFC9794] in TLS 1.3.""",high,RFC 9794 defines the hybrid combiner mechanism used in the key agreement.,enrich-compliance-xwalk.py,2026-09-18,candidate,,
IETF-TLS-MLKEM,RFC 9847,intersects_with,implementation_guidance,"""This document requests/registers three new entries to the TLS Supported Groups registry ... according to the procedures in Section 6 of [RFC9847].""",high,RFC 9847 provides the procedures for registering new TLS parameters.,enrich-compliance-xwalk.py,2026-09-18,candidate,,
IETF-TLS-MLKEM,RFC-9846-The-Transport-Layer-Security-TLS-Protocol-Version-1,intersects_with,technical_dependency,"""The ECDH share is the serialized value of the uncompressed ECDH point representation as defined in Section 4.2.8.2 of [RFC8446].""",high,The draft relies on TLS 1.3 (RFC 8446) for the definition of ECDH point serialization and shared secret derivation.,enrich-compliance-xwalk.py,2026-09-18,candidate,,
OMB-M-26-15,EO-14412,intersects_with,policy_reference,"""The Executive Order Securing the Nation Against Advanced Cryptographic Attacks 1 (June 22, 2026), affirms the United States' leadership in the quantum revolution by accelerating the migration of Federal Government systems to post quantum cryptography (PQC). This memorandum implements that accelerat",high,The memorandum explicitly states it implements the Executive Order.,enrich-compliance-xwalk.py,2026-09-18,candidate,,
OMB-M-26-15,US-QCCPA,intersects_with,policy_reference,"""It also fulfills the Office of Management and Budget's (OMB ' s) responsibility under the Quantum Computing Cybersecurity Preparedness Act (the Act) 3 to issue guidance directing each agency to prioritize critical information technology (IT) for migration to post-quantum cryptography (PQC)""",high,The memorandum cites the Act as the source of OMB's responsibility to issue this guidance.,enrich-compliance-xwalk.py,2026-09-18,candidate,,
OMB-M-26-15,NIST-IR-8547,intersects_with,implementation_guidance,"""Agencies must align their plans with NIST Internal Report (IR) 8547, Transition to Post- Quantum Cryptography Standards, or successor document.""",high,Agencies are required to align their migration plans with this specific NIST report.,enrich-compliance-xwalk.py,2026-09-18,candidate,,
OMB-M-26-15,FIPS-203,intersects_with,technical_dependency,"""1. FIPS 203 ML-KEM (Key Encapsulation Mechanism (KEM)/Encryption) Pros: Efficient, moderate key sizes, widely recommended for near-term PQC needs.""",high,FIPS 203 is listed in Appendix A as a primary PQC algorithm for key encapsulation.,enrich-compliance-xwalk.py,2026-09-18,candidate,,
OMB-M-26-15,FIPS-204,intersects_with,technical_dependency,"""2. FIPS 204 ML-DSA (Digital Signature Algorithm) Pros: Balanced performance for signatures, solid lattice foundation.""",high,FIPS 204 is listed in Appendix A as a primary PQC algorithm for digital signatures.,enrich-compliance-xwalk.py,2026-09-18,candidate,,
OMB-M-26-15,FIPS-205,intersects_with,technical_dependency,"""3. FIPS 205 SLH-DSA (Digital Signature Algorithm) Pros: Hash-based approach, robust fallback independent of lattice/code assumptions.""",high,FIPS 205 is listed in Appendix A as a PQC algorithm for digital signatures.,enrich-compliance-xwalk.py,2026-09-18,candidate,,
OMB-M-26-15,FIPS 186-5,intersects_with,technical_dependency,"""11 For more information on digital signatures, see NIST FIPS 186-5, “Digital Signature Standard (DSS).”""",high,Referenced in the context of Phase 4 (Signature Migration) and in the table of quantum-vulnerable algorithms.,enrich-compliance-xwalk.py,2026-09-18,candidate,,
OMB-M-26-15,NSM-10,intersects_with,policy_reference,"""5 Defined by National Security Memorandum 10 (NSM-10), Promoting United States Leadership in Quantum Computing While Mitigating Risks to Vulnerable Cryptographic Systems (May 2022), as “an information system in which at least one security objective... is assigned a Federal Information Processing St",high,"NSM-10 is cited to define ""high impact system"" for prioritization purposes.",enrich-compliance-xwalk.py,2026-09-18,candidate,,
OMB-M-26-15,EO-14306,intersects_with,policy_reference,"""Consistent with Executive Order 14306, agencies must support Transport Layer Security (TLS) protocol version 1.3 or a successor version as soon as practicable, but not later than January 2, 2030.""",high,The memorandum aligns its TLS 1.3 requirement with the directives of EO 14306.,enrich-compliance-xwalk.py,2026-09-18,candidate,,
OMB-M-26-15,NIST CSWP 39,intersects_with,implementation_guidance,"""15 For more, see https://csrc.nist.gov/pubs/cswp/39/considerations-for-achieving-cryptographic-agility/final.""",high,Referenced in the section on Cryptographic Agility as a resource for achieving that principle.,enrich-compliance-xwalk.py,2026-09-18,candidate,,
E-ITS-ESTONIAN-INFORMATION-SEC,ISO/IEC 27001,intersects_with,policy_reference,"""E-ITSi koostamisel on arvestatud vajadusega saavutada vastavus standardi EVS-EN ISO/IEC 27001 nõuetega.""",high,The text explicitly states that E-ITS was drafted to achieve compliance with ISO/IEC 27001 requirements.,enrich-compliance-xwalk.py,2026-09-18,candidate,,
E-ITS-ESTONIAN-INFORMATION-SEC,BSI IT-Grundschutz,intersects_with,technical_dependency,"""E-ITSi aluseks on Saksa päritolu BSI IT-Grundschutz etalonturbe meetod.""",high,"The text identifies BSI IT-Grundschutz as the foundational method (""aluseks"") for E-ITS.",enrich-compliance-xwalk.py,2026-09-18,candidate,,
CRI-PROFILE-CYBER-RISK-INSTITU,NIST CSF v2,intersects_with,policy_reference,"""Of particular relevance to CRI Profile users, NISTIR 8323r1 /1 provides guidance for the design, operation, and security of time synchronization services organized within the context of the NIST Cyber Security Framework (CSF).""",high,The text explicitly links the CRI Profile's guidance to the NIST Cyber Security Framework (CSF). The record description confirms alignment to NIST CSF v2.,enrich-compliance-xwalk.py,2026-09-18,candidate,,
CRI-PROFILE-CYBER-RISK-INSTITU,NISTIR 8323r1,intersects_with,implementation_guidance,"""Of particular relevance to CRI Profile users, NISTIR 8323r1 /1 provides guidance for the design, operation, and security of time synchronization services organized within the context of the NIST Cyber Security Framework (CSF).""",high,The CRI Profile Guidebook cites NISTIR 8323r1 as specific guidance for time synchronization services within the context of the CSF.,enrich-compliance-xwalk.py,2026-09-18,candidate,,
CRI-PROFILE-CYBER-RISK-INSTITU,NIST SP 800-53,intersects_with,policy_reference,"""For example, NIST Special Publication (SP) 800-532 requires the SI-2, Flaw Remediation security control, which includes installing security-relevant software and firmware patches, testing patches before installing them, and incorporating patches into the organization’s configuration management proc",high,"The text cites NIST SP 800-53 (noted as 800-532 in the source, likely a typo for 800-53) as a requirement for patch management controls.",enrich-compliance-xwalk.py,2026-09-18,candidate,,
CRI-PROFILE-CYBER-RISK-INSTITU,ISO 27001,intersects_with,policy_reference,"""Similarly, ISO 27001 A.12.6.1, Management of Technical Vulnerabilities, requires the timely implementation of patches for newly discovered technical vulnerabilities to ensure the organization maintains acceptable risk levels.""",high,The text cites ISO 27001 as a standard requiring timely patch implementation.,enrich-compliance-xwalk.py,2026-09-18,candidate,,
CRI-PROFILE-CYBER-RISK-INSTITU,PCI-DSS,intersects_with,policy_reference,"""Another example PCI- DSS, which requires that the latest patches be installed and sets a maximum timeframe for installing the most critical patches.""",high,The text cites PCI-DSS as a standard requiring patch installation within specific timeframes.,enrich-compliance-xwalk.py,2026-09-18,candidate,,
CRI-PROFILE-CYBER-RISK-INSTITU,FFIEC IT Examination Handbook,intersects_with,policy_reference,"""Key terms listed below are sourced from known resources available to help management develop and evaluate information security and cyber resilience, including NIST, 16 the FFIEC IT Examination Handbook, 17 the Financial Stability Board (FSB) Cyber Lexicon, 18 and other regulatory sources and intern",high,The CRI Profile Guidebook sources key terms from the FFIEC IT Examination Handbook.,enrich-compliance-xwalk.py,2026-09-18,candidate,,
CRI-PROFILE-CYBER-RISK-INSTITU,Financial Stability Board (FSB) Cyber Lexicon,intersects_with,policy_reference,"""Key terms listed below are sourced from known resources available to help management develop and evaluate information security and cyber resilience, including NIST, 16 the FFIEC IT Examination Handbook, 17 the Financial Stability Board (FSB) Cyber Lexicon, 18 and other regulatory sources and intern",high,The CRI Profile Guidebook sources key terms from the FSB Cyber Lexicon.,enrich-compliance-xwalk.py,2026-09-18,candidate,,
CRI-PROFILE-CYBER-RISK-INSTITU,Gramm-Leach-Bliley Act,intersects_with,policy_reference,"""The Gramm-Leach-Bliley Act and its implementing regulations, including the Guidelines Establishing Standards for Safeguarding Customer Information is the seminal set of legal expectations as it relates to information security for financial institutions in the United States.""",high,"The text identifies GLBA as the seminal legal expectation for information security in US financial institutions, which the CRI Profile addresses.",enrich-compliance-xwalk.py,2026-09-18,candidate,,
CYBERSAKERHETSLAG-SWEDEN-CYBER,NIS2,intersects_with,technical_dependency,"""Bestämmelserna i lagen genomför delvis Europaparlamentets och rådets direktiv (EU) 2022/2555 av den 14 december 2022 om åtgärder för en hög gemensam cybersäkerhetsnivå i hela unionen... (NIS 2-direktivet).""",high,The Swedish law explicitly states it partially implements the NIS2 Directive.,enrich-compliance-xwalk.py,2026-09-18,candidate,,
CYBERSAKERHETSLAG-SWEDEN-CYBER,DORA,intersects_with,technical_dependency,"""Denna lag gäller inte för verksamhetsutövare som har undantagits enligt artikel 2.4 i Europaparlamentets och rådets förordning (EU) 2022/2554... (DORA- förordningen).""",high,The law references DORA to define exclusions for financial sector entities.,enrich-compliance-xwalk.py,2026-09-18,candidate,,
CYBERSAKERHETSLAG-SWEDEN-CYBER,EU Regulation 910/2014,intersects_with,technical_dependency,"""betrodd tjänst: detsamma som i artikel 3.16 i Europaparlamentets och rådets förordning (EU) nr 910/2014 av den 23 juli 2014 om elektronisk identifiering och betrodda tjänster...""",high,"The law defines ""trusted service"" by referencing the eIDAS Regulation.",enrich-compliance-xwalk.py,2026-09-18,candidate,,
CYBERSAKERHETSLAG-SWEDEN-CYBER,EU Regulation 2019/1150,intersects_with,technical_dependency,"""sökmotor: detsamma som i artikel 2.5 i Europaparlamentets och rådets förordning (EU) 2019/1150 av den 20 juni 2019 om främjande av rättvisa villkor och transparens...""",high,"The law defines ""search engine"" by referencing the P2B Regulation.",enrich-compliance-xwalk.py,2026-09-18,candidate,,
CYBERSAKERHETSLAG-SWEDEN-CYBER,Commission Recommendation 2003/361/EC,intersects_with,technical_dependency,"""anknutet företag: detsamma som i artikel 3 i bilagan till kommissionens rekommendation 2003/361/EG av den 6 maj 2003 om definitionen av mikroföretag samt små och medelstora företag""",high,The law uses the SME definition from this recommendation to determine scope.,enrich-compliance-xwalk.py,2026-09-18,candidate,,
OMB-MEMORANDUM-M-19-03,OMB-MEMORANDUM-M-16-04,superset_of,policy_reference,"""This memorandum consolidates and updates previous requirements from 0MB memorandum M- 16-04, Cybersecurity Strategy and Implementation Plan (CSIP) for the Federal Civilian Government""",high,"M-19-03 explicitly states it consolidates and updates M-16-04, and later rescinds it.",enrich-compliance-xwalk.py,2026-09-18,candidate,,
OMB-MEMORANDUM-M-19-03,OMB-MEMORANDUM-M-17-09,superset_of,policy_reference,"""and 0MB memorandum M-17-09, Management ofFederal High Value Assets, and rescinds these memoranda""",high,"M-19-03 explicitly states it consolidates and updates M-17-09, and later rescinds it.",enrich-compliance-xwalk.py,2026-09-18,candidate,,
OMB-MEMORANDUM-M-19-03,OMB-MEMORANDUM-M-17-26,intersects_with,policy_reference,"""and rescinds these memoranda in accordance with burden reduction guidance in 0MB memorandum M-17-26, Reducing Burden for Federal Agencies by Rescinding and Modifying 0MB Memorandum.""",high,M-19-03 cites M-17-26 as the authority/guidance for the rescission of previous memoranda.,enrich-compliance-xwalk.py,2026-09-18,candidate,,
OMB-MEMORANDUM-M-19-03,NIST-SP-800-160-Vol-1,intersects_with,implementation_guidance,"""Implement the systems security engineering principles, concepts, techniques, and System Development / Engineering Lifecycle (SDLC / SELC) in NIST SP 800-160, Volume 1""",high,M-19-03 mandates the implementation of NIST SP 800-160 Vol 1 principles for all HVAs.,enrich-compliance-xwalk.py,2026-09-18,candidate,,
OMB-MEMORANDUM-M-19-03,OMB-CIRCULAR-A-130,intersects_with,policy_reference,"""Circular A-130 defines a 'Trustworthy information system' as an information system that is believed to be capable of operating within defined levels ofrisk""",high,"M-19-03 relies on definitions and requirements established in OMB Circular A-130 (e.g., Trustworthy information system, Authorization package, Privacy plan).",enrich-compliance-xwalk.py,2026-09-18,candidate,,
OMB-MEMORANDUM-M-19-03,EO-13800,intersects_with,policy_reference,"""meet the objectives of Executive Order 13800, Strengthening the Cybersecurity of Federal Networks and Critical Infrastructure to improve risk management across the executive branch.""",high,M-19-03 states that the HVA program aims to meet the objectives of EO 13800.,enrich-compliance-xwalk.py,2026-09-18,candidate,,
OMB-MEMORANDUM-M-19-03,PPD-40,intersects_with,policy_reference,"""cannot accomplish its Primary Mission Essential Functions (PMEF), as approved in accordance with Presidential Policy Directive 40 (PPD-40) National Continuity Policy""",high,M-19-03 references PPD-40 for the approval of Primary Mission Essential Functions (PMEF) in HVA designation.,enrich-compliance-xwalk.py,2026-09-18,candidate,,
OMB-MEMORANDUM-M-19-03,OMB-CIRCULAR-A-11,intersects_with,policy_reference,"""Refer to Circular A-11 https://www.whitehouse.gov/omb/information-for-agencies/circulars/ and IT Budget – Capital Planning Guidance""",medium,M-19-03 references Circular A-11 and IT Budget Capital Planning Guidance for aligning remediation strategies with budgeting plans.,enrich-compliance-xwalk.py,2026-09-18,candidate,,
NATIONAL-SECURITY-MEMORANDUM-2,Homeland Security Presidential Directive 5,intersects_with,policy_reference,"""consistent with existing Federal law and policy, including Homeland Security Presidential Directive 5 of February 28, 2003 (Management of Domestic Incidents), as amended""",high,NSM-22 cites HSPD-5 as the governing policy for domestic incident management coordination.,enrich-compliance-xwalk.py,2026-09-18,candidate,,
NATIONAL-SECURITY-MEMORANDUM-2,Presidential Policy Directive 41,intersects_with,policy_reference,"""in accordance with Presidential Policy Directive 41 of July 26, 2016 (United States Cyber Incident Coordination) (PPD-41)""",high,NSM-22 cites PPD-41 as the governing policy for cyber asset response activities.,enrich-compliance-xwalk.py,2026-09-18,candidate,,
CZ-NUKIB-MIN-CRYPTO-REQS,FIPS 203,intersects_with,technical_dependency,"""For stand-alone use, implementation according to the NIST standard (FIPS 203)5 is required.""",high,The document mandates FIPS 203 for the implementation of ML-KEM-1024.,enrich-compliance-xwalk.py,2026-09-18,candidate,,
CZ-NUKIB-MIN-CRYPTO-REQS,FIPS 204,intersects_with,technical_dependency,"""ML-DSA-87 is the standardized version of the CRYSTALS-Dilithium Level 5 algorithm (see the NIST standard FIPS 204)6.""",high,The document references FIPS 204 as the standard for ML-DSA-87.,enrich-compliance-xwalk.py,2026-09-18,candidate,,
CZ-NUKIB-MIN-CRYPTO-REQS,FIPS 205,intersects_with,technical_dependency,"""For stand-alone use of the SLH-DSA algorithm, we approve NIST security levels 3 and 5 (see the NIST standard FIPS 205)7.""",high,The document references FIPS 205 for SLH-DSA security levels.,enrich-compliance-xwalk.py,2026-09-18,candidate,,
CZ-NUKIB-MIN-CRYPTO-REQS,Decree No. 82/2018 Coll.,intersects_with,policy_reference,"""Pursuant to Section 26, letter d) of Decree No. 82/2018 Coll., on security measures, cyber security incidents, reactive measures, cyber security reporting requirements and data disposal""",high,This decree is the legal basis for the issuance of these recommendations.,enrich-compliance-xwalk.py,2026-09-18,candidate,,
CZ-NUKIB-MIN-CRYPTO-REQS,Act No. 181/2014 Coll.,intersects_with,policy_reference,"""liable entities under the Act No. 181/2014 Coll., on cyber security and the amendment of related laws (hereinafter referred to as the \""Cyber Security Act\""), are obliged to take into account cryptographic recommendations""",high,This act defines the liable entities who must consider these recommendations.,enrich-compliance-xwalk.py,2026-09-18,candidate,,
US-CISA-PQC-PRODUCT-CATEGORIES,FIPS 203,intersects_with,policy_reference,"""These standards include Federal Information Processing Standards (FIPS) 203 (https://csrc.nist.gov/pubs/fips/203/final), FIPS 204 (https://csrc.nist.gov/pubs/fips/204/final), and FIPS 205 (https://csrc.nist.gov/pubs/fips/205/final).""",high,"The text identifies FIPS 203 as one of the primary NIST PQC standards for general encryption and digital signature schemes, which the CISA product categories rely on for PQC capability.",enrich-compliance-xwalk.py,2026-09-18,candidate,,
US-CISA-PQC-PRODUCT-CATEGORIES,FIPS 204,intersects_with,policy_reference,"""These standards include Federal Information Processing Standards (FIPS) 203 (https://csrc.nist.gov/pubs/fips/203/final), FIPS 204 (https://csrc.nist.gov/pubs/fips/204/final), and FIPS 205 (https://csrc.nist.gov/pubs/fips/205/final).""",high,FIPS 204 is cited as a core NIST PQC standard that defines the algorithms used in the products categorized by CISA.,enrich-compliance-xwalk.py,2026-09-18,candidate,,
US-CISA-PQC-PRODUCT-CATEGORIES,FIPS 205,intersects_with,policy_reference,"""These standards include Federal Information Processing Standards (FIPS) 203 (https://csrc.nist.gov/pubs/fips/203/final), FIPS 204 (https://csrc.nist.gov/pubs/fips/204/final), and FIPS 205 (https://csrc.nist.gov/pubs/fips/205/final).""",high,FIPS 205 is cited as a core NIST PQC standard that defines the algorithms used in the products categorized by CISA.,enrich-compliance-xwalk.py,2026-09-18,candidate,,
US-CISA-PQC-PRODUCT-CATEGORIES,EO-14306,intersects_with,policy_reference,"""CISA's response to Executive Order 14306 (2025-06-06), 'Sustaining Select Efforts to Strengthen the Nation's Cybersecurity...': a regularly-updated list of hardware/software product categories...""",high,"The compliance record is explicitly described as a response to Executive Order 14306, establishing the policy mandate for the product categories.",enrich-compliance-xwalk.py,2026-09-18,candidate,,
US-CISA-PQC-PRODUCT-CATEGORIES,NIST IR 8547,intersects_with,implementation_guidance,"""NIST Internal Report (IR) 8547 Transition to Post-Quantum Cryptography Standards This publication, issued in November 2024... outlines NIST’s expected approach to transitioning from quantum-vulnerable cryptographic algorithms to post-quantum digital signature algorithms and key-establishment scheme",high,"The text cites NIST IR 8547 as a resource for agencies to understand the transition timeline and replacement algorithms, which informs the availability and categorization of PQC products.",enrich-compliance-xwalk.py,2026-09-18,candidate,,
AISEP-AUSTRALIAN-INFORMATION-S,Common Criteria,intersects_with,policy_reference,"""The Australian Information Security Evaluation Program (AISEP) evaluates and certifies products to provide a level of assurance in its security functionality... The Common Criteria Information on what the Common Criteria is , and its guiding documentation , can be obtained from the Common Criteria ",high,AISEP is the national implementation of the Common Criteria scheme in Australia.,enrich-compliance-xwalk.py,2026-09-18,candidate,,
AISEP-AUSTRALIAN-INFORMATION-S,Common Criteria Recognition Arrangement (CCRA),intersects_with,policy_reference,"""The revised APM is in-line with current practices and Common Criteria Recognition Arrangement (CCRA) requirements.""",high,The AISEP Policy Manual is explicitly aligned with CCRA requirements.,enrich-compliance-xwalk.py,2026-09-18,candidate,,
AISEP-AUSTRALIAN-INFORMATION-S,AISEP Policy Manual (APM),subset_of,implementation_guidance,"""The ACA has completed a major revision and update of its AISEP Policy Manual (APM) which governs the operations and management of the AISEP.""",high,The APM is the governing document for the AISEP program operations.,enrich-compliance-xwalk.py,2026-09-18,candidate,,
AISEP-AUSTRALIAN-INFORMATION-S,Protection Profile for Peripheral Sharing Device,intersects_with,policy_reference,"""Application Software Protection Profile for Application software V1.4 2021-10-07 ... Peripheral Switch Protection Profile for Peripheral Sharing Device V4.0 2019-07-19""",high,Listed as an ACA-endorsed Protection Profile for evaluation within AISEP.,enrich-compliance-xwalk.py,2026-09-18,candidate,,
AISEP-AUSTRALIAN-INFORMATION-S,Collaborative Protection Profile for Network Devices,intersects_with,policy_reference,"""HPE Juniper Networking Juniper Junos OS Evolved 26.2R1 for PTX10002-36QDD and PTX10002-60MR Collaborative Protection Profile for Network Devices version 3.0E""",high,"Referenced in the ""Products in evaluation"" table as the basis for evaluation.",enrich-compliance-xwalk.py,2026-09-18,candidate,,
AISEP-AUSTRALIAN-INFORMATION-S,PP-Module for Virtual Private Network (VPN) Gateways,intersects_with,policy_reference,"""Network and Network-Related Devices and Systems PP-Module for Virtual Private Network (VPN) Gateways (Mod_VPNGW_v1.3) V1.3 2023-08-16""",high,Listed as an ACA-endorsed Protection Profile module.,enrich-compliance-xwalk.py,2026-09-18,candidate,,
AISEP-AUSTRALIAN-INFORMATION-S,PP-Module for Intrusion Prevention Systems,intersects_with,policy_reference,"""July 2021 The ACA has endorsed the U.S Government Approved Protection Profile – PP-Module for Intrusion Prevention Systems (IPS) version 1.0""",high,Explicitly endorsed by the ACA for AISEP evaluations.,enrich-compliance-xwalk.py,2026-09-18,candidate,,
CANADIAN-COMMON-CRITERIA-SCHEM,CC:2022,intersects_with,policy_reference,"""Effective July 1, 2024 any new Security Target submission packages that do not claim conformance to an exact-conformance Protection Profile will be required to conform to CC:2022 and CEM:2022.""",high,The scheme mandates conformance to CC:2022 for new submissions.,enrich-compliance-xwalk.py,2026-09-18,candidate,,
CANADIAN-COMMON-CRITERIA-SCHEM,CEM:2022,intersects_with,policy_reference,"""Effective July 1, 2024 any new Security Target submission packages that do not claim conformance to an exact-conformance Protection Profile will be required to conform to CC:2022 and CEM:2022.""",high,The scheme mandates conformance to CEM:2022 for new submissions.,enrich-compliance-xwalk.py,2026-09-18,candidate,,
CANADIAN-COMMON-CRITERIA-SCHEM,CC v3.1r5,intersects_with,policy_reference,"""Submissions with a conformance claim to an exact-conformance Protection Profile may continue to conform to CC v3.1R5 and CEM v3.1R5 until the Protection Profile has been updated to the revised standard.""",high,The scheme allows continued use of CC v3.1r5 under specific conditions.,enrich-compliance-xwalk.py,2026-09-18,candidate,,
CANADIAN-COMMON-CRITERIA-SCHEM,CEM v3.1r5,intersects_with,policy_reference,"""Submissions with a conformance claim to an exact-conformance Protection Profile may continue to conform to CC v3.1R5 and CEM v3.1R5 until the Protection Profile has been updated to the revised standard.""",high,The scheme allows continued use of CEM v3.1r5 under specific conditions.,enrich-compliance-xwalk.py,2026-09-18,candidate,,
CANADIAN-COMMON-CRITERIA-SCHEM,ISO 17025,intersects_with,technical_dependency,"""Common Criteria evaluation facilities are IT security testing laboratories that are accredited to ISO 17025 and meet CCCS-specific requirements to conduct IT security evaluations for conformance to the Common Criteria for Information Technology Security Evaluation.""",high,Accreditation to ISO 17025 is a prerequisite for labs operating under the scheme.,enrich-compliance-xwalk.py,2026-09-18,candidate,,
CANADIAN-COMMON-CRITERIA-SCHEM,FIPS 186-2,intersects_with,policy_reference,"""Effective immediately, cryptographic algorithms claiming conformance to the following cannot be included in a Common Criteria evaluation: FIPS 186-2 RSA Key Generation""",high,The scheme explicitly prohibits the use of specific FIPS 186-2 algorithms in evaluations.,enrich-compliance-xwalk.py,2026-09-18,candidate,,
CANADIAN-COMMON-CRITERIA-SCHEM,ANSI X9.31,intersects_with,policy_reference,"""Effective immediately, cryptographic algorithms claiming conformance to the following cannot be included in a Common Criteria evaluation: ... ANSI X9.31 or ANSI X9.62 RNG""",high,The scheme explicitly prohibits the use of ANSI X9.31 RNG in evaluations.,enrich-compliance-xwalk.py,2026-09-18,candidate,,
CANADIAN-COMMON-CRITERIA-SCHEM,ANSI X9.62,intersects_with,policy_reference,"""Effective immediately, cryptographic algorithms claiming conformance to the following cannot be included in a Common Criteria evaluation: ... ANSI X9.31 or ANSI X9.62 RNG""",high,The scheme explicitly prohibits the use of ANSI X9.62 RNG in evaluations.,enrich-compliance-xwalk.py,2026-09-18,candidate,,
BSI-COMMON-CRITERIA-CERTIFICAT,Common Criteria,intersects_with,policy_reference,"""The certification of an IT product according to Common Criteria (CC) is initiated by the manufacturer, distributor or developer organisation""",high,The BSI scheme is the national implementation of the Common Criteria standard.,enrich-compliance-xwalk.py,2026-09-18,candidate,,
BSI-COMMON-CRITERIA-CERTIFICAT,ITSEC,intersects_with,policy_reference,"""The European ITSEC [ITSEC] criteria for the evaluation of IT products can only be applied in the BSI certification scheme in justified exceptional cases""",high,The text explicitly states ITSEC is a legacy criteria applied only in exceptional cases within this scheme.,enrich-compliance-xwalk.py,2026-09-18,candidate,,
BSI-COMMON-CRITERIA-CERTIFICAT,eIDAS Regulation (EU) No. 910/2014,intersects_with,policy_reference,"""In accordance with the German Trust Services Act (VDG), the Federal Office for Information Security is the public body in accordance with Article 30(1) of Regulation (EU) No. 910/2014""",high,The scheme is mandated to certify products under the eIDAS regulation.,enrich-compliance-xwalk.py,2026-09-18,candidate,,
BSI-COMMON-CRITERIA-CERTIFICAT,SOG-IS Crypto Catalogue,intersects_with,technical_dependency,"""Likewise cryptographic algorithms from the SOG-IS crypto catalogue [SOGIS-ACM] have to be used for QSigCD/QSealCD""",high,The scheme requires the use of algorithms from this specific catalogue for certain certifications.,enrich-compliance-xwalk.py,2026-09-18,candidate,,
BSI-COMMON-CRITERIA-CERTIFICAT,Regulation (EU) No. 165/2014,intersects_with,policy_reference,"""According to the Regulation, the security of the components (motion sensor, vehicle unit, tachograph card, GNSS module) must be verified through certification.""",high,The scheme is used to verify security for digital tachographs as required by this EU regulation.,enrich-compliance-xwalk.py,2026-09-18,candidate,,
ANSSI-COMMON-CRITERIA-CERTIFIC,Common Criteria,intersects_with,technical_dependency,"""LA CERTIFICATION CRITÈRES COMMUNS (CC) ... Il s’agit d’un standard internationalement reconnu s’inscrivant dans des accords de reconnaissance multilatéraux.""",high,The text explicitly identifies Common Criteria as the international standard underlying the CC certification scheme.,enrich-compliance-xwalk.py,2026-09-18,candidate,,
ANSSI-COMMON-CRITERIA-CERTIFIC,CSPN,intersects_with,technical_dependency,"""LA CERTIFICATION DE PREMIER NIVEAU (CSPN) ... Elle a été mise en place par l’ANSSI afin de proposer une alternative aux évaluations CC pour estimer la résistance d’un produit à des attaques de niveau modéré.""",high,"CSPN is defined as a specific certification type within the ANSSI scheme, distinct from but related to CC.",enrich-compliance-xwalk.py,2026-09-18,candidate,,
ANSSI-COMMON-CRITERIA-CERTIFIC,SOG-IS,intersects_with,policy_reference,"""La certification Critères Communs bénéficie d’une reconnaissance européenne et mondiale via les accords du SOG-IS(1) et du CCRA(2).""",high,SOG-IS is cited as the agreement providing European recognition for the certification.,enrich-compliance-xwalk.py,2026-09-18,candidate,,
ANSSI-COMMON-CRITERIA-CERTIFIC,CCRA,intersects_with,policy_reference,"""La certification Critères Communs bénéficie d’une reconnaissance européenne et mondiale via les accords du SOG-IS(1) et du CCRA(2).""",high,CCRA is cited as the agreement providing worldwide recognition for the certification.,enrich-compliance-xwalk.py,2026-09-18,candidate,,
ANSSI-COMMON-CRITERIA-CERTIFIC,ISO/IEC 17025,intersects_with,technical_dependency,"""pour l’évaluation CC : accrédité suivant la norme ISO/IEC 17025 par le COFRAC et agréé par l’ANSSI""",high,The standard is required for the accreditation of the evaluation laboratories (CESTI) performing CC evaluations.,enrich-compliance-xwalk.py,2026-09-18,candidate,,
IC3S-INDIAN-COMMON-CRITERIA-CE,ISO/IEC Guide 17065,intersects_with,policy_reference,Quality Manual – Certification policies and objectives as per the requirements of ISO/IEC Guide 17065,high,"The text explicitly states that the Quality Manual's policies and objectives are ""as per the requirements of"" this standard.",enrich-compliance-xwalk.py,2026-09-18,candidate,,
IC3S-INDIAN-COMMON-CRITERIA-CE,CCRA,intersects_with,policy_reference,"Establishing a system in line with internationally accepted norms (e.g. ISO/IEC Guides, CCRA requirements)",high,"The certification objectives explicitly list ""CCRA requirements"" as a norm to be followed.",enrich-compliance-xwalk.py,2026-09-18,candidate,,
IC3S-INDIAN-COMMON-CRITERIA-CE,STQC/CC/D06,intersects_with,implementation_guidance,Submission of TOE with relevant documents by Applicant Organization as per EAL (Refer STQC/CC/D06) to CCTL as and when required,high,The document is cited as the reference for submission requirements based on EAL.,enrich-compliance-xwalk.py,2026-09-18,candidate,,
OCSI-ORGANISMO-DI-CERTIFICAZIO,Common Criteria,intersects_with,technical_dependency,"""L'OCSI, nei processi di certificazione basati sullo standard Common Criteria, opera unicamente con le modalità richieste dal Sistema Europeo EUCC.""",high,The text explicitly states that OCSI's certification processes are based on the Common Criteria standard.,enrich-compliance-xwalk.py,2026-09-18,candidate,,
OCSI-ORGANISMO-DI-CERTIFICAZIO,EUCC,intersects_with,policy_reference,"""Il Sistema EUCC stabilisce le modalità europee armonizzate per la valutazione e certificazione della cybersicurezza basate sullo standard Common Criteria.""",high,"The text identifies EUCC as the system establishing the harmonized European methods for certification, which OCSI now operates under exclusively for new certifications.",enrich-compliance-xwalk.py,2026-09-18,candidate,,
OCSI-ORGANISMO-DI-CERTIFICAZIO,Regolamento europeo eIDAS,intersects_with,policy_reference,"""Il Regolamento europeo eIDAS individua i requisiti per i dispositivi di creazione di firme/sigilli elettronici qualificati (QSCD – qualified signature/seal creation device) nell'Unione Europea.""",high,"The text cites eIDAS as the source of requirements for QSCD devices, for which OCSI is the designated certification body.",enrich-compliance-xwalk.py,2026-09-18,candidate,,
OCSI-ORGANISMO-DI-CERTIFICAZIO,Codice per l'Amministrazione Digitale (CAD),intersects_with,policy_reference,"""L’OCSI è l’organismo di certificazione designato in Italia dal Codice per l'Amministrazione Digitale (CAD) per l’accertamento di conformità dei dispositivi QSCD ai requisiti del Regolamento europeo eIDAS.""",high,The text states that OCSI is designated by the CAD for the conformity assessment of QSCD devices.,enrich-compliance-xwalk.py,2026-09-18,candidate,,
OCSI-ORGANISMO-DI-CERTIFICAZIO,CC/CEM:2022,intersects_with,timeline_anchor,"""Transizione verso la nuova versione dello standard CC/CEM:2022""",medium,"The news item title indicates a transition to this specific version of the standard, implying a dependency or update path for the certification scheme.",enrich-compliance-xwalk.py,2026-09-18,candidate,,
JISEC-JAPAN-IT-SECURITY-EVALUA,Common Criteria,intersects_with,policy_reference,"""The requirements for Evaluation and Certification or ST confirmation conducted under this Scheme shall be the CC/CEM.""",high,"The text explicitly states that the requirements for the scheme are the CC/CEM, establishing a direct dependency on the Common Criteria standard.",enrich-compliance-xwalk.py,2026-09-18,candidate,,
JISEC-JAPAN-IT-SECURITY-EVALUA,Common Methodology for Information Technology Security Evaluation,intersects_with,policy_reference,"""conduct proper Evaluation and Certification, or perform confirmation of a Security Target (hereinafter referred to as “ST confirmation”) based on high technical capabilities in accordance with the Common Criteria for Information Technology Security Evaluation (CC), Common Methodology for Informatio",high,The scheme explicitly requires evaluation to be conducted in accordance with the CEM.,enrich-compliance-xwalk.py,2026-09-18,candidate,,
JISEC-JAPAN-IT-SECURITY-EVALUA,JIS Q 17065,intersects_with,policy_reference,"""The Certification Body shall construct the structure and operate the Scheme to satisfy the requirements prescribed in JIS Q 17065 or the CCRA.""",high,The scheme mandates that the Certification Body's structure and operation satisfy JIS Q 17065.,enrich-compliance-xwalk.py,2026-09-18,candidate,,
JISEC-JAPAN-IT-SECURITY-EVALUA,JIS Q 17025,intersects_with,policy_reference,"""The Accreditation Body is the organization that accredits Evaluation Facilities in accordance with JIS Q 17025 or ISO/IEC 17025.""",high,The scheme mandates that accreditation of Evaluation Facilities be conducted in accordance with JIS Q 17025.,enrich-compliance-xwalk.py,2026-09-18,candidate,,
JISEC-JAPAN-IT-SECURITY-EVALUA,ISO/IEC 17025,intersects_with,policy_reference,"""The Accreditation Body is the organization that accredits Evaluation Facilities in accordance with JIS Q 17025 or ISO/IEC 17025.""",high,The scheme mandates that accreditation of Evaluation Facilities be conducted in accordance with ISO/IEC 17025.,enrich-compliance-xwalk.py,2026-09-18,candidate,,
JISEC-JAPAN-IT-SECURITY-EVALUA,CCRA,intersects_with,policy_reference,"""The Certification Body shall construct the structure and operate the Scheme to satisfy the requirements prescribed in JIS Q 17065 or the CCRA.""",high,The scheme references the CCRA (Arrangement on the Recognition of Common Criteria Certificates) as a requirement for the Certification Body's operation.,enrich-compliance-xwalk.py,2026-09-18,candidate,,
ITSCC-IT-SECURITY-CERTIFICATIO,"정보보호시스템 공통평가기준(CC/CEM 2022 Errata V1.2, 한글판 수정본)",intersects_with,policy_reference,"· 정보보호시스템 공통평가기준(CC/CEM 2022 Errata V1.2, 한글판 수정본)",high,"ITSCC lists this specific version of the Common Criteria (CC/CEM) as a key document/resource, indicating it is the technical standard used for their certification process.",enrich-compliance-xwalk.py,2026-09-18,candidate,,
ITSCC-IT-SECURITY-CERTIFICATIO,"정보보호시스템 공통평가기준(CC/CEM 2022 Errata V1.1, 한글판 수정본)",intersects_with,policy_reference,"· 정보보호시스템 공통평가기준(CC/CEM 2022 Errata V1.1, 한글판 수정본)",high,"ITSCC lists this specific version of the Common Criteria (CC/CEM) as a key document/resource, indicating it is the technical standard used for their certification process.",enrich-compliance-xwalk.py,2026-09-18,candidate,,
ITSCC-IT-SECURITY-CERTIFICATIO,정보보호시스템 평가·인증 등에 관한 고시(과학기술정보통신부고시 제2022-61호),intersects_with,policy_reference,· 정보보호시스템 평가·인증 등에 관한 고시(과학기술정보통신부고시 제2022-61호),high,This is a government notice (Gongshi) from the Ministry of Science and ICT that provides the regulatory basis for the evaluation and certification system ITSCC administers.,enrich-compliance-xwalk.py,2026-09-18,candidate,,
ITSCC-IT-SECURITY-CERTIFICATIO,"정보보호시스템 평가·인증 지침(과학기술정보통신고시 제2017-7호, 2017. 8. 24.)",intersects_with,policy_reference,"· 정보보호시스템 평가·인증 지침(과학기술정보통신고시 제2017-7호, 2017. 8. 24.)",high,This is a government notice (Gongshi) from the Ministry of Science and ICT that provides the regulatory basis for the evaluation and certification system ITSCC administers.,enrich-compliance-xwalk.py,2026-09-18,candidate,,
ITSCC-IT-SECURITY-CERTIFICATIO,정보보호제품 평가·인증 수행규정,intersects_with,policy_reference,· 정보보호제품 평가·인증 수행규정 개정(2026. 4. 7.),high,"The ""Performance Regulations"" (Suhaeng Gyujeong) are the internal procedural rules ITSCC follows to execute the certification process. The text lists recent revisions.",enrich-compliance-xwalk.py,2026-09-18,candidate,,
MYCC-MALAYSIAN-COMMON-CRITERIA,ISO/IEC 15408,intersects_with,technical_dependency,"""Products are evaluated by an independent facility and certified by an independent body using recognized standards such as Common Criteria (CC) (ISO/IEC 15408)""",high,The MyCC scheme explicitly relies on ISO/IEC 15408 (Common Criteria) as the primary standard for evaluation.,enrich-compliance-xwalk.py,2026-09-18,candidate,,
MYCC-MALAYSIAN-COMMON-CRITERIA,ISO/IEC 18045,intersects_with,technical_dependency,"""Products are evaluated by an independent facility and certified by an independent body using recognized standards such as Common Criteria (CC) (ISO/IEC 15408) and Common Evaluation Methodology (CEM) (ISO/IEC 18045).""",high,The MyCC scheme explicitly relies on ISO/IEC 18045 (Common Evaluation Methodology) for the evaluation process.,enrich-compliance-xwalk.py,2026-09-18,candidate,,
MYCC-MALAYSIAN-COMMON-CRITERIA,Common Criteria Recognition Arrangement (CCRA),intersects_with,policy_reference,"""CyberSecurity Malaysia is a member of Common Criteria Recognition Arrangement (CCRA) and Common Criteria User Forum (CCUF).""",high,"MyCC operates under the CCRA framework, with Malaysia being a Certificate Authorizing Member.",enrich-compliance-xwalk.py,2026-09-18,candidate,,
MYCC-MALAYSIAN-COMMON-CRITERIA,2005 National Cyber Security Policy (NCSP),intersects_with,policy_reference,"""The MyCC Scheme was developed under the 9th Malaysian Plan (2006-2010) and is supported by the 2005 National Cyber Security Policy (NCSP).""",high,The scheme is explicitly stated to be supported by the NCSP.,enrich-compliance-xwalk.py,2026-09-18,candidate,,
MYCC-MALAYSIAN-COMMON-CRITERIA,9th Malaysian Plan (2006-2010),intersects_with,timeline_anchor,"""The MyCC Scheme was developed under the 9th Malaysian Plan (2006-2010) and is supported by the 2005 National Cyber Security Policy (NCSP).""",high,The development of the scheme is anchored to this specific national plan.,enrich-compliance-xwalk.py,2026-09-18,candidate,,
NSCIB-NETHERLANDS-SCHEME-FOR-C,ISO/IEC 15408,intersects_with,technical_dependency,"""The objective of the Scheme is that IT products and systems in the Netherlands can be evaluated and certified in a way that conforms to the so called ‘Common Criteria’, an international methodology (ISO/IEC 15408 and ISO/IEC 18045) for Evaluation and Certification.""",high,"The scheme explicitly defines its objective as conforming to Common Criteria, identified as ISO/IEC 15408.",enrich-compliance-xwalk.py,2026-09-18,candidate,,
NSCIB-NETHERLANDS-SCHEME-FOR-C,ISO/IEC 18045,intersects_with,technical_dependency,"""The objective of the Scheme is that IT products and systems in the Netherlands can be evaluated and certified in a way that conforms to the so called ‘Common Criteria’, an international methodology (ISO/IEC 15408 and ISO/IEC 18045) for Evaluation and Certification.""",high,Cited alongside ISO/IEC 15408 as the methodology for the scheme.,enrich-compliance-xwalk.py,2026-09-18,candidate,,
NSCIB-NETHERLANDS-SCHEME-FOR-C,CCRA,intersects_with,policy_reference,"""The Common Criteria Recognition Arrangement [CCRA] has been signed by the Netherlands in May 2000 and provides mutual recognition of certificates based on the CC.""",high,The scheme relies on CCRA for international recognition of its certificates.,enrich-compliance-xwalk.py,2026-09-18,candidate,,
NSCIB-NETHERLANDS-SCHEME-FOR-C,SOGIS-MRA,intersects_with,policy_reference,"""[SOGIS-MRA] Mutual Recognition Agreement of Information Technology Security Evaluation Certificates, version 3.0, January 2010""",high,Listed as a basic document for the scheme documentation and used for international recognition.,enrich-compliance-xwalk.py,2026-09-18,candidate,,
NSCIB-NETHERLANDS-SCHEME-FOR-C,ISO/IEC 17025,intersects_with,technical_dependency,"""An ITSEF conforms to this requirement if it has an ISO/IEC-17025 accreditation with relevant scope, meaning a scope sufficiently related to IT Security Testing""",high,Mandatory accreditation requirement for ITSEFs (Independent Test and Evaluation Facilities) participating in the scheme.,enrich-compliance-xwalk.py,2026-09-18,candidate,,
NSCIB-NETHERLANDS-SCHEME-FOR-C,ISO/IEC 17065,intersects_with,technical_dependency,"""This role shall be performed by TÜV Rheinland Nederland, an organisation that administrates several Schemes and conforms to ISO/IEC 17065.""",high,Requirement for the Scheme Administrator/Certification Body.,enrich-compliance-xwalk.py,2026-09-18,candidate,,
NSCIB-NETHERLANDS-SCHEME-FOR-C,TÜV-KMS,intersects_with,implementation_guidance,"""The Internal Quality Processes required for the CB are defined by the Baseline Document ‘Kwaliteitsmanagementsysteem’ [TÜV-KMS]. These shall be used for the NSCIB as much as possible.""",high,Internal quality management system document used by the certification body.,enrich-compliance-xwalk.py,2026-09-18,candidate,,
SERTIT-NORWEGIAN-CERTIFICATION,Common Criteria (CC) for evaluation,intersects_with,technical_dependency,"""IT products are to be security evaluated and certified in accordance with the international Common Criteria (CC) for evaluation [2], [3] and [4]""",high,The text explicitly states that evaluation and certification must be conducted in accordance with CC.,enrich-compliance-xwalk.py,2026-09-18,candidate,,
SERTIT-NORWEGIAN-CERTIFICATION,ISO/IEC 15408,equivalent,equivalence,"""IT products are to be security evaluated and certified in accordance with the international Common Criteria (CC) for evaluation [2], [3] and [4], corresponding to ISO /IEC 15408 [8]""",high,The text states CC corresponds to ISO/IEC 15408.,enrich-compliance-xwalk.py,2026-09-18,candidate,,
SERTIT-NORWEGIAN-CERTIFICATION,Common Evaluation Methodology (CEM),intersects_with,technical_dependency,"""IT products are to be security evaluated and certified in accordance with the international Common Criteria (CC) for evaluation [2], [3] and [4], corresponding to ISO /IEC 15408 [8] and the Common Evaluation Methodology (CEM) [5]""",high,The text explicitly states that evaluation is conducted in accordance with CEM.,enrich-compliance-xwalk.py,2026-09-18,candidate,,
SERTIT-NORWEGIAN-CERTIFICATION,ISO/IEC 18045,equivalent,equivalence,"""and the Common Evaluation Methodology (CEM) [5], corresponding to ISO/IEC 18045 [10].""",high,The text states CEM corresponds to ISO/IEC 18045.,enrich-compliance-xwalk.py,2026-09-18,candidate,,
SERTIT-NORWEGIAN-CERTIFICATION,CCRA,intersects_with,policy_reference,"""Nor way is member of an international arr angement “Common Criter ia Recognition Arrangement ” (CCRA), cf . section 1. 2 ref . [6]""",high,"Norway is a member of CCRA, and the scheme is based on this arrangement.",enrich-compliance-xwalk.py,2026-09-18,candidate,,
SERTIT-NORWEGIAN-CERTIFICATION,SOGIS MRA,intersects_with,policy_reference,"""and an Eur opean Agreement “Mutual Recognition Agr eem ent of Information Technology Secur ity Evaluation Certif icates” ( SOGIS- MRA), cf . section 1.2 ref . [23].""",high,"Norway is a member of SOGIS MRA, and the scheme is based on this agreement.",enrich-compliance-xwalk.py,2026-09-18,candidate,,
SERTIT-NORWEGIAN-CERTIFICATION,ISO/IEC 17025,intersects_with,technical_dependency,"""ITSEFs must have valid accreditation according to ISO/IEC 17025 [24]""",high,Evaluation facilities (ITSEFs) are required to have accreditation according to this standard.,enrich-compliance-xwalk.py,2026-09-18,candidate,,
NASK-COMMON-CRITERIA-CERTIFICA,ISO/IEC 15408,intersects_with,policy_reference,"""a) CC Common Criteria (Wspólne kryteria do oceny zabezpieczeń informatycznych;) April 2017, Version 3.1, Revision 5, Parts 1-3; b) CC Common Criteria (Wspólne kryteria do oceny zabezpieczeń informatycznych;) November 2022, CC:2022, Revision 1, Parts 1-5;""",high,The NASK scheme explicitly lists Common Criteria (ISO/IEC 15408) as the primary evaluation criteria in Section 10.1.1.,enrich-compliance-xwalk.py,2026-09-18,candidate,,
NASK-COMMON-CRITERIA-CERTIFICA,ISO/IEC 18045,intersects_with,policy_reference,"""c) PN-EN ISO/IEC 18045:2020-09 Technika informatyczna - Techniki bezpieczeństwa - Metodyka oceny zabezpieczeń informatycznych; d) PN-EN ISO/IEC 18045:2024-04 Technika informatyczna, cyberbezpieczeństwo i ochrona prywatności -- Kryteria oceny zabezpieczeń informatycznych -- Metodyka oceny zabezpiecz",high,Cited in Section 10.1.2 as an evaluation methodology.,enrich-compliance-xwalk.py,2026-09-18,candidate,,
NASK-COMMON-CRITERIA-CERTIFICA,ISO/IEC 19790,intersects_with,policy_reference,"""PN-EN ISO/IEC 19790:2020-09 Technika informatyczna -- Techniki bezpieczeństwa -- Wymagania bezpieczeństwa dla modułów kryptograficznych.""",high,Cited in the references section (page 4 excerpt) as a security requirement for cryptographic modules.,enrich-compliance-xwalk.py,2026-09-18,candidate,,
NASK-COMMON-CRITERIA-CERTIFICA,ISO/IEC 24759,intersects_with,policy_reference,"""ISO/IEC 24759:2017 Test requirements for cryptographic module""",high,Cited in Section 10.1.2 as an evaluation methodology/test requirement.,enrich-compliance-xwalk.py,2026-09-18,candidate,,
NASK-COMMON-CRITERIA-CERTIFICA,EN 17640,intersects_with,policy_reference,"""PN-EN 17640:2023-03 Ograniczona w czasie metodyka oceny cyberbezpieczeństwa produktów teleinformatycznych.""",high,Cited in Section 10.1.2 as a fixed-time evaluation methodology.,enrich-compliance-xwalk.py,2026-09-18,candidate,,
NASK-COMMON-CRITERIA-CERTIFICA,ISO/IEC 23837-2,intersects_with,policy_reference,"""g) ISO/IEC 23837-2:2023 Information security — Security requirements, test and evaluation methods for quantum key distribution – Part 2: Evaluation and testing methods""",high,Cited in Section 10.1.2 as an evaluation methodology for QKD.,enrich-compliance-xwalk.py,2026-09-18,candidate,,
NASK-COMMON-CRITERIA-CERTIFICA,ETSI TS 103 701,intersects_with,policy_reference,"""h) ETSI TS 103 701 V1.1.1 (2021-08) Cyber Security for Consumer Internet of Things: Conformance Assessment of Baseline Requirements.""",high,Cited in Section 10.1.2 as an evaluation methodology for IoT.,enrich-compliance-xwalk.py,2026-09-18,candidate,,
NASK-COMMON-CRITERIA-CERTIFICA,ISO/IEC 17065,intersects_with,technical_dependency,"""111 Jednostka Certyfikująca posiada zdefiniowany i udostępniony publicznie proces obsługi odwołań i skarg, zgodny z wymaganiami normy PN-EN ISO/IEC 17065.""",high,The certification body's processes must comply with ISO/IEC 17065.,enrich-compliance-xwalk.py,2026-09-18,candidate,,
NASK-COMMON-CRITERIA-CERTIFICA,ISO/IEC 17025,intersects_with,technical_dependency,"""112 Laboratorium posiada zdefiniowany i udostępniony publicznie proces obsługi odwołań i skarg, zgodny z wymaganiami normy PN EN ISO/IEC 17025.""",high,The laboratory's processes must comply with ISO/IEC 17025.,enrich-compliance-xwalk.py,2026-09-18,candidate,,
NASK-COMMON-CRITERIA-CERTIFICA,ISO/IEC 27001,intersects_with,policy_reference,"""PN-EN ISO/IEC 27001:2023-08 Bezpieczeństwo informacji, cyberbezpieczeństwo i ochrona prywatności -- Systemy zarządzania bezpieczeństwem informacji -- Wymagania.""",medium,"Listed in the references section, likely for security management requirements of the scheme actors.",enrich-compliance-xwalk.py,2026-09-18,candidate,,
CSEC-SWEDISH-CERTIFICATION-BOD,Common Criteria,intersects_with,policy_reference,"""CSEC operates as Sweden's national certification body for IT security in products and systems according to Common Criteria""",high,"The description explicitly states CSEC operates ""according to Common Criteria,"" establishing it as the primary regulatory framework.",enrich-compliance-xwalk.py,2026-09-18,candidate,,
CSEC-SWEDISH-CERTIFICATION-BOD,ISO/IEC 15408,intersects_with,technical_dependency,"""ISO/IEC Information technology — Security techniques — 15408 Evaluation criteria for IT security. The most recent version is ISO/IEC 15408:2022 Comment: ISO/IEC-version of the Common Criteria for In- formation Technology Security Evaluation""",high,"The text identifies ISO/IEC 15408 as the ISO/IEC version of the Common Criteria, which is the standard CSEC certifies against.",enrich-compliance-xwalk.py,2026-09-18,candidate,,
CSEC-SWEDISH-CERTIFICATION-BOD,ISO/IEC 18045,intersects_with,technical_dependency,"""ISO/IEC Information technology — Security techniques — 18045 Methodology for IT security evaluation. The most recent version is ISO/IEC 18045:2022 Comment: The ISO/IEC-version of the Common Evaluation Methodology""",high,"CSEC relies on the Common Evaluation Methodology (CEM), identified here as ISO/IEC 18045, for its evaluation activities.",enrich-compliance-xwalk.py,2026-09-18,candidate,,
CSEC-SWEDISH-CERTIFICATION-BOD,CCRA,intersects_with,policy_reference,"""Sweden has signed the Common Criteria Arrangement on the Mutual Recognition of Common Criteria Certificates in the field of Information Technology Security (CCRA), thus accepting CC certificates issued in other countries.""",high,"CSEC is a signatory and participant in the CCRA, which governs the mutual recognition of its certificates.",enrich-compliance-xwalk.py,2026-09-18,candidate,,
CSEC-SWEDISH-CERTIFICATION-BOD,SOG-IS MRA,intersects_with,policy_reference,"""SOG-IS Senior Officials Group Information Systems Security MRA - Mutual Recognition Agreement, Jan. 8 2010.""",high,"Listed in the ""Agreements"" section as a key mutual recognition agreement CSEC participates in.",enrich-compliance-xwalk.py,2026-09-18,candidate,,
CSEC-SWEDISH-CERTIFICATION-BOD,ISO/IEC 17065,intersects_with,technical_dependency,"""ISO/IEC Conformity assessment — Requirements for bodies 17065 certifying products, processes and services. The most recent version is ISO/IEC 17065:2012""",high,"CSEC is a certification body; ISO/IEC 17065 provides the requirements for such bodies, which CSEC must adhere to for accreditation.",enrich-compliance-xwalk.py,2026-09-18,candidate,,
CSEC-SWEDISH-CERTIFICATION-BOD,ISO/IEC 17025,intersects_with,technical_dependency,"""ISO/IEC General requirements for the competence of testing 17025 and calibration laboratories. The most recent version is ISO/IEC 17025:2018""",medium,"Listed in the standards section. While primarily for labs, it is often relevant to the testing components of certification schemes or the ITSEFs CSEC licenses.",enrich-compliance-xwalk.py,2026-09-18,candidate,,
CSEC-SWEDISH-CERTIFICATION-BOD,EUCC,intersects_with,policy_reference,"""EP-301 Certification and Evaluation - EUCC - Overview 255 This document contains a general description of certification and evaluation under EUCC.""",high,CSEC operates a specific scheme for EUCC (European Union Cybersecurity Certification) as detailed in its publications.,enrich-compliance-xwalk.py,2026-09-18,candidate,,
SCCS-SINGAPORE-COMMON-CRITERIA,ISO/IEC 15408,intersects_with,technical_dependency,"""The CC is now recognised as the ISO/IEC 15408.""",high,"The text explicitly identifies Common Criteria (CC) as ISO/IEC 15408, which is the core standard for the scheme.",enrich-compliance-xwalk.py,2026-09-18,candidate,,
SCCS-SINGAPORE-COMMON-CRITERIA,Common Criteria Recognition Arrangement (CCRA),intersects_with,policy_reference,"""These CC certifications are recognised widely through the Common Criteria Recognition Arrangement (CCRA), of which Singapore is a signatory nation.""",high,The SCCS operates under the CCRA framework for mutual recognition.,enrich-compliance-xwalk.py,2026-09-18,candidate,,
SCCS-SINGAPORE-COMMON-CRITERIA,ISO/IEC 17025,intersects_with,technical_dependency,"""accredited by the Singapore Accreditation Council (SAC) or equivalent Accreditation Body in accordance with the ISO/IEC 17025 for testing laboratories in the specific field of IT security.""",high,Required for the accreditation of Common Criteria Testing Laboratories (CCTLs).,enrich-compliance-xwalk.py,2026-09-18,candidate,,
SCCS-SINGAPORE-COMMON-CRITERIA,Common Methodology for IT Security Evaluation (CEM),intersects_with,implementation_guidance,"""The Common Methodology for IT Security Evaluation (CEM) is used for evaluating the product against the established security requirements, confirming that the product is able to meet these requirements with an appropriate level of assurance.""",high,The CEM is the methodology used for the evaluation activities within the SCCS.,enrich-compliance-xwalk.py,2026-09-18,candidate,,
SCCS-SINGAPORE-COMMON-CRITERIA,SCCS Publication #2,intersects_with,implementation_guidance,"""The Evaluation Authority establishes the requirements for approving the CCTL to operate in the SCCS according to the CCRA (refer to SCCS Publication #2).""",high,Internal document referenced for CCTL approval requirements.,enrich-compliance-xwalk.py,2026-09-18,candidate,,
SCCS-SINGAPORE-COMMON-CRITERIA,SCCS Publication #3,intersects_with,implementation_guidance,"""The framework for IT security evaluation and certification is described in SCCS Publication #3.""",high,Internal document referenced for the detailed evaluation and certification framework.,enrich-compliance-xwalk.py,2026-09-18,candidate,,
NIAP-NATIONAL-INFORMATION-ASSU,Common Criteria,intersects_with,policy_reference,"""NIAP only accepts products into evaluation that claim exact compliance to a NIAP- approved Protection Profile. These NIAP-approved Protection Profiles (PP) produce evaluation results that are achievable, repeatable, and testable""",high,The text explicitly states that NIAP evaluations are based on conformance to Common Criteria (CC) and Protection Profiles.,enrich-compliance-xwalk.py,2026-09-18,candidate,,
NIAP-NATIONAL-INFORMATION-ASSU,ISO/IEC 15408,intersects_with,technical_dependency,"""In 1998, version 2.1 of the CC was accepted by the International Organization for Standardization (ISO) as an international standard, ISO/IEC 15408, The Common Criteria for Information Technology Security Evaluation.""",high,"The text identifies ISO/IEC 15408 as the international standard for Common Criteria, which is the basis of the NIAP scheme.",enrich-compliance-xwalk.py,2026-09-18,candidate,,
NIAP-NATIONAL-INFORMATION-ASSU,NIST Special Publication 150-20,intersects_with,technical_dependency,"""The NIST National Voluntary Laboratory Accreditation Program (NVLAP) plays an essential role in supporting Scheme requirements for laboratory accreditation by ensuring that laboratories meet accreditation requirements defined in NIST Special Publication 150-20, Common Criteria Testing.""",high,NIAP relies on NIST SP 150-20 for the accreditation of its testing laboratories (CCTLs).,enrich-compliance-xwalk.py,2026-09-18,candidate,,
NIAP-NATIONAL-INFORMATION-ASSU,NIST Handbooks 150 and 150-20,intersects_with,technical_dependency,"""A laboratory must meet the requirements of NIST Handbooks 150 and 150- 20. Additional Scheme-specific requirements are imposed by the NIAP Validation Body to include CCTLs must:""",high,The text explicitly lists these handbooks as requirements for laboratories to obtain CCTL status.,enrich-compliance-xwalk.py,2026-09-18,candidate,,
FFIEC-IT-EXAMINATION-HANDBOOK-,NIST 800 series of publications,intersects_with,implementation_guidance,"""The institution can reference one or more recognized technology frameworks and industry standards. Several organizations have published control listings in addition to implementation guidance, including the following: • NIST 800 series of publications.""",high,The handbook explicitly lists NIST 800 series as a reference for control listings and implementation guidance.,enrich-compliance-xwalk.py,2026-09-18,candidate,,
FFIEC-IT-EXAMINATION-HANDBOOK-,Control Objectives for Information and Related Technology (COBIT),intersects_with,implementation_guidance,"""• Control Objectives for Information and Related Technology (COBIT). COBIT provides a broad and deep framework for governance and management of enterprise IT.""",high,Cited as a recognized framework for governance and management.,enrich-compliance-xwalk.py,2026-09-18,candidate,,
FFIEC-IT-EXAMINATION-HANDBOOK-,IT Infrastructure Library (ITIL),intersects_with,implementation_guidance,"""• IT Infrastructure Library (ITIL). ITIL provides a list of recognized practices for IT service management.""",high,Cited as a source of recognized practices for IT service management.,enrich-compliance-xwalk.py,2026-09-18,candidate,,
FFIEC-IT-EXAMINATION-HANDBOOK-,International Organization for Standardization (ISO) 21 27000 series,intersects_with,implementation_guidance,"""• International Organization for Standardization (ISO) 21 27000 series. The ISO 27000 series provides control standards specific to information security.""",high,Cited as providing control standards specific to information security.,enrich-compliance-xwalk.py,2026-09-18,candidate,,
FFIEC-IT-EXAMINATION-HANDBOOK-,"12 CFR 208, appendix D-2, “Interagency Guidelines Establishing Information Security Standards”",intersects_with,policy_reference,"""12 CFR 208, appendix D-2, “Interagency Guidelines Establishing Information Security Standards”""",high,Listed under Federal Reserve Regulations as a regulatory anchor.,enrich-compliance-xwalk.py,2026-09-18,candidate,,
FFIEC-IT-EXAMINATION-HANDBOOK-,"12 CFR 211.5(l), “Interagency Guidelines Establishing Information Security Standards”",intersects_with,policy_reference,"""12 CFR 211.5(l), “Interagency Guidelines Establishing Information Security Standards”""",high,Listed under Federal Reserve Regulations.,enrich-compliance-xwalk.py,2026-09-18,candidate,,
FFIEC-IT-EXAMINATION-HANDBOOK-,"12 CFR 225, appendix F, “Interagency Guidelines Establishing Information Security Standards”",intersects_with,policy_reference,"""12 CFR 225, appendix F, “Interagency Guidelines Establishing Information Security Standards”""",high,Listed under Federal Reserve Regulations.,enrich-compliance-xwalk.py,2026-09-18,candidate,,
FFIEC-IT-EXAMINATION-HANDBOOK-,FFIEC’s “Outsourced Cloud Computing” statement,intersects_with,policy_reference,"""Refer to the FFIEC’s “Outsourced Cloud Computing” statement for more information.""",high,Direct reference to another FFIEC document for specific guidance.,enrich-compliance-xwalk.py,2026-09-18,candidate,,
FFIEC-IT-EXAMINATION-HANDBOOK-,IT Handbook’s “Audit” booklet,intersects_with,policy_reference,"""Refer to the IT Handbook’s “Audit” booklet for more information.""",high,Direct reference to a companion booklet within the same handbook series.,enrich-compliance-xwalk.py,2026-09-18,candidate,,
FFIEC-IT-EXAMINATION-HANDBOOK-,Mitre’s CVE,intersects_with,implementation_guidance,"""Technical vulnerabilities can be identified through the use of scanners and other tools. Scanners search for known vulnerabilities (e.g., Mitre’s CVE)""",medium,Referenced as an example of known vulnerabilities used in technical assessments.,enrich-compliance-xwalk.py,2026-09-18,candidate,,
CJIS-SECURITY-POLICY-FBI,NIST SP 800-53,intersects_with,policy_reference,"""NIST SP 800-53 provides a comprehensive catalog of controls, three security control baselines (low, moderate, and high impact), and guidance for tailoring the appropriate baseline to specific needs and risk environments for federal information systems.""",high,The CJIS Security Policy explicitly references NIST SP 800-53 as the source for security control baselines and tailoring guidance for moderate-impact systems.,enrich-compliance-xwalk.py,2026-09-18,candidate,,
CJIS-SECURITY-POLICY-FBI,FIPS 140-3,intersects_with,technical_dependency,"""Implement the following types of cryptography required for each specified cryptographic use: cryptographic modules which are Federal Information Processing Standard (FIPS) 140-3 certified""",high,The policy mandates the use of FIPS 140-3 certified cryptographic modules for protecting CJI in transit.,enrich-compliance-xwalk.py,2026-09-18,candidate,,
CJIS-SECURITY-POLICY-FBI,FIPS 197,intersects_with,technical_dependency,"""a FIPS validated algorithm for symmetric key encryption and decryption (FIPS 197 [AES]), with a symmetric cipher key of at least 256-bit strength for CJI in-transit.""",high,The policy specifies FIPS 197 (AES) as the required algorithm for symmetric key encryption.,enrich-compliance-xwalk.py,2026-09-18,candidate,,
CJIS-SECURITY-POLICY-FBI,NIST SP 800-37,intersects_with,policy_reference,"""intended to be used in conjunction with the NIST risk management framework outlined in SP 800-37 and SP 800-63-3 section 5 Digital Identity Risk Management.""",high,The policy references NIST SP 800-37 as part of the risk management framework context for implementing controls.,enrich-compliance-xwalk.py,2026-09-18,candidate,,
CJIS-SECURITY-POLICY-FBI,NIST SP 800-63-3,intersects_with,policy_reference,"""intended to be used in conjunction with the NIST risk management framework outlined in SP 800-37 and SP 800-63-3 section 5 Digital Identity Risk Management.""",high,The policy references NIST SP 800-63-3 specifically regarding Digital Identity Risk Management.,enrich-compliance-xwalk.py,2026-09-18,candidate,,
CJIS-SECURITY-POLICY-FBI,FIPS 199,intersects_with,policy_reference,"""NIST SP 800-53 presents security control baselines determined by the security categorization of the information system (low, moderate or high) from NIST FIPS 199 Standards for Security Categorization of Federal Information and Information Systems.""",high,The policy cites FIPS 199 as the standard for security categorization which determines the applicable control baselines.,enrich-compliance-xwalk.py,2026-09-18,candidate,,
CJIS-SECURITY-POLICY-FBI,"Title 28, Part 20, Code of Federal Regulations",intersects_with,policy_reference,"""Title 28, Part 20, Code of Federal Regulations (CFR), defines CHRI and provides the regulatory guidance for dissemination of CHRI.""",high,The policy relies on 28 CFR Part 20 for the definition and dissemination rules of Criminal History Record Information (CHRI).,enrich-compliance-xwalk.py,2026-09-18,candidate,,
CJIS-SECURITY-POLICY-FBI,Federal Information Security Management Act of 2014,intersects_with,policy_reference,"""The Federal Information Security Management Act of 2014 provides further legal basis for the APB approved management, operational, and technical security requirements mandated to protect CJI""",high,The policy cites FISMA 2014 as the legal basis for its security requirements.,enrich-compliance-xwalk.py,2026-09-18,candidate,,
PSD2-REVISED-PAYMENT-SERVICES-,PSD2-Directive-EU-2015-2366,equivalent,equivalence,"""Directive (EU) 2015/2366 of the European Parliament and of the Council of 25 November 2015 on payment services in the internal market""",high,"The compliance record ""PSD2-REVISED-PAYMENT-SERVICES-"" is the common name for Directive (EU) 2015/2366. The text explicitly identifies the document as this specific directive.",enrich-compliance-xwalk.py,2026-09-18,candidate,,
PSD2-REVISED-PAYMENT-SERVICES-,Directive 2002/65/EC,intersects_with,policy_reference,"""amending Directives 2002/65/EC, 2009/110/EC and 2013/36/EU""",high,"The source text states that PSD2 amends this directive, establishing a direct regulatory dependency/relationship.",enrich-compliance-xwalk.py,2026-09-18,candidate,,
PSD2-REVISED-PAYMENT-SERVICES-,Directive 2009/110/EC,intersects_with,policy_reference,"""amending Directives 2002/65/EC, 2009/110/EC and 2013/36/EU""",high,"The source text states that PSD2 amends this directive, establishing a direct regulatory dependency/relationship.",enrich-compliance-xwalk.py,2026-09-18,candidate,,
PSD2-REVISED-PAYMENT-SERVICES-,Directive 2013/36/EU,intersects_with,policy_reference,"""amending Directives 2002/65/EC, 2009/110/EC and 2013/36/EU""",high,"The source text states that PSD2 amends this directive, establishing a direct regulatory dependency/relationship.",enrich-compliance-xwalk.py,2026-09-18,candidate,,
PSD2-REVISED-PAYMENT-SERVICES-,Regulation (EU) No 1093/2010,intersects_with,policy_reference,"""amending Directives 2002/65/EC, 2009/110/EC and 2013/36/EU and Regulation (EU) No 1093/2010""",high,"The source text states that PSD2 amends this regulation, establishing a direct regulatory dependency/relationship.",enrich-compliance-xwalk.py,2026-09-18,candidate,,
PSD2-REVISED-PAYMENT-SERVICES-,Directive 2007/64/EC,intersects_with,policy_reference,"""and repealing Directive 2007/64/EC""",high,"The source text states that PSD2 repeals this directive, establishing a direct regulatory relationship (supersession).",enrich-compliance-xwalk.py,2026-09-18,candidate,,
CCCS-ITSP-40-111-CRYPTOGRAPHIC,NIST FIPS 203,intersects_with,policy_reference,"""We recommend the Module-Lattice-Based Key-Encapsulation Mechanism (ML-KEM) as a general-purpose, post-quantum key establishment scheme, as specified in NIST FIPS 203: Module-Lattice-Based Key-Encapsulation Mechanism Standard""",high,CCCS ITSP.40.111 explicitly cites FIPS 203 as the specification for the approved ML-KEM algorithm.,enrich-compliance-xwalk.py,2026-09-18,candidate,,
CCCS-ITSP-40-111-CRYPTOGRAPHIC,NIST FIPS 197,intersects_with,policy_reference,"""We recommend the Advanced Encryption Standard (AES) algorithm, as specified in NIST Federal Information Processing Standard (FIPS) 197: Advanced Encryption Standard , with key lengths of 128, 192, and 256 bits.""",high,CCCS ITSP.40.111 cites FIPS 197 as the specification for the recommended AES algorithm.,enrich-compliance-xwalk.py,2026-09-18,candidate,,
CCCS-ITSP-40-111-CRYPTOGRAPHIC,NIST SP 800-38A,intersects_with,policy_reference,"""We recommend the following block cipher modes of operation for protecting the confidentiality of UNCLASSIFIED, PROTECTED A and PROTECTED B information, as specified in NIST Special Publication (SP) 800-38A: Recommendation for Block Cipher Modes of Operation: Methods and Techniques""",high,"CCCS ITSP.40.111 cites SP 800-38A for recommended block cipher modes (ECB, CFB, OFB, CTR, CBC).",enrich-compliance-xwalk.py,2026-09-18,candidate,,
CCCS-ITSP-40-111-CRYPTOGRAPHIC,NIST SP 800-56B Rev. 2,intersects_with,policy_reference,"""We recommend the Rivest-Shamir-Adleman (RSA)-based key-transport and key-agreement schemes, as specified in NIST SP 800-56B Rev. 2: Recommendation for Pair-Wise Key-Establishment Schemes Using Integer Factorization Cryptography""",high,CCCS ITSP.40.111 cites SP 800-56B Rev. 2 for RSA-based key establishment schemes.,enrich-compliance-xwalk.py,2026-09-18,candidate,,
CCCS-ITSP-40-111-CRYPTOGRAPHIC,NIST SP 800-56A Rev. 3,intersects_with,policy_reference,"""We recommend the Finite Field Cryptography (FFC) Diffie-Hellman (DH) and FFC Menezes-Qu-Vanstone (MQV)-based key-agreement schemes with valid domain parameters, as specified in NIST SP 800-56A Rev. 3: Recommendation for Pair-Wise Key-Establishment Schemes Using Discrete Logarithm Cryptography""",high,CCCS ITSP.40.111 cites SP 800-56A Rev. 3 for FFC and ECC key agreement schemes.,enrich-compliance-xwalk.py,2026-09-18,candidate,,
CCCS-ITSP-40-111-CRYPTOGRAPHIC,NIST SP 800-186,intersects_with,policy_reference,"""We recommend the following elliptic curves specified in NIST SP 800-186: Recommendations for Discrete Logarithm-based Cryptography: Elliptic Curve Domain Parameters""",high,"CCCS ITSP.40.111 cites SP 800-186 for the specific elliptic curves (P-224, P-256, P-384, P-521) to be used.",enrich-compliance-xwalk.py,2026-09-18,candidate,,
CCCS-ITSP-40-111-CRYPTOGRAPHIC,NIST FIPS 186-5,intersects_with,policy_reference,"""We recommend the Rivest-Shamir-Adleman (RSA) digital signature algorithm, using RSASSA-PKCS1-v1.5 or RSASSA-PSS, as specified in NIST FIPS 186-5: Digital Signature Standard with an RSA modulus length of at least 2048 bits.""",high,CCCS ITSP.40.111 cites FIPS 186-5 for RSA and ECDSA digital signature algorithms.,enrich-compliance-xwalk.py,2026-09-18,candidate,,
CCCS-ITSP-40-111-CRYPTOGRAPHIC,NIST SP 800-38D,intersects_with,policy_reference,"""Galois/Counter Mode (GCM) as specified in NIST SP 800-38D: Recommendation for Block Cipher Modes of Operation: Galois/Counter Mode (GCM) and GMAC""",high,CCCS ITSP.40.111 cites SP 800-38D for the GCM mode of operation.,enrich-compliance-xwalk.py,2026-09-18,candidate,,
CCCS-ITSP-40-111-CRYPTOGRAPHIC,NIST SP 800-38C,intersects_with,policy_reference,"""Counter with Cipher Block Chaining Message Authentication Code (CCM) as specified in NIST SP 800–38C: Recommendation for Block Cipher Modes of Operation: The CCM Mode for Authentication and Confidentiality""",high,CCCS ITSP.40.111 cites SP 800-38C for the CCM mode of operation.,enrich-compliance-xwalk.py,2026-09-18,candidate,,
CCCS-ITSP-40-111-CRYPTOGRAPHIC,NIST SP 800-38E,intersects_with,policy_reference,"""For protecting data on storage devices, we recommend XTS- AES mode as specified in NIST SP 800-38E: Recommendation for Block Cipher Modes of Operation: The XTS- AES Mode for Confidentiality on Storage Devices""",high,CCCS ITSP.40.111 cites SP 800-38E for the XTS-AES mode for storage devices.,enrich-compliance-xwalk.py,2026-09-18,candidate,,
INDIA-DPDP-ACT-2023,"Telecom Regulatory Authority of India Act, 1997",intersects_with,policy_reference,"“Appellate Tribunal” means the Telecom Disputes Settlement and Appellate Tribunal established under section 14 of the Telecom Regulatory Authority of India Act, 1997;",high,The DPDP Act references this Act to define the Appellate Tribunal.,enrich-compliance-xwalk.py,2026-09-18,candidate,,
INDIA-DPDP-ACT-2023,"Disaster Management Act, 2005",intersects_with,policy_reference,"For the purposes of this clause, the expression “disaster” shall have the same meaning as assigned to it in clause (d) of section 2 of the Disaster Management Act, 2005;",high,"The DPDP Act references this Act to define the term ""disaster"" for legitimate uses.",enrich-compliance-xwalk.py,2026-09-18,candidate,,
INDIA-DPDP-ACT-2023,Constitution of India,intersects_with,policy_reference,(zb) “State” means the State as defined under article 12 of the Constitution.,high,"The DPDP Act references the Constitution to define the term ""State"".",enrich-compliance-xwalk.py,2026-09-18,candidate,,
OJK-POJK-11-2022-IT-IMPLEMENTA,Peraturan Otoritas Jasa Keuangan Nomor 38/POJK.03/2016,intersects_with,policy_reference,"""perlu mengganti Peraturan Otoritas Jasa Keuangan Nomor 38/POJK.03/2016 tentang Penerapan Manajemen Risiko dalam Penggunaan Teknologi Informasi oleh Bank Umum""",high,The text explicitly states that POJK 11/2022 replaces POJK 38/2016.,enrich-compliance-xwalk.py,2026-09-18,candidate,,
OJK-POJK-11-2022-IT-IMPLEMENTA,Peraturan Otoritas Jasa Keuangan Nomor 13/POJK.03/2020,intersects_with,policy_reference,"""sebagaimana telah diubah dengan Peraturan Otoritas Jasa Keuangan Nomor 13/POJK.03/2020 tentang Perubahan atas Peraturan Otoritas Jasa Keuangan Nomor 38/POJK.03/2016""",high,The text identifies POJK 13/2020 as the amendment to the previous regulation being replaced.,enrich-compliance-xwalk.py,2026-09-18,candidate,,
OJK-POJK-11-2022-IT-IMPLEMENTA,Undang-Undang Nomor 7 Tahun 1992,intersects_with,policy_reference,"""Mengingat : 1. Undang-Undang Nomor 7 Tahun 1992 tentang Perbankan (Lembaran Negara Republik Indonesia Tahun 1992 Nomor 31, Tambahan Lembaran Negara Republik Indonesia Nomor 3472)""",high,"Cited in the ""Mengingat"" (Considering) section as a legal basis.",enrich-compliance-xwalk.py,2026-09-18,candidate,,
OJK-POJK-11-2022-IT-IMPLEMENTA,Undang-Undang Nomor 10 Tahun 1998,intersects_with,policy_reference,"""sebagaimana telah diubah dengan Undang-Undang Nomor 10 Tahun 1998 tentang Perubahan atas Undang-Undang Nomor 7 Tahun 1992 tentang Perbankan""",high,Cited as the amendment to the 1992 Banking Law.,enrich-compliance-xwalk.py,2026-09-18,candidate,,
SFC-CIRCULAR-EXTERNA-007-2018-,ISO 27032,intersects_with,implementation_guidance,"""3.3. Contar con un sistema de gestión para la ciberseguridad, para lo cual se pueden tomar como referencia el estándar ISO 27032, NIST con sus publicaciones SP800 y SP1800, ISF ( Information Security Forum ), CIS Critical Security Controls (CSC) o Cobit 5 for Information Security, y sus respectivas",high,The circular explicitly lists ISO 27032 as a reference standard for the cybersecurity management system.,enrich-compliance-xwalk.py,2026-09-18,candidate,,
SFC-CIRCULAR-EXTERNA-007-2018-,NIST SP 800,intersects_with,implementation_guidance,"""3.3. Contar con un sistema de gestión para la ciberseguridad, para lo cual se pueden tomar como referencia el estándar ISO 27032, NIST con sus publicaciones SP800 y SP1800, ISF ( Information Security Forum ), CIS Critical Security Controls (CSC) o Cobit 5 for Information Security, y sus respectivas",high,The circular explicitly lists NIST SP 800 publications as a reference standard.,enrich-compliance-xwalk.py,2026-09-18,candidate,,
SFC-CIRCULAR-EXTERNA-007-2018-,NIST SP 1800,intersects_with,implementation_guidance,"""3.3. Contar con un sistema de gestión para la ciberseguridad, para lo cual se pueden tomar como referencia el estándar ISO 27032, NIST con sus publicaciones SP800 y SP1800, ISF ( Information Security Forum ), CIS Critical Security Controls (CSC) o Cobit 5 for Information Security, y sus respectivas",high,The circular explicitly lists NIST SP 1800 publications as a reference standard.,enrich-compliance-xwalk.py,2026-09-18,candidate,,
SFC-CIRCULAR-EXTERNA-007-2018-,ISF (Information Security Forum),intersects_with,implementation_guidance,"""3.3. Contar con un sistema de gestión para la ciberseguridad, para lo cual se pueden tomar como referencia el estándar ISO 27032, NIST con sus publicaciones SP800 y SP1800, ISF ( Information Security Forum ), CIS Critical Security Controls (CSC) o Cobit 5 for Information Security, y sus respectivas",high,The circular explicitly lists ISF as a reference standard.,enrich-compliance-xwalk.py,2026-09-18,candidate,,
SFC-CIRCULAR-EXTERNA-007-2018-,CIS Critical Security Controls (CSC),intersects_with,implementation_guidance,"""3.3. Contar con un sistema de gestión para la ciberseguridad, para lo cual se pueden tomar como referencia el estándar ISO 27032, NIST con sus publicaciones SP800 y SP1800, ISF ( Information Security Forum ), CIS Critical Security Controls (CSC) o Cobit 5 for Information Security, y sus respectivas",high,The circular explicitly lists CIS CSC as a reference standard.,enrich-compliance-xwalk.py,2026-09-18,candidate,,
SFC-CIRCULAR-EXTERNA-007-2018-,COBIT 5 for Information Security,intersects_with,implementation_guidance,"""3.3. Contar con un sistema de gestión para la ciberseguridad, para lo cual se pueden tomar como referencia el estándar ISO 27032, NIST con sus publicaciones SP800 y SP1800, ISF ( Information Security Forum ), CIS Critical Security Controls (CSC) o Cobit 5 for Information Security, y sus respectivas",high,The circular explicitly lists COBIT 5 as a reference standard.,enrich-compliance-xwalk.py,2026-09-18,candidate,,
SFC-CIRCULAR-EXTERNA-007-2018-,Circular Básica Jurídica (C.E. 029 de 2014),superset_of,policy_reference,"""PRIMERA: Adicionar el Capítulo V “Requerimientos mínimos para la gestión del riesgo de ciberseguridad” al Título IV de la Parte I de la Circular Básica Jurídica (C.E. 029 de 2014).""",high,"The circular amends the CBJ by adding a new chapter, making the CBJ the parent document that is being modified.",enrich-compliance-xwalk.py,2026-09-18,candidate,,
SBS-RESOLUCION-504-2021-INFORM,Resolución SBS N° 272-2017,intersects_with,policy_reference,"""Que, el Reglamento de Gobierno Corporativo y de la Gestión Integral de Riesgos, aprobado mediante la Resolución SBS N° 272-2017, incorpora disposiciones que tienen por finalidad que las empresas supervisadas cuenten con una gestión de riesgos y gobierno corporativo adecuados;""",high,The new regulation is complementary to and references the Corporate Governance Regulation.,enrich-compliance-xwalk.py,2026-09-18,candidate,,
SBS-RESOLUCION-504-2021-INFORM,Resolución SBS N° 2116-2009,intersects_with,policy_reference,"""Que, mediante el Reglamento para la Gestión del Riesgo Operacional, aprobado mediante la Resolución SBS N° 2116-2009, se incluyen disposiciones que las empresas deben cumplir en la gestión efectiva del riesgo operacional;""",high,The new regulation is explicitly described as complementary to the Operational Risk Regulation.,enrich-compliance-xwalk.py,2026-09-18,candidate,,
SBS-RESOLUCION-504-2021-INFORM,Circular G-140-2009,intersects_with,policy_reference,"""Que, esta Superintendencia emitió la Circular G-140-2009 con la finalidad de establecer criterios mínimos para una adecuada gestión de la seguridad de la información;""",high,The new regulation updates the normative framework previously established by this circular.,enrich-compliance-xwalk.py,2026-09-18,candidate,,
SBS-RESOLUCION-504-2021-INFORM,National Institute of Standards and Technology,intersects_with,policy_reference,"""tomando en cuenta los estándares y buenas prácticas internacionales sobre seguridad de la información, entre los que se encuentran los publicados por el National Institute of Standards and Technology""",high,Cited as a source of international standards and best practices considered in the drafting of the regulation.,enrich-compliance-xwalk.py,2026-09-18,candidate,,
SBS-RESOLUCION-504-2021-INFORM,ISO/IEC,intersects_with,policy_reference,"""tomando en cuenta los estándares y buenas prácticas internacionales sobre seguridad de la información, entre los que se encuentran los publicados por el National Institute of Standards and Technology y la familia de estándares ISO/IEC;""",high,Cited as a source of international standards and best practices considered in the drafting of the regulation.,enrich-compliance-xwalk.py,2026-09-18,candidate,,
SBS-RESOLUCION-504-2021-INFORM,Resolución SBS Nº 6523-2013,intersects_with,policy_reference,"""Que, asimismo, es necesario modificar el Reglamento de Tarjetas de Crédito y Débito, aprobado por la Resolución SBS Nº 6523-2013 y normas sus modificatorias;""",high,The resolution modifies this existing regulation.,enrich-compliance-xwalk.py,2026-09-18,candidate,,
SBS-RESOLUCION-504-2021-INFORM,Resolución SBS N° 6283-2013,intersects_with,policy_reference,"""el Reglamento de Operaciones con Dinero Electrónico aprobado por Resolución SBS N° 6283-2013 y sus normas modificatorias;""",high,The resolution modifies this existing regulation.,enrich-compliance-xwalk.py,2026-09-18,candidate,,
SBS-RESOLUCION-504-2021-INFORM,Resolución SBS Nº 11699-2008,intersects_with,policy_reference,"""el Reglamento de Auditoría Interna, aprobado por la Resolución SBS Nº 11699-2008 y sus normas modificatorias;""",high,The resolution modifies this existing regulation.,enrich-compliance-xwalk.py,2026-09-18,candidate,,
SBS-RESOLUCION-504-2021-INFORM,Resolución SBS Nº 17026-2010,intersects_with,policy_reference,"""así como el Reglamento de Auditoría Externa, aprobado por la Resolución SBS Nº 17026-2010 y sus normas modificatorias;""",high,The resolution modifies this existing regulation.,enrich-compliance-xwalk.py,2026-09-18,candidate,,
SBS-RESOLUCION-504-2021-INFORM,Resolución SBS Nº 8425-2011,intersects_with,policy_reference,"""de acuerdo con lo señalado en el Reglamento para el requerimiento de patrimonio efectivo adicional, aprobado por la Resolución SBS Nº 8425-2011 y sus normas modificatorias.""",high,"Defines the scope of the ""Reinforced Regime"" based on entities subject to this other regulation.",enrich-compliance-xwalk.py,2026-09-18,candidate,,
EO-14306-TLS-1-3-AGENCY-SUPPOR,EO-14306,equivalent,equivalence,"""Executive Order 14306 of June 6, 2025""",high,"The compliance record ID ""EO-14306-TLS-1-3-AGENCY-SUPPOR"" is a specific requirement derived from Executive Order 14306. The relationship is equivalence in the sense that the record represents the specific clause of the EO.",enrich-compliance-xwalk.py,2026-09-18,candidate,,
EO-14306-TLS-1-3-AGENCY-SUPPOR,CISA-PQC-CATEGORY-LIST-2026,intersects_with,policy_reference,"""(i) By December 1, 2025, the Secretary of Homeland Security, acting through the Director of the Cybersecurity and Infrastructure Security Agency (CISA)... shall release and thereafter regularly update a list of product categories in which products that support post-quantum cryptography (PQC) are wi",high,The EO mandates the creation of the list referenced by the known citation. The TLS 1.3 requirement is part of the same PQC transition section (Sec 4(f)).,enrich-compliance-xwalk.py,2026-09-18,candidate,,
EO-14306-TLS-1-3-AGENCY-SUPPOR,National Security Memorandum 10,intersects_with,policy_reference,"""National Security Memorandum 10 of May 4, 2022 (Promoting United States Leadership in Quantum Computing While Mitigating Risks to Vulnerable Cryptographic Systems), directed the Federal Government to prepare for a transition to cryptographic algorithms that would not be vulnerable to a CRQC.""",high,The EO explicitly cites NSM-10 as the directive that initiated the PQC transition context for the TLS 1.3 requirement.,enrich-compliance-xwalk.py,2026-09-18,candidate,,
EO-14306-TLS-1-3-AGENCY-SUPPOR,NIST Special Publication 800-218,intersects_with,policy_reference,"""By August 1, 2025, the Secretary of Commerce, acting through the Director of NIST, shall establish a consortium... to develop guidance... based on NIST Special Publication 800-218 ( Secure Software Development Framework (SSDF)).""",medium,"While not directly the TLS 1.3 standard, it is a key NIST standard cited in the same EO for cybersecurity implementation guidance.",enrich-compliance-xwalk.py,2026-09-18,candidate,,
EO-14306-TLS-1-3-AGENCY-SUPPOR,NIST Special Publication 800-53,intersects_with,policy_reference,"""By September 2, 2025, the Secretary of Commerce, acting through the Director of NIST, shall update NIST Special Publication 800-53 ( Security and Privacy Controls for Information Systems and Organizations ) to provide guidance on how to securely and reliably deploy patches and updates.""",medium,"Cited in the EO as a standard to be updated for security controls, relevant to the agency support requirements.",enrich-compliance-xwalk.py,2026-09-18,candidate,,
NIST,NIST-IR-8545,intersects_with,policy_reference,"""NIST IR 8545, Status Report on the Fourth Round of the NIST Post-Quantum Cryptography Standardization Process is now available.""",high,NIST publishes this status report as part of the standardization process.,enrich-compliance-xwalk.py,2026-09-02,candidate,,
IETF,draft-ietf-tls-ecdhe-mlkem-05,intersects_with,technical_dependency,"""Select IETF WGs (e.g., LAMPS, TLS, IPSECME, COSE) have already begun standardizing revised protocol behaviors.""",medium,"While the specific draft ID is not in the text, the text confirms the TLS WG (which produces this draft) is standardizing PQC behaviors, and the draft is in the known citations list. The relationship is inferred from the WG activity described.",enrich-compliance-xwalk.py,2026-09-02,candidate,,
IETF,RFC 9881,intersects_with,technical_dependency,"""Select IETF WGs (e.g., LAMPS, TLS, IPSECME, COSE) have already begun standardizing revised protocol behaviors.""",medium,RFC 9881 is a TLS WG document. The text confirms TLS WG is standardizing PQC. The specific RFC is in the known citations list.,enrich-compliance-xwalk.py,2026-09-02,candidate,,
IETF,RFC 9882,intersects_with,technical_dependency,"""Select IETF WGs (e.g., LAMPS, TLS, IPSECME, COSE) have already begun standardizing revised protocol behaviors.""",medium,RFC 9882 is a TLS WG document. The text confirms TLS WG is standardizing PQC. The specific RFC is in the known citations list.,enrich-compliance-xwalk.py,2026-09-02,candidate,,
FIPS-140-3,NIST SP 800-227,intersects_with,implementation_guidance,"FIPS 140-3 is the validation standard for cryptographic modules. NIST SP 800-227 provides migration guidance for PQC, which informs the implementation of modules validated under FIPS 140-3.",medium,"While not explicitly cited in the provided text snippet, SP 800-227 is the primary guidance for the PQC algorithms (FIPS 203/204/205) that are part of the FIPS 140-3 validation scope.",enrich-compliance-xwalk.py,2026-09-02,candidate,,
ANSSI,ANSSI-PQC-FAQ-2025,intersects_with,implementation_guidance,"""Pour plus d’informations sur la PQC, vous pouvez consulter : La FaQ de l’ANSSI dédiée à la PQC""",high,"The text explicitly references the FAQ as a source for further information, aligning with the known citation.",enrich-compliance-xwalk.py,2026-09-02,candidate,,
ANSSI,ANSSI-PG-083-v3-2026,intersects_with,implementation_guidance,"""L’ANSSI est actuellement en train de mettre à jour ses différents guides et référentiels... notamment son guide des mécanismes cryptographiques (annexe B1 du RGS)""",medium,"The text mentions updating the cryptographic mechanisms guide (Annex B1 of RGS). While the specific ID ""PG-083"" is not in the text, this is the primary guidance document referenced, and the known citation likely refers to this updated guide.",enrich-compliance-xwalk.py,2026-09-02,candidate,,
ANSSI,France:ANSSI,equivalent,equivalence,"""ANSSI Agence nationale de la sécurité des systèmes d’information""",high,"The compliance record is the agency itself; the citation ""France:ANSSI"" represents the entity issuing the regulation.",enrich-compliance-xwalk.py,2026-09-02,candidate,,
ANSSI,ANSSI PQC Follow-up Paper,intersects_with,policy_reference,"""L'ANSSI a publié un premier avis... qui a été mis à jour et enrichi fin 2023.""",medium,"The ""follow-up"" likely refers to the 2023 update mentioned in the text, which enriches the initial 2022 position paper.",enrich-compliance-xwalk.py,2026-09-02,candidate,,
