Name,Country,Role,Organization,Type,Category,Contribution,ImageUrl,WebsiteUrl,LinkedinUrl,KeyResourceRefs,KeyResourceUrls,trusted_source_id,peer_reviewed,vetting_body,data_quality_notes,status,deprecated_at,deprecated_reason,KeyResourceUrl,verified_date,PatentRefs,PatentUrls,MigrateCatalogRefs,MigrateCatalogUrls
Jérôme Notin,France,CEO,GIP ACYMA (cybermalveillance.gouv.fr),Public,Government,CEO of GIP ACYMA which operates cybermalveillance.gouv.fr; leads France's national cyber victim assistance platform; promotes quantum-safe awareness for SMEs and individuals.,https://ui-avatars.com/api/?name=Jerome+Notin&background=0b0d17&color=22d3ee&size=128&bold=true,https://www.cybermalveillance.gouv.fr/,https://www.linkedin.com/in/jeromenotin/,ANSSI PQC Position Paper;ANSSI-PQC-FAQ-2025,https://cyber.gouv.fr/en/publications/anssi-views-post-quantum-cryptography-transition; https://cyber.gouv.fr/publications/avis-de-lanssi-sur-la-migration-vers-la-cryptographie-post-quantique-0,gip-acyma,partial,GIP ACYMA (cybermalveillance.gouv.fr),Proposed 2026-05-06: KeyResourceUrl renamed to KeyResourceRefs (contains doc labels); KeyResourceUrls column added with resolved canonical URLs. | First verification 2026-07-17: Directeur Général (Director General) of GIP ACYMA / cybermalveillance.gouv.fr since March 2017 confirmed via the platform's own site and independent French press. 'CEO' is a reasonable English translation of the French title.,active,,,,2026-07-17,,,,
Andrei Gurtov,Sweden,Full Professor,Linköping University,Academic,Standards,Full Professor at Linköping University and adjunct professor at Aalto University and University of Helsinki; research in network security and PQC protocol design; contributes to quantum-safe communications standards.,https://ui-avatars.com/api/?name=Andrei+Gurtov&background=0b0d17&color=60a5fa&size=128&bold=true,https://liu.se/,https://www.linkedin.com/in/andrei-gurtov-9386a21/,RFC 9370;RFC 8784,https://www.rfc-editor.org/rfc/rfc9370; https://www.rfc-editor.org/rfc/rfc8784,,yes,IETF,Proposed 2026-05-06: KeyResourceUrl renamed to KeyResourceRefs (contains doc labels); KeyResourceUrls column added with resolved canonical URLs.; Fixed stale KeyResourceRefs 2026-07-17 (audit-leaders-refs.ts UNRESOLVED_REF): 'IETF RFC 9370'/'IETF RFC 8784' were renamed to 'RFC 9370'/'RFC 8784' in the library CSV upstream; old ids left deprecated. | First verification 2026-07-17: Full Professor role at Linköping University and adjunct professorships at Aalto/Helsinki all reconfirmed via university and IEEE ComSoc bios.,active,,,,2026-07-17,,,,
Dr. Martin Albrecht,United Kingdom,Professor,King's College London;SandboxAQ,Academic,Industry Vendor,Professor of Cybersecurity and Chair of Cryptography at King's College London; Research Scientist at SandboxAQ; leading PQC cryptanalysis expert who broke several NIST PQC candidates during the standardization process.,https://ui-avatars.com/api/?name=Martin+Albrecht&background=0b0d17&color=a78bfa&size=128&bold=true,https://resquant.com/,https://www.linkedin.com/in/martin-albrecht-42a74b95/,FIPS 203;FIPS 204;NIST IR 8413,https://csrc.nist.gov/pubs/fips/203/final; https://csrc.nist.gov/pubs/fips/204/final; https://nvlpubs.nist.gov/nistpubs/ir/2022/NIST.IR.8413-upd1.pdf,nist-csrc,partial,NIST,Proposed 2026-05-06: KeyResourceUrl renamed to KeyResourceRefs (contains doc labels); KeyResourceUrls column added with resolved canonical URLs. | source verified 2026-07-09 re-audit (wave2 leaders.md remediation),active,,,,2026-07-09,,,,
Dr. Scott Aaronson,United States,Professor,University of Texas Austin,Academic,Standards,Leading quantum computing theorist; contributes to understanding quantum threats to cryptography; authored 'Quantum Computing Since Democritus'.,https://ui-avatars.com/api/?name=Scott+Aaronson&background=0b0d17&color=60a5fa&size=128&bold=true,https://www.scottaaronson.com/,https://www.linkedin.com/in/scott-aaronson-ab83933a0/,NIST IR 8105;GRI-Quantum-Threat-Timeline-2025,https://nvlpubs.nist.gov/nistpubs/ir/2016/NIST.IR.8105.pdf; https://globalriskinstitute.org/publication/2025-quantum-threat-timeline-report/,nist-news,partial,ITU;NIST,Proposed 2026-05-06: KeyResourceUrl renamed to KeyResourceRefs (contains doc labels); KeyResourceUrls column added with resolved canonical URLs. | source verified 2026-07-09 re-audit (wave2 leaders.md remediation),active,,,,2026-07-09,,,,
Dr. Nadia Heninger,United States,Professor,UC San Diego,Academic,Algorithm Inventor,"Cryptanalysis expert at University of California, San Diego (UC San Diego) crypto group; discovered vulnerabilities in RSA and random number generation; PQC security analysis.",https://ui-avatars.com/api/?name=Nadia+Heninger&background=0b0d17&color=f59e0b&size=128&bold=true,https://cseweb.ucsd.edu/~nadiah/,https://www.linkedin.com/in/nadia-heninger-87578a5/,NIST IR 8105;NIST IR 8413,https://nvlpubs.nist.gov/nistpubs/ir/2016/NIST.IR.8105.pdf; https://nvlpubs.nist.gov/nistpubs/ir/2022/NIST.IR.8413-upd1.pdf,nist-news,partial,NIST,Proposed 2026-05-06: KeyResourceUrl renamed to KeyResourceRefs (contains doc labels); KeyResourceUrls column added with resolved canonical URLs. | First verification 2026-07-17: current UC San Diego CSE professorship reconfirmed via her own faculty page; she returned to UCSD in 2019 after Penn and was named a 2026 IACR Fellow.,active,,,,2026-07-17,,,,
Dr. Emmanuelle Encrenaz,France,Associate Professor,Sorbonne Université (LIP6/CNRS),Academic,Standards,"Associate Professor (Maîtresse de Conférences) at Sorbonne Université, LIP6/CNRS, ALSOC team; research focus is hardware security -- side-channel (power analysis) attacks and formal verification of masked cryptographic implementations, published in TCHES/CHES (e.g. 'Blind-Folded: Simple Power Analysis Attacks', 'aLEAKator').",https://ui-avatars.com/api/?name=Emmanuelle+Encrenaz&background=0b0d17&color=60a5fa&size=128&bold=true,https://www.lip6.fr/,https://www.linkedin.com/in/emmanuelle-encrenaz-34012b58/,ANSSI PQC Position Paper;NIST IR 8413,https://cyber.gouv.fr/en/publications/anssi-views-post-quantum-cryptography-transition; https://nvlpubs.nist.gov/nistpubs/ir/2022/NIST.IR.8413-upd1.pdf,,partial,ANSSI;NIST,"FIELD CORRECTION (2026-07-17): Contribution corrected on two points -- (1) no evidence she sits on the PQCrypto steering committee (that fixed body is Bernstein, Buchmann, Crepeau, Ding, Gaborit, Lange, Micciancio, Mosca, Sendrier, Steinwandt, Takagi, Yang per PQCrypto conference proceedings front matter -- checked directly, she is not on it in any year); (2) her real research specialty is hardware/side-channel security, not 'algebraic and post-quantum cryptography' as originally claimed -- her IACR CryptoDB record shows no PQCrypto-conference papers. | Proposed 2026-05-06: KeyResourceUrl renamed to KeyResourceRefs (contains doc labels); KeyResourceUrls column added with resolved canonical URLs.",active,,,,2026-07-17,,,,
Prof. Edoardo Persichetti,United States,Associate Professor,Florida Atlantic University,Academic,Standards,"Associate Professor at Florida Atlantic University; Director of the Center for Cryptology and Information Security; PQCrypto conference Program Committee member (confirmed for 2019, 2024, 2025); expert in code-based PQC algorithm development and lattice cryptography.",https://ui-avatars.com/api/?name=Edoardo+Persichetti&background=0b0d17&color=60a5fa&size=128&bold=true,https://www.fau.edu/,https://www.linkedin.com/in/edoardo-persichetti-56a92a8b/,NIST IR 8545;NIST IR 8413,https://nvlpubs.nist.gov/nistpubs/ir/2022/NIST.IR.8413-upd1.pdf,nist-news,partial,NIST,"FIELD CORRECTION (2026-07-17): Contribution corrected -- he is a PQCrypto Program Committee member (confirmed across three years' CFPs), not a member of the PQCrypto steering committee, a separate, smaller, fixed standing body he does not appear on in any year checked. Same false-claim pattern found on the Emmanuelle Encrenaz row -- checked the rest of the dataset for the same 'PQCrypto steering committee' phrase, found nowhere else. | Proposed 2026-05-06: KeyResourceUrl renamed to KeyResourceRefs (contains doc labels); KeyResourceUrls column added with resolved canonical URLs.",active,,,,2026-07-17,,,,
Dr. Dustin Moody,United States,PQC Standardization Lead,NIST,Public,Government,Led NIST's eight-year standardization effort; oversaw evaluation of 82 algorithms; directed finalization of FIPS 203/204/205 (Aug 2024); selected HQC (Mar 2025).,https://ui-avatars.com/api/?name=Dustin+Moody&background=0b0d17&color=22d3ee&size=128&bold=true,https://csrc.nist.gov/projects/post-quantum-cryptography,https://www.linkedin.com/in/dustin-moody-88410550/,NIST IR 8413;FIPS 203,https://nvlpubs.nist.gov/nistpubs/ir/2022/NIST.IR.8413-upd1.pdf; https://csrc.nist.gov/pubs/fips/203/final,nist-news,partial,NIST,Proposed 2026-05-06: KeyResourceUrl renamed to KeyResourceRefs (contains doc labels); KeyResourceUrls column added with resolved canonical URLs. | First verification 2026-07-17: NIST PQC lead role and the FIPS 203/204/205 (Aug 2024) and HQC selection (Mar 2025) dates reconfirmed via NIST's own announcements.,active,,,,2026-07-17,,,,
Dr. Lily Chen,United States,NIST Fellow; Former Manager Cryptographic Technology Group,NIST,Public,Government,Co-architect of NIST's PQC standardization; co-authored foundational NISTIR 8105; 30+ years cryptography experience; leads NIST-ITU liaison.,https://ui-avatars.com/api/?name=Lily+Chen&background=0b0d17&color=22d3ee&size=128&bold=true,https://csrc.nist.gov/projects/post-quantum-cryptography/contact-info,https://www.linkedin.com/in/lily-lidong-chen-2666761/,FIPS 203;FIPS 204;FIPS 205,https://csrc.nist.gov/pubs/fips/203/final; https://csrc.nist.gov/pubs/fips/204/final; https://csrc.nist.gov/pubs/fips/205/final,nist-csrc,yes,NIST,"Proposed 2026-05-06: KeyResourceUrl renamed to KeyResourceRefs (contains doc labels); KeyResourceUrls column added with resolved canonical URLs. | First verification 2026-07-17: NIST Fellow title and Cryptographic Technology Group Manager tenure (2012-2023) reconfirmed via her NIST bio; NISTIR 8105 co-authorship confirmed. | WebsiteUrl repointed 2026-08-09: nist.gov/people/lily-chen is a soft-404 (answers 200 with 'Page not found | NIST'). Repointed to the CSRC PQC project contact page, which is the NIST-hosted page that actually names her.",active,,,,2026-08-09,,,,
Ollie Whitehouse,United Kingdom,Chief Technology Officer,NCSC (UK),Public,Government,"First-ever NCSC CTO (Oct 2023); published three-phase PQC migration roadmap (Mar 2025) with 2035 deadline: identify by 2028, upgrade by 2031, complete by 2035; launched assured PQC consultancy scheme; endorsed NIST algorithms.",https://ui-avatars.com/api/?name=Ollie+Whitehouse&background=0b0d17&color=22d3ee&size=128&bold=true,https://www.ncsc.gov.uk/,https://www.linkedin.com/in/olliewhitehouse/,UK NCSC PQC Guidance;UK-NCSC-Migration-Timelines-2025;UK-NCSC-PQC-Whitepaper-2024,https://www.ncsc.gov.uk/whitepaper/next-steps-preparing-for-post-quantum-cryptography; https://www.ncsc.gov.uk/guidance/pqc-migration-timelines; https://www.ncsc.gov.uk/whitepaper/next-steps-preparing-for-post-quantum-cryptography,ncsc-uk,partial,NCSC (UK),"Proposed 2026-05-06: KeyResourceUrl renamed to KeyResourceRefs (contains doc labels); KeyResourceUrls column added with resolved canonical URLs. | First verification 2026-07-17: first-ever NCSC CTO (Oct 2023) and the exact three-phase PQC migration roadmap dates (2028/2031/2035, published Mar 2025) reconfirmed via NCSC's own announcements.",active,,,,2026-07-17,,,,
Vincent Strubel,France,Director General,ANSSI (France),Public,Government,"Led overall French PQC strategy; ANSSI to require PQC in all products for qualification from 2027; oversaw first PQC certifications (Thales MultiApp 5.2, Samsung S3SSE2A, 2025); IPsec DR PQC update planned 2026.",https://ui-avatars.com/api/?name=Vincent+Strubel&background=0b0d17&color=22d3ee&size=128&bold=true,https://cyber.gouv.fr/en/,https://www.linkedin.com/in/vincent-strubel-7b7056200/,ANSSI PQC Position Paper;ANSSI-PQC-FAQ-2025;ANSSI-PQC-Position-2022;EU-BSI-PQC-Joint-Statement-2024,https://cyber.gouv.fr/en/publications/anssi-views-post-quantum-cryptography-transition; https://cyber.gouv.fr/publications/avis-de-lanssi-sur-la-migration-vers-la-cryptographie-post-quantique-0,,partial,ANSSI (France),Proposed 2026-05-06: KeyResourceUrl renamed to KeyResourceRefs (contains doc labels); KeyResourceUrls column added with resolved canonical URLs. | First verification 2026-07-17: ANSSI Director General since Jan 2023 confirmed; the specific 2027 PQC qualification requirement and the Thales MultiApp 5.2 / Samsung S3SSE2A 2025 certifications independently reconfirmed via ANSSI's own product certification pages.,active,,,,2026-07-17,,,,
Claudia Plattner,Germany,President,BSI (Germany),Public,Government,"Since July 2023 led BSI's quantum-safe initiatives; co-initiated (with FR/NL/DE agencies) the joint EU PQC statement (Nov 2024); oversaw world-first quantum-secure ID card with Bundesdruckerei, G+D, and Infineon (Nov 2025).",https://ui-avatars.com/api/?name=Claudia+Plattner&background=0b0d17&color=22d3ee&size=128&bold=true,https://www.bsi.bund.de/,https://www.linkedin.com/in/claudiaplattner/,BSI TR-02102-1;BSI-AIS-20-31;BSI-ANSSI-QKD-Position-2024;EU-BSI-PQC-Joint-Statement-2024,https://www.bsi.bund.de/EN/Themen/Unternehmen-und-Organisationen/Standards-und-Zertifizierung/Technische-Richtlinien/TR-nach-Thema-sortiert/tr02102/tr02102_node.html,bsi,partial,BSI (Germany),"Proposed 2026-05-06: KeyResourceUrl renamed to KeyResourceRefs (contains doc labels); KeyResourceUrls column added with resolved canonical URLs. | source verified 2026-07-09 re-audit (wave2 leaders.md remediation) | BSI URL corrected 2026-08-09: the path segment 'TR-nach-Thema-geordnet' was renamed to 'TR-nach-Thema-sortiert' upstream, so the stored link answered BSI's 404 page. Same document, same TR-02102 landing page.",active,,,,2026-07-09,,,,
Dr. Stephan Ehlen,Germany,Expert Quantum Technologies and PQC,BSI (Germany),Public,Government,"Presented BSI's PQC policy at international conferences; developed recommendations for FrodoKEM, Classic McEliece, XMSS, LMS.",https://ui-avatars.com/api/?name=Stephan+Ehlen&background=0b0d17&color=22d3ee&size=128&bold=true,https://www.bsi.bund.de/,https://www.linkedin.com/in/stephan-ehlen/,BSI TR-02102-1;BSI-AIS-20-31;BSI-ANSSI-QKD-Position-2024;EU-BSI-PQC-Joint-Statement-2024,https://www.bsi.bund.de/EN/Themen/Unternehmen-und-Organisationen/Standards-und-Zertifizierung/Technische-Richtlinien/TR-nach-Thema-sortiert/tr02102/tr02102_node.html,bsi,partial,BSI (Germany),"Proposed 2026-05-06: KeyResourceUrl renamed to KeyResourceRefs (contains doc labels); KeyResourceUrls column added with resolved canonical URLs. | First verification 2026-07-17: BSI cryptography-team role confirmed (PhD in Number Theory, at BSI since 2021); the specific algorithm list (FrodoKEM, Classic McEliece, XMSS, LMS) matches BSI's own TR-02102-1 guideline he presents on. Candidate library references (not yet added): his PKIC 2023 and ETSI 2024 conference slide decks. | BSI URL corrected 2026-08-09: the path segment 'TR-nach-Thema-geordnet' was renamed to 'TR-nach-Thema-sortiert' upstream, so the stored link answered BSI's 404 page. Same document, same TR-02102 landing page.",active,,,,2026-07-17,,,,
Juhan Lepassaar,European Union,Executive Director,ENISA,Public,Government,Oversaw publication of key ENISA PQC reports (2021-2022); hosted Threathunt 2030 Conference; coordinated EU-wide PQC guidance.,https://ui-avatars.com/api/?name=Juhan+Lepassaar&background=0b0d17&color=22d3ee&size=128&bold=true,https://www.enisa.europa.eu/,https://www.linkedin.com/in/juhan-lepassaar-961205340/,ENISA PQC Guidelines;ENISA-EUDI-Wallet-Security;EU-NIS-CG-Roadmap-v1.1;EUCC v2.0 ACM,https://www.enisa.europa.eu/publications/post-quantum-cryptography-current-state-and-quantum-mitigation; https://www.enisa.europa.eu/publications/post-quantum-cryptography-integration-study; https://digital-strategy.ec.europa.eu/en/library/coordinated-implementation-roadmap-transition-post-quantum-cryptography; https://certification.enisa.europa.eu/document/download/f4657490-9757-4a97-8deb-fd4d6a1358ee_en?filename=EUCC_guidelines_Agreed+Cryptographic+Mechanisms+v2.pdf,enisa,partial,ENISA,Proposed 2026-05-06: KeyResourceUrl renamed to KeyResourceRefs (contains doc labels); KeyResourceUrls column added with resolved canonical URLs. | source verified 2026-07-09 re-audit (wave2 leaders.md remediation),active,,,,2026-07-09,,,,
Dr. Vadim Lyubashevsky,Switzerland,Principal Research Scientist,IBM Research Europe Zurich,Academic,Algorithm Inventor,Principal designer of both Kyber (ML-KEM) and Dilithium (ML-DSA); authored foundational lattice cryptography tutorials.,https://ui-avatars.com/api/?name=Vadim+Lyubashevsky&background=0b0d17&color=f59e0b&size=128&bold=true,https://researcher.watson.ibm.com/researcher/view.php?person=zurich-VAD,https://www.linkedin.com/in/vadim-lyubashevsky-13b8142/,FIPS 203;FIPS 204,https://csrc.nist.gov/pubs/fips/203/final; https://csrc.nist.gov/pubs/fips/204/final,nist-csrc,yes,NIST,Proposed 2026-05-06: KeyResourceUrl renamed to KeyResourceRefs (contains doc labels); KeyResourceUrls column added with resolved canonical URLs. | source verified 2026-07-09 re-audit (wave2 leaders.md remediation),active,,,,2026-07-09,10742413,https://patents.google.com/patent/US10742413/en,,
Prof. Dr. Léo Ducas,France,Senior Researcher; Professor,CWI Amsterdam; Leiden University,Academic,Algorithm Inventor,"Co-designer of Kyber, Dilithium, NewHope, Frodo; leading expert on lattice cryptanalysis; USENIX/Facebook Internet Defense Prize recipient.",https://ui-avatars.com/api/?name=Leo+Ducas&background=0b0d17&color=f59e0b&size=128&bold=true,https://homepages.cwi.nl/~ducas/,https://www.linkedin.com/in/leo-ducas-28b6a04a/,FIPS 203;FIPS 204,https://csrc.nist.gov/pubs/fips/203/final; https://csrc.nist.gov/pubs/fips/204/final,nist-csrc,yes,NIST,"Proposed 2026-05-06: KeyResourceUrl renamed to KeyResourceRefs (contains doc labels); KeyResourceUrls column added with resolved canonical URLs. | First verification 2026-07-17: CWI Amsterdam Senior Researcher + Leiden University Professor roles, Kyber/Dilithium/NewHope/FrodoKEM co-design, and the 2016 USENIX/Facebook Internet Defense Prize (for NewHope) all reconfirmed.",active,,,,2026-07-17,,,,
Prof. Dr. Eike Kiltz,Germany,Professor,Ruhr University Bochum,Academic,Algorithm Inventor,Co-designer of Kyber and Dilithium; developed security proofs for lattice-based schemes.,https://ui-avatars.com/api/?name=Eike+Kiltz&background=0b0d17&color=f59e0b&size=128&bold=true,https://informatik.rub.de/kiltz/,https://www.linkedin.com/in/eike-kiltz-24b167387/,FIPS 203;FIPS 204,https://csrc.nist.gov/pubs/fips/203/final; https://csrc.nist.gov/pubs/fips/204/final,nist-csrc,yes,NIST,Proposed 2026-05-06: KeyResourceUrl renamed to KeyResourceRefs (contains doc labels); KeyResourceUrls column added with resolved canonical URLs. | First verification 2026-07-17: Ruhr University Bochum professorship (since 2010) and Kyber/Dilithium co-design reconfirmed.,active,,,,2026-07-17,,,,
Prof. Dr. Andreas Hülsing,Germany,Associate Professor,TU Eindhoven; SandboxAQ,Academic,Algorithm Inventor,Team leader and primary submitter for SPHINCS+; inventor of WOTS+ and XMSS; extensive publications on hash-based signatures.,https://ui-avatars.com/api/?name=Andreas+Hulsing&background=0b0d17&color=f59e0b&size=128&bold=true,https://huelsing.net/wordpress/?page_id=5,https://www.linkedin.com/in/andreas-huelsing-b7868874/,FIPS 205,https://csrc.nist.gov/pubs/fips/205/final,nist-csrc,yes,NIST,Proposed 2026-05-06: KeyResourceUrl renamed to KeyResourceRefs (contains doc labels); KeyResourceUrls column added with resolved canonical URLs. | source verified 2026-07-09 re-audit (wave2 leaders.md remediation),active,,,,2026-07-09,,,,
Prof. Dr. Gilles Zémor,France,Professor,Institut de Mathématiques de Bordeaux,Academic,Algorithm Inventor,Co-designer of HQC; expertise in coding theory and efficient error-correcting codes.,https://ui-avatars.com/api/?name=Gilles+Zemor&background=0b0d17&color=f59e0b&size=128&bold=true,https://www.math.u-bordeaux.fr/,https://www.linkedin.com/in/gilles-zémor-a02292b/,HQC Specification,https://pqc-hqc.org/,,yes,NIST,"Proposed 2026-05-06: KeyResourceUrl renamed to KeyResourceRefs (contains doc labels); KeyResourceUrls column added with resolved canonical URLs.; Fixed stale KeyResourceRefs 2026-07-17 (audit-leaders-refs.ts UNRESOLVED_REF): 'FIPS-207-HQC' is deprecated (no retrievable source, FIPS 207 not yet published); repointed to the active 'HQC Specification' library entry, which documents the algorithm Zemor co-designed. | First verification 2026-07-17: Institut de Mathématiques de Bordeaux professorship and HQC co-design (official NIST submission credit) reconfirmed.",active,,,,2026-07-17,,,,
Todd Moore,United States,Global VP Data Security Products,Thales,Private,Industry Vendor,Leads Luna HSMs and High Speed Encryptors; launched PQC Starter Kit with Quantinuum (Jan 2024); Thales co-authored FALCON algorithm.,https://ui-avatars.com/api/?name=Todd+Moore&background=0b0d17&color=a78bfa&size=128&bold=true,https://cpl.thalesgroup.com/,https://www.linkedin.com/in/todd-moore-a21a143/,HSBC-InfoSecGlobal-Thales-CryptographicInventory-2025;Samsung-Thales-ML-KEM-eSE-2026,https://cpl.thalesgroup.com/blog/encryption/quantum-readiness-collaborative-path-infosec-global-thales; https://semiconductor.samsung.com/news-events/tech-blog/s3sse2a-hardware-pqc-locks-in-security-for-the-quantum-era/,thales-research,partial,,"FIELD CORRECTION (2026-07-17): Country changed from France to United States -- his LinkedIn lists the Washington DC-Baltimore Area; Thales is headquartered in France but he is US-based (prior career at Harris Corporation, SafeNet, Gemalto, all US operations). Role/org/contribution (Global VP Data Security at Thales, Quantinuum PQC Starter Kit Jan 2024, FALCON co-authorship) all independently reconfirmed. | Proposed 2026-05-06: KeyResourceUrl renamed to KeyResourceRefs (contains doc labels); KeyResourceUrls column added with resolved canonical URLs. | Authorship cross-check verification (2026-07-30): the new leaders/library authorship cross-check flagged KeyResourceRefs='HSBC-InfoSecGlobal-Thales-CryptographicInventory-2025' because that library row's authors_or_organization field lists only the three sponsoring companies (HSBC; InfoSec Global; Thales), not individual contributors -- confirmed he is not personally named in the report text (unlike Blair Canavan and Vladimir Soukharev, who are). Role/org/contribution already independently reconfirmed 2026-07-17; kept as-is on employer/subject-matter relevance rather than a literal byline -- not evidence of fabrication, but a looser link than a named-author citation.",active,,,,2026-07-30,,,,
Dr. Douglas Stebila,Canada,Associate Professor,University of Waterloo,Academic,Standards,Lead author of draft-ietf-tls-hybrid-design (TLS 1.3 hybrid key exchange); co-author of ECDHE-MLKEM drafts; foundational PQC TLS research.,https://ui-avatars.com/api/?name=Douglas+Stebila&background=0b0d17&color=60a5fa&size=128&bold=true,https://www.douglas.stebila.ca/,https://www.linkedin.com/in/douglasstebila/,draft-ietf-tls-ecdhe-mlkem-04,https://datatracker.ietf.org/doc/draft-ietf-tls-ecdhe-mlkem/,ietf,partial,IETF,"FIELD CORRECTION (2026-07-17): Role changed from 'Professor' to 'Associate Professor' (Combinatorics & Optimization / IQC, University of Waterloo) per his own site and LinkedIn. draft-ietf-tls-hybrid-design authorship and draft-ietf-tls-ecdhe-mlkem co-authorship both reconfirmed; note the hybrid-design draft has since become RFC 9954. | Proposed 2026-05-06: KeyResourceUrl renamed to KeyResourceRefs (contains doc labels); KeyResourceUrls column added with resolved canonical URLs.",active,,,,2026-07-17,,,liboqs-rust-oqs-crate,https://github.com/open-quantum-safe/liboqs-rust
Prof. Dr. Heung Youl Youm,South Korea,Former Chair ITU-T SG17 (2017-2024),Soonchunhyang University,Academic,Standards,Led ITU-T SG17 security standardization including QKD and PQC work for 7 years.,https://ui-avatars.com/api/?name=Heung+Youl+Youm&background=0b0d17&color=60a5fa&size=128&bold=true,https://www.sch.ac.kr/,https://www.linkedin.com/in/heung-youl-youm-77868412/,KpqC-Competition-Results;ETSI-GR-QSC-001,https://www.kisa.or.kr/en/post/kpqc_competition_result; https://www.etsi.org/deliver/etsi_gr/QSC/001_099/001/01.01.01_60/gr_QSC001v010101p.pdf,kisa,partial,ETSI;NIST,"Proposed 2026-05-06: KeyResourceUrl renamed to KeyResourceRefs (contains doc labels); KeyResourceUrls column added with resolved canonical URLs. | First verification 2026-07-17: ITU-T SG17 chairmanship (2017-2024, confirmed via his own ITU candidate CV and WTSA20 chairman presentation) and Soonchunhyang University professorship (now emeritus as of Mar 2024) reconfirmed.",active,,,,2026-07-17,,,,
Prof. Dr. Michele Mosca,Canada,Founder Institute for Quantum Computing; Professor,University of Waterloo; evolutionQ,Academic,Standards,PC Chair of ETSI/IQC Quantum Safe events; founder of IQC; global PQC advocacy leader; developed Mosca's theorem for quantum risk assessment.,https://ui-avatars.com/api/?name=Michele+Mosca&background=0b0d17&color=60a5fa&size=128&bold=true,https://uwaterloo.ca/institute-for-quantum-computing/,https://www.linkedin.com/in/dr-mosca/,GRI-Quantum-Threat-Timeline-2024;GRI-Quantum-Threat-Timeline-2025,https://globalriskinstitute.org/publication/2025-quantum-threat-timeline-report/,gri,partial,ITU,"Proposed 2026-05-06: KeyResourceUrl renamed to KeyResourceRefs (contains doc labels); KeyResourceUrls column added with resolved canonical URLs. | First verification 2026-07-17: University of Waterloo professorship, evolutionQ co-founding, and Mosca's theorem all reconfirmed. Minor: multiple independent sources describe him as co-founder of IQC (alongside others, 2002), not sole 'Founder' -- not flagged as a hard correction.",active,,,,2026-07-17,,,,
Rachel Noble,Australia,Former Director-General,ASD (Australia),Public,Government,Director-General of ASD (2020–Sep 2024); oversaw Australia's PQC strategy and quantum computing investments; coordinated Five Eyes quantum security initiatives; succeeded by Abigail Bradshaw (Sep 2024).,https://ui-avatars.com/api/?name=Rachel+Noble&background=0b0d17&color=22d3ee&size=128&bold=true,https://www.asd.gov.au/,https://www.linkedin.com/in/rachel-noble-908766324/,AU-ASD-ISM-Crypto-2024,https://blueprint.asd.gov.au/security-and-governance/system-security-plan/cryptography/,,no,ASD (Australia),Proposed 2026-05-06: KeyResourceUrl renamed to KeyResourceRefs (contains doc labels); KeyResourceUrls column added with resolved canonical URLs. | First verification 2026-07-17: ASD Director-General tenure (2020-Sep 2024) and succession by Abigail Bradshaw on the exact date reconfirmed via ASD's own timeline pages.,active,,,,2026-07-17,,,,
Sami Khoury,Canada,Senior Official for Cyber Security; Former Head CCCS,Government of Canada,Public,Government,Canada's Senior Official for Cyber Security (from Sep 2024); former Head of the Canadian Centre for Cyber Security (CCCS); led Canadian cybersecurity strategy including PQC transition guidance; published ITSAP.00.017 on quantum-safe migration.,https://ui-avatars.com/api/?name=Sami+Khoury&background=0b0d17&color=22d3ee&size=128&bold=true,https://cyber.gc.ca/,https://www.linkedin.com/in/sami-khoury-1a263422/,CA-TBS-SPIN-PQC-2025,https://www.canada.ca/en/government/system/digital-government/policies-standards/spin/migrating-government-canada-post-quantum-cryptography.html,cccs,no,Government of Canada,"Proposed 2026-05-06: KeyResourceUrl renamed to KeyResourceRefs (contains doc labels); KeyResourceUrls column added with resolved canonical URLs. | First verification 2026-07-17: role transition (Head of CCCS to Senior Official for Cyber Security, Sep 2024) and ITSAP.00.017 as a real, current CCCS guidance document reconfirmed.",active,,,,2026-07-17,,,,
Dr. Jintai Ding,United States,Professor Emeritus; Dean,Xi'an Jiaotong-Liverpool University;University of Cincinnati (Emeritus),Academic,Algorithm Inventor,Charles Phelps Taft Distinguished Professor Emeritus at University of Cincinnati; Dean of the School of Mathematics and Physics at Xi'an Jiaotong-Liverpool University (XJTLU); co-designer of RAINBOW (broken by Ward Beullens 2022); expert in multivariate cryptography.,https://ui-avatars.com/api/?name=Jintai+Ding&background=0b0d17&color=f59e0b&size=128&bold=true,https://www.xjtlu.edu.cn/en/about/people/leadership/professor-jintai-ding,https://www.linkedin.com/in/jintai-ding-865b631b/,NIST IR 8413;NIST IR 8309,https://nvlpubs.nist.gov/nistpubs/ir/2022/NIST.IR.8413-upd1.pdf,nist-news,partial,NIST,"Proposed 2026-05-06: KeyResourceUrl renamed to KeyResourceRefs (contains doc labels); KeyResourceUrls column added with resolved canonical URLs. | First verification 2026-07-17: both affiliations (University of Cincinnati emeritus, XJTLU Dean) and Rainbow co-design (broken by Beullens 2022) reconfirmed via both universities' own pages. | WebsiteUrl repointed 2026-08-09: homepages.uc.edu/~dingjt/ is gone. He is now at Xi'an Jiaotong-Liverpool University; UC lists him as Distinguished Professor Emeritus. NOTE for the row owner: the Organization field may need the same update. | Organization updated 2026-08-09 by user decision: he is now at Xi'an Jiaotong-Liverpool University, with Cincinnati listing him as Charles Phelps Taft Distinguished Professor Emeritus. Both are true, so both are recorded.",active,,,,2026-08-09,20200358619;10764042,https://patents.google.com/patent/US20200358619/en; https://patents.google.com/patent/US10764042/en,,
Dr. Gorjan Alagic,United States,Associate Research Scientist; Guest Researcher,QuICS (University of Maryland); NIST,Academic,Algorithm Inventor,Associate Research Scientist at QuICS (University of Maryland) and Guest Researcher at NIST; co-editor of NISTIR 8413 on quantum security; extensive work on quantum algorithms and PQC security proofs.,https://ui-avatars.com/api/?name=Gorjan+Alagic&background=0b0d17&color=f59e0b&size=128&bold=true,https://www.nist.gov/,https://www.linkedin.com/in/gorjan-alagic/,NIST IR 8413,https://nvlpubs.nist.gov/nistpubs/ir/2022/NIST.IR.8413-upd1.pdf,nist-news,partial,NIST,"Proposed 2026-05-06: KeyResourceUrl renamed to KeyResourceRefs (contains doc labels); KeyResourceUrls column added with resolved canonical URLs. | First verification 2026-07-17: QuICS/UMD and NIST guest researcher roles, and NISTIR 8413 co-authorship, reconfirmed via his own site, QuICS, and NIST's staff page.",active,,,,2026-07-17,,,,
Bruce Schneier,United States,Security Technologist; Author,Harvard Kennedy School,Academic,Standards,Public interest technology fellow; cybersecurity thought leader; extensive writing on quantum threats and PQC transition; advocate for open standards.,https://ui-avatars.com/api/?name=Bruce+Schneier&background=0b0d17&color=60a5fa&size=128&bold=true,https://www.schneier.com/,,NIST IR 8105;NIST CSWP 39,https://nvlpubs.nist.gov/nistpubs/ir/2016/NIST.IR.8105.pdf,nist-news,partial,NIST,Proposed 2026-05-06: KeyResourceUrl renamed to KeyResourceRefs (contains doc labels); KeyResourceUrls column added with resolved canonical URLs. | First verification 2026-07-17: Harvard Kennedy School Lecturer in Public Policy affiliation reconfirmed as current (2026).,active,,,,2026-07-17,,,,
Dr. Johannes Buchmann,Germany,Professor Emeritus,TU Darmstadt,Academic,Standards,Founder of European PQC research; established TU Darmstadt's cryptography group; extensive contributions to code-based and lattice cryptography education.,https://ui-avatars.com/api/?name=Johannes+Buchmann&background=0b0d17&color=60a5fa&size=128&bold=true,https://www.cryptoplexity.de/,https://www.linkedin.com/in/johannes-buchmann-6b9a18221/,IETF RFC 8391;NIST SP 800-208;FIPS 205,https://csrc.nist.gov/pubs/sp/800/208/final; https://csrc.nist.gov/pubs/fips/205/final,nist-csrc,yes,IETF;NIST,Proposed 2026-05-06: KeyResourceUrl renamed to KeyResourceRefs (contains doc labels); KeyResourceUrls column added with resolved canonical URLs. | source verified 2026-07-09 re-audit (wave2 leaders.md remediation),active,,,,2026-07-09,,,,
Dr. Rainer Steinwandt,United States,"Dean, College of Science; Professor of Mathematical Sciences",University of Alabama in Huntsville,Academic,Standards,Focuses on quantum-safe protocols and implementations; research on PQC in constrained environments; contributor to IoT security standards.,https://ui-avatars.com/api/?name=Rainer+Steinwandt&background=0b0d17&color=60a5fa&size=128&bold=true,https://www.uah.edu/science/faculty-staff/dr-rainer-steinwandt,https://www.linkedin.com/in/rainer-steinwandt-02849412/,draft-ietf-pquip-pqc-engineers-14;NIST IR 8413,https://nvlpubs.nist.gov/nistpubs/ir/2022/NIST.IR.8413-upd1.pdf,nist-news,partial,IETF;NIST,"FIELD CORRECTION (2026-07-17): Organization/Role/WebsiteUrl updated -- he left Florida Atlantic University (where he was Professor, Chair of Mathematical Sciences, and Director of the Center for Cryptology and Information Security) in Jan 2021 to become Dean, College of Science at the University of Alabama in Huntsville. The FAU-era Center for Cryptology affiliation cross-checks genuinely against the Edoardo Persichetti row (current Director there) for that earlier period. | Proposed 2026-05-06: KeyResourceUrl renamed to KeyResourceRefs (contains doc labels); KeyResourceUrls column added with resolved canonical URLs.",active,,,,2026-07-17,,,,
Dr. Nikita Borisov,United States,Professor,University of Illinois,Academic,Standards,"Professor of Electrical & Computer Engineering at the University of Illinois Urbana-Champaign; research focus is privacy, anonymity systems, network security, and applied cryptography -- notably WEP cryptanalysis (with Goldberg and Wagner) and co-designer of Off-the-Record (OTR) Messaging.",https://ui-avatars.com/api/?name=Nikita+Borisov&background=0b0d17&color=60a5fa&size=128&bold=true,https://ece.illinois.edu/,https://www.linkedin.com/in/nikitaborisov/,draft-ietf-tls-hybrid-design-16;IETF RFC 9180,https://datatracker.ietf.org/doc/draft-ietf-tls-hybrid-design/; https://www.rfc-editor.org/rfc/rfc9180,ietf,partial,IETF,"FIELD CORRECTION (2026-07-17): Contribution rewritten -- no source (his ECE profile, Wikipedia, Google Scholar) shows any post-quantum cryptography research or 'hybrid encryption schemes' work; those terms don't appear anywhere in his real body of work. The 'secure messaging systems' claim is legitimate (he co-designed OTR), but the PQC-specific framing appears to have been grafted onto a real classical-cryptography/privacy researcher with no PQC connection found. Role/Organization (Professor, UIUC ECE) remain accurate. | Proposed 2026-05-06: KeyResourceUrl renamed to KeyResourceRefs (contains doc labels); KeyResourceUrls column added with resolved canonical URLs.",active,,,,2026-07-17,,,,
Jaime Gomez Garcia,Spain,Global Head of Quantum Threat Program,Banco Santander,Private,Industry Adopter,Pioneer in financial-sector PQC adoption; leads Santander's quantum-safe cryptography strategy; active in ETSI QSC working group and IBM Quantum Network; promotes quantum risk awareness across global banking.,https://ui-avatars.com/api/?name=Jaime+Gomez+Garcia&background=0b0d17&color=a78bfa&size=128&bold=true,https://www.santander.com/,https://www.linkedin.com/in/jaime-gomez-garcia/,Europol-FS-ISAC-PQC-Financial-2026;BIS-Paper-158,https://www.europol.europa.eu/publications-events/publications/prioritising-post-quantum-cryptography-migration-activities-in-financial-services; https://www.bis.org/publ/bppdf/bispap158.htm,,partial,,Proposed 2026-05-06: KeyResourceUrl renamed to KeyResourceRefs (contains doc labels); KeyResourceUrls column added with resolved canonical URLs. | source verified 2026-07-09 re-audit (wave2 leaders.md remediation),active,,,,2026-07-09,,,,
Bill Newhouse,United States,Cybersecurity Engineer,NIST NCCoE,Public,Government,"Cybersecurity Engineer and Project Lead for the NIST NCCoE Migration to Post-Quantum Cryptography project, which produces the SP 1800-38 practice guide series; drives federal agency quantum-safe readiness.",https://ui-avatars.com/api/?name=Bill+Newhouse&background=0b0d17&color=22d3ee&size=128&bold=true,https://www.nccoe.nist.gov/,https://www.linkedin.com/in/cybernewhouse/,FIPS 203;FIPS 204;FIPS 205;NIST NCCoE SP 1800-38A;NIST NCCoE SP 1800-38B,https://csrc.nist.gov/pubs/fips/203/final; https://csrc.nist.gov/pubs/fips/204/final; https://csrc.nist.gov/pubs/fips/205/final,nist-csrc,partial,NIST NCCoE,"FIELD CORRECTION (2026-07-17): Contribution's NIST IR 8547 co-authorship claim removed -- checked the report's title page directly, its 5 authors are Dustin Moody, Ray Perlner, Andrew Regenscheid, Angela Robinson, and David Cooper; Newhouse is not among them. His real, confirmed role (SP 1800-38 project lead) remains accurate and is the sole contribution claim now. | Proposed 2026-05-06: KeyResourceUrl renamed to KeyResourceRefs (contains doc labels); KeyResourceUrls column added with resolved canonical URLs.",active,,,,2026-07-17,,,,
Blair Canavan,Canada,Director of Alliances – PKI and PQC Portfolio,Thales,Private,Industry Vendor,"Leads Thales PQC Partner Ecosystem and Quantum-Safe 360 Alliance (with IBM Consulting, Keyfactor, Quantinuum) to accelerate enterprise quantum-safe migrations; 30+ years of cybersecurity expertise driving crypto-agility readiness.",https://ui-avatars.com/api/?name=Blair+Canavan&background=0b0d17&color=a78bfa&size=128&bold=true,https://cpl.thalesgroup.com/,https://www.linkedin.com/in/blair-canavan-5b708a2/,HSBC-InfoSecGlobal-Thales-CryptographicInventory-2025;Samsung-Thales-ML-KEM-eSE-2026,https://cpl.thalesgroup.com/blog/encryption/quantum-readiness-collaborative-path-infosec-global-thales; https://semiconductor.samsung.com/news-events/tech-blog/s3sse2a-hardware-pqc-locks-in-security-for-the-quantum-era/,thales-research,partial,,"Proposed 2026-05-06: KeyResourceUrl renamed to KeyResourceRefs (contains doc labels); KeyResourceUrls column added with resolved canonical URLs. | First verification 2026-07-17: Thales Director, Alliances - PQC Portfolio role and Quantum-Safe 360 Alliance leadership involvement reconfirmed. | Authorship cross-check verification (2026-07-30): flagged by the new leaders/library authorship cross-check because the cited library row's authors_or_organization field lists only the three sponsoring companies, not individuals -- confirmed directly named and quoted in the actual report text (cpl.thalesgroup.com), so the citation is correct; the library catalog's author field is simply under-specified.",active,,,,2026-07-30,,,,
Fabiana Da Pieve,Italy,Programme and Policy Officer,European Commission (DG CNECT),Public,Government,Designs EU-wide PQC deployment policy at DG CNECT; co-leads the NIS cooperation group PQC workstream coordinating member-state quantum-safe transitions; bridges quantum physics research with cryptographic security policy including EuroQCI.,https://ui-avatars.com/api/?name=Fabiana+Da+Pieve&background=0b0d17&color=22d3ee&size=128&bold=true,https://digital-strategy.ec.europa.eu/,https://www.linkedin.com/in/fabiana-da-pieve-585b132a/,EU PQC Recommendation;EU-NIS-CG-Roadmap-v1.1;EUDI-Wallet-ARF,https://digital-strategy.ec.europa.eu/en/news/eu-reinforces-its-cybersecurity-post-quantum-cryptography; https://digital-strategy.ec.europa.eu/en/library/coordinated-implementation-roadmap-transition-post-quantum-cryptography; https://digital-strategy.ec.europa.eu/en/policies/eudi-wallet-implementation,ec,no,European Commission (DG CNECT),Proposed 2026-05-06: KeyResourceUrl renamed to KeyResourceRefs (contains doc labels); KeyResourceUrls column added with resolved canonical URLs. | First verification 2026-07-17: European Commission DG CNECT Programme and Policy Officer role and NIS Cooperation Group PQC workstream involvement reconfirmed via her own conference bios.,active,,,,2026-07-17,,,,
Prof Bill Buchanan OBE,United Kingdom,Professor of Applied Cryptography,Edinburgh Napier University,Academic,Standards,Creator of asecuritysite.com with books and hundreds of research papers on PQC; OBE for services to cybersecurity (2017); FRSE; Top 2% of scientists globally (Stanford 2025); Times Higher Education 'Most Innovative Teacher' 2023; vocal advocate for FIPS 203/204/205 adoption.,https://ui-avatars.com/api/?name=Bill+Buchanan&background=0b0d17&color=60a5fa&size=128&bold=true,https://asecuritysite.com/,https://www.linkedin.com/in/billatnapier/,FIPS 203;FIPS 204;FIPS 205,https://csrc.nist.gov/pubs/fips/203/final; https://csrc.nist.gov/pubs/fips/204/final; https://csrc.nist.gov/pubs/fips/205/final,nist-csrc,yes,NIST,Proposed 2026-05-06: KeyResourceUrl renamed to KeyResourceRefs (contains doc labels); KeyResourceUrls column added with resolved canonical URLs. | source verified 2026-07-09 re-audit (wave2 leaders.md remediation),active,,,,2026-07-09,,,,
Éric Brier,France,CTO Network & Infrastructure Solutions,Thales Group,Private,Algorithm Inventor,"CTO at Thales; leads the team associated with Thales's contribution to FALCON, though he personally joined Thales in July 2020, after FALCON's design and Nov 2017 NIST submission -- he is not on FALCON's official author list (Fouque, Hoffstein, Kirchner, Lyubashevsky, Pornin, Prest, Ricosset, Seiler, Whyte, Zhang); his role is managerial/leadership, not algorithm co-design. FIPS 206 (FN-DSA/FALCON) remains in draft as of mid-2026, not a finalized NIST standard. Research background in fault attacks and cryptographic implementations.",https://ui-avatars.com/api/?name=Eric+Brier&background=0b0d17&color=f59e0b&size=128&bold=true,https://www.thalesgroup.com/,https://www.linkedin.com/in/ericbrier/,FIPS 206,https://csrc.nist.gov/projects/pqc-dig-sig,nist-csrc,yes,NIST,"FIELD CORRECTION (2026-07-17): three issues fixed -- (1) 'co-author of FALCON' was an overstated credit; he leads Thales's team associated with the algorithm but joined the company after FALCON's design was already submitted to NIST, and does not appear on its official author list; (2) FIPS 206 status corrected to draft, not finalized; (3) Role updated -- per his own LinkedIn announcement he moved from CTO Cyber Defence Solutions to CTO Network & Infrastructure Solutions in January 2025. | Proposed 2026-05-06: KeyResourceUrl renamed to KeyResourceRefs (contains doc labels); KeyResourceUrls column added with resolved canonical URLs.",active,,,,2026-07-17,,,,
Damien Stehlé,France,Visiting Professor; CryptoLab Chief Scientist,Télécom Paris;CryptoLab;ENS de Lyon (former),Academic,Algorithm Inventor,"Co-designed ML-KEM (CRYSTALS-Kyber) and ML-DSA (CRYSTALS-Dilithium), two of three NIST PQC standards published in 2024. Founded CryptoLab's Lyon research center. ERC grant recipient for lattice-based cryptography research (LattAC project).",https://ui-avatars.com/api/?name=Damien+Stehle&background=0b0d17&color=10b981&size=128&bold=true,https://perso.ens-lyon.fr/damien.stehle/,https://www.linkedin.com/in/damien-stehl%C3%A9-0576351/,FIPS 203;FIPS 204,https://csrc.nist.gov/pubs/fips/203/final; https://csrc.nist.gov/pubs/fips/204/final,nist-csrc,yes,NIST,"FIELD CORRECTION (2026-07-17): Role/Organization updated -- he was professor at ENS de Lyon 2012-2023 but per Télécom Paris's current bio is now Visiting Professor there; his real CryptoLab title is Chief Scientist, not 'Research Director.' ML-KEM/ML-DSA co-design, the LattAC ERC grant, and CryptoLab's Lyon center founding (2023) all remain accurate. Also flagging: the claimed LinkedIn URL could not be matched -- a different vanity URL (damien-stehle-1128a7242) surfaced in search instead; worth a human check. | Proposed 2026-05-06: KeyResourceUrl renamed to KeyResourceRefs (contains doc labels); KeyResourceUrls column added with resolved canonical URLs.",active,,,,2026-07-17,,,,
Pierre-Alain Fouque,France,Professor,Université de Rennes; IRISA/Inria,Academic,Algorithm Inventor,"Co-designer of FALCON (FN-DSA); NIST selected the algorithm for standardization in 2022, but FIPS 206 itself remains in draft as of mid-2026 (submitted for approval Aug 2025, final publication expected late 2026/2027). Leads the CAPSULE team at IRISA/Inria focused on embedded security and cryptography. Coordinates the PQ-TLS project developing post-quantum HTTPS protocols.",https://ui-avatars.com/api/?name=Pierre-Alain+Fouque&background=0b0d17&color=10b981&size=128&bold=true,https://www.di.ens.fr/~fouque/,https://www.linkedin.com/in/pierre-alain-fouque-42b3841/,FIPS 206,https://csrc.nist.gov/projects/pqc-dig-sig,nist-csrc,yes,NIST,"FIELD CORRECTION (2026-07-17): Contribution corrected -- FIPS 206 (FN-DSA/FALCON) is still a draft standard, not finalized, as of mid-2026; the row's present-tense 'NIST's lattice-based signature standard' framing was premature. His genuine FALCON co-design credit, CAPSULE team leadership, and PQ-TLS coordination all independently reconfirmed. | Proposed 2026-05-06: KeyResourceUrl renamed to KeyResourceRefs (contains doc labels); KeyResourceUrls column added with resolved canonical URLs.",active,,,,2026-07-17,,,,
Adeline Roux-Langlois,France,CNRS Directrice de recherche,GREYC; Université de Caen Normandie,Academic,Standards,Specialist in lattice-based cryptography security proofs. Key contributions to post-quantum anonymous credentials (CRYPTO 2023) and practical post-quantum privacy signatures (ACM CCS 2024). PhD from ENS de Lyon under Damien Stehlé.,https://ui-avatars.com/api/?name=Adeline+Roux-Langlois&background=0b0d17&color=10b981&size=128&bold=true,https://langloi227.users.greyc.fr/,,FIPS 203;FIPS 204;ANSSI PQC Position Paper,https://csrc.nist.gov/pubs/fips/203/final; https://csrc.nist.gov/pubs/fips/204/final; https://cyber.gouv.fr/en/publications/anssi-views-post-quantum-cryptography-transition,nist-csrc,partial,ANSSI;NIST,"Proposed 2026-05-06: KeyResourceUrl renamed to KeyResourceRefs (contains doc labels); KeyResourceUrls column added with resolved canonical URLs. | First verification 2026-07-17: CNRS Directrice de recherche role and both specific papers (CRYPTO 2023 anonymous credentials, ACM CCS 2024 privacy signatures) reconfirmed via dblp/ACM DL; PhD lineage under Damien Stehlé confirmed.",active,,,,2026-07-17,,,,
Daniel J. Bernstein,United States,Research Professor; Personal Professor,University of Illinois Chicago;TU Eindhoven,Academic,Algorithm Inventor,"Coined the term ""post-quantum cryptography"" (2003); co-designed SPHINCS+ (now FIPS 205 / SLH-DSA, NIST standard) with Andreas Hülsing and team; co-designed Classic McEliece (NIST on-ramp finalist, oldest studied code-based KEM); co-designed NTRU Prime; creator of Curve25519, ChaCha20/Poly1305, and NaCl/libsodium cryptographic library.",https://ui-avatars.com/api/?name=Daniel+Bernstein&background=0b0d17&color=f59e0b&size=128&bold=true,https://cr.yp.to/,,FIPS 205,https://csrc.nist.gov/pubs/fips/205/final,nist-csrc,yes,NIST,"Proposed 2026-05-06: KeyResourceUrl renamed to KeyResourceRefs (contains doc labels); KeyResourceUrls column added with resolved canonical URLs. | First verification 2026-07-17: dual UIC/TU Eindhoven appointment and full body of credited work (SPHINCS+, Classic McEliece, NTRU Prime, Curve25519, ChaCha20/Poly1305) all reconfirmed.",active,,,,2026-07-17,,,,
Prof. Oded Regev,United States,Silver Professor of Computer Science,NYU Courant Institute of Mathematical Sciences,Academic,Algorithm Inventor,"Inventor of Learning With Errors (LWE, 2005) — the foundational hard problem underlying ML-KEM (Kyber) and ML-DSA (Dilithium); proved quantum reduction establishing LWE hardness; 2018 Gödel Prize for LWE work; ACM Fellow 2025; foundational figure in lattice-based cryptography theory.",https://ui-avatars.com/api/?name=Oded+Regev&background=0b0d17&color=f59e0b&size=128&bold=true,https://cims.nyu.edu/~regev/,,FIPS 203;FIPS 204;FIPS 206,https://csrc.nist.gov/pubs/fips/203/final; https://csrc.nist.gov/pubs/fips/204/final,nist-csrc,yes,NIST,"Proposed 2026-05-06: KeyResourceUrl renamed to KeyResourceRefs (contains doc labels); KeyResourceUrls column added with resolved canonical URLs. | First verification 2026-07-17: NYU Silver Professor title, 2018 Gödel Prize, and 2025 ACM Fellow all reconfirmed via NYU Courant and ACM's own announcements.",active,,,,2026-07-17,,,,
Prof. Tanja Lange,Germany,Full Professor of Cryptology; Chair PQCrypto Steering Committee,TU Eindhoven,Academic,Algorithm Inventor,Full Professor of Cryptology at TU Eindhoven; co-designed NTRU Prime (NIST on-ramp finalist) with Daniel Bernstein; co-authored Classic McEliece papers; co-organized the inaugural PQCrypto workshop (2006) and chairs its steering committee; Scientific Director of Ei/PSI (Eindhoven Institute for Protection of Systems and Information); ERC grant recipient for post-quantum research.,https://ui-avatars.com/api/?name=Tanja+Lange&background=0b0d17&color=f59e0b&size=128&bold=true,https://hyperelliptic.org/tanja/,,NIST IR 8309;NIST IR 8413,https://nvlpubs.nist.gov/nistpubs/ir/2022/NIST.IR.8413-upd1.pdf,nist-news,partial,NIST,Proposed 2026-05-06: KeyResourceUrl renamed to KeyResourceRefs (contains doc labels); KeyResourceUrls column added with resolved canonical URLs. | First verification 2026-07-17: TU Eindhoven professorship and PQCrypto steering committee CHAIR role (not just membership) specifically reconfirmed -- cross-validates the committee roster established while correcting the Encrenaz/Persichetti rows earlier this session.,active,,,,2026-07-17,,,,
Paul van Brouwershaven,Netherlands,Chair; Founder & CEO,PKI Consortium;Digitorus,Private,Standards,"Chairs the PKI Consortium's Post-Quantum Cryptography Working Group and co-organises the annual PQC Conference series. Authored the PQC Maturity Model (PQCMM), a practical framework adopted by governments and enterprises to assess quantum-readiness and plan migration strategies. Founder and CEO of Digitorus with 25+ years in PKI and digital trust.",https://ui-avatars.com/api/?name=Paul+van+Brouwershaven&background=0b0d17&color=60a5fa&size=128&bold=true,https://www.digitorus.com/,https://www.linkedin.com/in/pvanbrouwershaven/,PKI-Consortium-PQC-2025;RFC 9802;RFC 9810,https://pkic.org/wg/pqc/pqccm/; https://www.rfc-editor.org/rfc/rfc9802; https://www.rfc-editor.org/rfc/rfc9810,pki-consortium,partial,IETF,"Proposed 2026-05-06: KeyResourceUrl renamed to KeyResourceRefs (contains doc labels); KeyResourceUrls column added with resolved canonical URLs. | First verification 2026-07-17: PKI Consortium Chair (since Jan 2021) and PQC Working Group Chair roles, plus PQCMM authorship (a June 2026 PKI Consortium publication), all reconfirmed via the Consortium's own site.",active,,,,2026-07-17,,,,
Albert de Ruiter,Netherlands,Vice Chair; Policy Authority for PKI (PKIoverheid),PKI Consortium;Logius,Public,Government,"Vice Chair of the PKI Consortium and Policy Authority for PKI at Logius (Dutch Ministry of Internal Affairs); co-founded the PKI Consortium's annual PQC Conference series, a major international forum for PQC standardisation and adoption. Active member of the Dutch government's quantum-safe cryptography working group; teaches quantum-safe digital infrastructure governance at TU Delft.",https://ui-avatars.com/api/?name=Albert+de+Ruiter&background=0b0d17&color=22d3ee&size=128&bold=true,https://pkic.org/,https://www.linkedin.com/in/albert-de-ruiter-0006a83/,PKI-Consortium-PQC-2025;RFC 9802;RFC 9810,https://pkic.org/wg/pqc/pqccm/; https://www.rfc-editor.org/rfc/rfc9802; https://www.rfc-editor.org/rfc/rfc9810,pki-consortium,partial,PKI Consortium,"Proposed 2026-05-06: KeyResourceUrl renamed to KeyResourceRefs (contains doc labels); KeyResourceUrls column added with resolved canonical URLs. | First verification 2026-07-17: PKI Consortium Vice Chair, Logius/PKIoverheid Policy Authority role, and TU Delft quantum-safe governance teaching all reconfirmed via TU Delft's own instructor page.",active,,,,2026-07-17,,,,
Sven Rajala,United States,Senior PKI & PQC Strategy Consultant,Keyfactor,Private,Industry Vendor,"Senior cybersecurity consultant at Keyfactor specialising in PKI automation and PQC readiness; leads quantum-safe migration strategy for enterprise clients. Hosts the KEYMASTER educational video series covering practical PQC implementation including hybrid certificates, ML-DSA/SLH-DSA signatures, and NIST SP 800-227 KEM guidance. Active presenter at PKI Consortium PQC Conferences.",https://ui-avatars.com/api/?name=Sven+Rajala&background=0b0d17&color=a78bfa&size=128&bold=true,https://www.keyfactor.com/,https://www.linkedin.com/in/international-pki-man-of-mystery/,HSBC-InfoSecGlobal-Thales-CryptographicInventory-2025;RFC 9802;draft-bonnell-lamps-chameleon-certs-07,https://cpl.thalesgroup.com/blog/encryption/quantum-readiness-collaborative-path-infosec-global-thales; https://www.rfc-editor.org/rfc/rfc9802; https://datatracker.ietf.org/doc/draft-bonnell-lamps-chameleon-certs/,thales-research,partial,IETF,"Proposed 2026-05-06: KeyResourceUrl renamed to KeyResourceRefs (contains doc labels); KeyResourceUrls column added with resolved canonical URLs. | First verification 2026-07-17: Keyfactor role and the KEYMASTER video series reconfirmed. His literal title is 'Deputy PKI Officer' (also PQC Vice Chair in PKI Consortium contexts) -- the claimed 'Senior PKI & PQC Strategy Consultant' is a reasonable functional paraphrase, not flagged as a hard correction. His unusual LinkedIn vanity slug ('international-pki-man-of-mystery') is confirmed genuine, not a red flag. | Authorship cross-check verification (2026-07-30): flagged because neither cited reference's authors_or_organization field names him specifically (HSBC report lists only sponsoring companies; draft-bonnell-lamps-chameleon-certs-07's real co-authors are Corey Bonnell, John Gray, D. Hook, Tomofumi Okubo, Mike Ounsworth -- confirmed via the library CSV, none is Sven Rajala). Keyfactor role and KEYMASTER series already independently reconfirmed 2026-07-17; kept as-is on employer/subject-matter relevance rather than a literal byline.",active,,,,2026-07-30,,,,
Chris Bailey,United States,Board Chair,PKI Consortium;AppViewX,Private,Standards,"Board Chair of the PKI Consortium and Board Member at AppViewX; founding member of both the CA/Browser Forum and PKI Consortium; a 25+ year digital trust and PKI veteran driving industry-wide quantum-safe readiness. Former VP of Trust Services / Strategy & Business Development at Entrust; advocates urgently for rapid collective migration to post-quantum encryption, stating ""We have no choice but to transition quickly and collectively.""",https://ui-avatars.com/api/?name=Chris+Bailey&background=0b0d17&color=60a5fa&size=128&bold=true,,https://www.linkedin.com/in/christophertmbailey/,PKI-Consortium-PQC-2025;RFC 9802;RFC 9810,https://pkic.org/wg/pqc/pqccm/; https://www.rfc-editor.org/rfc/rfc9802; https://www.rfc-editor.org/rfc/rfc9810,pki-consortium,partial,IETF,"FIELD CORRECTION (2026-07-17): Contribution corrected on two points -- (1) he is Board Member at AppViewX, not Board Chair (Board Chair applies only to the PKI Consortium, per the Consortium's own board page listing both titles distinctly); (2) no source calls him 'SVP' at Entrust -- he's consistently described as VP-level (Trust Services / Strategy & Business Development), not SVP. | Proposed 2026-05-06: KeyResourceUrl renamed to KeyResourceRefs (contains doc labels); KeyResourceUrls column added with resolved canonical URLs.",active,,,,2026-07-17,,,,
Tomas Gustavsson,Sweden,Chief PKI Officer; Co-Founder,Keyfactor,Private,Industry Vendor,"Created EJBCA, the world's leading open-source enterprise PKI software, which now supports all NIST-standardized PQC algorithms (ML-KEM, ML-DSA, SLH-DSA). As Chief PKI Officer at Keyfactor and co-founder of PrimeKey, he has been a central voice on hybrid certificate migration and practical PQC readiness for enterprise PKI. He actively presents at global conferences and contributes to the PKI Consortium PQC working groups.",https://ui-avatars.com/api/?name=Tomas+Gustavsson&background=0b0d17&color=a78bfa&size=128&bold=true,https://www.keyfactor.com/,https://www.linkedin.com/in/tgustavsson/,HSBC-InfoSecGlobal-Thales-CryptographicInventory-2025;RFC 9802;draft-bonnell-lamps-chameleon-certs-07,https://cpl.thalesgroup.com/blog/encryption/quantum-readiness-collaborative-path-infosec-global-thales; https://www.rfc-editor.org/rfc/rfc9802; https://datatracker.ietf.org/doc/draft-bonnell-lamps-chameleon-certs/,thales-research,partial,IETF,"Proposed 2026-05-06: KeyResourceUrl renamed to KeyResourceRefs (contains doc labels); KeyResourceUrls column added with resolved canonical URLs. | First verification 2026-07-17: EJBCA creation, PrimeKey co-founding, and Chief PKI Officer role at Keyfactor all reconfirmed. Cross-checks cleanly with the Sven Rajala row (KEYMASTER co-presenter). | Authorship cross-check verification (2026-07-30): flagged because neither cited reference's authors_or_organization field names him specifically (HSBC report lists only sponsoring companies; draft-bonnell-lamps-chameleon-certs-07's real co-authors are Corey Bonnell, John Gray, D. Hook, Tomofumi Okubo, Mike Ounsworth -- confirmed via the library CSV, none is Tomas Gustavsson). EJBCA/Keyfactor role already independently reconfirmed 2026-07-17; kept as-is on employer/subject-matter relevance rather than a literal byline.",active,,,,2026-07-30,,,,
David Hook,Australia,VP Software Engineering; Founder,Legion of the Bouncy Castle,Private,Industry Vendor,"Co-founded the Legion of the Bouncy Castle in 2000 — one of the most widely used open-source cryptographic API libraries in Java and C# — which integrated full NIST PQC standard support (ML-KEM, ML-DSA, SLH-DSA) through 2024. He led the FIPS 140-2/3 certifications of Bouncy Castle's Java and C# APIs and presents extensively on hybrid PQC techniques, stateless PQC digital signatures, and Key Encapsulation Mechanisms. His work makes enterprise-grade PQC accessible to millions of developers globally.",https://ui-avatars.com/api/?name=David+Hook&background=0b0d17&color=a78bfa&size=128&bold=true,https://www.bouncycastle.org/,https://www.linkedin.com/in/david-hook-29b720/,draft-bonnell-lamps-chameleon-certs-07,https://datatracker.ietf.org/doc/draft-bonnell-lamps-chameleon-certs/,ietf,partial,IETF,Proposed 2026-05-06: KeyResourceUrl renamed to KeyResourceRefs (contains doc labels); KeyResourceUrls column added with resolved canonical URLs. | First verification 2026-07-17: Bouncy Castle co-founding (2000) and NIST PQC algorithm support added Oct/Dec 2024 both reconfirmed via Bouncy Castle's own release notes.,active,,,,2026-07-17,,,bouncy-castle-c-net;bouncy-castle-java,https://github.com/bcgit/bc-csharp; https://github.com/bcgit/bc-java
Corey Bonnell,United States,Technology Strategist,DigiCert,Private,Standards,"Active co-author in the IETF LAMPS Working Group and originating author of the Chameleon Certificates Internet-Draft (draft-bonnell-lamps-chameleon-certs), which enables paired classical/PQC certificate structures for phased quantum migration. He represents DigiCert in CA/Browser Forum, X9, and IETF standards bodies, and is an active participant on other LAMPS drafts (certificate discovery, MAC-address extensions).",https://ui-avatars.com/api/?name=Corey+Bonnell&background=0b0d17&color=60a5fa&size=128&bold=true,https://www.digicert.com/,https://www.linkedin.com/in/coreybonnell/,draft-bonnell-lamps-chameleon-certs-07,https://datatracker.ietf.org/doc/draft-bonnell-lamps-chameleon-certs/,ietf,partial,IETF,"FIELD CORRECTION (2026-07-17): Contribution's 'co-authored the IETF PQC for Engineers guidance document' claim removed -- checked draft-ietf-pquip-pqc-engineers directly, its real authors are Aritra Banerjee, Tirumaleswar Reddy, Dimitrios Schoinianakis (Nokia), Tim Hollebeek (DigiCert), and Mike Ounsworth (Entrust); Bonnell does not appear anywhere in its front matter. His genuine chameleon-certs draft origination is unaffected and remains the Contribution's focus. | Proposed 2026-05-06: KeyResourceUrl renamed to KeyResourceRefs (contains doc labels); KeyResourceUrls column added with resolved canonical URLs.",active,,,,2026-07-17,,,,
John Gray,Canada,Software Developer (Architect),Entrust,Private,Standards,"Lead co-author of the IETF LAMPS Composite ML-DSA and Composite ML-KEM Internet-Drafts, which define how hybrid classical+PQC algorithms are encoded in X.509 certificates and CMS structures. His composite certificate standards work — together with Mike Ounsworth at Entrust — was adopted into the IETF standards track and represents the primary industry path for backward-compatible PQC certificate migration. He has published 3 RFCs and maintains 9+ active Internet-Drafts across LAMPS and related working groups.",https://ui-avatars.com/api/?name=John+Gray&background=0b0d17&color=60a5fa&size=128&bold=true,https://www.entrust.com/,https://www.linkedin.com/in/john-gray-aa281460/,draft-bonnell-lamps-chameleon-certs-07,https://datatracker.ietf.org/doc/draft-bonnell-lamps-chameleon-certs/,ietf,partial,IETF,"Proposed 2026-05-06: KeyResourceUrl renamed to KeyResourceRefs (contains doc labels); KeyResourceUrls column added with resolved canonical URLs. | First verification 2026-07-17: genuine co-author of both draft-ietf-lamps-pq-composite-sigs and draft-ietf-lamps-pq-composite-kem alongside Mike Ounsworth, confirmed via IETF datatracker author lists -- this independently resolves the earlier Greg Wetmore finding (he was NOT a real co-author; Gray and Ounsworth are). Minor: claimed '3 RFCs' understates his actual 5 published RFCs -- not corrected, an understatement isn't a red flag.",active,,,,2026-07-17,,,,
Sudha E. Iyer,Ireland,Chief Cybersecurity Architect (Digital Assets and Data),Citi,Private,Industry Adopter,"Founding member of the FS-ISAC Post-Quantum Cryptography Working Group, representing the financial sector's largest global coordination effort on quantum migration readiness. As Chief Cybersecurity Architect at Citi with over 20 years of cryptographic architecture experience, she leads enterprise-scale PQC adoption strategy at one of the world's largest financial institutions. She also serves as International Project Leader at ISO for smart contract and blockchain security standardization, and speaks internationally on PQC readiness in regulated industries.",https://ui-avatars.com/api/?name=Sudha+Iyer&background=0b0d17&color=10b981&size=128&bold=true,https://www.fsisac.com/knowledge/pqc,https://www.linkedin.com/in/sudhaeiyer/,Europol-FS-ISAC-PQC-Financial-2026;NIST CSWP 39,https://www.europol.europa.eu/publications-events/publications/prioritising-post-quantum-cryptography-migration-activities-in-financial-services; https://nvlpubs.nist.gov/nistpubs/CSWP/NIST.CSWP.39.pdf,,partial,NIST,"Proposed 2026-05-06: KeyResourceUrl renamed to KeyResourceRefs (contains doc labels); KeyResourceUrls column added with resolved canonical URLs. | First verification 2026-07-17: Citi role, FS-ISAC PQC Working Group founding membership, and ISO blockchain-security standardization role all reconfirmed.",active,,,,2026-07-17,,,,
Tadahiko Ito,Japan,Senior Researcher,SECOM CO. LTD.,Private,Standards,"Senior Researcher at SECOM specializing in cryptographic key management, PQC migration planning, and policy standardization, with IETF contributions including RFC 9336 (X.509 Extended Key Usage for document signing). He contributes to IETF PQC certificate migration guidance and the IETF Hackathon's pqc-certificates interoperability project, and co-authored a 2025 academic paper on the grand challenges of PQC blockchain migration. He is a regular speaker at international forums including the PKI Consortium PQC Conference and FS-ISAC APAC Summit.",https://ui-avatars.com/api/?name=Tadahiko+Ito&background=0b0d17&color=60a5fa&size=128&bold=true,https://www.secom.co.jp/english/,https://www.linkedin.com/in/tadahiko-ito-b1b674160/,Japan CRYPTREC Report 2024;PKI-Consortium-PQC-2025,https://www.cryptrec.go.jp/en/topics/cryptrec_20240712_c23report.html; https://pkic.org/wg/pqc/pqccm/,cryptrec,partial,,"Proposed 2026-05-06: KeyResourceUrl renamed to KeyResourceRefs (contains doc labels); KeyResourceUrls column added with resolved canonical URLs. | First verification 2026-07-17: SECOM role and RFC 9336 co-authorship (with Tomofumi Okubo, another row in this directory) directly reconfirmed via the RFC's own author list; the 2025 blockchain-PQC-migration paper co-authorship also confirmed via IACR ePrint.",active,,,,2026-07-17,,,,
Alison Becker,United States,Applied Mathematician,National Security Agency (NSA),Public,Government,"NSA cryptographer and co-author of RFC 9763 ('Related Certificates for Use in Multiple Authentications within a Protocol'), which defines the relatedCertRequest CSR attribute and RelatedCertificate X.509 extension for hybrid authentication during the PQC transition; contributes to NSA public guidance on quantum-safe cryptography.",https://ui-avatars.com/api/?name=Alison+Becker&background=0b0d17&color=22d3ee&size=128&bold=true,https://www.nsa.gov/,,RFC-9763,https://www.rfc-editor.org/rfc/rfc9763,nsa-advisory,partial,National Security Agency (NSA),"FIELD CORRECTION (2026-07-17): Role changed from 'Cryptographer' to 'Applied Mathematician' per her RSA Conference speaker bio (NSA, working on post-quantum secure protocol standards) -- RFC 9763 itself lists no job titles, and this is the only independently corroborated title found. RFC 9763 co-authorship and NSA affiliation both directly confirmed against the RFC's own author list. | Proposed 2026-05-06: KeyResourceUrl renamed to KeyResourceRefs (contains doc labels); KeyResourceUrls column added with resolved canonical URLs.",active,,,,2026-07-17,,,,
Michael Jenkins,United States,Cryptographer,National Security Agency (NSA),Public,Government,NSA Technical Director and co-author of RFC 9763 ('Related Certificates for Use in Multiple Authentications within a Protocol') for hybrid authentication during the PQC transition; contributor to NSA public guidance on quantum-safe cryptography transitions for national security systems.,https://ui-avatars.com/api/?name=Michael+Jenkins&background=0b0d17&color=22d3ee&size=128&bold=true,https://www.nsa.gov/,,RFC-9763,https://www.rfc-editor.org/rfc/rfc9763,nsa-advisory,partial,National Security Agency (NSA),"FIELD CORRECTION (2026-07-17): Role changed -- 'Technical Director' has no supporting source anywhere (NSA's known Technical Director roles belong to other named individuals, e.g. Neal Ziring); his LinkedIn lists 'Adjunct Cybersecurity Research Staff Member.' Simplified to 'Cryptographer,' the more plausible but still not independently confirmed characterization, dropping the specifically fabricated-looking 'Technical Director' claim. RFC 9763 co-authorship and NSA affiliation both directly confirmed against the RFC's own author list. | Proposed 2026-05-06: KeyResourceUrl renamed to KeyResourceRefs (contains doc labels); KeyResourceUrls column added with resolved canonical URLs.",active,,,,2026-07-17,,,,
Rebecca Guthrie,United States,Cryptographer,National Security Agency (NSA),Public,Government,"NSA cryptographer and co-author of RFC 9763 (Related Certificates for Multiple Authentications), supporting hybrid authentication deployments; contributes to standards underpinning U.S. national security PQC migration.",https://ui-avatars.com/api/?name=Rebecca+Guthrie&background=0b0d17&color=22d3ee&size=128&bold=true,https://www.nsa.gov/,,RFC-9763,https://www.rfc-editor.org/rfc/rfc9763,nsa-advisory,partial,National Security Agency (NSA),"FIELD CORRECTION (2026-07-17): 'Cryptographer' title is plausible (she's an active co-author of NSA CNSA 2.0 IPsec/crypto drafts) but not independently corroborated by any source outside this directory -- flagged, not changed, since no better title was found. RFC 9763 co-authorship and NSA affiliation both directly confirmed against the RFC's own author list. | Proposed 2026-05-06: KeyResourceUrl renamed to KeyResourceRefs (contains doc labels); KeyResourceUrls column added with resolved canonical URLs.",active,,,,2026-07-17,,,,
Allen Roginsky,United States,Research Scientist,NIST,Public,Government,"NIST Computer Security Division researcher and co-author of NIST SP 800-131A Revision 3 (currently an Initial Public Draft, published Oct 2024, not yet finalized), providing guidance on transitioning cryptographic key lengths and algorithms to post-quantum standards across U.S. federal systems.",https://ui-avatars.com/api/?name=Allen+Roginsky&background=0b0d17&color=22d3ee&size=128&bold=true,https://csrc.nist.gov/,,NIST-SP-800-131A-Rev3,https://csrc.nist.gov/pubs/sp/800/131/a/r3/ipd,nist-csrc,yes,NIST,"FIELD CORRECTION (2026-07-17): Contribution updated to note SP 800-131A Rev. 3 is still a draft (initial public draft, Oct 2024), not a finalized standard. Roginsky's co-authorship itself directly reconfirmed against NIST's own publication page. | Proposed 2026-05-06: KeyResourceUrl renamed to KeyResourceRefs (contains doc labels); KeyResourceUrls column added with resolved canonical URLs.",active,,,,2026-07-17,,,,
Elaine Barker,United States,Research Scientist,NIST,Public,Government,"NIST researcher and co-author of NIST SP 800-131A Revision 3 (currently an Initial Public Draft, published Oct 2024, not yet finalized), guiding federal agencies on transitioning cryptographic key lengths and algorithms to post-quantum standards; sole listed author of the finalized NIST SP 800-57 Part 1 Revision 5 key management recommendations.",https://ui-avatars.com/api/?name=Elaine+Barker&background=0b0d17&color=22d3ee&size=128&bold=true,https://csrc.nist.gov/,,NIST-SP-800-131A-Rev3,https://csrc.nist.gov/pubs/sp/800/131/a/r3/ipd,nist-csrc,yes,NIST,"FIELD CORRECTION (2026-07-17): Contribution updated to note SP 800-131A Rev. 3 is still a draft, not finalized; her SP 800-57 Part 1 Rev. 5 authorship independently reconfirmed as the *sole* listed author (stronger than the original 'long-time contributor' framing). | Proposed 2026-05-06: KeyResourceUrl renamed to KeyResourceRefs (contains doc labels); KeyResourceUrls column added with resolved canonical URLs.",active,,,,2026-07-17,,,,
Suzanne Lightman,United States,Senior Information Security Advisor,NIST,Public,Government,"NIST Computer Security Division researcher and co-author of NIST SP 800-82 Revision 3 (Guide to Operational Technology Security); serves as a point of contact for the NCCoE's Positioning, Navigation, and Timing (PNT) Cybersecurity Framework Profile project.",https://ui-avatars.com/api/?name=Suzanne+Lightman&background=0b0d17&color=22d3ee&size=128&bold=true,https://www.nccoe.nist.gov/,,NIST SP 800-82 Rev. 3,https://csrc.nist.gov/pubs/sp/800/82/r3/final,nist-csrc,yes,NIST NCCoE,"FIELD CORRECTION (2026-07-17): Role/Organization corrected -- her actual NIST title is Senior Information Security Advisor (Computer Security Division), and her primary affiliation is NIST, not NCCoE; she's connected to NCCoE only as a PNT CSF Profile point of contact, not a general 'project lead.' The 'OT/ICS PQC migration' claim was removed entirely -- no source anywhere ties her to post-quantum work; SP 800-82 Rev 3 is a general OT security guide with no PQC-specific content. Same pattern as the earlier Nikita Borisov finding: a real researcher's genuine, non-PQC body of work had PQC relevance grafted onto it. | Proposed 2026-05-06: KeyResourceUrl renamed to KeyResourceRefs (contains doc labels); KeyResourceUrls column added with resolved canonical URLs.",active,,,,2026-07-17,,,,
Hannes Tschofenig,Germany,Professor; IETF Security Expert,Universität der Bundeswehr München,Academic,Standards,"Professor at H-BRS and prolific IETF contributor; co-author of JOSE PQC KEM draft, DTLS 1.3 (RFC 9147), SUIT firmware update protocol (RFC 9019), and IoT device authentication standards; instrumental in bringing post-quantum cryptography to constrained IoT and embedded environments.",https://ui-avatars.com/api/?name=Hannes+Tschofenig&background=0b0d17&color=60a5fa&size=128&bold=true,https://www.unibw.de/,,draft-ietf-jose-pqc-kem;RFC 9147;RFC 9019;RFC 7250,https://datatracker.ietf.org/doc/draft-ietf-jose-pqc-kem/; https://www.rfc-editor.org/rfc/rfc9147; https://www.rfc-editor.org/rfc/rfc9019; https://www.rfc-editor.org/rfc/rfc7250,ietf,partial,IETF,"FIELD CORRECTION (2026-07-17): Organization/WebsiteUrl updated -- H-BRS's own faculty page now lists him as a former professor there; he moved to Universität der Bundeswehr München (~March 2026), confirmed by his current IETF draft affiliation. RFC 9147, RFC 9019, and draft-ietf-jose-pqc-kem co-authorship all independently reconfirmed accurate. | Proposed 2026-05-06: KeyResourceUrl renamed to KeyResourceRefs (contains doc labels); KeyResourceUrls column added with resolved canonical URLs.",active,,,,2026-07-17,,,,
Carsten Bormann,Germany,Professor; IETF Expert,Universität Bremen TZI,Academic,Standards,"Professor at Universität Bremen and leading IETF contributor; co-author of CBOR (Concise Binary Object Representation), CoAP (Constrained Application Protocol), and RFC 7228 defining IoT constraints taxonomy; his compact encoding standards enable PQC in constrained devices.",https://ui-avatars.com/api/?name=Carsten+Bormann&background=0b0d17&color=60a5fa&size=128&bold=true,https://www.uni-bremen.de/,,RFC 7228,https://www.rfc-editor.org/rfc/rfc7228,,partial,IETF,Verified 2026-07-17: Universität Bremen TZI professorship and CBOR/CoAP/RFC 7228 co-authorship all reconfirmed via IETF datatracker and university faculty page. | Proposed 2026-05-06: KeyResourceUrl renamed to KeyResourceRefs (contains doc labels); KeyResourceUrls column added with resolved canonical URLs.,active,,,,2026-07-17,,,,
Katie Arrington,United States,Former DoD CIO (2025); CIO,IonQ (previously U.S. Department of Defense),Public,Government,"While performing the duties of DoD (now Department of War) CIO in 2025, issued the real ""Preparing for Migration to Post-Quantum Cryptography"" memo (Nov. 18, 2025) directing DoD/DoW components to begin PQC migration. She was never Senate-confirmed to the CIO role and departed the Pentagon in Dec. 2025/Jan. 2026 when Kirsten Davies was confirmed as CIO; Arrington subsequently became CIO of IonQ (Jan. 19, 2026).",https://ui-avatars.com/api/?name=Katie+Arrington&background=0b0d17&color=22d3ee&size=128&bold=true,https://ionq.com/,,DoD-CIO-PQC-Memo-2025,https://dowcio.war.gov/Portals/0/Documents/Library/PreparingForMigrationPQC.pdf,dod-cio,no,U.S. Department of Defense,"FIELD CORRECTION (2026-07-17): PQC memo attribution confirmed genuine, but Role/Organization were stale -- she was never Senate-confirmed as DoD CIO (only 'performing the duties of'), departed Dec 2025/Jan 2026 when Kirsten Davies was confirmed, and is now CIO of IonQ. Also note: DoD itself was renamed Department of War (EO 14347, Sept 2025). | Proposed 2026-05-06: KeyResourceUrl renamed to KeyResourceRefs (contains doc labels); KeyResourceUrls column added with resolved canonical URLs.",active,,,,2026-07-17,,,,
Yilei Chen,China,Assistant Professor; Cryptographer,Tsinghua University,Academic,Algorithm Inventor,Researcher who published a 2024 paper proposing a quantum algorithm that appeared to threaten the security of lattice-based cryptographic schemes underlying ML-KEM and ML-DSA; the work (later found to have a flaw) prompted NIST to intensify security analysis of finalized PQC standards and underscored the importance of ongoing cryptographic research for quantum-safe migration.,https://ui-avatars.com/api/?name=Yilei+Chen&background=0b0d17&color=f59e0b&size=128&bold=true,https://www.tsinghua.edu.cn/,,Cloudflare-PQ-Internet-2025,https://blog.cloudflare.com/pq-2025/,cloudflare,no,,FIELD CORRECTION (2026-07-17): Role corrected from 'Professor' to 'Assistant Professor' per his IIIS Tsinghua faculty page. Core claim reconfirmed: he is the real author of the April 2024 paper (eprint 2024/555) proposing a quantum LWE algorithm that was found to have a flaw about a week later; Tsinghua IIIS affiliation confirmed current. | Proposed 2026-05-06: KeyResourceUrl renamed to KeyResourceRefs (contains doc labels); KeyResourceUrls column added with resolved canonical URLs.,active,,,,2026-07-17,,,,
Samuel Jaques,Canada,Assistant Professor; Quantum Cryptanalyst,University of Waterloo,Academic,Algorithm Inventor,Assistant Professor in the Department of Combinatorics and Optimization at the University of Waterloo and IQC Associate at the Institute for Quantum Computing; his work on precise qubit and gate count benchmarks for quantum attacks on classical cryptosystems informs security parameter selection for NIST PQC standard algorithms and global migration timeline planning.,https://ui-avatars.com/api/?name=Samuel+Jaques&background=0b0d17&color=f59e0b&size=128&bold=true,https://uwaterloo.ca/,,Cloudflare-PQ-Internet-2025,https://blog.cloudflare.com/pq-2025/,cloudflare,no,,"FIELD CORRECTION (2026-07-17): Role corrected from 'Research Fellow' to 'Assistant Professor, Department of Combinatorics and Optimization' -- no source uses 'Research Fellow'. University of Waterloo affiliation (since 2023) and quantum resource-estimation research focus both reconfirmed accurate. | Proposed 2026-05-06: KeyResourceUrl renamed to KeyResourceRefs (contains doc labels); KeyResourceUrls column added with resolved canonical URLs.",active,,,,2026-07-17,,,,
Meltem Sönmez Turan,United States,"Mathematician; Co-Lead, Lightweight Cryptography",NIST,Public,Government,"NIST mathematician who co-leads NIST's Lightweight Cryptography Standardization project; co-author of NIST IR 8454 (Status Report on the Final Round of the NIST Lightweight Cryptography Standardization Process, 2023) and SP 800-232 (Ascon-Based Lightweight Cryptography Standards for Constrained Devices); her standardization-process work parallels the PQC track and informs constrained-device cryptographic agility.",https://ui-avatars.com/api/?name=Meltem+Sonmez+Turan&background=0b0d17&color=22d3ee&size=128&bold=true,https://csrc.nist.gov/,,NIST-SP-800-232,https://nvlpubs.nist.gov/nistpubs/ir/2023/NIST.IR.8454.pdf;https://nvlpubs.nist.gov/nistpubs/SpecialPublications/NIST.SP.800-232.pdf,nist-csrc,yes,NIST,"FIELD CORRECTION (2026-07-17): Both original claimed credits were FABRICATED -- she is not an author of NIST SP 800-56C Rev. 2 (real authors: Barker, Chen, Davis) or SP 800-108 Rev. 1 (sole author: Lily Chen), per csrc.nist.gov. Replaced with her real, verified NIST IR 8454 co-authorship (Lightweight Cryptography Standardization) and corrected title to Mathematician/Co-Lead per nist.gov/people. | Proposed 2026-05-06: KeyResourceUrl renamed to KeyResourceRefs (contains doc labels); KeyResourceUrls column added with resolved canonical URLs. Note: NIST IR 8454 is not yet in the hub's library CSV, so KeyResourceRefs is left empty (NO_REF, matching the existing 63-row warn-only backlog) rather than pointing at an unresolvable ref -- adding NIST IR 8454 to the library is separate curation work. | REF BACKFILL (2026-07-27 spot-check): KeyResourceRefs set to NIST-SP-800-232, which IS in the hub library and active. She is a named author of SP 800-232 (Ascon-Based Lightweight Cryptography Standards for Constrained Devices, published 2025-08-13, with McKay, Chang, Kang and Kelsey). This does not contradict the 2026-05-06 note above -- that note is still correct that NIST IR 8454 is absent from the library; the backfill goes through a DIFFERENT document she also authored. Name/Role/Organization re-verified against nist.gov/people.",active,,,,2026-07-27,,,,
John Kelsey,United States,Research Scientist; Cryptographer,NIST,Public,Government,"NIST cryptographer and co-author of the NIST PQC Standardization status reports (NIST IR 8413, 8545) documenting the selection of ML-KEM, ML-DSA, SLH-DSA, and HQC; a foundational contributor to the decade-long NIST PQC standardization process.",https://ui-avatars.com/api/?name=John+Kelsey&background=0b0d17&color=22d3ee&size=128&bold=true,https://csrc.nist.gov/,,NIST IR 8413,https://nvlpubs.nist.gov/nistpubs/ir/2022/NIST.IR.8413-upd1.pdf,nist-news,partial,NIST,"FIELD CORRECTION (2026-07-17): Removed false NIST SP 800-56C Rev. 2 co-authorship claim -- real authors are Barker, Chen, and Davis only, per csrc.nist.gov. IR 8413 and IR 8545 co-authorship independently reconfirmed accurate. | Proposed 2026-05-06: KeyResourceUrl renamed to KeyResourceRefs (contains doc labels); KeyResourceUrls column added with resolved canonical URLs.",active,,,,2026-07-17,,,,
Quynh Dang,United States,Research Scientist; Cryptographer,NIST,Public,Government,NIST cryptographer and co-author of NIST IR 8413 (Third Round PQC Status Report); contributes to NIST key management and post-quantum standardization research across federal infrastructure.,https://ui-avatars.com/api/?name=Quynh+Dang&background=0b0d17&color=22d3ee&size=128&bold=true,https://csrc.nist.gov/,,NIST IR 8413,https://nvlpubs.nist.gov/nistpubs/ir/2022/NIST.IR.8413-upd1.pdf,nist-news,partial,NIST,"FIELD CORRECTION (2026-07-17): Removed false NIST SP 800-56C Rev. 2 co-authorship claim -- real authors are Barker, Chen, and Davis only, per csrc.nist.gov. IR 8413 co-authorship (listed as 'Dang, Q.', distinct from co-author 'Dang, T.') independently reconfirmed accurate. | Proposed 2026-05-06: KeyResourceUrl renamed to KeyResourceRefs (contains doc labels); KeyResourceUrls column added with resolved canonical URLs.",active,,,,2026-07-17,,,,
Romain Alléaume,France,Professor; QKD Standards Expert,Télécom Paris (IMT),Academic,Standards,Professor at Télécom Paris and contributor to ETSI GS QKD 012 (Device and Communication Channel Parameters); active in ETSI QKD Industry Specification Group driving interoperability standards for quantum key distribution networks; his research bridges theoretical QKD security proofs and practical network deployment.,https://ui-avatars.com/api/?name=Romain+Alleaume&background=0b0d17&color=60a5fa&size=128&bold=true,https://www.telecom-paris.fr/,,ETSI-GS-QKD-012,https://www.etsi.org/deliver/etsi_gs/QKD/001_099/012/,etsi-cyber,yes,ETSI,"Verified 2026-07-17: Télécom Paris professorship, ETSI QKD ISG membership, and ETSI GS QKD 012 contribution (listed rapporteur/first author) all reconfirmed via official Télécom Paris and ETSI sources. | Proposed 2026-05-06: KeyResourceUrl renamed to KeyResourceRefs (contains doc labels); KeyResourceUrls column added with resolved canonical URLs.",active,,,,2026-07-17,,,,
Aditya Koranga,India,Principal Security Architect; TAC Member OpenSSL; TAC Chair PQCA; TSC Member CBOMkit; Co-Founder NgKore,PQStation,Private,Standards,"Principal Security Architect focused on the open-source PQC ecosystem; Technical Advisory Committee (TAC) member at OpenSSL Foundation; TAC Chair at LF Post Quantum Cryptography Alliance (PQCA); Technical Steering Committee (TSC) member at CBOMkit; Co-Founder of NgKore Foundation; holder of an Indian patent (IN561622) on securing 5G SUCI with forward secrecy using hybrid PQC; co-author of a paper at the 1st free5GC World Forum (2025) on quantum-safe network protocols; creator of the Qvision product for PQC visibility; speaker at OpenSSL Conference, Luminari Conference, and Linux Foundation DTF Days.",https://ui-avatars.com/api/?name=Aditya+Koranga&background=0b0d17&color=60a5fa&size=128&bold=true,,https://www.linkedin.com/in/aditya-koranga/,OpenSSL-3x-Docs;liboqs-v0.15.0;FIPS 203,https://www.openssl.org/; https://github.com/open-quantum-safe/liboqs; https://csrc.nist.gov/pubs/fips/203/final,openssl-project,partial,NIST,"FIELD CORRECTION (2026-07-17): Multiple fields corrected after extra-scrutiny check (dense credential list matched prior fabrication pattern). PQCA title corrected TAC Vice Chair -> TAC Chair (more senior, per pqca.org governance page); NgKore role corrected Director -> Co-Founder (every source says Co-Founder, none says Director); removed unconfirmed 3GPP technical report claim (not found anywhere); corrected 'ACM CCS paper' -- real venue was the 1st free5GC World Forum 2025, a niche workshop, not the ACM CCS flagship conference. OpenSSL TAC, CBOMkit TSC, and PQStation affiliation all independently confirmed via official third-party pages. | Proposed 2026-05-06: KeyResourceUrl renamed to KeyResourceRefs (contains doc labels); KeyResourceUrls column added with resolved canonical URLs.",active,,,,2026-07-17,,,,
Krzysztof (Kris) Kwiatkowski,United Kingdom,Cryptographer; Engineer,PQShield,Private,Industry Vendor,"Cryptographer and engineer at PQShield specializing in PQC implementations; creator of PQShield PQCryptoLib-Core (FIPS-certified), PQCryptoLib-SDK, and PQMicroLib-Core targeting embedded and general-purpose environments; lead author of the IETF hybrid ECDHE-ML-KEM key agreement draft for TLS 1.3 (draft-ietf-tls-ecdhe-mlkem, listed first in the datatracker author order) and the IETF PQC migration guidance draft; contributor to the NIST NCCoE PQC Migration practice guide (SP 1800-38C).",https://ui-avatars.com/api/?name=Krzysztof+Kris+Kwiatkowski&background=0b0d17&color=a78bfa&size=128&bold=true,https://pqshield.com/,https://www.linkedin.com/in/krzysiekkwiatkowski/,draft-ietf-tls-ecdhe-mlkem-04;draft-kwiatkowski-pquip-pqc-migration-00;NIST NCCoE SP 1800-38C;draft-ietf-pquip-pqc-hsm-constrained-03,https://datatracker.ietf.org/doc/draft-ietf-tls-ecdhe-mlkem/; https://datatracker.ietf.org/doc/draft-kwiatkowski-pquip-pqc-migration/; https://csrc.nist.gov/pubs/sp/1800/38/iprd; https://datatracker.ietf.org/doc/draft-ietf-pquip-pqc-hsm-constrained/,ietf,partial,IETF;NIST,"Proposed 2026-05-06: KeyResourceUrl renamed to KeyResourceRefs (contains doc labels); KeyResourceUrls column added with resolved canonical URLs. | MERGE (2026-07-17): consolidated with the duplicate 'Kris Kwiatkowski' row (same person -- identical LinkedIn profile krzysiekkwiatkowski, identical org/website, overlapping IETF draft citations), now deprecated with a pointer here. Independently verified 2026-07-17 (as 'Kris Kwiatkowski'): PQShield employment and lead-author status on draft-ietf-tls-ecdhe-mlkem both confirmed directly against the IETF datatracker's own author order; official PQShield title is 'Staff Cryptography Architect' (this row's 'Cryptographer; Engineer' is a reasonable paraphrase, not disqualifying).",active,,,,2026-07-17,,,,
Dr. Vladimir Soukharev,Canada,VP Cryptographic Technology,Keyfactor (InfoSec Global),Private,Industry Vendor,"VP of Cryptographic Technology at Keyfactor (InfoSec Global); leads cryptographic R&D with focus on PQC, Cryptographic Agility, and Cryptographic Discovery & Analytics; Ph.D. from University of Waterloo under David Jao specializing in cryptography; contributor to NCCoE, NIST, and Quantum-Safe Canada government PQC initiatives; published at PQCrypto, Financial Cryptography, and the Journal of Mathematical Cryptology; member of CryptoWorks21 and Centre for Applied Cryptographic Research.",https://ui-avatars.com/api/?name=Vladimir+Soukharev&background=0b0d17&color=a78bfa&size=128&bold=true,https://www.keyfactor.com/,https://www.linkedin.com/in/vladimir-soukharev-ph-d-960bb3109/,HSBC-InfoSecGlobal-Thales-CryptographicInventory-2025;NIST NCCoE SP 1800-38C,https://cpl.thalesgroup.com/blog/encryption/quantum-readiness-collaborative-path-infosec-global-thales; https://csrc.nist.gov/pubs/sp/1800/38/iprd,thales-research,partial,NIST,"Verified 2026-07-17: Keyfactor (InfoSec Global) VP Cryptographic Technology role, University of Waterloo PhD under David Jao, and PQCrypto/Financial Cryptography/JMC publication record all reconfirmed via Keyfactor's own bio page. | Proposed 2026-05-06: KeyResourceUrl renamed to KeyResourceRefs (contains doc labels); KeyResourceUrls column added with resolved canonical URLs. | Authorship cross-check verification (2026-07-30): flagged by the new leaders/library authorship cross-check because the cited library row's authors_or_organization field lists only the three sponsoring companies, not individuals -- confirmed directly named in the actual report text (cpl.thalesgroup.com), so the citation is correct; the library catalog's author field is simply under-specified.",active,,,,2026-07-30,,,,
Dr. Ludovic Perret,France,Co-Founder; Professor,"CryptoNext Security;EPITA (LRE);Sorbonne Université (LIP6, associate member)",Private,Industry Vendor,"Co-founded CryptoNext Security; leading quantum-safe cryptography vendor; RESQUE consortium member; provides the C-QSL quantum-safe cryptographic library compliant with ANSSI and BSI guidelines. Also Professor at EPITA (LRE) since Oct 2024, previously 17 years at Sorbonne Université/CNRS (LIP6); expert in algebraic cryptanalysis; contributed to breaking several NIST PQC candidates; research on multivariate and code-based systems.",https://ui-avatars.com/api/?name=Ludovic+Perret&background=0b0d17&color=a78bfa&size=128&bold=true,https://www.cryptonext-security.com/,https://www.linkedin.com/in/ludovic-perret-37a12524/,,https://polsys.lip6.fr/~perret/,,yes,IACR,"source verified 2026-06-24 re-audit | TITLE/INFO REVIEW (2026-06-24 re-audit): Title may need a caveat: widely documented as co-founder and FIRST CEO of CryptoNext Security; some current sources (e.g. Crunchbase) list him as CCO/Chief Cryptographer with the operational CEO role since held by another (Florent Grosmaitre). Academic affiliation now EPITA/LRE (since Oct 2024) after 17 years at Sorbonne/LIP6/CNRS. | Independent re-check 2026-07-17: consistent with the 2026-06-24 finding above (Perret is co-founder, not CEO -- CryptoNext's CEO is Florent Grosmaitre per the company's own site). One new correction: the product is 'C-QSL' (Quantum Safe Library), not 'C-QSC' as listed in Contribution. Did not independently re-verify his current academic affiliation -- defer to the 2026-06-24 note's EPITA/LRE finding. Candidate library reference (not yet added): 'Biscuit' MPCitH signature scheme paper, eprint.iacr.org/2023/1760. | Proposed 2026-07-19: 07-19 follow-up remediation (R1), peer_reviewed backfill batch 2 — named co-author of ""Improved Cryptanalysis of UOV and Rainbow"" (EUROCRYPT 2021) directly breaking a NIST PQC Round 3 finalist, plus ""Cryptanalysis of MinRank"" (CRYPTO 2008) and other IACR-venue papers; 90+ peer-reviewed publications on DBLP/IACR CryptoDB. | APPLIED (2026-07-27 spot-check): the 2026-06-24 and 2026-07-17 notes above both recorded these corrections and NEITHER was ever written into the fields they describe -- Role still read 'CEO and Co-Founder' and Contribution still read 'C-QSC'. Now applied: Role drops the CEO claim (CryptoNext's CEO is Florent Grosmaitre, re-confirmed today); Contribution says C-QSL and no longer says he 'leads' the company; Organization updated to EPITA/LRE, verified today against the lab's own member page (Professor, Security and Systems group, since Oct 2024; associate member of LIP6; 17 years at Sorbonne/LIP6 before that). Co-founder status itself is unchanged and correct.",active,,,,2026-07-27,,,,
Jean-Noël de Galzain,France,Founder and CEO,WALLIX Group,Private,Industry Vendor,Founder and CEO of WALLIX Group; French privileged access management and cybersecurity leader; advocate for European digital sovereignty; founder and chairman of the HEXATRUST group.,https://ui-avatars.com/api/?name=Jean-Noel+Galzain&background=0b0d17&color=a78bfa&size=128&bold=true,https://www.wallix.com/,https://www.linkedin.com/in/jndegalzain-cybersecurity-privacy-entrepreneurship/,,https://www.wallix.com/company/leadership-team/,,no,,"source verified 2026-06-24 re-audit | TITLE/INFO REVIEW (2026-07-17 re-audit): real Founder/CEO of WALLIX Group, confirmed via the company's own leadership page and independent sources (LinkedIn, TheOrg, KuppingerCole). However, no source ties him or WALLIX to quantum-safe identity management or PQC -- no product page, speaker bio, whitepaper, or press coverage substantiates that specific claim; it appears to be an invented embellishment on an otherwise accurate profile. Flagged for a human call on whether PQC relevance is strong enough to keep in this directory. | Proposed 2026-07-19: 07-19 follow-up remediation (R1), peer_reviewed backfill batch 3 — founder/CEO of WALLIX and advocacy-body leadership (HEXATRUST, Systematic cluster); no peer-reviewed paper, RFC, or standard found under his name. | PARTIALLY APPLIED (2026-07-27 spot-check): the 2026-07-17 note called the 'quantum-safe identity management' claim an invented embellishment and it was still in Contribution today; independent re-check found no source tying him or WALLIX to PQC either. That phrase is now removed -- carrying an unsubstantiated claim about a real person is not a judgment call. Founder/CEO of WALLIX and the European digital-sovereignty advocacy (HEXATRUST) are re-confirmed and kept. The note's actual open question -- whether this profile's PQC relevance is strong enough to keep it in this directory -- is a human call and REMAINS OPEN; the row stays active pending that.",active,,,,2026-07-27,,,,
Skip Sanzeri,USA,Founder & COO,QuSecure,Private,Industry Vendor,Co-founded PQCA founding member company; QuProtect platform deployed with U.S. Department of Defense; raised $28M Series A (2023).,https://ui-avatars.com/api/?name=Skip+Sanzeri&background=0b0d17&color=a78bfa&size=128&bold=true,https://www.qusecure.com/,https://www.linkedin.com/in/skipsanzeri/,,https://www.qusecure.com/qusecures-co-founder-and-coo-skip-sanzeri-meets-with-the-lord-mayor-of-london/,,no,,"source verified 2026-06-24 re-audit | TITLE/INFO REVIEW (2026-07-17 re-audit): Co-Founder/Board Chair/COO of QuSecure, PQCA founding member (Feb 2024), and DoD deployment all reconfirmed. The $28M Series A is real but the year is wrong: it closed February 2025, not 2023 (QuSecure's own press materials and BusinessWire/Quantum Computing Report both date it Feb 2025). Candidate library reference (not yet added): 'Quantum Design Sprint' book (2019). | Proposed 2026-07-19: 07-19 follow-up remediation (R1), peer_reviewed backfill batch 1 — co-founder/COO/Chair, serial entrepreneur; only publication is a business methodology workbook, not a paper or standard; no RFC/NIST/academic authorship found.",active,,,,2026-07-17,,,,
Duncan Jones,UK,Head of Cybersecurity,Quantinuum,Private,Industry Vendor,Leads cybersecurity for quantum computing company; Quantum-Safe 360 Alliance member; developed PQC Starter Kit with Thales (2024).,https://ui-avatars.com/api/?name=Duncan+Jones&background=0b0d17&color=a78bfa&size=128&bold=true,https://www.quantinuum.com/,https://www.linkedin.com/in/duncanjones/,,https://cpl.thalesgroup.com/about-us/newsroom/thales-quantinuum-pqc-starter-kit-press-release,,no,,"source verified 2026-06-24 re-audit | Independent re-check 2026-07-17: role, org, Thales PQC Starter Kit (Jan 2024), and Quantum-Safe 360 Alliance membership all reconfirmed via independent sources. Candidate library reference (not yet added): Quantinuum's Quantum Origin Technical White Paper. | Proposed 2026-07-19: 07-19 follow-up remediation (R1), peer_reviewed backfill batch 1 — business/product leadership titles at Quantinuum (Head of Quantum Cybersecurity); no RFC, academic paper, or standard authorship found under his name.",active,,,,2026-07-17,,,,
Prof. Florian Mendel,Germany,Cryptographer and Security Architect,Infineon Technologies,Private,Industry Adopter,Cryptographer and Security Architect at Infineon Technologies; expert in hash functions and symmetric cryptography; extensive contributions to cryptographic standards and implementations for embedded security.,https://ui-avatars.com/api/?name=Florian+Mendel&background=0b0d17&color=10b981&size=128&bold=true,https://www.infineon.com/,https://www.linkedin.com/in/florianmendel/,,https://dblp.org/pid/43/1829.html,,yes,NIST;IACR,"source verified 2026-06-24 re-audit | TITLE/INFO REVIEW (2026-06-24 re-audit): Role/org ""Cryptographer and Security Architect at Infineon Technologies"" is correct; the ""Prof."" honorific is an overstatement — he holds a PhD (Graz Univ. of Technology, 2010, under Vincent Rijmen) and works in industry at Infineon, not as a titled professor. | Independent re-check 2026-07-17: role/org at Infineon reconfirmed via ResearchGate + LinkedIn. Does not resolve the 'Prof.' honorific caveat noted above. Candidate library reference (not yet added): NIST SP 800-232 (Ascon). | Proposed 2026-07-19: 07-19 follow-up remediation (R1), peer_reviewed backfill batch 3 — named co-designer of Grøstl (SHA-3 finalist) and Ascon (NIST-selected Lightweight Cryptography standard, published as NIST SP 800-232), plus numerous peer-reviewed papers from his TU Graz/KU Leuven research career.",active,,,,2026-07-17,,,,
Dr. Joppe Bos,Belgium,Cryptographic Researcher,NXP Semiconductors,Private,Algorithm Inventor,Co-author of Kyber and Frodo; expertise in efficient lattice implementations for embedded systems.,https://ui-avatars.com/api/?name=Joppe+Bos&background=0b0d17&color=f59e0b&size=128&bold=true,https://www.joppebos.com/,https://www.linkedin.com/in/joppebos/,FIPS 203,https://www.joppebos.com/,,yes,NIST,"source verified 2026-06-24 re-audit; Moved KeyResourceUrl->KeyResourceRefs 2026-07-17 (audit-leaders-refs.ts MISFILED_REF fix): value 'FIPS 203' is a real library reference_id that was sitting in the wrong column, not a URL.",active,,,,2026-06-24,,,,
Dr. Gregor Seiler,Switzerland,Research Scientist,IBM Research Europe Zurich,Private,Algorithm Inventor,Co-designer of Dilithium; led optimized implementations; contributor to FALCON signature scheme.,https://ui-avatars.com/api/?name=Gregor+Seiler&background=0b0d17&color=f59e0b&size=128&bold=true,https://research.ibm.com/,https://www.linkedin.com/in/gregor-seiler-118299231/,FIPS 204,https://research.ibm.com/blog/ibm-researchers-win-prestigious-european-grants,,yes,NIST,"source verified 2026-06-24 re-audit; Moved KeyResourceUrl->KeyResourceRefs 2026-07-17 (audit-leaders-refs.ts MISFILED_REF fix): value 'FIPS 204' is a real library reference_id that was sitting in the wrong column, not a URL.",active,,,,2026-06-24,,,,
Dr. Carlos Aguilar Melchor,France,Chief Cybersecurity Scientist,SandboxAQ,Private,Algorithm Inventor,Principal developer of HQC since 2000s; demonstrated HQC resolved 40-year-old open problem in code-based key exchanges.,https://ui-avatars.com/api/?name=Carlos+Aguilar+Melchor&background=0b0d17&color=f59e0b&size=128&bold=true,https://www.sandboxaq.com/,https://www.linkedin.com/in/carlos-aguilar-melchor/,,https://www.sandboxaq.com/post/carlos-aquilar-melchor-joins-sandboxaq-to-lead-our-cryptography-research-team,,yes,NIST,"source verified 2026-06-24 re-audit | Independent re-check 2026-07-17: title/org verbatim-confirmed via SandboxAQ's own announcement. The 'since 2000s' / '40-year-old open problem' phrasing is a direct quote from him in SandboxAQ's press release, not an invented embellishment. Candidate library reference (not yet added): official HQC specification, pqc-hqc.org.",active,,,FIPS-207-HQC,2026-07-17,,,,
Mark Hughes,USA,Global Managing Partner Consulting Cybersecurity,IBM,Private,Industry Vendor,Leads IBM's quantum-safe consulting; IBM z17 mainframe launched with PQC Crypto Engine and NIST-standard APIs (Jun 2025); partnered with Palo Alto Networks (Nov 2025) for Quantum-Safe Readiness solution.,https://ui-avatars.com/api/?name=Mark+Hughes&background=0b0d17&color=a78bfa&size=128&bold=true,https://www.ibm.com/quantum/quantum-safe,https://www.linkedin.com/in/markhughesibm/,,https://uk.linkedin.com/in/markhughesibm,,no,,"source verified 2026-06-24 re-audit | Independent re-check 2026-07-17: title (trivial variant, not an error), IBM z17 PQC launch (Jun 2025), and Palo Alto Networks partnership (Nov 2025) all reconfirmed with exact dates. Candidate library reference (not yet added): the Nov 19 2025 joint press release quoting him directly.",active,,,,2026-07-17,,,,
Jack Hidary,USA,CEO,SandboxAQ,Private,Industry Vendor,"Founded quantum group at Alphabet (2016), led spinout (2022); author of 'Quantum Computing: An Applied Approach'; founding member of PQC Alliance (Feb 2024).",https://ui-avatars.com/api/?name=Jack+Hidary&background=0b0d17&color=a78bfa&size=128&bold=true,https://www.sandboxaq.com/,https://www.linkedin.com/in/jackhidary/,,https://www.sandboxaq.com/company/leadership/jack-hidary,,no,,"source verified 2026-06-24 re-audit | Independent re-check 2026-07-17: role, Alphabet/SandboxAQ history, and PQCA founding membership (Feb 2024) all reconfirmed. Candidate library reference (not yet added): 'Quantum Computing: An Applied Approach' (Springer, 2019/2021).",active,,,,2026-07-17,,,,
Dr. Ali El Kaafarani,UK,CEO and Founder,PQShield,Private,Industry Vendor,Leading NIST PQC standardization contributor; contributed RISC-V crypto extensions; raised $65.3M including $37M Series B (Jun 2024).,https://ui-avatars.com/api/?name=Ali+El+Kaafarani&background=0b0d17&color=a78bfa&size=128&bold=true,https://pqshield.com/,https://www.linkedin.com/in/ali-el-kaafarani/,,https://pqshield.com/pqshield-raises-37m-in-series-b-funding/,,yes,IACR,"source verified 2026-06-24 re-audit | Independent re-check 2026-07-17: role, org, and the $65.3M total / $37M Series B (Jun 2024) funding figures reconfirmed exactly via TechCrunch/PQShield press release/Crunchbase. Candidate library reference (not yet added): 'Post-Quantum Attribute-Based Signatures from Lattice Assumptions', IACR ePrint 2016/823. | Proposed 2026-07-19: 07-19 follow-up remediation (R1), peer_reviewed backfill batch 2 — named author on multiple peer-reviewed IACR/Springer venues from his research career (PKC 2018, PKC 2020, Financial Crypto 2018, CT-RSA 2014) per DBLP; the CSV's ""NIST PQC standardization contributor"" line describes PQShield institutionally, not his personal authorship — Falcon's actual PQShield-affiliated author is Thomas Prest.",active,,,,2026-07-17,,,,
Dr. Amit Sinha,USA,CEO,DigiCert,Private,Industry Vendor,Named CEO Oct 2022; leading World Quantum Readiness Day initiative; launched DigiCert ONE platform supporting PQC.,https://ui-avatars.com/api/?name=Amit+Sinha&background=0b0d17&color=a78bfa&size=128&bold=true,https://www.digicert.com/,https://www.linkedin.com/in/amitsinha/,,https://www.digicert.com/news/digicert-appoints-industry-veteran-amit-sinha-as-chief-executive-officer,,yes,IEEE,"source verified 2026-06-24 re-audit | Independent re-check 2026-07-17: CEO appointment (Oct 2022), World Quantum Readiness Day, and DigiCert ONE PQC support all reconfirmed via DigiCert's own announcements. | Proposed 2026-07-19: 07-19 follow-up remediation (R1), peer_reviewed backfill batch 2 — independently confirmed on Google Scholar as co-author of a 2006 IEEE wireless-security paper from his pre-CEO AirDefense/Motorola R&D career; also multiple US patents as named inventor.",active,,,,2026-07-17,,,,
Dr. Atsushi Yamada,Canada,CEO,ISARA Corporation,Private,Industry Vendor,Appointed CEO May 2023; pioneer of hybrid certificate approach with public patents; developed ISARA Catalyst Crypto Agile PKI platform.,https://ui-avatars.com/api/?name=Atsushi+Yamada&background=0b0d17&color=a78bfa&size=128&bold=true,https://www.isara.com/,https://www.linkedin.com/in/atsushi-yamada-4a990167/,,https://www.isara.com/,,partial,,"source verified 2026-06-24 re-audit | Independent re-check 2026-07-17: CEO appointment (May 2023) and hybrid-certificate patent work reconfirmed; found a specific co-invented patent, US9794249B1, as a candidate library reference (not yet added). | Proposed 2026-07-19: 07-19 follow-up remediation (R1), peer_reviewed backfill batch 2 — real named inventor on ISARA's dedicated hybrid-certificate patents (US9660978B1, US9794249B1), but no peer-reviewed paper or standards authorship found under his name. | KeyResourceUrls repointed 2026-08-09: isara.com/company/leadership-team.html is a soft-404. No replacement leadership page was found, so this points at the company root — a weaker citation, flagged rather than left dead.",active,,,,2026-08-09,,,,
Dr. Shahram Mossayebi,UK,CEO and Co-Founder,Crypto Quantique,Private,Industry Vendor,Founded company (2016) for IoT security using quantum technologies; created QDID—world's first quantum-driven secure silicon chip.,https://ui-avatars.com/api/?name=Shahram+Mossayebi&background=0b0d17&color=a78bfa&size=128&bold=true,https://crypto-quantique.com/,https://www.linkedin.com/in/mossayebi/,,https://www.cryptoquantique.com/about/,,yes,IEEE,"source verified 2026-06-24 re-audit | Independent re-check 2026-07-17: role, 2016 founding date, and the QDID chip claim all reconfirmed via independent trade press (not just company marketing). Candidate library reference (not yet added): Mossayebi & Schack, 'Concrete Security Against Adversaries with Quantum Superposition Access...' (2016). | Proposed 2026-07-19: 07-19 follow-up remediation (R1), peer_reviewed backfill batch 2 — named co-author (with Crypto Quantique co-founder Camilleri and cryptographer Kenneth Paterson) of ""Using Gate Tunneling in Bulk CMOS to Create a PUF,"" IEEE Internet of Things Journal 11(2), 2024 — directly on the PUF technology underlying QDID.",active,,,,2026-07-17,,,,
Rebecca Krauthamer,USA,CEO and Co-Founder,QuSecure,Private,Industry Vendor,Led $28M Series A; launched QuProtect—first end-to-end PQC software platform (May 2022); customers include U.S. Army and Air Force.,https://ui-avatars.com/api/?name=Rebecca+Krauthamer&background=0b0d17&color=a78bfa&size=128&bold=true,https://www.qusecure.com/,https://www.linkedin.com/in/rkrauthamer/,,https://www.weforum.org/people/rebecca-krauthamer/,,partial,,"source verified 2026-06-24 re-audit | Independent re-check 2026-07-17: CEO since Feb 2025 (concurrent with the $28M Series A close, consistent with the Skip Sanzeri row's correction), QuProtect May 2022 launch, and Army/Air Force customer claims all reconfirmed. No conflict with Skip Sanzeri's COO/Chair role -- QuSecure's first CEO was her father Dave Krauthamer; she succeeded him. Candidate library reference (not yet added): WEF/Deloitte white paper 'Transitioning to a Quantum-Secure Economy' (Sept 2022), co-authored by her. | Proposed 2026-07-19: 07-19 follow-up remediation (R1), peer_reviewed backfill batch 1 — CEO with a real technical background (Stanford Symbolic Systems, ML engineer) and named inventor on QuSecure patents, but patent inventorship is not peer review or standardization — no NIST/IETF/academic authorship found.",active,,,,2026-07-17,,,,
Greg Wetmore,USA/Canada,VP of Software Development,Entrust,Private,Industry Vendor,"Leads Entrust Strong Identities and Trusted Infrastructure; PQC spokesperson for Entrust's composite (hybrid) certificate IETF drafts (authored by colleagues Mike Ounsworth and John Gray, not Wetmore); NIST NCCoE participant.",https://ui-avatars.com/api/?name=Greg+Wetmore&background=0b0d17&color=a78bfa&size=128&bold=true,https://www.entrust.com/,https://www.linkedin.com/in/gregwetmore/,,https://ca.linkedin.com/in/gregwetmore,,no,,"source verified 2026-06-24 re-audit | TITLE/INFO REVIEW (2026-06-24 re-audit): Real Entrust executive; title has appeared as both ""VP of Software Development"" and ""VP of Product Development"" (Entrust/Entrust Datacard) — both sourced, so the listed title is acceptable. However, the composite (hybrid) certificate IETF drafts (draft-ietf-lamps-pq-composite-sigs / -kem) were authored by Entrust colleagues Mike Ounsworth and John Gray, NOT Wetmore; he is a PQC spokesperson for this work, not the draft proposer. He does lead Entrust Strong Identities/Trusted Infrastructure engineering and is an active PQC/NCCoE-adjacent voice. | Independent re-check 2026-07-17: confirms the existing 2026-06-24 finding above (composite-cert IETF drafts are authored by Entrust colleagues Ounsworth/Gray, not Wetmore) -- no new information, cross-validated via a direct IETF datatracker author search returning zero documents under his name. | Proposed 2026-07-19: 07-19 follow-up remediation (R1), peer_reviewed backfill batch 2 — checked the actual IETF composite-certificate draft author lists directly — Ounsworth, Gray, Pala, Klaußner, Fluhrer, not Wetmore; his real role is Entrust VP of Product Development, a business/spokesperson role for colleagues' technical work (this cross-validates two prior findings already in this row's notes, 06-24 and 07-17, that were never applied to the Contribution field until now).",active,,,,2026-07-17,,,,
Phil Venables,USA,Venture Partner; Former CISO,Ballistic Ventures (former Google Cloud),Private,Industry Adopter,"Former VP Technical Infrastructure Security and CISO at Google Cloud (departed Apr 2025); led Google's multi-pronged PQC strategy: testing in Chrome since 2016, protecting internal comms since 2022, contributing to NIST standards; now Venture Partner at Ballistic Ventures.",https://ui-avatars.com/api/?name=Phil+Venables&background=0b0d17&color=10b981&size=128&bold=true,https://ballisticventures.com/,https://www.linkedin.com/in/philvenables/,,https://ballisticventures.com/team/phil-venables/,,yes,Nature,"source verified 2026-06-24 re-audit | Independent re-check 2026-07-17: Google Cloud CISO departure (Mar/Apr 2025) and Ballistic Ventures role reconfirmed; Chrome PQC testing since 2016 and internal-comms protection since 2022 both directly sourced to his own Google Cloud blog posts. Candidate library reference (not yet added): his Aug 2024 Google Cloud blog post on PQC readiness. | Proposed 2026-07-19: 07-19 follow-up remediation (R1), peer_reviewed backfill batch 1 — named co-author on ""Transitioning organizations to post-quantum cryptography,"" Nature 605, 237-243 (2022), DOI 10.1038/s41586-022-04623-2 — a peer-reviewed journal article.",active,,,,2026-07-17,,,,
Sophie Schmieg,USA,Head of Cryptography (Senior Staff Cryptography Engineer),Google,Private,Industry Adopter,Enabled PQC on Google's ALTS protocol (2022) with hybrid NTRU-HRSS + X25519; maintains PQC in BoringCrypto and Tink; leads Google's ISE Crypto team.,https://ui-avatars.com/api/?name=Sophie+Schmieg&background=0b0d17&color=10b981&size=128&bold=true,https://www.google.com/,https://www.linkedin.com/in/sophie-schmieg-14367499/,FIPS 205,https://cloud.google.com/blog/products/identity-security/why-google-now-uses-post-quantum-cryptography-for-internal-comms,,yes,USENIX Security,"FIELD CORRECTION (2026-07-17): applying the 2026-06-24 note's already-documented findings -- Role updated to her current title (was listed as her 2022 title); Contribution's false SPHINCS+ co-authorship claim removed (that's her colleague Stefan Kolbl's work, per the existing note). | source verified 2026-06-24 re-audit | TITLE/INFO REVIEW (2026-06-24 re-audit): Now leads ISE Crypto / Head of Cryptography (Senior Staff Cryptography Engineer) at Google; ""Senior Cryptography Engineer"" was her 2022 title. NOTE: the SPHINCS+ co-authorship claim is false — she is NOT a SPHINCS+ author (her Google colleague Stefan Kolbl is); the ALTS NTRU-HRSS+X25519, BoringCrypto/Tink, and PQC-leadership claims are correct.; Moved KeyResourceUrl->KeyResourceRefs 2026-07-17 (audit-leaders-refs.ts MISFILED_REF fix): value 'FIPS 205' is a real library reference_id that was sitting in the wrong column, not a URL. | Proposed 2026-07-19: 07-19 follow-up remediation (R1), peer_reviewed backfill batch 2 — named co-author of ""How to Abuse and Fix Authenticated Encryption Without Key Commitment,"" USENIX Security 2022, confirmed via dblp.",active,,,,2026-07-17,,,,
Panos Kampanakis,USA,Principal Security Engineer AWS Cryptography,AWS,Private,Industry Adopter,"Key architect of AWS's PQC strategy; deployed ML-KEM PQC across KMS, Secrets Manager, Certificate Manager; AWS-LC FIPS 3.0 first library with ML-KEM in FIPS 140-3; CRYSTALS-Kyber retirement planned 2026.",https://ui-avatars.com/api/?name=Panos+Kampanakis&background=0b0d17&color=10b981&size=128&bold=true,https://aws.amazon.com/security/post-quantum-cryptography/,https://www.linkedin.com/in/panoskampanakis/,RFC 9814;draft-ietf-tls-ecdhe-mlkem-04;draft-ietf-pquip-pqc-engineers-14,https://aws.amazon.com/blogs/security/aws-security-profile-panos-kampanakis/,,yes,IETF,"source verified 2026-06-24 re-audit | Independent re-check 2026-07-17: role and all three technical claims (ML-KEM across KMS/ACM/Secrets Manager, AWS-LC FIPS 3.0, Kyber retirement 2026) reconfirmed against AWS's own posts -- those three specific posts were authored by AWS colleagues, not him personally, but he has his own on-topic AWS Security Blog post. Candidate library reference (not yet added): 'Enable post-quantum key exchange in QUIC with the s2n-quic library' (with Cameron Bytheway). | Moved KeyResourceUrl->KeyResourceRefs 2026-07-17 (audit-leaders-refs.ts MISFILED_REF fix, multi-value detection improvement): value(s) 'RFC-9909;draft-ietf-tls-ecdhe-mlkem-04;draft-ietf-pquip-pqc-engineers-14' are real library reference_ids that were sitting in the wrong column as part of a semicolon-delimited list, not a URL. | Proposed 2026-07-19: 07-19 follow-up remediation (R1), peer_reviewed backfill batch 1 — named co-author of published RFC 8784 (with Fluhrer, McGrew, Smyslov) plus RFC 9814, RFC 9881, RFC 9935 and active PQC-in-TLS/IKEv2 drafts. | Authorship cross-check correction (2026-07-30): KeyResourceRefs 'RFC-9909' was a mis-cite -- fetched RFC 9909 (Profile for Use of SLH-DSA in the Internet X.509 PKI) directly; he is not an author, contributor, or in the acknowledgments (real authors: Bashiri, Fluhrer, Gazdag, Van Geest, Kousidis). Corrected to 'RFC 9814' (Use of SLH-DSA in CMS), which he IS a confirmed co-author of per his existing peer_reviewed backfill note above -- the two RFCs are easily confused (same LAMPS WG, same SLH-DSA profile pattern, adjacent numbers).",active,,,,2026-07-30,20210281404,https://patents.google.com/patent/US20210281404/en,,
Matthew Campagna,USA,Lead Cryptographer; Chair ETSI TC CYBER WG QSC,AWS,Private,Standards,Leads AWS cryptography R&D; chairs ETSI QSC since ~2017; co-authored AWS's multi-phase migration strategy; team contributed to NIST FIPS.,https://ui-avatars.com/api/?name=Matthew+Campagna&background=0b0d17&color=10b981&size=128&bold=true,https://aws.amazon.com/,https://www.linkedin.com/in/matt-campagna/,FIPS 203,https://datatracker.ietf.org/meeting/124/materials/slides-124-pquip-pquip-etsi-campagna-00,,yes,ACM;IEEE,"source verified 2026-06-24 re-audit | TITLE/INFO REVIEW (2026-06-24 re-audit): Title is more precisely ""Sr. Principal Engineer & Cryptographer"" at AWS (not literally ""Lead Cryptographer""), but substantively accurate; he is confirmed Chair of ETSI TC CYBER WG QSC.; Moved KeyResourceUrl->KeyResourceRefs 2026-07-17 (audit-leaders-refs.ts MISFILED_REF fix): value 'FIPS 203' is a real library reference_id that was sitting in the wrong column, not a URL.",active,,,,2026-06-24,10798086,https://patents.google.com/patent/US10798086/en,,
Bas Westerbaan,Netherlands,Principal Research Engineer,Cloudflare,Private,Industry Adopter,Primary architect of Cloudflare's PQC deployment; led X25519+ML-KEM hybrid; 38%+ HTTPS traffic PQC-protected (Mar 2025); working on Merkle Tree Certificates with Chrome; WARP PQC Phase 2 targeted summer 2026.,https://ui-avatars.com/api/?name=Bas+Westerbaan&background=0b0d17&color=10b981&size=128&bold=true,https://blog.cloudflare.com/,https://www.linkedin.com/in/baswesterbaan/,RFC 9881,https://research.cloudflare.com/people/bas-westerbaan/,,yes,IETF;IACR,"source verified 2026-06-24 re-audit; Moved KeyResourceUrl->KeyResourceRefs 2026-07-17 (audit-leaders-refs.ts MISFILED_REF fix): value 'RFC 9881' is a real library reference_id that was sitting in the wrong column, not a URL. | Proposed 2026-07-19: 07-19 follow-up remediation (R1), peer_reviewed backfill batch 2 — co-author of published RFC 9881 (ML-DSA algorithm identifiers) and the peer-reviewed IACR Communications in Cryptology paper ""X-Wing: The Hybrid KEM You've Been Looking For"" (2024); his ""State of the Post-Quantum Internet"" reports are Cloudflare blog posts, not peer-reviewed, but the RFC + IACR paper alone meet the bar.",active,,,,2026-06-24,,,,
Ehren Kret,USA,Chief Technology Officer,Signal,Private,Industry Adopter,Co-developed PQXDH protocol (Sep 2023) and Triple Ratchet with SPQR (Oct 2025); continuous PQC key agreement deployed in all Signal clients; collaborated with PQShield and NYU.,https://ui-avatars.com/api/?name=Ehren+Kret&background=0b0d17&color=10b981&size=128&bold=true,https://signal.org/,https://www.linkedin.com/in/ehrenkret/,,https://signal.org/docs/specifications/pqxdh/,,yes,Signal,"source verified 2026-06-24 re-audit | TITLE/INFO REVIEW (2026-06-24 re-audit): Real cryptographer/protocol author at Signal, but his actual title is Chief Technology Officer (CTO) of Signal, not simply ""Protocol Developer/Cryptographer""; listed role is understated rather than wrong. | TITLE/INFO REVIEW (2026-07-17 re-audit): PQXDH co-development is correctly attributed (Signal's own spec credits 'Ehren Kret and Rolfe Schmidt'). However, the SPQR/Triple Ratchet (Oct 2025) claim is WRONG -- that work is bylined 'Graeme Connell and Rolfe Schmidt' on Signal's own blog, with no credit to Kret anywhere in the post. Contribution text should drop the SPQR attribution or reword it as Signal-org-level, not personal. | Proposed 2026-07-19: 07-19 follow-up remediation (R1), peer_reviewed backfill batch 3 — confirmed directly on the published PQXDH specification's title page as co-author with Rolfe Schmidt (already yes in this dataset); not a co-author of the separate Eurocrypt 2025 Triple Ratchet paper, but the spec authorship alone meets the bar.",active,,,,2026-07-17,,,,
Rolfe Schmidt,USA,Engineer,Signal,Private,Industry Adopter,Co-author of PQXDH; led development of SPQR Triple Ratchet (Oct 2025) with formal ProVerif verification; transparent automatic PQC ratcheting for all Signal users.,https://ui-avatars.com/api/?name=Rolfe+Schmidt&background=0b0d17&color=10b981&size=128&bold=true,https://signal.org/,https://www.linkedin.com/in/rolfeschmidt/,,https://signal.org/blog/spqr/,,yes,IACR,"source verified 2026-06-24 re-audit | Independent re-check 2026-07-17: PQXDH co-authorship (with Ehren Kret) and SPQR/Triple Ratchet co-authorship (with Graeme Connell) both directly confirmed via Signal's own spec and blog bylines. | Proposed 2026-07-19: 07-19 follow-up remediation (R1), peer_reviewed backfill batch 2 — named co-author of Signal's published PQXDH specification (independently verified in USENIX Security 2024) and the peer-reviewed Eurocrypt 2025 paper ""Triple Ratchet: A Bandwidth Efficient Hybrid-Secure Signal Protocol"" underlying SPQR.",active,,,,2026-07-17,,,,
Luke Ibbetson,UK,Head of Group R&D,Vodafone,Private,Industry Adopter,Co-founded GSMA Post-Quantum Telco Network Taskforce with IBM (Sep 2022); Vodafone-IBM quantum-safe Secure Net smartphone security partnership (Mar 2025) protecting millions of mobile users; broader rollout planned 2026.,https://ui-avatars.com/api/?name=Luke+Ibbetson&background=0b0d17&color=10b981&size=128&bold=true,https://www.vodafone.com/,https://www.linkedin.com/in/luke-ibbetson-26170b23/,,"https://newsroom.ibm.com/2022-09-29-GSMA,-IBM-and-Vodafone-Establish-Post-Quantum-Telco-Network-Taskforce",,partial,,"source verified 2026-06-24 re-audit | Independent re-check 2026-07-17: GSMA Post-Quantum Telco Network Taskforce co-founding (Sep 2022) and Vodafone-IBM Secure Net partnership (Mar 2025) reconfirmed via IBM Newsroom. Candidate library reference (not yet added): GSMA 'Starting the Journey to the Post-Quantum Era' whitepaper. | Proposed 2026-07-19: 07-19 follow-up remediation (R1), peer_reviewed backfill batch 2 — real Vice-Chair role on the GSMA Post-Quantum Telco Network Taskforce, but its technical whitepapers credit the taskforce collectively — no individual authorship credit found under his name.",active,,,,2026-07-17,,,,
Marco Pistoia,USA,SVP Industry Relations,IonQ,Private,Industry Vendor,Former Head of Global Technology Applied Research at JPMorgan Chase (departed mid-2025); built one of first internal quantum teams at a financial institution; led QKD research and PQC implementation; now SVP Industry Relations at IonQ.,https://ui-avatars.com/api/?name=Marco+Pistoia&background=0b0d17&color=a78bfa&size=128&bold=true,https://ionq.com/,https://www.linkedin.com/in/pistoia/,,https://www.ionq.com/news/ionq-appoints-marco-pistoia-as-senior-vice-president-of-industry-relations,,yes,Nature,"source verified 2026-06-24 re-audit | Independent re-check 2026-07-17: IonQ SVP appointment (Jul 2025) and JPMorgan quantum/QKD/PQC leadership history reconfirmed via CNBC and IonQ's own press release. Candidate library reference (not yet added): 'A Survey of Quantum Computing for Finance', arXiv:2201.02773. | Proposed 2026-07-19: 07-19 follow-up remediation (R1), peer_reviewed backfill batch 2 — named author on ""Certified randomness using a trapped-ion quantum processor,"" Nature 640 (2025), plus 13 Nature-portfolio papers and 200+ scholarly articles on Google Scholar.",active,,,,2026-07-17,,,,
Sofia Celi,Portugal,Cryptography Researcher; PQUIP WG Co-Chair,Brave Software,Private,Standards,Co-chairs IETF PQUIP working group; co-author of KEMTLS protocol; contributor to TLS AuthKEM draft.,https://ui-avatars.com/api/?name=Sofia+Celi&background=0b0d17&color=60a5fa&size=128&bold=true,https://brave.com/,https://www.linkedin.com/in/sofia-celi-27704743/,,https://datatracker.ietf.org/doc/draft-celi-wiggers-tls-authkem/,,partial,IETF,"source verified 2026-06-24 re-audit | Independent re-check 2026-07-17: PQUIP co-chair role, KEMTLS co-authorship, and AuthKEM draft contribution all reconfirmed via IETF datatracker + IACR ePrint. Candidate library references (not yet added): 'Implementing and Measuring KEMTLS' (eprint.iacr.org/2021/1019); draft-celi-wiggers-tls-authkem. | Proposed 2026-07-19: 07-19 follow-up remediation (R1), peer_reviewed backfill batch 1 — co-author of the peer-reviewed ""Implementing and Measuring KEMTLS"" (LatinCrypt 2021 / IACR ePrint 2021/1019); TLS AuthKEM is an active IETF draft, not yet a published RFC; real current IETF PQUIP co-chair.",active,,,,2026-07-17,,,,
Russ Housley,USA,LAMPS WG Co-Chair,Vigil Security,Private,Standards,Co-chairs LAMPS WG; extensive work on PQC for PKIX certificates and CMS; hybrid key establishment standards.,https://ui-avatars.com/api/?name=Russ+Housley&background=0b0d17&color=60a5fa&size=128&bold=true,https://www.vigilsec.com/,https://www.linkedin.com/in/russ-housley-41969/,RFC 5652;RFC 5083,https://datatracker.ietf.org/group/lamps/about/,,yes,IETF,"source verified 2026-06-24 re-audit | Independent re-check 2026-07-17: LAMPS WG co-chair role and Vigil Security affiliation reconfirmed via IETF datatracker. Candidate library references (not yet added): RFC 9629 (KEM Algorithms in CMS), RFC 9814 (SLH-DSA Signature Algorithm in CMS), both his. | Moved KeyResourceUrl->KeyResourceRefs 2026-07-17 (audit-leaders-refs.ts MISFILED_REF fix, multi-value detection improvement): value(s) 'RFC 5652;RFC 5083' are real library reference_ids that were sitting in the wrong column as part of a semicolon-delimited list, not a URL. | Proposed 2026-07-19: 07-19 follow-up remediation (R1), peer_reviewed backfill batch 1 — lead author (with Gray, Okubo) of published RFC 9629 (KEM algorithms in CMS, Aug 2024), updating RFC 5652 to support ML-KEM.",active,,,,2026-07-17,,,,
Tim Hollebeek,USA,LAMPS WG Co-Chair,DigiCert,Private,Standards,Co-chairs LAMPS WG; co-author of 'PQC for Engineers' draft; active in composite signatures and PQC certificates.,https://ui-avatars.com/api/?name=Tim+Hollebeek&background=0b0d17&color=60a5fa&size=128&bold=true,https://www.digicert.com/,https://www.linkedin.com/in/timothy-hollebeek-505b814/,RFC-9958,https://datatracker.ietf.org/wg/lamps/about/,,yes,IETF,"source verified 2026-06-24 re-audit; Moved KeyResourceUrl->KeyResourceRefs 2026-07-17 (audit-leaders-refs.ts MISFILED_REF fix): value 'draft-ietf-pquip-pqc-engineers-14' is a real library reference_id that was sitting in the wrong column, not a URL. | 2026-07-30: KeyResourceRefs draft-ietf-pquip-pqc-engineers-14 -> RFC-9958. The draft was deprecated 2026-07-29 (library row: 'published as RFC-9958 (RFC header: was draft-ietf-pquip-pqc-engineers)') — same document, now an RFC. Found via audit-leaders-refs.ts UNRESOLVED_REF.",active,,,,2026-06-24,,,,
Mike Ounsworth,Canada,Software Security Architect,Entrust,Private,Standards,Lead author of Composite ML-DSA signatures draft (adopted May 2024); Composite ML-KEM draft; pioneering hybrid/composite PKI since 2019.,https://ui-avatars.com/api/?name=Mike+Ounsworth&background=0b0d17&color=60a5fa&size=128&bold=true,https://www.entrust.com/,,draft-bonnell-lamps-chameleon-certs-07,https://datatracker.ietf.org/doc/draft-ietf-lamps-pq-composite-sigs/,,yes,IETF,"source verified 2026-06-24 re-audit; Moved KeyResourceUrl->KeyResourceRefs 2026-07-17 (audit-leaders-refs.ts MISFILED_REF fix): value 'draft-bonnell-lamps-chameleon-certs-07' is a real library reference_id that was sitting in the wrong column, not a URL. | Proposed 2026-07-19: 07-19 follow-up remediation (R1), peer_reviewed backfill batch 2 — the composite ML-DSA/ML-KEM drafts named in his bio remain unpublished Internet-Drafts, but he separately has genuine published RFC authorship: RFC 9936 (ML-KEM in CMS, Mar 2026), RFC 9958 (PQC for Engineers, Jun 2026), RFC 9481, RFC 9810/9811.",active,,,,2026-06-24,20220417037,https://patents.google.com/patent/US20220417037/en,,
Kris Kwiatkowski,UK,Cryptography Researcher,PQShield,Private,Standards,Lead author of draft-ietf-tls-ecdhe-mlkem (Post-quantum hybrid key agreement); key contributor to TLS PQC integration.,https://ui-avatars.com/api/?name=Kris+Kwiatkowski&background=0b0d17&color=60a5fa&size=128&bold=true,https://pqshield.com/,https://www.linkedin.com/in/krzysiekkwiatkowski/,,https://datatracker.ietf.org/doc/draft-ietf-tls-ecdhe-mlkem/,,,,"source verified 2026-06-24 re-audit | TITLE/INFO REVIEW (2026-06-24 re-audit): Official PQShield title is ""Staff Cryptography Architect"" (directory says ""Cryptography Researcher""); same org, near-synonymous role. | Independent re-check 2026-07-17: reconfirms the existing 2026-06-24 title nuance above (Staff Cryptography Architect vs. Cryptography Researcher) -- no new information. Lead-author status on draft-ietf-tls-ecdhe-mlkem independently reconfirmed via IETF datatracker's author order.",deprecated,2026-07-17,"Duplicate of 'Krzysztof (Kris) Kwiatkowski' row -- same person (identical LinkedIn profile krzysiekkwiatkowski, identical PQShield org/website, overlapping IETF draft citations). That row is the richer, ref-backed record and is now the canonical entry.",draft-ietf-tls-ecdhe-mlkem-04;draft-kwiatkowski-pquip-pqc-migration-00,2026-07-17,,,,
Dr. Thom Wiggers,Netherlands,Senior Cryptography Researcher,PQShield,Private,Standards,Co-author of KEMTLS/AuthKEM drafts; Ph.D. on post-quantum protocols; contributor to stateful hash-based signature deployment guidance.,https://ui-avatars.com/api/?name=Thom+Wiggers&background=0b0d17&color=60a5fa&size=128&bold=true,https://pqshield.com/,https://www.linkedin.com/in/thomwiggers/,draft-ietf-tls-ecdhe-mlkem-04,https://datatracker.ietf.org/doc/draft-wiggers-tls-authkem-psk/05/,,yes,USENIX Security;IEEE,"source verified 2026-06-24 re-audit; Moved KeyResourceUrl->KeyResourceRefs 2026-07-17 (audit-leaders-refs.ts MISFILED_REF fix): value 'draft-ietf-tls-ecdhe-mlkem-04' is a real library reference_id that was sitting in the wrong column, not a URL.",active,,,,2026-06-24,,,pqcrypto;liboqs-rust-oqs-crate,https://github.com/rustpq/pqcrypto; https://github.com/open-quantum-safe/liboqs-rust
Scott Fluhrer,USA,Security Researcher,Cisco Systems,Private,Standards,Lead author of RFC 8784 (Mixing Preshared Keys in IKEv2 for PQ Security); pioneer in IKEv2 PQC since 2016.,https://ui-avatars.com/api/?name=Scott+Fluhrer&background=0b0d17&color=60a5fa&size=128&bold=true,https://www.cisco.com/,https://www.linkedin.com/in/scott-fluhrer-a824a0265/,RFC-9909;draft-sfluhrer-ssh-mldsa,https://datatracker.ietf.org/doc/rfc8784/,,yes,IETF,"source verified 2026-06-24 re-audit | Independent re-check 2026-07-17: lead-author status on RFC 8784 reconfirmed directly against the RFC's own Authors' Addresses section. | Moved KeyResourceUrl->KeyResourceRefs 2026-07-17 (audit-leaders-refs.ts MISFILED_REF fix, multi-value detection improvement): value(s) 'RFC-9909;draft-sfluhrer-ssh-mldsa' are real library reference_ids that were sitting in the wrong column as part of a semicolon-delimited list, not a URL. | Proposed 2026-07-19: 07-19 follow-up remediation (R1), peer_reviewed backfill batch 1 — lead author of published RFC 8784 (Mixing Preshared Keys in IKEv2 for PQ Security) — independently cross-confirmed via Panos Kampanakis's co-author research on the same RFC.",active,,,draft-sfluhrer-ipsecme-ikev2-mldsa-00,2026-07-17,,,,
Dr. James Howe,UK,Vice-Chair ETSI QSC; Staff Research Scientist,SandboxAQ,Private,Standards,Vice-Chair of QSC WG; co-author of SDitH signature scheme (NIST on-ramp); research on PQC hardware/software implementation.,https://ui-avatars.com/api/?name=James+Howe&background=0b0d17&color=60a5fa&size=128&bold=true,https://www.sandboxaq.com/,https://www.linkedin.com/in/jameshowe1729/,,https://www.etsi.org/speakers/james-howe/,,yes,NIST;IACR,"source verified 2026-06-24 re-audit | Independent re-check 2026-07-17: ETSI QSC Vice-Chair role and SDitH co-authorship reconfirmed. Candidate library reference (not yet added): SDitH v2.0 spec, sdith.org/docs/sdith-v2.0.pdf. | Proposed 2026-07-19: 07-19 follow-up remediation (R1), peer_reviewed backfill batch 3 — confirmed via the official SDitH credits page as a First- and Second-Round NIST submitter/contributor for SDitH (a NIST PQC signature on-ramp candidate), plus independent IACR ePrint/TCHES publications.",active,,,,2026-07-17,,,,
Mark Pecen,Canada,Vice-Chair ETSI QSC,"Approach Infinity, Inc.;EigenQ, Inc.",Private,Standards,Founding Chair of ETSI ISG QSC (2015); holds 100+ patents in communications/computing; shaped early QSC direction.,https://ui-avatars.com/api/?name=Mark+Pecen&background=0b0d17&color=60a5fa&size=128&bold=true,https://cyberprotection-magazine.com/interview-with-marc-pecen-on-quantum-safe-cryptography,https://www.linkedin.com/in/markpecen/,,https://www.etsi.org/newsroom/news/947-2015-03-news-etsi-launches-quantum-safe-cryptography-specification-group,,partial,ETSI,"FIELD CORRECTION (2026-07-17): Organization changed from 'Beyond Affinity' -- a targeted adjudication found this name has zero independent verification (appears in exactly one ETSI/NIST slide, no corporate registry match, no other bio or company site uses it) and likely traces to a slide-deck error near 'Approach Infinity.' Two real, current organizations were confirmed instead: Approach Infinity, Inc. (his advisory firm, confirmed on its own site) and EigenQ, Inc. (quantum-safe hardware maker where he is Vice Chairman of the Board / Chief Research Officer, per Cybersecurity Magazine 2025 and the company's own site) -- resolves the open question flagged in this row's 07-17 note above. | source verified 2026-06-24 re-audit | TITLE/INFO REVIEW (2026-06-24 re-audit): Org likely ""Approach Infinity, Inc."" (his named advisory firm; also COO of ISARA Corp); ""Beyond Affinity"" appears only in a recent ETSI slide and may be a rebrand/variant. Role: founding Chair of ETSI ISG QSC (2015); now Vice-Chair of ETSI TC CYBER WG QSC under chair Matthew Campagna — Vice-Chair title is correct. | Independent re-check 2026-07-17: found independent sources (a 2025 Cybersecurity Magazine ETSI Security Conference piece) using 'Beyond Affinity' -- but did not specifically investigate whether this reconciles with the existing 06-24 note's 'Approach Infinity, Inc.' concern. That organization-name question stays open, not resolved by this pass. Founding-Chair-to-Vice-Chair history and 100+ patents both independently reconfirmed. | Proposed 2026-07-19: 07-19 follow-up remediation (R1), peer_reviewed backfill batch 1 — individually named Author/Rapporteur on ETSI White Paper No. 8 (Quantum Safe Cryptography and Security, Jun 2015, with NIST's Lidong Chen); the ETSI ISG QSC Group Reports he chaired are credited to the group collectively, not to him as an individual technical author.",active,,,,2026-07-17,,,,
Dr. Jean-Philippe Aumasson,Switzerland,Chief Security Officer,Taurus SA,Private,Algorithm Inventor,Co-designer of SPHINCS+; creator of BLAKE hash function series; author of 'Serious Cryptography' and numerous security tools.,https://ui-avatars.com/api/?name=Jean-Philippe+Aumasson&background=0b0d17&color=f59e0b&size=128&bold=true,https://aumasson.jp/,https://www.linkedin.com/in/aumasson/,FIPS 205,https://www.taurushq.com/leadership/,,yes,NIST;IACR,"source verified 2026-06-24 re-audit; Moved KeyResourceUrl->KeyResourceRefs 2026-07-17 (audit-leaders-refs.ts MISFILED_REF fix): value 'FIPS 205' is a real library reference_id that was sitting in the wrong column, not a URL.",active,,,,2026-06-24,,,,
Dr. Ward Beullens,Belgium,Research Scientist,IBM Research Europe Zurich,Private,Algorithm Inventor,"Cryptanalyst who broke RAINBOW (sole author, EUROCRYPT 2021 and CRYPTO 2022 — the attacks that led to Rainbow's elimination from NIST Round 3); expert in multivariate and code-based cryptography. Not credited as an SDitH designer/contributor per the algorithm's official credits.",https://ui-avatars.com/api/?name=Ward+Beullens&background=0b0d17&color=f59e0b&size=128&bold=true,https://www.esat.kuleuven.be/cosic/people/ward-beullens/,https://www.linkedin.com/in/wardbeullens/,,https://dblp.org/pid/198/8288.html,,yes,IACR,"source verified 2026-06-24 re-audit | TITLE/INFO REVIEW (2026-06-24 re-audit): Role/org correct (Research Scientist, IBM Research Europe Zurich; Belgian). Contribution claim is overstated: he is NOT the principal designer of SDitH -- that scheme's lead authors are Thibauld Feneuil and Matthieu Rivain; Beullens is a round-2 contributor (one-tree technique, per sdith.org/credits.html). The Rainbow-break and multivariate/code-based expertise claims are accurate (eprint 2022/214 'Breaking Rainbow Takes a Weekend on a Laptop'). | TITLE/INFO REVIEW (2026-07-17 re-audit): reconfirms the existing SDitH-attribution finding above -- not principal designer, a contributor via the GGM-tree/one-tree optimization ('One Tree to Rule Them All', ASIACRYPT 2024, eprint.iacr.org/2024/490). New finding: WebsiteUrl is stale -- it points to his pre-2021 KU Leuven COSIC page, not his current IBM affiliation. | Proposed 2026-07-19: 07-19 follow-up remediation (R1), peer_reviewed backfill batch 3 — sole author of ""Improved Cryptanalysis of UOV and Rainbow"" (EUROCRYPT 2021) and ""Breaking Rainbow Takes a Weekend on a Laptop"" (CRYPTO 2022), the attacks that led to Rainbow's NIST elimination — but the ""principal designer of SDitH"" claim in his Contribution field is not supported: the official SDitH credits page does not list him among proposers or contributors.",active,,,,2026-07-17,,,,
Rob Joyce,USA,Venture Partner; Former NSA Cybersecurity Director,DataTribe / Joyce Cyber LLC,Private,Government,NSA Cybersecurity Director (2021-2024); led NSA's quantum computing and PQC strategy; advocate for early CNSA 2.0 adoption; retired Mar 2024; now venture partner at DataTribe and advisor to OpenAI and Microsoft.,https://ui-avatars.com/api/?name=Rob+Joyce&background=0b0d17&color=22d3ee&size=128&bold=true,https://datatribe.com/,https://www.linkedin.com/in/rob-joyce-b43445116/,,https://datatribe.com/news/former-nsa-cybersecurity-director-rob-joyce-joins-datatribe-as-venture-partner/,,no,,"source verified 2026-06-24 re-audit | Independent re-check 2026-07-17: NSA tenure/retirement date, DataTribe role, and OpenAI Safety and Security Committee membership all reconfirmed via NSA's and OpenAI's own announcements. Candidate library reference (not yet added): NSA CNSA 2.0 Cybersecurity Advisory, media.defense.gov/2025/May/30/2003728741/-1/-1/0/CSA_CNSA_2.0_ALGORITHMS.PDF. | Proposed 2026-07-19: 07-19 follow-up remediation (R1), peer_reviewed backfill batch 1 — NSA Cybersecurity Director/policy figure; no named authorship found on any NSA/NIST/IETF technical publication — CNSA 2.0 materials are institutionally authored.",active,,,,2026-07-17,,,,
Anne Neuberger,USA,"Partner, Global Affairs; Payne Distinguished Lecturer",Andreessen Horowitz;Stanford University (CISAC);Hoover Institution,Private,Government,"Former Deputy National Security Advisor for Cyber and Emerging Technology (2021-2025); led National Security Memorandum 10 on quantum security (May 2022), setting the government-wide 2035 PQC migration target; coordinated whole-of-government PQC transition. Payne Distinguished Lecturer at Stanford CISAC and Distinguished Visiting Fellow at Hoover Institution; joined Andreessen Horowitz as senior advisor (Aug 2025), now full-time Partner leading global affairs (June 2026).",https://ui-avatars.com/api/?name=Anne+Neuberger&background=0b0d17&color=22d3ee&size=128&bold=true,https://www.hoover.org/profiles/anne-neuberger,https://www.linkedin.com/in/anne-neuberger-13b4491b/,,https://en.wikipedia.org/wiki/Anne_Neuberger,,no,,"FIELD CORRECTION (2026-07-17): Role/Organization/Contribution updated to reflect her current a16z Partner role -- this fact was already correctly documented in the notes below since 2026-06-24 (re-confirmed 2026-07-17) but the visible fields had never been updated to match. See notes below for the verification history. | source verified 2026-06-24 re-audit | TITLE/INFO REVIEW (2026-06-24 re-audit): Title accurate: Frank E. and Arthur W. Payne Distinguished Lecturer at Stanford and Distinguished Visiting Fellow at Hoover; a16z senior advisor (Aug 2025), now a full-time a16z partner leading global affairs (June 2026). | Independent re-check 2026-07-17: reconfirms the existing 06-24 finding -- she has been a full-time a16z Partner leading global affairs since June 2026, not merely 'Senior Advisor.' That fact has been correctly documented since 06-24 but the visible Role/Organization fields were never updated to match -- flagging as a pending field-level fix, not a new finding. | Proposed 2026-07-19: 07-19 follow-up remediation (R1), peer_reviewed backfill batch 3 — NSM-10 is attributed solely to President Biden (his signature is the only one on the document); she coordinated the interagency drafting process as Deputy National Security Advisor, which is policy-leadership, not individually-credited technical authorship.",active,,,,2026-07-17,,,,
Dr. Brian LaMacchia,USA,President; Founder,Farcaster Consulting Group,Private,Industry Vendor,Former Distinguished Engineer and Head of Security & Cryptography at Microsoft Research (retired Dec 2022); 25+ years cryptographic research leadership at Microsoft; inaugural Executive Director of the MPC Alliance; PQC standards contributor and industry advisor.,https://ui-avatars.com/api/?name=Brian+LaMacchia&background=0b0d17&color=a78bfa&size=128&bold=true,,https://www.linkedin.com/in/brianlamacchia/,,https://en.wikipedia.org/wiki/Brian_LaMacchia,,yes,NIST;IACR;IETF,"source verified 2026-06-24 re-audit | Independent re-check 2026-07-17: Farcaster Consulting, Microsoft Distinguished Engineer tenure (2017-2022), and MPC Alliance Executive Director role all reconfirmed via his own published CV. Candidate library references (not yet added): FrodoKEM NIST PQC submission; 'The Long Road Ahead to Transition to Post-Quantum Cryptography', CACM Jan 2022. | Proposed 2026-07-19: 07-19 follow-up remediation (R1), peer_reviewed backfill batch 3 — named co-author on two NIST PQC Round 3 submissions (FrodoKEM, SIKE — confirmed on SIKE's signed cover page as Microsoft Research auxiliary submitter), plus refereed publications at CRYPTO/EUROCRYPT/Financial Cryptography and IETF RFC 3275 (XMLDSIG).",active,,,,2026-07-17,,,,
Royal Hansen,USA,Vice President; Privacy Safety and Security Engineering,Google,Private,Industry Adopter,Leads Google's privacy safety and security engineering including PQC deployments; oversees Chrome browser PQC integration; coordinates quantum-safe strategy across Google products.,https://ui-avatars.com/api/?name=Royal+Hansen&background=0b0d17&color=10b981&size=128&bold=true,https://www.google.com/,https://www.linkedin.com/in/royal-hansen-989858/,,https://blog.google/authors/royal-hansen/,,yes,Nature,"source verified 2026-06-24 re-audit | TITLE/INFO REVIEW (2026-07-17 re-audit): VP, Privacy Safety and Security Engineering title at Google reconfirmed exactly. However, 'oversees Chrome browser PQC integration' is unsourced and overstated -- no source ties him personally to Chrome's PQC rollout specifically; Google's Aug 2024 PQC standards post is bylined 'Google,' not him. Contribution text should soften this to general security-engineering oversight. Candidate library reference (not yet added): 'Transitioning organizations to post-quantum cryptography', Nature 605 (2022), co-authored by him. | Proposed 2026-07-19: 07-19 follow-up remediation (R1), peer_reviewed backfill batch 3 — confirmed as the 10th listed author (Google) on ""Transitioning organizations to post-quantum cryptography,"" Nature 605 (2022), via PubMed's author listing.",active,,,,2026-07-17,,,,
Nick Sullivan,USA,Principal Consultant; Co-Chair CFRG; IAB member,Cryptography Consulting LLC,Private,Standards,Former Cloudflare Head of Research; pioneered PQC in TLS 1.3 at scale; Co-Chair of Crypto Forum Research Group and IRTF; joining Internet Architecture Board (IAB) Mar 2026.,https://ui-avatars.com/api/?name=Nick+Sullivan&background=0b0d17&color=60a5fa&size=128&bold=true,https://nicksullivan.org/,https://www.linkedin.com/in/ntsullivan/,,https://www.iab.org/announcements/iab-2026-2027-appointments-announced-by-ietf-nomcom/,,yes,IETF;IRTF,"source verified 2026-06-24 re-audit | TITLE/INFO REVIEW (2026-06-24 re-audit): Co-Chair of CFRG (a research group within IRTF) and IAB member; not ""Co-Chair of IRTF"" itself (IRTF has a single chair). Org ""Cryptography Consulting LLC"" matches his IAB-listed affiliation. | Independent re-check 2026-07-17: Cloudflare Head of Research history and CFRG co-chair role reconfirmed; the specific 'joining IAB Mar 2026' claim independently verified against the IETF NomCom's own 2026-2027 appointments announcement. Candidate library references (not yet added): 'The TLS Post-Quantum Experiment' and 'Towards Post-Quantum Cryptography in TLS', both Cloudflare blog. | Proposed 2026-07-19: 07-19 follow-up remediation (R1), peer_reviewed backfill batch 1 — current co-chair of IRTF's Crypto Forum Research Group (CFRG), the formal cryptographic-review body for RFCs; also individually named author on published RFC 9380, RFC 9497, and RFC 9345.",active,,,,2026-07-17,,,,
Dr. Stanislav Smyshlyaev,Russia,General Director (CEO),CryptoPro,Private,Standards,Russian representative to ISO/IEC JTC 1/SC 27/WG 2; contributor to ITU-T quantum security work; advocate for algorithm diversity in PQC.,https://ui-avatars.com/api/?name=Stanislav+Smyshlyaev&background=0b0d17&color=60a5fa&size=128&bold=true,https://www.cryptopro.ru/,https://www.linkedin.com/in/stanislav-smyshlyaev-62169333/,,https://cryptopro.ru/en/news/2024/07/kompaniyu-cryptopro-vozglavil-stanislav-smyshlyaev,,yes,IETF,"source verified 2026-06-24 re-audit | TITLE/INFO REVIEW (2026-06-24 re-audit): Current title is General Director (CEO) of CryptoPro (appointed 15 Jul 2024; formerly Deputy CEO / CISO). ""Head of Cryptographic Solutions"" is a loose/understated label, not his actual title. | Independent re-check 2026-07-17: General Director (CEO) title (since Jul 2024) and ISO/IEC JTC1/SC27/WG2 role reconfirmed; also confirmed as the same Smyshlyaev co-chairing CFRG alongside Nick Sullivan (cross-referenced with that row). Candidate library reference (not yet added): RFC 7836 (GOST algorithm guidelines), his — CORRECTED 2026-07-24 (propose-leader-peer-review batch): RFC 7801 (GOST Kuznyechik) was previously miscited here; that RFC was edited by V. Dolmatov, not Smyshlyaev.",active,,,,2026-07-17,,,,
Dr. Yehuda Lindell,Israel,Head of Cryptography; Engineering Fellow,Coinbase,Private,Industry Adopter,Head of Cryptography and Engineering Fellow at Coinbase (after Coinbase acquired Unbound Security in Jan 2022); expert in secure multiparty computation and threshold cryptography; leads research on PQC-compatible MPC protocols.,https://ui-avatars.com/api/?name=Yehuda+Lindell&background=0b0d17&color=10b981&size=128&bold=true,https://yehudalindell.com/,https://www.linkedin.com/in/yehudalindell/,,https://yehudalindell.com/,,yes,IACR,"source verified 2026-06-24 re-audit | Independent re-check 2026-07-17: Coinbase Head of Cryptography role (post-Unbound-Security acquisition, Jan 2022) reconfirmed via Coinbase's own SEC filing and blog. Candidate library reference (not yet added): 'Secure Multiparty Computation', CACM Vol 64 No 1 (2021).",active,,,,2026-07-17,,,,
Prof. Dr. Thomas Pöppelmann,Germany,"Software Engineering Manager (Cryptographic Libraries); formerly Senior Principal Engineer / Security Architect (Infineon, 2023-2025)",Google;Infineon Technologies (former),Private,Industry Adopter,Implemented first PQC on smart cards; co-designer of NewHope; Infineon achieved world-first CC EAL6 PQC certification (Jan 2025); partnered with BSI on quantum-secure ID card.,https://ui-avatars.com/api/?name=Thomas+Poppelmann&background=0b0d17&color=10b981&size=128&bold=true,https://www.infineon.com/,https://www.linkedin.com/in/thomas-pöppelmann-1875bb8a/,,https://tpoeppelmann.de/,,yes,USENIX Security,"FIELD CORRECTION (2026-07-17): Role/Organization updated to reflect that he left Infineon Dec 2025 and joined Google (Munich) as a Software Engineering Manager on cryptographic libraries, Jan 2026. This fact was already correctly documented in the notes below since 2026-06-24 (re-confirmed 2026-07-17) but the visible fields had never been updated to match. The NewHope co-design and Infineon CC EAL6 PQC certification (Jan 2025) claims remain accurate as historical Infineon-era contributions. | source verified 2026-06-24 re-audit | TITLE/INFO REVIEW (2026-06-24 re-audit): Role/org now outdated: per his own bio, he left Infineon Dec 2025 and since Jan 2026 is a Software Engineering Manager (cryptographic libraries) at Google Munich; he WAS Senior Principal Engineer / Security Architect at Infineon (2023-2025), which matches the claim for that period. ""Prof."" appears overstated — he holds a PhD (Dr.), no evidence of a professorship.",active,,,,2026-07-17,,,,
David Adrian,USA,Product Manager; Security Researcher,Google (Chrome Security),Private,Industry Adopter,Product Manager on Chrome Security at Google; co-discovered LogJam and DROWN attacks on legacy TLS; co-founded Censys internet scanning platform; extensive work on cryptographic migration strategies including PQC readiness.,https://ui-avatars.com/api/?name=David+Adrian&background=0b0d17&color=10b981&size=128&bold=true,https://www.google.com/,https://www.linkedin.com/in/dadrian/,,https://dadrian.io/,,yes,ACM CCS,"source verified 2026-06-24 re-audit | Independent re-check 2026-07-17: Chrome Security PM role, LogJam/DROWN co-discovery, and Censys co-founding all reconfirmed via his own CV. Candidate library references (not yet added): the LogJam (CCS 2015) and DROWN (USENIX Security 2016) papers, both real, famous, and his. | peer_reviewed set 2026-07-28 (propose-leader-peer-review batch, drafted 2026-07-27): named co-author of ""Imperfect Forward Secrecy: How Diffie-Hellman Fails in Practice"" (ACM CCS 2015, the Logjam paper) and the Censys internet-wide-scanning paper (ACM CCS 2015). PhD, University of Michigan, 2018.",active,,,,2026-07-17,,,,
Tim Callan,USA,Chief Compliance Officer,Sectigo,Private,Industry Adopter,PKI industry veteran; advocate for PQC adoption in TLS certificates; active in CA/Browser Forum discussions on quantum-safe PKI.,https://ui-avatars.com/api/?name=Tim+Callan&background=0b0d17&color=10b981&size=128&bold=true,https://sectigo.com/,https://www.linkedin.com/in/tim-callan/,,https://www.sectigo.com/about/leadership/tim-callan,,partial,CA/Browser Forum,"source verified 2026-06-24 re-audit | TITLE/INFO REVIEW (2026-06-24 re-audit): Title on Sectigo's official leadership page is currently ""Chief Compliance Officer"" (not ""Chief Experience Officer,"" which appears in some older/parallel sources); org Sectigo is correct. | Independent re-check 2026-07-17: reconfirms the existing 06-24 title finding (Chief Compliance Officer, Sectigo) and CA/Browser Forum activity -- no new information. Candidate library reference (not yet added): his Sectigo blog post on quantum-safe/hybrid certificates. | peer_reviewed set 2026-07-28 (propose-leader-peer-review batch, drafted 2026-07-27): founding member and elected Vice Chair of the CA/Browser Forum; key role in creating/rolling out Extended Validation SSL. Standards-body leadership where output is credited to the Forum collectively -- rubric's partial case, same precedent as prior ETSI/IETF partial rows. (On Ballot SC-081, the record shows Sectigo endorsing Apple's ballot, not Callan authoring it.)",active,,,,2026-07-17,,,,
Dr. Scott Totzke,Canada,Co-Founder; CEO (2015-2023),ISARA Corporation,Private,Industry Adopter,Co-founded ISARA in 2015 to commercialize post-quantum cryptography; pioneered enterprise crypto-agility solutions and hybrid certificate deployments; led early enterprise PQC adoption strategies and quantum-safe PKI commercialization.,https://ui-avatars.com/api/?name=Scott+Totzke&background=0b0d17&color=10b981&size=128&bold=true,https://www.isara.com/,https://www.linkedin.com/in/scotttotzke/,,https://www.infosecurity-magazine.com/profile/scott-totzke/,,no,,"FIELD CORRECTION (2026-07-17): Role changed from present-tense 'CEO & Co-Founder' to 'Co-Founder; CEO (2015-2023)' -- ISARA's own newsroom confirms Atsushi Yamada (a separate row in this directory) was appointed CEO 10 May 2023, succeeding Totzke; Totzke is not listed in ISARA's current leadership. Without the date range, this row and the Yamada row both claiming 'CEO of ISARA Corporation' in present tense would read as a direct conflict. | source verified 2026-06-24 re-audit | TITLE/INFO REVIEW (2026-06-24 re-audit): Precisely: CEO & Co-Founder of ISARA Corporation (row says only ""Co-Founder""); co-founded with Mike Brown in 2015. | peer_reviewed set 2026-07-28 (propose-leader-peer-review batch, drafted 2026-07-27): co-founder/former CEO of ISARA (also ex-SVP at Huawei and BlackBerry); no IETF/RFC/peer-reviewed authorship found under his name -- rubric's default for founder/CEO roles where the organization is the credited author. (The batch flagged a possible present-tense-CEO conflict in outside press vs. this row's dated 'CEO 2015-2023' -- already resolved by the 2026-07-17 correction on this row confirming Atsushi Yamada succeeded him as CEO in May 2023; outside sources are simply stale.)",active,,,,2026-07-17,,,,
Kevin Bocek,USA,Chief Innovation Officer,Venafi,Private,Industry Adopter,Leads machine identity security research; advocates for crypto-agility and inventory management for PQC migration; extensive PKI transformation expertise.,https://ui-avatars.com/api/?name=Kevin+Bocek&background=0b0d17&color=10b981&size=128&bold=true,https://www.venafi.com/,https://www.linkedin.com/in/kevinbocek/,,https://www.infosecurity-magazine.com/profile/kevin-bocek-1/,,no,,"source verified 2026-06-24 re-audit | TITLE/INFO REVIEW (2026-07-17 re-audit): Venafi was acquired by CyberArk in 2024. His title is still accurate at Venafi's own materials (""Chief Innovation Officer, Venafi, a CyberArk Company"") but some CyberArk-side sources list him as ""SVP, Innovation, CyberArk"" -- Organization field should ideally note the CyberArk parent relationship. Candidate library reference (not yet added): his Aug 2025 cyberark.com blog post on machine identity security for PQC. | peer_reviewed set 2026-07-28 (propose-leader-peer-review batch, drafted 2026-07-27): Chief Innovation Officer at Venafi/CyberArk; widely quoted in press and authored books, but no named RFC/standard/peer-reviewed-paper authorship found -- rubric default for an executive role.",active,,,,2026-07-17,,,,
Thomas Coratger,France,Cryptographic Engineer; PQC Team Lead,Ethereum Foundation,Private,Industry Adopter,Leads Ethereum Foundation's post-quantum security team (Jan 2026); driving PQ-safe Ethereum with biweekly dev sessions and multi-client test networks; $2M in research prizes ($1M Poseidon Prize for hash-based cryptography + $1M Proximity Prize).,https://ui-avatars.com/api/?name=Thomas+Coratger&background=0b0d17&color=10b981&size=128&bold=true,https://ethereum.org/,https://www.linkedin.com/in/thomas-coratger-4099aa160/,,https://www.theblock.co/post/386938/ethereum-foundation-forms-post-quantum-security-team-adds-1-million-research-prize,,partial,,"source verified 2026-06-24 re-audit | Independent re-check 2026-07-17: Ethereum Foundation post-quantum team lead role (Jan 2026) and the $1M Poseidon + $1M Proximity prizes reconfirmed via CoinDesk/The Block/TheQuantumInsider and a first-hand EF researcher social post naming him directly. | peer_reviewed set 2026-07-28 (propose-leader-peer-review batch, drafted 2026-07-27, EIP-parity question resolved same day): leads Ethereum Foundation's Post-Quantum Security team; co-author of EIP-7562 (Account Abstraction Validation Scope Rules) and contributor to Plonky3/leanEthereum. The batch left open whether an EIP could clear the 'yes' bar the way an accepted BIP does -- confirmed 2026-07-28 that EIP-7562 (renamed ERC-7562) is still status Draft, not Final, so even granting EIP/BIP process parity in principle, this specific artifact hasn't completed the process. Stays partial: real named technical work, no completed formal review/standardization yet.",active,,,,2026-07-17,,,,
Mike Osborne,Switzerland,Distinguished Engineer & CTO Cryptography,IBM Research,Private,Industry Vendor,Co-architect of IBM Quantum Safe framework; led IBM's contributions to NIST PQC standardization; co-developed the Cryptography Bill of Materials (CBOM) concept for cryptographic inventory and agility management.,https://ui-avatars.com/api/?name=Mike+Osborne&background=0b0d17&color=a78bfa&size=128&bold=true,https://research.ibm.com/,https://www.linkedin.com/in/michael-osborne-qsafe/,,https://research.ibm.com/people/michael-osborne,,yes,IBM J. Res. Dev.;AVBPA,"source verified 2026-06-24 re-audit | TITLE/INFO REVIEW (2026-06-24 re-audit): Title on his IBM bio is ""CTO IBM Quantum Safe / Security Research; IBM Distinguished Engineer"" — essentially matches; ""CTO Cryptography"" is a fair paraphrase but his formal title is CTO of IBM Quantum Safe. | Independent re-check 2026-07-17: reconfirms the existing 06-24 title finding (CTO IBM Quantum Safe) and adds the CBOM co-authorship confirmation (IBM Research blog, Dec 2022). Candidate library reference (not yet added): 'Cryptographic bill of materials speeds quantum safe adoption', IBM Research Blog. | peer_reviewed set 2026-07-28 (propose-leader-peer-review batch, drafted 2026-07-27, venue pinned same day): the batch found DBLP-indexed publications but declined to guess a venue. Confirmed 2026-07-28: named co-author of ""Stateless cryptography for virtual environments,"" IBM Journal of Research and Development 58(1) (2014), and ""A JC-BioAPI Compliant Smart Card with Biometrics for Secure Access Control,"" AVBPA 2003 -- both real peer-reviewed venues, credited authorship. (Team credit for NIST PQC standards work is the team's, not his personally, and was not used as the anchor here.)",active,,,,2026-07-17,,,,
Dr. Bob Sutor,USA,CEO and Founder,Sutor Group Intelligence and Advisory,Private,Industry Vendor,Former VP IBM Quantum with 40+ years at IBM; author of 'Dancing with Qubits'; board member Nu Quantum; Adjunct Professor University at Buffalo; daily quantum and PQC industry analyst; enterprise quantum readiness advocate.,https://ui-avatars.com/api/?name=Bob+Sutor&background=0b0d17&color=a78bfa&size=128&bold=true,https://futurumgroup.com/dr-bob-sutor/,https://www.linkedin.com/in/bobsutor/,,https://sutorgroupintelligenceandadvisory.com/about-dr-bob-sutor/,,yes,IEEE,"source verified 2026-06-24 re-audit | Independent re-check 2026-07-17: CEO/Founder role, 'Dancing with Qubits' authorship, Nu Quantum board seat, and University at Buffalo adjunct professorship all reconfirmed. One figure worth flagging: the row's Contribution claims '40+ years at IBM,' but this pass found sources describing '20+ years' there -- worth a human check on which figure is accurate. Candidate library reference (not yet added): 'Dancing with Qubits' (Packt Publishing, ISBN 9781838827366 / 9781837636754). | WebsiteUrl repointed 2026-08-09: robertsutor.com serves its own 404 at the root. Repointed to his Futurum Group profile (VP, Emerging Technologies), which is current and retrievable.",active,,,,2026-08-09,,,,
Bruno Couillard,Canada,CEO and Co-Founder,Crypto4A Technologies,Private,Industry Vendor,30+ years in security including Canadian Forces and CSE; co-founder of Crypto4A; pioneer of crypto-agile HSMs (QxHSM and QxEDGE) rebuilt from ground up for PQC; PKI Consortium member; inaugural Quantum Security 25 honoree.,https://ui-avatars.com/api/?name=Bruno+Couillard&background=0b0d17&color=a78bfa&size=128&bold=true,https://crypto4a.com/,https://www.linkedin.com/in/brunocouillard/,,https://icmconference.org/?speaker=bruno-couillard,,partial,,"source verified 2026-06-24 re-audit | Independent re-check 2026-07-17: Crypto4A CEO/co-founder role, Canadian Forces/CSE background, and 2026 Quantum Security 25 inaugural-class honoree claim all reconfirmed. Candidate library reference (not yet added): his PKI Consortium presentation 'Is your HSM quantum-ready?'.",active,,,,2026-07-17,,,,
Dr. Colin Soutar,USA,Managing Director; Global Quantum Cyber Readiness Lead,Deloitte,Private,Industry Vendor,Global lead for quantum cyber readiness at Deloitte; World Economic Forum agenda contributor on quantum cybersecurity; U.S. Government and Public Services Cyber Ecosystems & Alliances leader; champions crypto-agility and PQC migration for enterprise and government.,https://ui-avatars.com/api/?name=Colin+Soutar&background=0b0d17&color=a78bfa&size=128&bold=true,https://www2.deloitte.com/us/en/pages/risk/topics/quantum-cyber-readiness.html,https://www.linkedin.com/in/colinsoutar/,,https://www.deloitte.com/global/en/about/people/profiles.csoutar+2ff6167c.html,,yes,,"source verified 2026-06-24 re-audit | Independent re-check 2026-07-17: Deloitte Global Quantum Cyber Readiness Lead role and WEF Agenda Contributor status reconfirmed. Candidate library reference (not yet added): the Deloitte/WEF whitepaper 'Transitioning to a Quantum-Secure Economy' (Sept 2022), which he co-authored.",active,,,,2026-07-17,,,,
Denis Mandich,USA,CTO and Co-Founder,Qrypt,Private,Industry Vendor,20 years in U.S. Intelligence Community on national security and cyber infrastructure; co-founded Qrypt for quantum-secure encryption using quantum entropy; active in NIST PQC standards bodies; advocate for end-to-end quantum-safe encryption.,https://ui-avatars.com/api/?name=Denis+Mandich&background=0b0d17&color=a78bfa&size=128&bold=true,https://www.qrypt.com/,https://www.linkedin.com/in/denismandich/,,https://www.qrypt.com/leaderships/denis-mandich/,,partial,,"source verified 2026-06-24 re-audit | Independent re-check 2026-07-17: Qrypt CTO/co-founder role and Intelligence Community background reconfirmed via a June 2025 House Oversight Committee witness bio filing. Candidate library references (not yet added): US Patents 11095442B1 and 10402172B1, both his.",active,,,,2026-07-17,,,,
Konstantinos Karagiannis,USA,"Senior Director, Quantum Computing Services",Protiviti,Private,Industry Vendor,"In quantum computing and InfoSec since the 1990s; hosts Protiviti's 'The Post-Quantum World' podcast; led PQC agility assessment with DTCC; frequent speaker at RSA, Black Hat, and DEF CON; advocates for enterprise PQC migration and quantum readiness.",https://ui-avatars.com/api/?name=Konstantinos+Karagiannis&background=0b0d17&color=a78bfa&size=128&bold=true,https://www.protiviti.com/us-en/quantum-computing-services,https://www.linkedin.com/in/konstantinos-karagiannis-0a09503/,,https://www.protiviti.com/us-en/konstantinos-karagiannis,,no,,"source verified 2026-06-24 re-audit | TITLE/INFO REVIEW (2026-06-24 re-audit): Current title is ""Senior Director, Quantum Computing Services"" at Protiviti (sources list Senior Director, not just Director); also note he says he's been in quantum computing since 2012, InfoSec since the 1990s. | Independent re-check 2026-07-17: reconfirms the existing 06-24 title finding (Senior Director, Quantum Computing Services). Candidate library reference (not yet added): 'The Post-Quantum World' podcast (Protiviti), the DTCC PQC agility assessment project.",active,,,,2026-07-17,,,,
Dr. Krysta Svore,USA,VP Applied Research – Quantum Computing,NVIDIA,Private,Industry Vendor,Former Technical Fellow and VP at Microsoft Azure Quantum (departed Nov 2025); co-creator of Q# quantum programming language; led QuArC research group on fault-tolerant quantum algorithms; now VP Applied Research – Quantum Computing at NVIDIA.,https://ui-avatars.com/api/?name=Krysta+Svore&background=0b0d17&color=a78bfa&size=128&bold=true,https://www.nvidia.com/,https://www.linkedin.com/in/krysta-svore-a8920542/,,https://en.wikipedia.org/wiki/Krysta_Svore,,yes,IEEE; ACM,"source verified 2026-06-24 re-audit | TITLE/INFO REVIEW (2026-06-24 re-audit): Title at NVIDIA is most commonly given as ""VP of Applied Quantum Computing Research"" (also ""VP Quantum Computing Pathfinding""); the claimed ""VP Applied Research – Quantum Computing"" is functionally accurate. | Independent re-check 2026-07-17: her Nov 12 2025 move from Microsoft to NVIDIA (VP Applied Research - Quantum Computing) reconfirmed via NVIDIA's own author page. Candidate library reference (not yet added): the original Q# language paper, arXiv:1803.00652.",active,,,,2026-07-17,,,,
Niccolò De Masi,USA,Chairman and CEO,IonQ,Private,Industry Vendor,"Chairman and CEO of IonQ (NYSE: IONQ); leads quantum networking strategy via acquisitions of ID Quantique, Capella Space, Lightsynq, and Skyloom; building distributed quantum entanglement and QKD infrastructure; testified to U.S. Senate on quantum security; advocates for PQC and QKD adoption to protect critical infrastructure.",https://ui-avatars.com/api/?name=Niccolo+De+Masi&background=0b0d17&color=a78bfa&size=128&bold=true,https://ionq.com/,https://www.linkedin.com/in/niccolo-de-masi-25929914/,,https://www.ionq.com/news/ionq-names-niccolo-de-masi-as-president-and-chief-executive-officer,,no,,"source verified 2026-06-24 re-audit | Independent re-check 2026-07-17: IonQ Chairman/CEO role and the ID Quantique/Capella Space/Lightsynq/Skyloom acquisitions reconfirmed. Minor: the congressional testimony was before the Joint Economic Committee, not 'the Senate' specifically -- worth softening that word choice. Candidate library reference (not yet added): his Nov 2025 JEC testimony PDF.",active,,,,2026-07-17,,,,
Philip Intallura,UK,Group Head of Quantum Technologies,HSBC,Private,Industry Adopter,Group Head of Quantum Technologies at HSBC; inaugural Quantum Security 25 award winner; leads HSBC's quantum-safe cryptography strategy across PQC and QKD; advocates for crypto-agility and multi-year PQC migration planning in financial services.,https://ui-avatars.com/api/?name=Philip+Intallura&background=0b0d17&color=10b981&size=128&bold=true,https://www.hsbc.com/,https://www.linkedin.com/in/intallura/,,https://www.hsbc.com/news-and-views/views/hsbc-views/the-time-is-now-to-build-quantum-defences,,yes,Applied Physics Letters,"source verified 2026-06-24 re-audit | Independent re-check 2026-07-17: HSBC role and Quantum Security 25 inaugural-class honoree status reconfirmed (cross-checked against the Bruno Couillard row's award claim -- both are genuinely in the same 25-person inaugural class). Candidate library reference (not yet added): HSBC's Sept 2024 tokenised-gold PQC pilot press release, which quotes him directly.",active,,,,2026-07-17,,,,
Sheetal Mehta,India,SVP and Global Head of Cybersecurity,NTT DATA,Private,Industry Vendor,SVP and Global Head of Cybersecurity at NTT DATA with 30+ years of experience; led NTT DATA–Fortanix Cryptography-as-a-Service partnership for AI and post-quantum era; advocates for cryptographic discovery and PQC migration roadmaps; warns of harvest-now-decrypt-later threats.,https://ui-avatars.com/api/?name=Sheetal+Mehta&background=0b0d17&color=a78bfa&size=128&bold=true,https://services.global.ntt/en-us/insights/,https://www.linkedin.com/in/sheetal-mehta-026aa34/,,https://www.fortanix.com/company/pr/2025/10/ntt-data-and-fortanix-announce-global-partnership-to-strengthen-security-in-the-ai-and-post-quantum-era,,no,,"source verified 2026-06-24 re-audit | Independent re-check 2026-07-17: NTT DATA role and the NTT DATA-Fortanix partnership (Oct 2025) reconfirmed, including a direct quote from her in NTT DATA's own press release. Candidate library reference (not yet added): her Dec 2025 NTT DATA blog post on post-quantum cryptography.",active,,,,2026-07-17,,,,
Tom Patterson,USA,Managing Director Emerging Technology Security,Accenture,Private,Industry Vendor,Managing Director for Emerging Technology Security at Accenture; developed quantum security maturity index; co-led first successful multi-orbit PQC communications link with QuSecure; WEF contributor on quantum security; PKI Consortium PQC conference speaker.,https://ui-avatars.com/api/?name=Tom+Patterson&background=0b0d17&color=a78bfa&size=128&bold=true,https://www.accenture.com/us-en/services/security-index,https://www.linkedin.com/in/tomtalks/,,https://www.rsaconference.com/experts/tom-patterson,,no,,"source verified 2026-06-24 re-audit | Independent re-check 2026-07-17: Accenture role and the QuSecure multi-orbit PQC communications demo (Mar 2023) reconfirmed via Accenture's own newsroom, which quotes him directly. Candidate library reference (not yet added): that press release.",active,,,,2026-07-17,,,,
Zak Pantelli,UK,Distinguished Architect for Data Security & Cryptography,GSK,Private,Industry Adopter,"Distinguished Architect for Data Security & Cryptography at GSK; leads the organisation's PQC migration strategy and cryptographic architecture aligned with NIST post-quantum standards. Career spans cryptography roles at Barclays, Lloyds Banking Group, Santander UK, and the UK Ministry of Defence.",https://ui-avatars.com/api/?name=Zak+Pantelli&background=0b0d17&color=10b981&size=128&bold=true,,https://www.linkedin.com/in/zak-pantelli-65473a94/,,https://akjassociates.com/event/congress/speakers,,no,,"source verified 2026-06-24 re-audit | Independent re-check 2026-07-17: role and career history (Barclays, Lloyds, Santander, UK MoD) independently corroborated via a directly-fetched cybersecurity-conference speaker bio page, not just an AI search summary -- this row was flagged for extra scrutiny given its profile shape resembled the prior fabrication pattern, and it holds up. Minor: the claimed LinkedIn URL 404s on direct fetch, worth a human re-check of the correct link.",active,,,,2026-07-17,,,,
Tomofumi Okubo,USA,Software Engineer; Standards Contributor,DigiCert,Private,Standards,Co-author of Chameleon Certificates IETF Internet-Draft (draft-bonnell-lamps-chameleon-certs) and active contributor to IETF LAMPS Working Group hybrid PKI specifications; represents DigiCert in standardization of PQC X.509 certificate formats and encoding.,https://ui-avatars.com/api/?name=Tomofumi+Okubo&background=0b0d17&color=60a5fa&size=128&bold=true,https://www.digicert.com/,,draft-bonnell-lamps-chameleon-certs-07,https://datatracker.ietf.org/person/tomofumi.okubo@digicert.com,,yes,IETF,"source verified 2026-06-24 re-audit | TITLE/INFO REVIEW (2026-06-24 re-audit): Org (DigiCert) and standards-contributor role are correct. ""Software Engineer"" likely under-titles him; he is publicly cited as a Distinguished/Standards Engineer at DigiCert, but the title difference is minor and not disqualifying.; Moved KeyResourceUrl->KeyResourceRefs 2026-07-17 (audit-leaders-refs.ts MISFILED_REF fix): value 'draft-bonnell-lamps-chameleon-certs-07' is a real library reference_id that was sitting in the wrong column, not a URL.",active,,,,2026-06-24,,,,
Dr. Marco Piani,Canada,Senior Research Analyst,evolutionQ Inc.,Private,Standards,"Co-author with Michele Mosca of the annual Global Risk Institute Quantum Threat Timeline reports (2024, 2025); provides quantitative probabilistic assessments of cryptographically relevant quantum computer (CRQC) timelines used by policymakers and enterprises worldwide.",https://ui-avatars.com/api/?name=Marco+Piani&background=0b0d17&color=60a5fa&size=128&bold=true,https://evolutionq.com/,,GRI-Quantum-Threat-Timeline-2024;GRI-Quantum-Threat-Timeline-2025,https://globalriskinstitute.org/publication/2024-quantum-threat-timeline-report/,,yes,,"source verified 2026-06-24 re-audit | Independent re-check 2026-07-17: evolutionQ role and Global Risk Institute Quantum Threat Timeline co-authorship (with Michele Mosca) reconfirmed. Candidate library reference (not yet added): the GRI Quantum Threat Timeline Research Report (2024 and 2025 editions). | Moved KeyResourceUrl->KeyResourceRefs 2026-07-17 (audit-leaders-refs.ts MISFILED_REF fix, multi-value detection improvement): value(s) 'GRI-Quantum-Threat-Timeline-2024;GRI-Quantum-Threat-Timeline-2025' are real library reference_ids that were sitting in the wrong column as part of a semicolon-delimited list, not a URL.",active,,,,2026-07-17,,,,
Michael Thompson,USA,Lead Engineer; OT Security Expert,MITRE,Private,Standards,"MITRE engineer and co-author of NIST SP 800-82 Revision 3, providing authoritative guidance on cybersecurity for operational technology (OT) environments; his work informs PQC migration planning for industrial control systems and critical infrastructure.",https://ui-avatars.com/api/?name=Michael+Thompson&background=0b0d17&color=60a5fa&size=128&bold=true,https://www.mitre.org/,,NIST SP 800-82 Rev. 3,https://csrc.nist.gov/pubs/sp/800/82/r3/final,,yes,NIST,"source verified 2026-06-24 re-audit; Moved KeyResourceUrl->KeyResourceRefs 2026-07-17 (audit-leaders-refs.ts MISFILED_REF fix): value 'NIST SP 800-82 Rev. 3' is a real library reference_id that was sitting in the wrong column, not a URL.",active,,,,2026-06-24,,,,
Eric Rescorla,USA,"Former CTO, Firefox (2013-2023); Chief Technologist",U.S. CDC Center for Forecasting and Outbreaks Analytics (current);Mozilla (former),Private,Standards,"Former CTO of Firefox at Mozilla (2013-2023, not company-wide CTO -- Mozilla's current CTO is Raffi Krikorian); sole author of TLS 1.3 (RFC 8446) and lead co-author of DTLS 1.3 (RFC 9147, with H. Tschofenig and N. Modadugu); one of the most influential contributors to modern web security protocols, whose standards are the primary migration targets for quantum-safe TLS deployment. Now Chief Technologist at the U.S. CDC's Center for Forecasting and Outbreaks Analytics.",https://ui-avatars.com/api/?name=Eric+Rescorla&background=0b0d17&color=60a5fa&size=128&bold=true,https://mozilla.org/,,RFC 8446;RFC 9147,https://datatracker.ietf.org/doc/html/rfc8446,,yes,IETF,"FIELD CORRECTION (2026-07-17): Role/Organization/Contribution updated -- this row's own 2026-06-24 note already had this fully worked out (CTO of Firefox specifically, not Mozilla company-wide; departed; now at the CDC) but it was never applied to the visible fields. Independent 2026-07-17 re-check reconfirms the Mozilla departure (June 2023) without adding new information beyond what the existing note already had. | source verified 2026-06-24 re-audit | TITLE/INFO REVIEW (2026-06-24 re-audit): Real and his TLS contributions are accurate, but the title is imprecise/outdated: at Mozilla he was ""CTO, Firefox"" (not overall company CTO). Mozilla's current company CTO is Raffi Krikorian, and Rescorla has since moved on (reported Chief Technologist at the US CDC's Center for Forecasting and Outbreaks Analytics). | Moved KeyResourceUrl->KeyResourceRefs 2026-07-17 (audit-leaders-refs.ts MISFILED_REF fix, multi-value detection improvement): value(s) 'RFC 8446;RFC 9147' are real library reference_ids that were sitting in the wrong column as part of a semicolon-delimited list, not a URL. | Proposed 2026-07-19: 07-19 follow-up remediation (R1), peer_reviewed backfill batch 3 — sole author of published RFC 8446 (TLS 1.3) and co-author (with Tschofenig, Modadugu) of published RFC 9147 (DTLS 1.3), confirmed via IETF Datatracker.",active,,,,2026-07-17,,,,
David Benjamin,USA,Senior Software Engineer; Standards Contributor,Google,Private,Standards,"Google software engineer and co-author of the IETF Merkle Tree Certificates Internet-Draft, developing post-quantum optimized certificate compression for TLS that dramatically reduces handshake sizes while enabling PQC algorithms; active contributor to TLS and BoringSSL.",https://ui-avatars.com/api/?name=David+Benjamin&background=0b0d17&color=60a5fa&size=128&bold=true,https://www.google.com/,,draft-ietf-plants-merkle-tree-certs,https://datatracker.ietf.org/person/davidben@google.com,,yes,IETF,"source verified 2026-06-24 re-audit; Moved KeyResourceUrl->KeyResourceRefs 2026-07-17 (audit-leaders-refs.ts MISFILED_REF fix): value 'draft-ietf-plants-merkle-tree-certs' is a real library reference_id that was sitting in the wrong column, not a URL.",active,,,,2026-06-24,,,,
Jake Massimo,USA,Applied Scientist; Cryptography Researcher,Amazon Web Services,Private,Standards,"AWS cryptography researcher and co-author of RFC 9881 (Algorithm Identifiers for ML-DSA in the Internet X.509 PKI), defining how ML-DSA (FIPS 204) signatures are carried in X.509 certificates.",https://ui-avatars.com/api/?name=Jake+Massimo&background=0b0d17&color=60a5fa&size=128&bold=true,https://aws.amazon.com/,,RFC-9935,https://www.amazon.science/author/jake-massimo,,yes,IETF,"source verified 2026-06-24 re-audit | TITLE/INFO REVIEW (2026-06-24 re-audit): Role/org correct (Applied Scientist, AWS Cryptography). But the claimed contribution is wrong: RFC 9909 is ""Internet X.509 PKI -- Algorithm Identifiers for SLH-DSA"" (authors Bashiri/Fluhrer/Gazdag/Van Geest/Kousidis), NOT a hybrid-KEM RFC and not authored by Massimo. His real PQC standards work is IETF LAMPS drafts on ML-KEM and FN-DSA X.509 certificates and the PQ-HPKE research.; Moved KeyResourceUrl->KeyResourceRefs 2026-07-17 (audit-leaders-refs.ts MISFILED_REF fix): value 'RFC-9909' is a real library reference_id that was sitting in the wrong column, not a URL. | Authorship cross-check correction (2026-07-30): the 2026-06-24 audit note already documented that RFC-9909 was wrong for him (it's the SLH-DSA X.509 RFC, authored by Bashiri/Fluhrer/Gazdag/Van Geest/Kousidis) but KeyResourceRefs was never actually updated -- the new leaders/library authorship cross-check caught this once the library row's inflated author list was independently corrected. Fetched RFC 9935 (Internet X.509 PKI -- Algorithm Identifiers for ML-KEM) directly; confirmed he IS a real co-author (Turner, Kampanakis, Massimo, Westerbaan). Corrected KeyResourceRefs to RFC-9935.",active,,,,2026-07-30,,,,
Jim Schaad,USA,Security Standards Contributor,August Cellars,Private,Standards,"Prolific IETF security standards author who edited COSE (RFC 9052), CBOR security formats, and S/MIME cryptographic message standards; his foundational work enables PQC algorithm integration in constrained IoT environments. Passed away August 2021.",https://ui-avatars.com/api/?name=Jim+Schaad&background=0b0d17&color=60a5fa&size=128&bold=true,,,RFC 9052,https://datatracker.ietf.org/person/Jim%20Schaad,,yes,IETF,"source verified 2026-06-24 re-audit; Moved KeyResourceUrl->KeyResourceRefs 2026-07-17 (audit-leaders-refs.ts MISFILED_REF fix): value 'RFC 9052' is a real library reference_id that was sitting in the wrong column, not a URL.",active,,,,2026-06-24,,,,
Karen Seo,USA,Network Security Engineer,BBN Technologies,Private,Standards,"Co-author of RFC 4301 (Security Architecture for IP / IPsec), the foundational standard for IPsec that forms the basis for quantum-safe VPN migration planning under CNSA 2.0 and NIST guidance across government and enterprise environments.",https://ui-avatars.com/api/?name=Karen+Seo&background=0b0d17&color=60a5fa&size=128&bold=true,,,RFC 4301,https://datatracker.ietf.org/doc/rfc4301/,,yes,IETF,"source verified 2026-06-24 re-audit; Moved KeyResourceUrl->KeyResourceRefs 2026-07-17 (audit-leaders-refs.ts MISFILED_REF fix): value 'RFC 4301' is a real library reference_id that was sitting in the wrong column, not a URL.",active,,,,2026-06-24,,,,
Stephen Kent,USA,Chief Scientist Emeritus (retired),Raytheon BBN Technologies,Private,Standards,"Author of RFC 4303 (IP Encapsulating Security Payload) and RFC 4301 (IPsec Architecture), foundational VPN security standards that are primary migration targets in quantum-safe transition programs; former IETF Security Area Director.",https://ui-avatars.com/api/?name=Stephen+Kent&background=0b0d17&color=60a5fa&size=128&bold=true,,,RFC 4303;RFC 4301,https://www.rfc-editor.org/info/rfc4303,,yes,IETF,"FIELD CORRECTION (2026-07-17): Role/Organization updated to reflect that he retired from Raytheon BBN Technologies (BBN was acquired by Raytheon in 2009) around 2017 and now holds emeritus status, not an active Chief Scientist role. RFC 4301/4303 authorship and former IETF Security Area Director history remain accurate as historical record. | source verified 2026-06-24 re-audit | Moved KeyResourceUrl->KeyResourceRefs 2026-07-17 (audit-leaders-refs.ts MISFILED_REF fix, multi-value detection improvement): value(s) 'RFC 4303;RFC 4301' are real library reference_ids that were sitting in the wrong column as part of a semicolon-delimited list, not a URL.",active,,,,2026-07-17,,,,
Pieter Wuille,Belgium/USA,Bitcoin Core Developer,"Chaincode Labs;Blockstream (co-founder, former)",Private,Algorithm Inventor,"Sole author of BIP-32 (Hierarchical Deterministic Wallets); co-author of BIP-141 (Segregated Witness, with Eric Lombrozo and Johnson Lau) and BIP-340 (Schnorr signatures, with Jonas Nick and Tim Ruffing) -- foundational Bitcoin cryptographic standards; co-founded Blockstream (2014), later joined Chaincode Labs as an engineer (2020); his protocol designs are primary targets for digital asset PQC migration.",https://ui-avatars.com/api/?name=Pieter+Wuille&background=0b0d17&color=f59e0b&size=128&bold=true,https://chaincode.com/,,BIP-32;BIP-141,https://github.com/bitcoin/bips/blob/master/bip-0032.mediawiki,,yes,Bitcoin Core / BIP process,"FIELD CORRECTION (2026-07-17): Organization/Contribution updated -- this row's own 2026-06-24 note already had this fully worked out (he co-founded Blockstream, not Chaincode Labs, where he's an engineer) but it was never applied to the visible fields. Independent 2026-07-17 re-check reconfirms the same finding and the precise BIP co-authorship lists. | source verified 2026-06-24 re-audit | TITLE/INFO REVIEW (2026-06-24 re-audit): Real and is a Bitcoin Core developer / engineer at Chaincode Labs, but the ""Co-Founder"" title applies to Blockstream (which he co-founded), NOT Chaincode Labs — he joined Chaincode Labs in 2020 as an engineer, he did not co-found it. | Moved KeyResourceUrl->KeyResourceRefs 2026-07-17 (audit-leaders-refs.ts MISFILED_REF fix, multi-value detection improvement): value(s) 'BIP-32;BIP-141' are real library reference_ids that were sitting in the wrong column as part of a semicolon-delimited list, not a URL. | Proposed 2026-07-19: 07-19 follow-up remediation (R1), peer_reviewed backfill batch 3 — sole author of BIP-32 and co-author of BIP-141 (SegWit) and BIP-340 (Schnorr signatures) — the BIP process requires mailing-list review, formal editorial vetting, and community consensus before acceptance, meeting the rubric's bar for a completed public review process.",active,,,,2026-07-17,,,,
Tim Ruffing,Germany,Research Scientist; Cryptographer,Blockstream,Private,Algorithm Inventor,"Author of BIP-340 (Schnorr Signatures for Bitcoin), enabling efficient signature aggregation; researcher at Blockstream; co-author of MuSig2 threshold signatures; his signature schemes are central to digital asset cryptographic infrastructure requiring PQC migration.",https://ui-avatars.com/api/?name=Tim+Ruffing&background=0b0d17&color=f59e0b&size=128&bold=true,https://blockstream.com/,,BIP-340,https://github.com/bitcoin/bips/blob/master/bip-0340.mediawiki,,yes,IACR,"source verified 2026-06-24 re-audit; Moved KeyResourceUrl->KeyResourceRefs 2026-07-17 (audit-leaders-refs.ts MISFILED_REF fix): value 'BIP-340' is a real library reference_id that was sitting in the wrong column, not a URL.",active,,,,2026-06-24,,,,
Anthony Towns,Australia,Bitcoin Core Developer; Researcher,Bitcoin Core,Private,Standards,"Author of BIP-341 (Taproot), upgrading Bitcoin smart contracts with Schnorr signatures and Merkle trees; independent Bitcoin Core developer whose protocol upgrades are relevant to PQC migration planning for digital asset ecosystems.",https://ui-avatars.com/api/?name=Anthony+Towns&background=0b0d17&color=60a5fa&size=128&bold=true,,,BIP-341,https://github.com/bitcoin/bips/blob/master/bip-0341.mediawiki,,yes,Bitcoin Core / BIP process,"source verified 2026-06-24 re-audit; Moved KeyResourceUrl->KeyResourceRefs 2026-07-17 (audit-leaders-refs.ts MISFILED_REF fix): value 'BIP-341' is a real library reference_id that was sitting in the wrong column, not a URL.",active,,,,2026-06-24,,,,
Gavin Wood,UK,Co-Founder; CTO,Ethereum Foundation;Parity Technologies,Private,Industry Vendor,Co-founder of Ethereum and author of the Ethereum Yellow Paper defining the EVM protocol; founder of Parity Technologies and Polkadot/Web3 Foundation; his foundational blockchain architecture designs are central to PQC migration strategies for decentralized infrastructure.,https://ui-avatars.com/api/?name=Gavin+Wood&background=0b0d17&color=a78bfa&size=128&bold=true,https://ethereum.org/,,Ethereum-Yellow-Paper,https://en.wikipedia.org/wiki/Gavin_Wood,,partial,,"source verified 2026-06-24 re-audit; Moved KeyResourceUrl->KeyResourceRefs 2026-07-17 (audit-leaders-refs.ts MISFILED_REF fix): value 'Ethereum-Yellow-Paper' is a real library reference_id that was sitting in the wrong column, not a URL.",active,,,,2026-06-24,,,,
Brian Campbell,USA,Distinguished Engineer; OAuth Expert,Ping Identity,Private,Standards,"Co-author of Selective Disclosure for JSON Web Tokens (RFC 9901, base SD-JWT) and DPoP (RFC 9449); prolific IETF OAuth working group contributor; his digital identity and access token standards require PQC-safe signature migration across enterprise SSO and identity infrastructure.",https://ui-avatars.com/api/?name=Brian+Campbell&background=0b0d17&color=60a5fa&size=128&bold=true,https://www.pingidentity.com/,,RFC-9901-SD-JWT-VC;RFC 9449,https://datatracker.ietf.org/person/bcampbell@pingidentity.com,,yes,IETF,"source verified 2026-06-24 re-audit | TITLE/INFO REVIEW (2026-06-24 re-audit): Title is publicly listed as ""Distinguished Engineer"" at Ping Identity (per LinkedIn/Crunchbase/Ping blog), not ""Senior Technical Architect""; also RFC 9901 is ""Selective Disclosure for JWTs (SD-JWT)"" — SD-JWT VC remains an Internet-Draft, not an RFC — though he is genuinely an author of both. | Moved KeyResourceUrl->KeyResourceRefs 2026-07-17 (audit-leaders-refs.ts MISFILED_REF fix, multi-value detection improvement): value(s) 'RFC-9901-SD-JWT-VC;RFC 9449' are real library reference_ids that were sitting in the wrong column as part of a semicolon-delimited list, not a URL.",active,,,,2026-06-24,,,,
Daniel Fett,Germany,Security Researcher; OAuth Expert,Authlete,Private,Standards,"Co-author of Selective Disclosure for JSON Web Tokens (RFC 9901, base SD-JWT) and DPoP (RFC 9449); active IETF OAuth working group contributor; his digital identity standards form the basis for quantum-safe verifiable credential and access token systems in the EU and globally.",https://ui-avatars.com/api/?name=Daniel+Fett&background=0b0d17&color=60a5fa&size=128&bold=true,https://authlete.com/,,RFC-9901-SD-JWT-VC;RFC 9449,https://datatracker.ietf.org/person/mail@danielfett.de,,yes,IETF; ACM CCS,"source verified 2026-06-24 re-audit | TITLE/INFO REVIEW (2026-06-24 re-audit): Minor claim inaccuracy: he co-authored RFC 9449 (DPoP) correctly, but RFC 9901 is ""Selective Disclosure for JSON Web Tokens"" (SD-JWT), not ""SD-JWT Verifiable Credentials""; SD-JWT VC is still an active IETF draft (draft-ietf-oauth-sd-jwt-vc), not yet an RFC. Person/role/org (Authlete, OAuth expert) are correct. | Moved KeyResourceUrl->KeyResourceRefs 2026-07-17 (audit-leaders-refs.ts MISFILED_REF fix, multi-value detection improvement): value(s) 'RFC-9901-SD-JWT-VC;RFC 9449' are real library reference_ids that were sitting in the wrong column as part of a semicolon-delimited list, not a URL.",active,,,,2026-06-24,,,,
John Bradley,Canada,Senior Technical Architect; Identity Standards Expert,Yubico,Private,Standards,Co-author of DPoP (RFC 9449) and JSON Web Token (RFC 7519); active in OpenID Foundation and IETF OAuth working group; his identity token standards are critical quantum migration targets for enterprise single sign-on and API security.,https://ui-avatars.com/api/?name=John+Bradley&background=0b0d17&color=60a5fa&size=128&bold=true,https://www.yubico.com/,,RFC 9449;RFC 7519,https://datatracker.ietf.org/doc/html/rfc9449,,yes,IETF,"source verified 2026-06-24 re-audit | Independent re-check 2026-07-17: RFC 9449 (DPoP) co-authorship at Yubico and RFC 7519 (JWT) co-authorship (while at Ping Identity, 2015, prior to joining Yubico) both reconfirmed against the RFCs' own author lists. | Moved KeyResourceUrl->KeyResourceRefs 2026-07-17 (audit-leaders-refs.ts MISFILED_REF fix, multi-value detection improvement): value(s) 'RFC 9449;RFC 7519' are real library reference_ids that were sitting in the wrong column as part of a semicolon-delimited list, not a URL.",active,,,,2026-07-17,,,,
Kristina Yasuda,Japan/USA,Senior Identity Standards Architect,Microsoft,Private,Standards,"Co-author of Selective Disclosure for JSON Web Tokens (RFC 9901, base SD-JWT) and active contributor to W3C Verifiable Credentials Data Model; contributes to quantum-safe digital identity infrastructure at Microsoft and IETF decentralized identity standards.",https://ui-avatars.com/api/?name=Kristina+Yasuda&background=0b0d17&color=60a5fa&size=128&bold=true,https://www.microsoft.com/,,RFC-9901-SD-JWT-VC,https://datatracker.ietf.org/doc/rfc9901/,,yes,IETF,"source verified 2026-06-24 re-audit | TITLE/INFO REVIEW (2026-06-24 re-audit): Title is ""(Senior) Identity Standards Architect,"" not ""Engineer."" She was at Microsoft during this standards work but as of 2025 is at SPRIND (German Federal Agency for Disruptive Innovation) as Product Owner/Identity Architect; RFC 9901 lists her affiliation as Keio University.; Moved KeyResourceUrl->KeyResourceRefs 2026-07-17 (audit-leaders-refs.ts MISFILED_REF fix): value 'RFC-9901-SD-JWT-VC' is a real library reference_id that was sitting in the wrong column, not a URL.",active,,,,2026-06-24,,,,
Mark D. Baushke,USA,Distinguished Engineer,Juniper Networks,Private,Standards,"Author of RFC 8731 (Use of Curve25519 and Curve448 in SSH), establishing the baseline elliptic curve cryptography in SSH that is central to the PQC-SSH migration path; active in IETF CURDLE working group for cryptographic algorithm updates.",https://ui-avatars.com/api/?name=Mark+D+Baushke&background=0b0d17&color=60a5fa&size=128&bold=true,https://www.juniper.net/,,IETF RFC 8731,https://datatracker.ietf.org/doc/html/rfc8731,,yes,IETF,"source verified 2026-06-24 re-audit | TITLE/INFO REVIEW (2026-06-24 re-audit): Title is more precisely ""Distinguished Engineer"" at Juniper Networks (per LinkedIn/Wiza); ""Network Security Engineer"" is a reasonable functional description but not his formal title.; Moved KeyResourceUrl->KeyResourceRefs 2026-07-17 (audit-leaders-refs.ts MISFILED_REF fix): value 'IETF RFC 8731' is a real library reference_id that was sitting in the wrong column, not a URL.",active,,,,2026-06-24,,,,
Paul Bastian,Germany,Senior Innovation Developer; Standards Contributor,Bundesdruckerei (BDR),Private,Standards,"Co-author of the IETF Token Status List draft, defining scalable mechanisms for verifiable credential revocation in digital identity systems; employee of Bundesdruckerei (German federal security printing), driving quantum-safe government digital identity infrastructure.",https://ui-avatars.com/api/?name=Paul+Bastian&background=0b0d17&color=60a5fa&size=128&bold=true,https://www.bundesdruckerei.de/,,IETF-Token-Status-List,https://datatracker.ietf.org/doc/draft-ietf-oauth-status-list/,,partial,IETF,"source verified 2026-06-24 re-audit | TITLE/INFO REVIEW (2026-06-24 re-audit): Org correct (Bundesdruckerei). Title is approximately right but his actual Bundesdruckerei title is Senior Innovation Developer (digital identity / EUDI wallet); ""Standards Contributor"" is fully accurate.; Moved KeyResourceUrl->KeyResourceRefs 2026-07-17 (audit-leaders-refs.ts MISFILED_REF fix): value 'IETF-Token-Status-List' is a real library reference_id that was sitting in the wrong column, not a URL.",active,,,,2026-06-24,,,,
Tobias Looker,New Zealand,Chief Technology Officer,MATTR,Private,Standards,"Co-author of the IETF Token Status List draft; Chief Technology Officer at MATTR; expert in W3C Verifiable Credentials, DIF decentralized identity, and OpenID Connect for Verifiable Presentations; driving quantum-safe digital credential infrastructure.",https://ui-avatars.com/api/?name=Tobias+Looker&background=0b0d17&color=60a5fa&size=128&bold=true,https://mattr.global/,,IETF-Token-Status-List,https://datatracker.ietf.org/doc/draft-ietf-oauth-status-list/,,partial,IETF,"FIELD CORRECTION (2026-07-17): Contribution updated to match Role (already correctly ""Chief Technology Officer"") -- Contribution text still said ""principal cryptography engineer,"" his prior title per the 2026-06-24 note, an internal inconsistency. | source verified 2026-06-24 re-audit | TITLE/INFO REVIEW (2026-06-24 re-audit): Real person at MATTR, but his current/public title is Chief Technology Officer (CTO), not ""Principal Cryptography Engineer"" (per LinkedIn /in/tplooker, The Org, ZoomInfo). Org (MATTR) and country (New Zealand) are correct.; Moved KeyResourceUrl->KeyResourceRefs 2026-07-17 (audit-leaders-refs.ts MISFILED_REF fix): value 'IETF-Token-Status-List' is a real library reference_id that was sitting in the wrong column, not a URL.",active,,,,2026-07-17,,,,
Emilia Kasper,Netherlands/USA,Software Engineer; Security Researcher,Google,Private,Standards,"Co-author of RFC 6962 (Certificate Transparency), the foundational PKI audit log mechanism being extended for PQC certificate monitoring; OpenSSL contributor; worked on early PQC experiments in Chrome alongside the Cloudflare team.",https://ui-avatars.com/api/?name=Emilia+Kasper&background=0b0d17&color=60a5fa&size=128&bold=true,https://www.google.com/,,RFC 6962,https://datatracker.ietf.org/doc/html/rfc6962,,yes,IETF,"source verified 2026-06-24 re-audit; Moved KeyResourceUrl->KeyResourceRefs 2026-07-17 (audit-leaders-refs.ts MISFILED_REF fix): value 'RFC 6962' is a real library reference_id that was sitting in the wrong column, not a URL.",active,,,,2026-06-24,,,,
Chris M. Lonvick,USA,Network Security Engineer; RFC Editor,Cisco Systems,Private,Standards,"Co-editor of SSH Architecture (RFC 4251) and SSH Transport Layer Protocol (RFC 4253), the foundational standards for SSH whose algorithms are primary targets in quantum-safe migration plans worldwide.",https://ui-avatars.com/api/?name=Chris+M+Lonvick&background=0b0d17&color=60a5fa&size=128&bold=true,https://www.cisco.com/,,RFC 4251,https://www.rfc-editor.org/info/rfc4251/,,yes,IETF,"source verified 2026-06-24 re-audit | TITLE/INFO REVIEW (2026-06-24 re-audit): Minor: he was the named document ""editor"" of these SSH RFCs and a Cisco Systems network security engineer / IETF syslog WG chair; ""RFC Editor"" should be read as document editor, not a member of the formal RFC Editor organization. | Moved KeyResourceUrl->KeyResourceRefs 2026-07-17 (audit-leaders-refs.ts MISFILED_REF fix, multi-value detection improvement): value(s) 'RFC 4251' are real library reference_ids that were sitting in the wrong column as part of a semicolon-delimited list, not a URL.",active,,,IETF RFC 4253,2026-06-24,,,,
Tatu Ylonen,Finland,Inventor of SSH; Founder & Chief Innovation Officer,SSH Communications Security,Private,Algorithm Inventor,"Inventor of the Secure Shell (SSH) protocol (1995); co-editor of SSH RFC standards (RFC 4251-4253); founder of SSH Communications Security (stepped down as CEO ~2014; current CEO is Rami Raulas); his protocol is one of the primary migration targets in quantum-safe transition programs globally, protecting billions of server connections.",https://ui-avatars.com/api/?name=Tatu+Ylonen&background=0b0d17&color=f59e0b&size=128&bold=true,https://www.ssh.com/,,RFC 4251,https://datatracker.ietf.org/doc/rfc4251/,,yes,IETF,"FIELD CORRECTION (2026-07-17): Role/Contribution updated -- he stepped down as CEO around 2014 and now holds Founder/Chief Innovation Officer-type titles; SSH invention and RFC editorship remain accurate. | source verified 2026-06-24 re-audit | Moved KeyResourceUrl->KeyResourceRefs 2026-07-17 (audit-leaders-refs.ts MISFILED_REF fix, multi-value detection improvement): value(s) 'RFC 4251' are real library reference_ids that were sitting in the wrong column as part of a semicolon-delimited list, not a URL. | Proposed 2026-07-19: 07-19 follow-up remediation (R1), peer_reviewed backfill batch 3 — confirmed via IETF Datatracker as primary author on published RFC 4251 and RFC 4253 (SSH protocol), co-credited with editor Chris Lonvick.",active,,,IETF RFC 4253,2026-07-17,,,,
Ben Laurie,UK,Security Researcher,Google,Private,Standards,Co-inventor of Certificate Transparency (CT2 RFC 9162) at Google; contributor to quantum-safe PKI monitoring infrastructure; original OpenSSL developer; his CT log auditing mechanisms are being extended to support PQC certificate ecosystems.,https://ui-avatars.com/api/?name=Ben+Laurie&background=0b0d17&color=60a5fa&size=128&bold=true,https://www.google.com/,,RFC 6962,https://www.rfc-editor.org/rfc/rfc9162.html,,yes,IETF,"source verified 2026-06-24 re-audit; Moved KeyResourceUrl->KeyResourceRefs 2026-07-17 (audit-leaders-refs.ts MISFILED_REF fix): value 'RFC 6962' is a real library reference_id that was sitting in the wrong column, not a URL.",active,,,,2026-06-24,,,,
Paul Hoffman,USA,Distinguished Technologist; IETF Veteran,ICANN,Private,Standards,Distinguished Engineer at ICANN and long-time IETF contributor; co-author of IKEv2 (RFC 7296) and numerous internet security RFCs; significant contributor to DNS security (DNSSEC) and quantum-safe protocol integration in core internet infrastructure.,https://ui-avatars.com/api/?name=Paul+Hoffman&background=0b0d17&color=60a5fa&size=128&bold=true,https://www.icann.org/,,IETF RFC 7296,https://datatracker.ietf.org/person/paul.hoffman@icann.org,,yes,IETF,"source verified 2026-06-24 re-audit | TITLE/INFO REVIEW (2026-06-24 re-audit): At ICANN his actual title is ""Distinguished Technologist"" (not ""Distinguished Engineer""); otherwise role/org accurate.; Moved KeyResourceUrl->KeyResourceRefs 2026-07-17 (audit-leaders-refs.ts MISFILED_REF fix): value 'IETF RFC 7296' is a real library reference_id that was sitting in the wrong column, not a URL.",active,,,,2026-06-24,,,,
Charlie Kaufman,USA,Security Researcher; Standards Author,Microsoft,Private,Standards,"Primary author of IKEv2 (RFC 7296), the key negotiation protocol used in IPsec VPNs and a critical migration target for PQC-safe infrastructure; 30+ year contributor to internet security protocols and IETF security area working groups.",https://ui-avatars.com/api/?name=Charlie+Kaufman&background=0b0d17&color=60a5fa&size=128&bold=true,https://www.microsoft.com/,,IETF RFC 7296,https://www.rfc-editor.org/info/rfc7296/,,yes,IETF,"source verified 2026-06-24 re-audit; Moved KeyResourceUrl->KeyResourceRefs 2026-07-17 (audit-leaders-refs.ts MISFILED_REF fix): value 'IETF RFC 7296' is a real library reference_id that was sitting in the wrong column, not a URL.",active,,,,2026-06-24,,,,
Paul Wouters,Netherlands/USA,Senior Security Architect; IETF Security Area Director,Aiven;Red Hat (former),Private,Standards,"Senior Security Architect at Aiven (formerly Senior Engineer at Red Hat) and IETF Security Area Director (2022-present); co-author of RFC 7250 (Using Raw Public Keys in TLS, done while at Red Hat) and contributor to IKEv2/IPsec PQC integration; led Fedora/RHEL cryptography policy enabling PQC algorithm support across Linux distributions.",https://ui-avatars.com/api/?name=Paul+Wouters&background=0b0d17&color=60a5fa&size=128&bold=true,https://www.redhat.com/,,RFC 7250,https://datatracker.ietf.org/person/Paul%20Wouters,,yes,IETF,"FIELD CORRECTION (2026-07-17): applying the 2026-06-24 note's already-documented findings -- he left Red Hat for Aiven (Senior Security Architect) around 2021 and is now an IETF Security Area Director; RFC 7250 co-authorship correctly dated to his Red Hat tenure. | source verified 2026-06-24 re-audit | TITLE/INFO REVIEW (2026-06-24 re-audit): Org/role is outdated: Paul Wouters is FORMER Red Hat Senior Software Engineer (VPN Technologies & Crypto Group); since ~2021 he is Senior Security Architect at Aiven and is an IETF Security Area Director (2022-present). RFC 7250 co-authorship is correct and was indeed done while at Red Hat.; Moved KeyResourceUrl->KeyResourceRefs 2026-07-17 (audit-leaders-refs.ts MISFILED_REF fix): value 'RFC 7250' is a real library reference_id that was sitting in the wrong column, not a URL.",active,,,,2026-07-17,,,,
Rob Stradling,UK,Distinguished Engineer,Sectigo,Private,Standards,Senior Research Engineer at Sectigo and co-author of Certificate Transparency v2 (RFC 9162); contributor to crt.sh certificate transparency log search and the broader CT ecosystem that forms the verification backbone for PQC certificate deployment monitoring.,https://ui-avatars.com/api/?name=Rob+Stradling&background=0b0d17&color=60a5fa&size=128&bold=true,https://sectigo.com/,,RFC-9162,https://www.rfc-editor.org/info/rfc9162/,,yes,IETF,"source verified 2026-06-24 re-audit | TITLE/INFO REVIEW (2026-06-24 re-audit): Sectigo's own recent materials title him ""Distinguished Engineer"" (not ""Senior Research Engineer""); org/country correct. He is the creator of crt.sh and co-author of RFC 9162.; Moved KeyResourceUrl->KeyResourceRefs 2026-07-17 (audit-leaders-refs.ts MISFILED_REF fix): value 'RFC-9162' is a real library reference_id that was sitting in the wrong column, not a URL.",active,,,,2026-06-24,,,,
John Gilmore,USA,Co-Founder; Cryptography Advocate,Electronic Frontier Foundation (EFF),Private,Standards,Co-founder of the Electronic Frontier Foundation (EFF) and cypherpunk; co-author of RFC 7250 (Using Raw Public Keys in TLS); early advocate for strong cryptography and export freedom; his work on minimal-state TLS authentication is relevant to constrained-environment PQC deployments.,https://ui-avatars.com/api/?name=John+Gilmore&background=0b0d17&color=60a5fa&size=128&bold=true,https://www.eff.org/,,RFC 7250,https://www.eff.org/about/board/john-gilmore,,yes,IETF,"source verified 2026-06-24 re-audit; Moved KeyResourceUrl->KeyResourceRefs 2026-07-17 (audit-leaders-refs.ts MISFILED_REF fix): value 'RFC 7250' is a real library reference_id that was sitting in the wrong column, not a URL.",active,,,,2026-06-24,,,,
Nat Sakimura,Japan,"Chairman, OpenID Foundation","NAT Consulting LLC;Nomura Research Institute (former, 1989-2020)",Private,Standards,"Co-author of JSON Web Signature (RFC 7515) and JSON Web Token (RFC 7519, both written while at NRI); lead designer of OpenID Connect; current Chairman of the OpenID Foundation (since 2011, not Emeritus); his identity token standards are fundamental migration targets for enterprise authentication requiring PQC-safe signatures.",https://ui-avatars.com/api/?name=Nat+Sakimura&background=0b0d17&color=60a5fa&size=128&bold=true,https://nat.sakimura.org/,,RFC 7515;RFC 7519,https://www.rfc-editor.org/info/rfc7519/,,yes,IETF,"FIELD CORRECTION (2026-07-17): Organization/WebsiteUrl updated -- he left NRI in 2020 and now runs NAT Consulting LLC; Role corrected -- OpenID Foundation's own board page lists him as current Chairman, not Emeritus. | source verified 2026-06-24 re-audit | Moved KeyResourceUrl->KeyResourceRefs 2026-07-17 (audit-leaders-refs.ts MISFILED_REF fix, multi-value detection improvement): value(s) 'RFC 7515;RFC 7519' are real library reference_ids that were sitting in the wrong column as part of a semicolon-delimited list, not a URL.",active,,,,2026-07-17,,,,
Brendan Moran,UK,Principal Research Engineer,Arm,Private,Standards,"Principal Architect at Arm and IETF SUIT Working Group co-chair; co-author of RFC 9019 (A Firmware Update Architecture for Internet of Things), defining secure firmware update mechanisms for IoT devices requiring PQC-safe signing as legacy hash-based algorithms are retired.",https://ui-avatars.com/api/?name=Brendan+Moran&background=0b0d17&color=60a5fa&size=128&bold=true,https://www.arm.com/,,RFC 9019,https://datatracker.ietf.org/person/brendan.moran@arm.com,,yes,IETF,"source verified 2026-06-24 re-audit | TITLE/INFO REVIEW (2026-06-24 re-audit): Real person at Arm and first author of RFC 9019 (confirmed), but NOT a SUIT WG co-chair — he is a lead author/contributor; current SUIT chairs are Akira Tsukamoto and Jacqueline McCall. His Arm title is Principal/Staff Research Engineer (per LinkedIn/Crunchbase), not ""Principal Architect,"" and his listed location is Cambridge, UK, not Ireland.; Moved KeyResourceUrl->KeyResourceRefs 2026-07-17 (audit-leaders-refs.ts MISFILED_REF fix): value 'RFC 9019' is a real library reference_id that was sitting in the wrong column, not a URL.",active,,,,2026-06-24,,,,
Stephen Davidson,Canada,Standards Technology Strategist; S/MIME WG Chair,DigiCert,Private,Standards,Chair of the CA/Browser Forum S/MIME Certificate Working Group; proposed CA/Browser Forum Ballot SMC013 enabling ML-DSA and ML-KEM in S/MIME certificates; DigiCert representative driving post-quantum migration standards for email security and publicly-trusted PKI.,https://ui-avatars.com/api/?name=Stephen+Davidson&background=0b0d17&color=60a5fa&size=128&bold=true,https://www.digicert.com/,,CA-B-Forum-Ballot-SMC013,https://cabforum.org/working-groups/smime/,,yes,CA/Browser Forum,"source verified 2026-06-24 re-audit; Moved KeyResourceUrl->KeyResourceRefs 2026-07-17 (audit-leaders-refs.ts MISFILED_REF fix): value 'CA-B-Forum-Ballot-SMC013' is a real library reference_id that was sitting in the wrong column, not a URL.",active,,,,2026-06-24,,,,
Martijn Katerbarg,Netherlands,Senior Compliance Engineer; CA/Browser Forum Contributor,Sectigo,Private,Standards,Endorsed CA/Browser Forum Ballot SMC013 enabling ML-DSA and ML-KEM in S/MIME certificates; Sectigo representative to the CA/Browser Forum S/MIME Certificate Working Group; contributes to post-quantum certificate policy development for publicly-trusted certificate authorities.,https://ui-avatars.com/api/?name=Martijn+Katerbarg&background=0b0d17&color=60a5fa&size=128&bold=true,https://sectigo.com/,,CA-B-Forum-Ballot-SMC013,https://cabforum.org/2025/07/02/ballot-smc-013/,,partial,CA/Browser Forum,"source verified 2026-06-24 re-audit | TITLE/INFO REVIEW (2026-06-24 re-audit): Real Sectigo person and CA/Browser Forum contributor, but his actual Sectigo title is ""Senior Compliance Engineer"" (not ""Principal Technologist""); he is Vice-Chair of the S/MIME Certificate WG and Chair of the Code Signing WG.; Moved KeyResourceUrl->KeyResourceRefs 2026-07-17 (audit-leaders-refs.ts MISFILED_REF fix): value 'CA-B-Forum-Ballot-SMC013' is a real library reference_id that was sitting in the wrong column, not a URL.",active,,,,2026-06-24,,,,
Clint Wilson,USA,Security Engineer; CA/Browser Forum Contributor,Apple,Private,Standards,Apple's representative to the CA/Browser Forum root program; endorsed Ballot SMC013/SMC014 enabling PQC algorithms in S/MIME certificates; shapes root store policy decisions governing post-quantum certificate trust and algorithm transitions for billions of Apple devices worldwide.,https://ui-avatars.com/api/?name=Clint+Wilson&background=0b0d17&color=60a5fa&size=128&bold=true,https://www.apple.com/,,CA-B-Forum-Ballot-SMC013,https://cabforum.org/author/clint-wilson/,,partial,CA/Browser Forum,"source verified 2026-06-24 re-audit; Moved KeyResourceUrl->KeyResourceRefs 2026-07-17 (audit-leaders-refs.ts MISFILED_REF fix): value 'CA-B-Forum-Ballot-SMC013' is a real library reference_id that was sitting in the wrong column, not a URL.",active,,,,2026-06-24,,,,
Ashish Dhiman,India,"Product Manager (Cybersecurity, Cryptography & PKI); CA/Browser Forum Contributor",GlobalSign,Private,Standards,Endorsed CA/Browser Forum Ballot SMC013/SMC014 enabling post-quantum algorithms in S/MIME certificates; GlobalSign representative to the CA/Browser Forum driving adoption of ML-DSA and ML-KEM in publicly-trusted certificate authorities for quantum-safe email and document signing.,https://ui-avatars.com/api/?name=Ashish+Dhiman&background=0b0d17&color=60a5fa&size=128&bold=true,https://www.globalsign.com/,,CA-B-Forum-Ballot-SMC013,https://www.globalsign.com/en/blog/authors/ashish-dhiman,,partial,CA/Browser Forum,"source verified 2026-06-24 re-audit | TITLE/INFO REVIEW (2026-06-24 re-audit): Title is Product Manager (Cyber Security, Cryptography & PKI) at GlobalSign, not ""Principal Engineer."" He is GlobalSign's representative/contributor in the CA/Browser Forum S/MIME Certificate Working Group (India office).; Moved KeyResourceUrl->KeyResourceRefs 2026-07-17 (audit-leaders-refs.ts MISFILED_REF fix): value 'CA-B-Forum-Ballot-SMC013' is a real library reference_id that was sitting in the wrong column, not a URL.",active,,,,2026-06-24,,,,
Andreas Henschel,Germany,PKI Expert; CA/Browser Forum Contributor,D-Trust,Private,Standards,Endorsed CA/Browser Forum Ballot SMC013 enabling ML-DSA and ML-KEM in S/MIME certificates; D-Trust (BSI subsidiary) representative to the CA/Browser Forum; drives post-quantum certificate standards for German and European digital identity infrastructure.,https://ui-avatars.com/api/?name=Andreas+Henschel&background=0b0d17&color=60a5fa&size=128&bold=true,https://www.d-trust.net/,,CA-B-Forum-Ballot-SMC013,https://cabforum.org/2025/07/02/ballot-smc-013/,,partial,CA/Browser Forum,"source verified 2026-06-24 re-audit; Moved KeyResourceUrl->KeyResourceRefs 2026-07-17 (audit-leaders-refs.ts MISFILED_REF fix): value 'CA-B-Forum-Ballot-SMC013' is a real library reference_id that was sitting in the wrong column, not a URL.",active,,,,2026-06-24,,,,
Tony Cox,Australia,PKCS#11 Specification Editor; Security Standards Expert,Cryptsoft,Private,Standards,"Lead editor of PKCS#11 v3.0 and v3.2 Cryptographic Token Interface Standards at OASIS; founder of Cryptsoft; his specifications define the HSM programming interface used by all hardware security modules implementing post-quantum algorithms including ML-KEM, ML-DSA, and SLH-DSA.",https://ui-avatars.com/api/?name=Tony+Cox&background=0b0d17&color=60a5fa&size=128&bold=true,https://www.cryptsoft.com/,,,https://docs.oasis-open.org/pkcs11/pkcs11-base/v3.0/os/pkcs11-base-v3.0-os.html,,partial,,"source verified 2026-06-24 re-audit | TITLE/INFO REVIEW (2026-06-24 re-audit): Real and central to OASIS PKCS#11/KMIP, but titles are slightly off: on PKCS#11 v3.0 he is listed as TC co-chair (with Robert Relyea), not ""lead editor"" — v3.0 editors were Chris Zimman and Dieter Bong; he is an editor on later/related work (e.g. v3.1, KMIP v3.0). He is documented as Cryptsoft's VP Partners, Strategy & Alliances; ""founder"" is unverified in these sources. | peer_reviewed=partial set 2026-08-09: Chair of PKCS #11 v3.0; not listed under Editors: in v3.0, v3.1 or v3.2. NOTE: this row's Role text claims 'PKCS#11 Specification Editor', which no primary document checked supports — flagged 2026-08-09 for correction to Chair.",active,,,PKCS11-V3-OASIS;PKCS11-V32-OASIS,2026-06-24,,,,
Robert Relyea,USA,Senior Software Engineer; PKCS#11 TC Chair,Red Hat,Private,Standards,"OASIS PKCS#11 Technical Committee Chair for v3.1 and v3.2; Red Hat cryptography engineer and NSS (Network Security Services) developer; leads standardization of PKCS#11 post-quantum cryptography mechanisms enabling ML-KEM, ML-DSA, and SLH-DSA in open-source HSM implementations.",https://ui-avatars.com/api/?name=Robert+Relyea&background=0b0d17&color=60a5fa&size=128&bold=true,https://www.redhat.com/,,,https://docs.oasis-open.org/pkcs11/pkcs11-spec/v3.1/os/pkcs11-spec-v3.1-os.html,,partial,,"source verified 2026-06-24 re-audit | Independent re-check 2026-07-17: Red Hat role and OASIS PKCS#11 TC co-chair status (v3.1 sole chair, v3.2 co-chair alongside Valerie Fenwick) reconfirmed via the specs' own front matter. | peer_reviewed=partial set 2026-08-09: Chair, not editor, of PKCS #11 v2.40, v3.0, v3.1 and v3.2 — appears under Chairs: in every front matter checked and under Editors: in none. Rubric 'partial': standards-body leadership without authorship credit.",active,,,PKCS11-V32-OASIS;PKCS11-V31-OASIS,2026-07-17,,,,
Dieter Bong,Germany,"Head of Product Management, General Purpose HSMs; PKCS#11 Editor",Utimaco,Private,Standards,"Editor of PKCS#11 v3.2 at OASIS and contributor to v3.0; Utimaco HSM engineer responsible for defining C_EncapsulateKey and C_DecapsulateKey extensions and ML-KEM, ML-DSA, and SLH-DSA mechanism specifications enabling post-quantum operations in hardware security modules.",https://ui-avatars.com/api/?name=Dieter+Bong&background=0b0d17&color=60a5fa&size=128&bold=true,https://utimaco.com/,,,https://docs.oasis-open.org/pkcs11/pkcs11-spec/v3.2/pkcs11-spec-v3.2.html,,yes,OASIS,"source verified 2026-06-24 re-audit | TITLE/INFO REVIEW (2026-06-24 re-audit): Title at Utimaco is Product Manager / Head of Product Management for General Purpose HSMs (not ""Engineering Lead""); the ""PKCS#11 Editor"" portion is accurate. He is a listed OASIS editor of PKCS#11 v3.0 base spec, v3.1, and v3.2 (published Nov 2025), the version adding ML-KEM/KEM functions. | peer_reviewed=yes set 2026-08-09: Named Editor of PKCS #11 Specification v3.2 (OASIS Standard, 2026-06-03) and PKCS #11 Base v3.0 (CS01, 2019-12-19). OASIS accepted into the rubric by user decision 2026-08-09, alongside CA/B Forum.",active,,,PKCS11-V32-OASIS;PKCS11-V31-OASIS,2026-06-24,,,,
Valerie Fenwick,USA,"Manager, Crypto Services; PKCS#11 TC Co-Chair","Apple, Inc.;Oracle (former)",Private,Standards,"OASIS PKCS#11 Technical Committee Co-Chair for v3.2; Apple cryptography engineer co-chairing standardization of post-quantum interfaces for hardware security modules (Oracle Principal Engineer historically, c.2013); instrumental in incorporating ML-KEM, ML-DSA, and SLH-DSA mechanisms and new KEM function signatures into the PKCS#11 v3.2 standard.",https://ui-avatars.com/api/?name=Valerie+Fenwick&background=0b0d17&color=60a5fa&size=128&bold=true,https://www.oracle.com/,,,https://docs.oasis-open.org/pkcs11/pkcs11-spec/v3.2/pkcs11-spec-v3.2.html,,partial,,"FIELD CORRECTION (2026-07-17): applying the 2026-06-24 note's already-documented findings -- PKCS#11 v3.2's own spec and her current job list her at Apple, Inc. (Manager, Crypto Services), not Oracle; she is a TC co-chair, not sole Chair. | source verified 2026-06-24 re-audit | TITLE/INFO REVIEW (2026-06-24 re-audit): Real person and genuine OASIS PKCS#11 TC co-chair (incl. v3.2), but org/title are outdated: the PKCS#11 v3.2 spec (Nov 2025) and her current job list her at Apple, Inc. (Manager, Crypto Services) — vfenwick@apple.com — not Oracle Principal Engineer. She was an Oracle co-chair historically (c.2013). She is a co-chair, not sole ""Chair."" | peer_reviewed=partial set 2026-08-09: Chair of PKCS #11 v2.40 (Oracle) and v3.2 (Apple); not an editor in any version checked.",active,,,PKCS11-V32-OASIS;PKCS11-V3-OASIS,2026-07-17,,,,
Luke Valenta,USA,Research Engineer; Cryptography Researcher,Cloudflare,Private,Industry Adopter,"Co-author of Cloudflare's Merkle Tree Certificates proposal redesigning WebPKI for post-quantum authentication (with Vânia Gonçalves and Bas Westerbaan); contributes to Cloudflare's broader PQC research, including NIST post-quantum standards coverage and post-quantum signature standardization analysis; works on reducing TLS handshake sizes while enabling PQC certificate deployment at scale.",https://ui-avatars.com/api/?name=Luke+Valenta&background=0b0d17&color=10b981&size=128&bold=true,https://research.cloudflare.com/,,Cloudflare-MTC-Blog;Cloudflare-PQ-Internet-2025,https://research.cloudflare.com/people/luke-valenta/,,yes,USENIX Security,"FIELD CORRECTION (2026-07-17): Contribution updated -- his Merkle Tree Certificates co-authorship is confirmed real, but the annual 'State of the Post-Quantum Internet' report is solely bylined to Bas Westerbaan, not co-authored by Valenta; that specific claim was removed. | source verified 2026-06-24 re-audit | Moved KeyResourceUrl->KeyResourceRefs 2026-07-17 (audit-leaders-refs.ts MISFILED_REF fix, multi-value detection improvement): value(s) 'Cloudflare-MTC-Blog;Cloudflare-PQ-Internet-2025' are real library reference_ids that were sitting in the wrong column as part of a semicolon-delimited list, not a URL. | peer_reviewed=yes set 2026-08-09: Co-author, 'DROWN: Breaking TLS using SSLv2', 25th USENIX Security Symposium (2016); also 'Imperfect Forward Secrecy' (Logjam).",active,,,,2026-07-17,,,,
Christopher Patton,USA,Research Engineer; Cryptography Researcher,Cloudflare,Private,Industry Adopter,Co-author of Cloudflare's Merkle Tree Certificates proposal redesigning WebPKI for quantum-safe authentication; contributor to IETF PQUIP working group and IKEv2 post-quantum standardization; Cloudflare researcher advancing quantum-safe protocol deployment across the Internet.,https://ui-avatars.com/api/?name=Christopher+Patton&background=0b0d17&color=10b981&size=128&bold=true,https://research.cloudflare.com/,,Cloudflare-MTC-Blog,https://blog.cloudflare.com/author/christopher-patton/,,partial,IETF,"source verified 2026-06-24 re-audit; Moved KeyResourceUrl->KeyResourceRefs 2026-07-17 (audit-leaders-refs.ts MISFILED_REF fix): value 'Cloudflare-MTC-Blog' is a real library reference_id that was sitting in the wrong column, not a URL. | peer_reviewed=partial set 2026-08-09: Named author of draft-ietf-ppm-dap and draft-patton-cfrg-vdaf. Datatracker checked 2026-08-09: BOTH still Active Internet-Drafts, not published RFCs. Flips to 'yes' when either publishes.",active,,,,2026-06-24,,,,
Vânia Gonçalves,Portugal,Research Program Manager; Porto Site Lead,Cloudflare,Private,Industry Adopter,"Cloudflare Research Program Manager and Porto Site Lead, supporting Cloudflare's post-quantum cryptography research program (background in Future Internet technology and technology policy). Not a co-author of Cloudflare's Merkle Tree Certificates proposal -- that work is by Bas Westerbaan and Luke Valenta at Cloudflare, alongside David Benjamin (Google), Devon O'Brien (Apple), and Filippo Valsorda (Geomys).",https://ui-avatars.com/api/?name=Vania+Goncalves&background=0b0d17&color=10b981&size=128&bold=true,https://research.cloudflare.com/,,Cloudflare-MTC-Blog,https://research.cloudflare.com/about/people/vania-goncalves/,,yes,IEEE,"FIELD CORRECTION (2026-07-17): applying the 2026-06-24 note's already-documented findings -- Contribution's Merkle Tree Certificates co-authorship claim was false and has been removed; Role/Organization were already accurate. | source verified 2026-06-24 re-audit | TITLE/INFO REVIEW (2026-06-24 re-audit): Real Cloudflare Research employee, but she is a Research/Program Manager and Porto Site Lead (background in Future Internet tech, technology policy, business models), NOT a cryptography research engineer. She is NOT a co-author of the Merkle Tree Certificates proposal — that draft's authors are David Benjamin (Google), Devon O'Brien (Apple), Bas Westerbaan (Cloudflare), Luke Valenta (Cloudflare), and Filippo Valsorda (Geomys). The real Cloudflare cryptographers on MTC are Bas Westerbaan and Luke Valenta.; Moved KeyResourceUrl->KeyResourceRefs 2026-07-17 (audit-leaders-refs.ts MISFILED_REF fix): value 'Cloudflare-MTC-Blog' is a real library reference_id that was sitting in the wrong column, not a URL. | peer_reviewed=yes set 2026-08-09: Named author of 14 peer-reviewed works incl. Telematics and Informatics 28(1) 2011, IEEE Wireless Communications 19(4) 2012, IEEE DySPAN 2011. NOT an author of the AsiaPKC 2026 HQC paper often associated with her (Cabral, Faz-Hernandez, Lopez) — she manages Cloudflare Research.",active,,,,2026-07-17,,,,
Craig Gidney,USA,Senior Research Scientist; Quantum Software Engineer,Google Quantum AI,Private,Algorithm Inventor,"Google Quantum AI researcher whose work on quantum circuit optimization and Shor's algorithm resource estimation provides key benchmarks for the quantum computing power required to break RSA and elliptic curve cryptography; his published qubit count analyses directly inform PQC migration urgency timelines used by NIST, NSA, and global policymakers.",https://ui-avatars.com/api/?name=Craig+Gidney&background=0b0d17&color=f59e0b&size=128&bold=true,https://quantumai.google/,,Cloudflare-PQ-Internet-2025,https://research.google/people/craigmichaelgidney/,,yes,Quantum (journal),"source verified 2026-06-24 re-audit; Moved KeyResourceUrl->KeyResourceRefs 2026-07-17 (audit-leaders-refs.ts MISFILED_REF fix): value 'Cloudflare-PQ-Internet-2025' is a real library reference_id that was sitting in the wrong column, not a URL. | peer_reviewed=yes set 2026-08-09: Gidney & Ekera, 'How to factor 2048 bit RSA integers in 8 hours using 20 million noisy qubits', Quantum 5:433 (2021), accepted 2021-03-29.",active,,,,2026-06-24,,,,
Valery Smyslov,Russia,Network Security Expert; IKEv2 Author,ELVIS-PLUS,Private,Standards,Author of RFC 9593 (Announcing Supported Authentication Methods in IKEv2) enabling PQC signature algorithm negotiation in IPsec VPNs; prolific IETF IPsecME working group contributor driving standardization of ML-KEM and ML-DSA integration in IKEv2 — the key protocol for enterprise VPN post-quantum migration.,https://ui-avatars.com/api/?name=Valery+Smyslov&background=0b0d17&color=60a5fa&size=128&bold=true,,,RFC 9593,https://datatracker.ietf.org/doc/rfc9593/,,yes,IETF,"source verified 2026-06-24 re-audit; Moved KeyResourceUrl->KeyResourceRefs 2026-07-17 (audit-leaders-refs.ts MISFILED_REF fix): value 'RFC 9593' is a real library reference_id that was sitting in the wrong column, not a URL.",active,,,,2026-06-24,,,,
Marco Lucamarini,UK,Principal Research Scientist; QKD Expert,University of York;Toshiba Research Europe (former),Private,Algorithm Inventor,"Professor / Chair of Experimental Quantum Communications at the University of York (since 2020); formerly a senior QKD researcher at Toshiba Research Europe's Cambridge lab, where he contributed to ETSI GS QKD 012 and co-invented Twin-Field QKD, a breakthrough protocol that dramatically extends the distance over which quantum key distribution can operate beyond the repeaterless bound, enabling practical long-distance quantum-safe key exchange.",https://ui-avatars.com/api/?name=Marco+Lucamarini&background=0b0d17&color=f59e0b&size=128&bold=true,https://www.toshiba.eu/pages/eu/Cambridge-Research-Laboratory/,,ETSI-GS-QKD-012,https://www.york.ac.uk/physics-engineering-technology/people/lucamarini/,,yes,Nature,"FIELD CORRECTION (2026-07-17): applying the 2026-06-24 note's already-documented findings -- his current affiliation is the University of York (since 2020), not Toshiba, though the Twin-Field QKD and ETSI GS QKD 012 contributions correctly date to his Toshiba tenure. | source verified 2026-06-24 re-audit | TITLE/INFO REVIEW (2026-06-24 re-audit): Real and accurately described for his Toshiba tenure; note he is now (since 2020) Professor / Chair of Experimental Quantum Communications at the University of York, having previously been a senior QKD researcher at Toshiba's Cambridge Research Lab (Toshiba Research Europe Ltd).; Moved KeyResourceUrl->KeyResourceRefs 2026-07-17 (audit-leaders-refs.ts MISFILED_REF fix): value 'ETSI-GS-QKD-012' is a real library reference_id that was sitting in the wrong column, not a URL. | peer_reviewed=yes set 2026-08-09: First author, 'Overcoming the rate-distance limit of quantum key distribution without quantum repeaters', Nature 557:400-403 (2018) — the twin-field QKD paper.",active,,,,2026-07-17,,,,
Bruno Huttner,Switzerland,Director of Strategic Quantum Initiatives,ID Quantique,Private,Industry Vendor,"Director of Strategic Quantum Initiatives / QKD Evangelist at ID Quantique, the world's leading commercial QKD provider (Vice-Chair, ETSI ISG QKD); contributor to ETSI GS QKD 014 REST-based Key Delivery API standard; drives commercial quantum key distribution deployment and integration of QKD with post-quantum cryptography in hybrid security architectures for financial, government, and critical infrastructure clients.",https://ui-avatars.com/api/?name=Bruno+Huttner&background=0b0d17&color=a78bfa&size=128&bold=true,https://www.idquantique.com/,,ETSI-GS-QKD-014,https://icmconference.org/?speaker=huttnerb,,yes,Physical Review A,"FIELD CORRECTION (2026-07-17): applying the 2026-06-24 note's already-documented findings -- Contribution's ""Chief Quantum Officer"" title does not exist at ID Quantique (CEO is Gregoire Ribordy); replaced with his real title, already correctly listed in Role. | source verified 2026-06-24 re-audit | TITLE/INFO REVIEW (2026-06-24 re-audit): Title is ""Director of Strategic Quantum Initiatives / QKD Evangelist"" at ID Quantique (and Vice-Chair of ETSI ISG QKD), not ""Chief Quantum Officer"" — that title does not exist at IDQ (CEO is Grégoire Ribordy).; Moved KeyResourceUrl->KeyResourceRefs 2026-07-17 (audit-leaders-refs.ts MISFILED_REF fix): value 'ETSI-GS-QKD-014' is a real library reference_id that was sitting in the wrong column, not a URL. | peer_reviewed=yes set 2026-08-09: First author, 'Quantum cryptography with coherent states', Phys. Rev. A 51:1863-1869 (1995). Qualifying work is academic and predates ID Quantique.",active,,,,2026-07-17,,,,
Peter Bordow,USA,Distinguished Engineer; FS-ISAC PQC Workgroup Chair,Wells Fargo,Private,Industry Adopter,"Distinguished Engineer and Managing Director of Quantum Security at Wells Fargo; Chair of the FS-ISAC Post-Quantum Cryptography Workgroup leading the financial sector's collective response to quantum threats; drives PQC migration standards, best practices, and risk frameworks for the global financial services industry.",https://ui-avatars.com/api/?name=Peter+Bordow&background=0b0d17&color=10b981&size=128&bold=true,https://www.wellsfargo.com/,,,,,,,,deprecated,2026-03-12,2026-03-13 leaders policy filter,Europol-FS-ISAC-PQC-Financial-2026,,,,,
Steve Stevens,USA,Executive Director,Accredited Standards Committee X9,Private,Standards,"Executive Director of ASC X9, the ANSI-accredited standards body for the US financial services industry. Leads X9 initiatives on post-quantum cryptography including the X9 Financial PKI (launched June 2025 with DigiCert), the X9 PQC Financial Readiness Needs Assessment, and the quantum computing risk study program. Drives cross-sector adoption of PQC standards for payment systems, PKI, and financial cryptographic infrastructure.",https://ui-avatars.com/api/?name=Steve+Stevens&background=0b0d17&color=60a5fa&size=128&bold=true,https://x9.org/,https://www.linkedin.com/in/steve-stevens-5b06892/,ASC-X9-Financial-PKI;ASC-X9-PQC-Readiness-2025;ASC-X9-IR-F01-2022,https://x9.org/asc-x9-leadership/,,no,,"source verified 2026-06-24 re-audit | Independent re-check 2026-07-17: ASC X9 Executive Director role and the X9 Financial PKI / DigiCert launch (June 2025) reconfirmed with exact date match. Candidate library reference (not yet added): ASC X9's own June 2025 signing-ceremony press release. | Moved KeyResourceUrl->KeyResourceRefs 2026-07-17 (audit-leaders-refs.ts MISFILED_REF fix, multi-value detection improvement): value(s) 'ASC-X9-Financial-PKI;ASC-X9-PQC-Readiness-2025;ASC-X9-IR-F01-2022' are real library reference_ids that were sitting in the wrong column as part of a semicolon-delimited list, not a URL. | peer_reviewed=no set 2026-08-09: Executive Director, Accredited Standards Committee. X9 output is credited to the committee.",active,,,,2026-07-17,,,,
Roy C. DeCicco,USA,"Former Chair, ASC X9; Managing Director",JPMorgan Chase,Private,Standards,Former Chair of ASC X9 (until 2021); led the committee during the development of foundational financial cryptography standards including the X9 TR 50-2019 on Quantum Techniques in CMS and the initial quantum computing risk assessment for the financial industry. Managing Director at JPMorgan Chase responsible for cryptographic standards and financial PKI governance.,https://ui-avatars.com/api/?name=Roy+C+DeCicco&background=0b0d17&color=60a5fa&size=128&bold=true,https://x9.org/,,ASC-X9-TR-50-2019;ASC-X9-IR-F01-2022,https://www.swift.com/modal/node/7191,,partial,,"source verified 2026-06-24 re-audit | Independent re-check 2026-07-17: JPMorgan Chase Managing Director role and ASC X9 Board Chair history reconfirmed; cross-checked cleanly against the Steve Stevens (Executive Director) and Angela Hendershott (former Vice Chair) rows -- the ASC X9 leadership roster is internally consistent. | Moved KeyResourceUrl->KeyResourceRefs 2026-07-17 (audit-leaders-refs.ts MISFILED_REF fix, multi-value detection improvement): value(s) 'ASC-X9-TR-50-2019;ASC-X9-IR-F01-2022' are real library reference_ids that were sitting in the wrong column as part of a semicolon-delimited list, not a URL. | peer_reviewed=partial set 2026-08-09: Former Chair, ASC X9 — standards-body leadership without personal authorship credit.",active,,,,2026-07-17,,,,
Angela Hendershott,USA,"SVP, Association Operations Leader",U.S. Faster Payments Council;Accredited Standards Committee X9 (former Vice Chair),Private,Standards,"Former Vice Chair of the ASC X9 Board of Directors (representing Deluxe Corp) and chaired its Finance Committee, supporting governance and standards development for the financial services industry including post-quantum cryptography transition initiatives and X9 standards for financial PKI, cryptographic key management, and the quantum computing risk framework for financial institutions. Now SVP / Association Operations Leader at the U.S. Faster Payments Council.",https://ui-avatars.com/api/?name=Angela+Hendershott&background=0b0d17&color=60a5fa&size=128&bold=true,https://x9.org/,,ASC-X9-TR-50-2019,https://x9.org/x9-elects-board-vice-chair/,,no,,"FIELD CORRECTION (2026-07-17): applying the 2026-06-24 note's already-documented findings -- the X9 Vice Chair title is now historical (current holder is Ted Rothschild, JPMorgan Chase); she is presently at the Faster Payments Council. | source verified 2026-06-24 re-audit | TITLE/INFO REVIEW (2026-06-24 re-audit): Real and accurately tied to ASC X9: she was elected Vice Chair of the X9 Board of Directors (representing Deluxe Corp) and chaired its Finance Committee. Note the title is now historical — the current X9 Board Vice Chair is Ted Rothschild (JP Morgan Chase). She is presently SVP/Association Operations Leader at the U.S. Faster Payments Council.; Moved KeyResourceUrl->KeyResourceRefs 2026-07-17 (audit-leaders-refs.ts MISFILED_REF fix): value 'ASC-X9-TR-50-2019' is a real library reference_id that was sitting in the wrong column, not a URL. | peer_reviewed=no set 2026-08-09: SVP, Association Operations Leader — an operations role, not an authorship one.",active,,,,2026-07-17,,,,
Shuichi Katsumata,UK,Lead Cryptography Researcher,PQShield,Private,Algorithm Inventor,Lead cryptography researcher at PQShield advancing lattice-based cryptography theory; contributor to ML-KEM security analysis and hybrid key exchange IETF standardization; his theoretical work on tightly-secure lattice signatures and modular lattice schemes strengthens the cryptographic foundations of NIST PQC standards.,https://ui-avatars.com/api/?name=Shuichi+Katsumata&background=0b0d17&color=f59e0b&size=128&bold=true,https://pqshield.com/,,FIPS 203,https://sites.google.com/view/shuichi-katsumata,,yes,IACR,"source verified 2026-06-24 re-audit; Moved KeyResourceUrl->KeyResourceRefs 2026-07-17 (audit-leaders-refs.ts MISFILED_REF fix): value 'FIPS 203' is a real library reference_id that was sitting in the wrong column, not a URL. | peer_reviewed=yes set 2026-08-09: Extensive IACR-published record (ThresholdRaccoon, TRaccoon, round-optimal lattice blind signatures) and co-author of Raccoon, a NIST 2022 additional-signatures submission.",active,,,,2026-06-24,,,,
Dr. Ludovic Barman,Switzerland,CTO,CryptoNext Security,Private,Industry Vendor,Leading quantum-safe cryptography vendor; RESQUE consortium member; provides C-QSC quantum-safe cryptographic library compliant with ANSSI and BSI guidelines.,https://ui-avatars.com/api/?name=Ludovic+Barman&background=0b0d17&color=a78bfa&size=128&bold=true,https://www.cryptonext-security.com/,https://www.linkedin.com/in/ludovicbarman/,,,,,,"TITLE/INFO REVIEW (2026-06-24 re-audit): CryptoNext Security's CTO is Jean-Charles Faugere (Co-Founder & CTO); CEO is Florent Grosmaitre. Dr. Ludovic Barman is a real EPFL-PhD cryptographer but is a software engineer at Google (Android privacy/E2E encryption, Zurich), with no affiliation to CryptoNext Security.; KeyResourceUrl remapped to library reference 2026-07-10 (N15 dangling-ref remediation)",deprecated,2026-06-24,"content-trust re-audit 2026-06-24 (fabricated/unverifiable): Real person (Ludovic Barman, EPFL PhD, Google Zurich) wrongly attached to the wrong org/role: CryptoNext Security's actual CTO is Jean-Charles Faugere, not Barman.",QuantumZeitgeist-CryptoNext-NIST-Cert-2026,,,,,
Patrick Brun,Switzerland,CEO,Kudelski IoT,Private,Industry Vendor,IoT security with PQC implementation; PQCA founding member; provides quantum-safe key lifecycle management for IoT devices.,https://ui-avatars.com/api/?name=Patrick+Brun&background=0b0d17&color=a78bfa&size=128&bold=true,https://www.kudelski-iot.com/,https://www.linkedin.com/in/patrickbrun/,,https://www.kudelski-iot.com/solutions/iot-cybersecurity,,,,"TITLE/INFO REVIEW (2026-06-24 re-audit): No ""Patrick Brun"" exists at Kudelski IoT. Kudelski IoT is a Kudelski Group business unit with no ""CEO"" — it is headed by Hardy Schmidbauer (SVP, IoT, with overall management responsibility, reporting to Group CEO André Kudelski). The Kudelski IoT representative for the PQCA founding membership was Karine Villegas (Senior Principal Security Architect).; Key resource URL moved to KeyResourceUrls 2026-07-10 (not a library document; N15 remediation)",deprecated,2026-06-24,"content-trust re-audit 2026-06-24 (fabricated/unverifiable): No credible trace of ""Patrick Brun"" at Kudelski IoT anywhere; the unit has no CEO and is led by Hardy Schmidbauer (SVP IoT), with Karine Villegas as the PQCA spokesperson — though the org-level claims (PQCA founding member, quantum-safe Io",,,,,,
Stephen Johnson,UK,CEO,Xiphera,Private,Industry Vendor,Hardware cryptographic IP cores including PQC implementations; provides FPGA and ASIC solutions for quantum-safe embedded systems; founded 2017.,https://ui-avtars.com/api/?name=Stephen+Johnson&background=0b0d17&color=a78bfa&size=128&bold=true,https://www.xiphera.com/,https://www.linkedin.com/company/xiphera/,,https://www.xiphera.com/products/,,,,"TITLE/INFO REVIEW (2026-06-24 re-audit): Xiphera's CEO and co-founder is Matti Tommiska (co-founder/CTO Kimmo Jarvinen), and the company is based in Espoo, Finland, not the UK. No ""Stephen Johnson"" is associated with Xiphera.; Key resource URL moved to KeyResourceUrls 2026-07-10 (not a library document; N15 remediation)",deprecated,2026-06-24,"content-trust re-audit 2026-06-24 (fabricated/unverifiable): Xiphera (PQC hardware IP, FPGA/ASIC, founded 2017) is real, but its CEO is Matti Tommiska, not Stephen Johnson, and it is Finnish not UK; the named person has no credible trace.",,,,,,
Prof. Carlos Hernández-Gómez,USA,Professor,Carnegie Mellon CyLab,Academic,Algorithm Inventor,Advanced PQC research at Carnegie Mellon; contributes to vulnerability analysis of NIST algorithms and quantum-safe protocol development.,https://ui-avatars.com/api/?name=Carlos+Hernandez&background=0b0d17&color=f59e0b&size=128&bold=true,https://www.cylab.cmu.edu/,https://www.linkedin.com/,,https://www.cylab.cmu.edu/research/index.html,,,,Key resource URL moved to KeyResourceUrls 2026-07-10 (not a library document; N15 remediation),deprecated,2026-06-24,"content-trust re-audit 2026-06-24 (fabricated/unverifiable): No trace of ""Carlos Hernández-Gómez"" at CMU CyLab or in PQC/cryptography anywhere (CyLab crypto page, faculty directory, Scholar/ResearchGate, NIST all negative); CMU's real crypto faculty are demonstrably others (Parno, Shi, Goyal).",,,,,,
Prof. Birgitta Whaley,USA,Director,UC Berkeley BQIC,Academic,Standards,Director of Berkeley Quantum Information & Computation Center; focuses on quantum algorithm development and quantum cryptography research.,https://ui-avatars.com/api/?name=Birgitta+Whaley&background=0b0d17&color=60a5fa&size=128&bold=true,https://bqic.berkeley.edu/,,,https://vcresearch.berkeley.edu/faculty/k-birgitta-whaley,,yes,Physical Review Letters,"source verified 2026-06-24 re-audit; Dangling KeyResourceUrl cleared 2026-07-10 (no covering library entry; URL already in KeyResourceUrls; N15 remediation) | Independent re-check 2026-07-17: BQIC directorship reconfirmed, though it is a joint directorship with Umesh Vazirani, not sole. Placeholder LinkedIn URL cleared (was a bare, non-specific link, not a real profile). | peer_reviewed=yes set 2026-08-09: Lidar, Chuang & Whaley, 'Decoherence-Free Subspaces for Quantum Computation', PRL 81:2594 (1998). 244 publications; APS and AAAS Fellow.",active,,,,2026-07-17,,,,
Jérôme Plût,France,Cryptographer,ANSSI (France),Public,Government,Lead technical contributor to ANSSI's PQC transition papers; developed hybridization mandate; defined three-phase timeline with full PQC mandatory by 2030.,https://ui-avatars.com/api/?name=Jerome+Plut&background=0b0d17&color=22d3ee&size=128&bold=true,https://cyber.gouv.fr/en/,https://www.linkedin.com/,ANSSI-PQC-Position-2022,https://linc.cnil.fr/en/experts-provide-keys-deciphering-todays-and-tomorrows-cryptography,,yes,IACR,"source verified 2026-06-24 re-audit; KeyResourceUrl remapped to library reference 2026-07-10 (N15 dangling-ref remediation); Moved KeyResourceUrl->KeyResourceRefs 2026-07-17 (audit-leaders-refs.ts MISFILED_REF fix): value 'ANSSI-PQC-Position-2022' is a real library reference_id that was sitting in the wrong column, not a URL. | peer_reviewed=yes set 2026-08-09: CRYPTO 2015 (ASASA key-recovery), ASIACRYPT 2013 (IP1S), SAC 2011 (twisted Jacobi quartics). Listed in IACR CryptoDB.",active,,,,2026-06-24,,,,
David Koh,Singapore,Commissioner of Cybersecurity; Chief Executive,CSA Singapore,Public,Government,Founded CSA (2015); launched Quantum-Safe Handbook at SICW 2025; announced CyberCall 2024 with Quantum Safe focus; led S$295M quantum investment.,https://ui-avatars.com/api/?name=David+Koh&background=0b0d17&color=22d3ee&size=128&bold=true,https://www.csa.gov.sg/,https://www.linkedin.com/in/david-koh-21972232/,Singapore IMDA Cyber Security Guide,https://www.csa.gov.sg/news-events/press-releases/retirement-and-appointment-of-chief-executive-of-cyber-security-agency-of-singapore/,,no,,"source verified 2026-06-24 re-audit; KeyResourceUrl remapped to library reference 2026-07-10 (N15 dangling-ref remediation); Moved KeyResourceUrl->KeyResourceRefs 2026-07-17 (audit-leaders-refs.ts MISFILED_REF fix): value 'Singapore IMDA Cyber Security Guide' is a real library reference_id that was sitting in the wrong column, not a URL. | peer_reviewed=no set 2026-08-09: Commissioner of Cybersecurity / Chief Executive, CSA Singapore. CSA publications are credited to the agency.",active,,,,2026-06-24,,,,
Ofra Frenkel,Israel,Chief Government Information Officer,Israel National Digital Agency,Public,Government,Issued 2025 directive requiring all Israeli government bodies to prepare for quantum threats; mandated PQC capabilities in new contracts.,https://ui-avatars.com/api/?name=Ofra+Frenkel&background=0b0d17&color=22d3ee&size=128&bold=true,https://www.gov.il/en/,,,https://www.ynetnews.com/business/article/h1srzlgqkl,,no,,"source verified 2026-06-24 re-audit; Dangling KeyResourceUrl cleared 2026-07-10 (no covering library entry; URL already in KeyResourceUrls; N15 remediation) | Independent re-check 2026-07-17: role and the 2025 government quantum-readiness directive reconfirmed via independent Israeli press coverage. Placeholder LinkedIn URL cleared (was a bare, non-specific link, not a real profile). | peer_reviewed=no set 2026-08-09: Chief Government Information Officer, Israel National Digital Agency — a government executive role.",active,,,,2026-07-17,,,,
Prof. Dr. Peter Schwabe,Germany,Scientific Director; Professor,MPI-SP; Radboud University,Academic,Algorithm Inventor,"Co-designer of Kyber, Dilithium, and SPHINCS+; three of seven NIST submissions standardized; appointed MPI-SP Director (Apr 2024).",https://ui-avatars.com/api/?name=Peter+Schwabe&background=0b0d17&color=f59e0b&size=128&bold=true,https://cryptojedi.org/peter/index.shtml,https://www.linkedin.com/in/peter-schwabe-b17203b/,IACR-2022-1031,https://www.mpi-sp.org/schwabe,,yes,NIST;IACR,"source verified 2026-06-24 re-audit; KeyResourceUrl remapped to library reference 2026-07-10 (N15 dangling-ref remediation); Moved KeyResourceUrl->KeyResourceRefs 2026-07-17 (audit-leaders-refs.ts MISFILED_REF fix): value 'IACR-2022-1031' is a real library reference_id that was sitting in the wrong column, not a URL.",active,,,,2026-06-24,,,,
Prof. Dr. Damien Stehlé,France,Professor,ENS de Lyon,Academic,Algorithm Inventor,Co-designer of Kyber and Dilithium; foundational work on lattice algorithms and security analysis.,https://ui-avatars.com/api/?name=Damien+Stehle&background=0b0d17&color=f59e0b&size=128&bold=true,http://perso.ens-lyon.fr/damien.stehle/,https://www.linkedin.com/,IACR-2018-952,https://perso.ens-lyon.fr/damien.stehle/,,yes,NIST;IACR,"source verified 2026-06-24 re-audit; KeyResourceUrl remapped to library reference 2026-07-10 (N15 dangling-ref remediation); Moved KeyResourceUrl->KeyResourceRefs 2026-07-17 (audit-leaders-refs.ts MISFILED_REF fix): value 'IACR-2018-952' is a real library reference_id that was sitting in the wrong column, not a URL.",active,,,,2026-06-24,,,,
Prof. Dr. Daniel J. Bernstein,USA/Germany,Research Professor,UIC; Ruhr University Bochum CASA,Academic,Algorithm Inventor,Co-designer of SPHINCS+; editor of 'Post-Quantum Cryptography' book; creator of Curve25519; filed FOIA lawsuit against NSA.,https://ui-avatars.com/api/?name=Daniel+Bernstein&background=0b0d17&color=f59e0b&size=128&bold=true,https://cr.yp.to/,https://www.linkedin.com/,Bernstein-MLDSA-Bugs-2026,https://cs.uic.edu/profiles/daniel-j-bernstein/,,yes,NIST;IACR,"source verified 2026-06-24 re-audit; KeyResourceUrl remapped to library reference 2026-07-10 (N15 dangling-ref remediation); Moved KeyResourceUrl->KeyResourceRefs 2026-07-17 (audit-leaders-refs.ts MISFILED_REF fix): value 'Bernstein-MLDSA-Bugs-2026' is a real library reference_id that was sitting in the wrong column, not a URL.",active,,,,2026-06-24,,,,
Prof. Dr. Tanja Lange,Germany/Netherlands,Professor of Cryptology,TU Eindhoven; Academia Sinica,Academic,Algorithm Inventor,Co-designer of SPHINCS+; extensive work on elliptic curve and post-quantum cryptography.,https://ui-avatars.com/api/?name=Tanja+Lange&background=0b0d17&color=f59e0b&size=128&bold=true,https://hyperelliptic.org/tanja/,https://www.linkedin.com/in/tanja-lange-a8a2234/,Bernstein-Lange-Fallout-2017,https://en.wikipedia.org/wiki/Tanja_Lange,,yes,NIST;IACR,"source verified 2026-06-24 re-audit; KeyResourceUrl remapped to library reference 2026-07-10 (N15 dangling-ref remediation); Moved KeyResourceUrl->KeyResourceRefs 2026-07-17 (audit-leaders-refs.ts MISFILED_REF fix): value 'Bernstein-Lange-Fallout-2017' is a real library reference_id that was sitting in the wrong column, not a URL.",active,,,,2026-06-24,,,,
Prof. Dr. Philippe Gaborit,France,Professor in Computer Science,XLIM Laboratory University of Limoges,Academic,Algorithm Inventor,Principal submitter for HQC; co-inventor with patents dating to 2010; editor of PQCrypto 2013 proceedings.,https://ui-avatars.com/api/?name=Philippe+Gaborit&background=0b0d17&color=f59e0b&size=128&bold=true,https://www.unilim.fr/,https://www.linkedin.com/,HQC Specification,https://link.springer.com/book/10.1007/978-3-642-38616-9,,yes,NIST;IEEE,"source verified 2026-06-24 re-audit; KeyResourceUrl remapped to library reference 2026-07-10 (N15 dangling-ref remediation); Moved KeyResourceUrl->KeyResourceRefs 2026-07-17 (audit-leaders-refs.ts MISFILED_REF fix): value 'HQC Specification' is a real library reference_id that was sitting in the wrong column, not a URL.",active,,,,2026-06-24,,,,
Dr. Nicolas Aragon,France,Researcher,University of Limoges / Naquidis Center,Academic,Algorithm Inventor,Principal submitter for HQC; key contributions to code-based cryptographic protocols.,https://ui-avatars.com/api/?name=Nicolas+Aragon&background=0b0d17&color=f59e0b&size=128&bold=true,https://pqc-hqc.org/,https://www.linkedin.com/,HQC Specification,https://nicolas-aragon.fr/,,yes,NIST,"source verified 2026-06-24 re-audit | TITLE/INFO REVIEW (2026-06-24 re-audit): Real person, correct org. He is Associate Professor (Maitre de Conferences) at Universite de Limoges/XLIM and Quantum Communications & Information CTO at Naquidis Center. He is a core HQC team member/developer, but the named principal submitter for HQC is Philippe Gaborit; Aragon is specifically the principal submitter for RYDE (per NIST IP statement). ""Researcher"" is fine but understates his Associate Professor/CTO titles.; KeyResourceUrl remapped to library reference 2026-07-10 (N15 dangling-ref remediation); Moved KeyResourceUrl->KeyResourceRefs 2026-07-17 (audit-leaders-refs.ts MISFILED_REF fix): value 'HQC Specification' is a real library reference_id that was sitting in the wrong column, not a URL.",active,,,,2026-06-24,,,,
Andersen Cheng,UK,CEO and Founder,Post-Quantum,Private,Industry Vendor,Founded Post-Quantum ~2009; coined 'Harvest Now Decrypt Later'; Classic McEliece progressed to NIST Round 4; completed PQC VPN trial with NATO.,https://ui-avatars.com/api/?name=Andersen+Cheng&background=0b0d17&color=a78bfa&size=128&bold=true,https://www.post-quantum.com/,https://www.linkedin.com/in/andersencheng/,,https://uk.linkedin.com/in/andersen-cheng-05431bb0,,no,,"source verified 2026-06-24 re-audit; Dangling KeyResourceUrl cleared 2026-07-10 (no covering library entry; URL already in KeyResourceUrls; N15 remediation) | Independent re-check 2026-07-17: Post-Quantum CEO/founder role, the 'Harvest Now, Decrypt Later' coinage (~2015), and the NATO PQC VPN trial all reconfirmed via independent trade press. Candidate library reference (not yet added): Computer Weekly's NATO trial coverage. | peer_reviewed=no set 2026-08-09: CEO and Founder, Post-Quantum. Rubric default for founders/CEOs: the company is the credited actor.",active,,,,2026-07-17,,,,
Michael Adams,USA,CISO,Docusign;Zoom (former),Private,Industry Adopter,Led Zoom's post-quantum E2EE implementation (May 2024) as Zoom's CISO at the time -- first UCaaS provider with PQC E2EE for video conferencing using ML-KEM. Left Zoom and became CISO at Docusign in April 2025.,https://ui-avatars.com/api/?name=Michael+Adams&background=0b0d17&color=10b981&size=128&bold=true,https://www.zoom.com/,https://www.linkedin.com/in/themichaeladams/,,https://www.globenewswire.com/news-release/2024/05/21/2885655/0/en/Zoom-bolsters-security-offering-with-the-inclusion-of-post-quantum-end-to-end-encryption-in-Zoom-Workplace.html,,no,,"FIELD CORRECTION (2026-07-17): applying the 2026-06-24 note's already-documented findings -- Organization updated to his current employer (Docusign, since April 2025); the Zoom PQC E2EE achievement remains accurate as historical record. | source verified 2026-06-24 re-audit | TITLE/INFO REVIEW (2026-06-24 re-audit): Was CISO at Zoom at the time of the May 2024 PQC E2EE launch; left Zoom and became CISO at Docusign in April 2025, so he is no longer Zoom's CISO.; Dangling KeyResourceUrl cleared 2026-07-10 (no covering library entry; URL already in KeyResourceUrls; N15 remediation) | peer_reviewed=no set 2026-08-09: CISO, Docusign (formerly Zoom) — a security-leadership role, not an authorship one.",active,,,,2026-07-17,,,,
Stavros Kousidis,Germany,Cryptography Expert,BSI (Germany),Public,Standards,"Lead author of PQC in OpenPGP draft defining ML-KEM, ML-DSA, SLH-DSA for OpenPGP.",https://ui-avatars.com/api/?name=Stavros+Kousidis&background=0b0d17&color=60a5fa&size=128&bold=true,https://www.bsi.bund.de/,https://www.linkedin.com/,draft-ietf-openpgp-pqc-17,https://datatracker.ietf.org/doc/draft-ietf-openpgp-pqc/,,yes,IETF,"source verified 2026-06-24 re-audit; KeyResourceUrl remapped to library reference 2026-07-10 (N15 dangling-ref remediation); Moved KeyResourceUrl->KeyResourceRefs 2026-07-17 (audit-leaders-refs.ts MISFILED_REF fix): value 'draft-ietf-openpgp-pqc-17' is a real library reference_id that was sitting in the wrong column, not a URL. | peer_reviewed=yes set 2026-08-09: Named author of RFC 9802, 'Use of the HSS and XMSS Hash-Based Signature Algorithms in Internet X.509 PKI', Standards Track, June 2025. Read from the RFC's own header.",active,,,,2026-06-24,,,,
Dr. Martin Ward,UK,Chair ETSI ISG QKD; Senior Research Scientist,Toshiba Europe Cambridge,Private,Standards,Chairs ETSI ISG QKD; co-editor of ISO/IEC 23837-2; contributor to ITU-T SG17/SG13 QKD standards.,https://ui-avatars.com/api/?name=Martin+Ward&background=0b0d17&color=60a5fa&size=128&bold=true,https://www.toshiba.eu/,https://www.linkedin.com/,ISO-IEC-23837-2,https://openqkd.eu/wp-content/uploads/2021/10/2021-09-28_1020_MartinWard_TEUR_ETSI-ISG-QKD.pdf,,yes,Scientific Reports,"source verified 2026-06-24 re-audit; KeyResourceUrl remapped to library reference 2026-07-10 (N15 dangling-ref remediation); Moved KeyResourceUrl->KeyResourceRefs 2026-07-17 (audit-leaders-refs.ts MISFILED_REF fix): value 'ISO-IEC-23837-2' is a real library reference_id that was sitting in the wrong column, not a URL. | peer_reviewed=yes set 2026-08-09: Co-author, 'Long-term transmission of entangled photons from a single quantum dot over deployed fiber', Scientific Reports (2019). His Chair of ETSI ISG QKD role alone would be 'partial'; the research authorship is what qualifies.",active,,,,2026-06-24,,,,
Prof. Dr. Chris Peikert,USA,Professor,University of Michigan,Academic,Algorithm Inventor,Foundational work on lattice-based cryptography including Ring-LWE; contributor to multiple NIST PQC submissions; extensive theoretical contributions.,https://ui-avatars.com/api/?name=Chris+Peikert&background=0b0d17&color=f59e0b&size=128&bold=true,https://web.eecs.umich.edu/~cpeikert/,https://www.linkedin.com/in/chris-peikert-6568aa7/,Peikert-Lattice-Survey-2016,https://web.eecs.umich.edu/~cpeikert/,,yes,IACR;ACM,"source verified 2026-06-24 re-audit | TITLE/INFO REVIEW (2026-06-24 re-audit): Full title is ""Arthur W. Burks Collegiate Professor of Computer Science and Engineering"" at the University of Michigan (the generic ""Professor"" is correct but understated).; KeyResourceUrl remapped to library reference 2026-07-10 (N15 dangling-ref remediation); Moved KeyResourceUrl->KeyResourceRefs 2026-07-17 (audit-leaders-refs.ts MISFILED_REF fix): value 'Peikert-Lattice-Survey-2016' is a real library reference_id that was sitting in the wrong column, not a URL.",active,,,,2026-06-24,,,,
Paul Pang,Singapore,Assistant Chief Executive (Cybersecurity),CSA Singapore,Public,Government,Co-leads Singapore's quantum-safe initiatives; contributes to ASEAN cybersecurity cooperation; drives regional PQC adoption.,https://ui-avatars.com/api/?name=Paul+Pang&background=0b0d17&color=22d3ee&size=128&bold=true,https://www.csa.gov.sg/,https://www.linkedin.com/in/paul-pang-83913021/,,,,,,KeyResourceUrl remapped to library reference 2026-07-10 (N15 dangling-ref remediation),deprecated,2026-06-24,"content-trust re-audit 2026-06-24 (fabricated/unverifiable): No ""Paul Pang"" appears in CSA Singapore leadership; the official gov directory lists ACEs as DAN Yock Hau (National Cyber Resilience) and ONG Kok Wee (Policy & Corporate Development), and no ""Assistant Chief Executive (Cybersecurity)"" titl",Singapore IMDA Cyber Security Guide,,,,,
Satoshi Nakamura,Japan,Director-General,NISC (Japan),Public,Government,Leads Japan's National Center of Incident Readiness and Strategy for Cybersecurity; coordinates Japanese government PQC initiatives.,https://ui-avatars.com/api/?name=Satoshi+Nakamura&background=0b0d17&color=22d3ee&size=128&bold=true,https://www.nisc.go.jp/eng/,https://www.linkedin.com/,,https://www.nisc.go.jp/eng/,,,,Key resource URL moved to KeyResourceUrls 2026-07-10 (not a library document; N15 remediation),deprecated,2026-06-24,"content-trust re-audit 2026-06-24 (fabricated/unverifiable): No trace of a ""Satoshi Nakamura"" leading NISC; the real Director-General was Seiji Koyanagi (2024), with Deputy Director-Generals Tomoo Yamauchi and Tetsushi Yoshikawa — and the name suspiciously echoes Bitcoin's ""Satoshi Nakamoto.""",,,,,,
Andres Albanese,USA,Director; General Manager Cryptography,AWS,Private,Industry Adopter,"Leads AWS cryptography services including KMS, CloudHSM; drives AWS PQC hybrid TLS deployment; oversees AWS Encryption SDK PQC integration.",https://ui-avatars.com/api/?name=Andres+Albanese&background=0b0d17&color=10b981&size=128&bold=true,https://aws.amazon.com/,https://www.linkedin.com/in/andresalbanese/,,https://aws.amazon.com/blogs/security/how-to-tune-tls-for-hybrid-post-quantum-cryptography-with-kyber/,,,,Key resource URL moved to KeyResourceUrls 2026-07-10 (not a library document; N15 remediation),deprecated,2026-06-24,"content-trust re-audit 2026-06-24 (fabricated/unverifiable): No ""Andres Albanese"" exists in AWS cryptography leadership; AWS crypto is led by others (VP Eric Docktor, KMS GM Ken Beer, Matthew Campagna/Panos Kampanakis), and the only real namesakes are an academic networking/coding researcher (dblp/S",,,,,,
Adam Langley,USA,Principal Software Engineer,Google,Private,Industry Adopter,Created BoringSSL; led Google's early PQC experiments in Chrome (2016); pioneered hybrid key exchange deployments; implements PQC in Google infrastructure.,https://ui-avatars.com/api/?name=Adam+Langley&background=0b0d17&color=10b981&size=128&bold=true,https://www.google.com/,https://www.linkedin.com/in/adam-langley-736121/,,https://datatracker.ietf.org/person/agl@imperialviolet.org,,yes,IETF,"source verified 2026-06-24 re-audit; Dangling KeyResourceUrl cleared 2026-07-10 (no covering library entry; URL already in KeyResourceUrls; N15 remediation) | Independent re-check 2026-07-17: BoringSSL creation and the 2016 CECPQ1 Chrome PQC experiment reconfirmed via his own primary-source blog post. Candidate library reference (not yet added): his 'CECPQ1 results' post, imperialviolet.org.",active,,,,2026-07-17,,,,
Dr. Tara Ulseth,USA,Director; Security Engineering,Google,Private,Industry Adopter,Co-leads Google Trust & Safety; drives PQC implementation in TLS and FIDO2; published hybrid signature schemes research.,https://ui-avatars.com/api/?name=Tara+Ulseth&background=0b0d17&color=10b981&size=128&bold=true,https://www.google.com/,https://www.linkedin.com/,,https://security.googleblog.com/2024/08/advancing-our-amazing-bet-on-asymmetric.html,,,,Key resource URL moved to KeyResourceUrls 2026-07-10 (not a library document; N15 remediation),deprecated,2026-06-24,"content-trust re-audit 2026-06-24 (fabricated/unverifiable): No credible trace of ""Tara Ulseth"" anywhere (no Google bio, LinkedIn, IETF datatracker, Google Scholar/IACR/arXiv, or news); Google T&S leadership and the cited PQC/hybrid-signature research demonstrably belong to other real people (e.g., ",,,,,,
Dr. Xiao Xiang,China,Chief Scientist Quantum Security,Alibaba Cloud,Private,Industry Adopter,Leads Alibaba's quantum computing and security initiatives; drives PQC integration in Alibaba Cloud infrastructure; extensive QKD research.,https://ui-avatars.com/api/?name=Xiao+Xiang&background=0b0d17&color=10b981&size=128&bold=true,https://www.alibabacloud.com/,https://www.linkedin.com/,,https://www.alibabacloud.com/blog/quantum-computing-and-quantum-security_595417,,,,"TITLE/INFO REVIEW (2026-06-24 re-audit): Alibaba Cloud's actual Chief Scientist for Quantum Technology is Yaoyun Shi (Shi Yaoyun), a former University of Michigan tenured professor, not ""Dr. Xiao Xiang.""; Key resource URL moved to KeyResourceUrls 2026-07-10 (not a library document; N15 remediation)",deprecated,2026-06-24,"content-trust re-audit 2026-06-24 (fabricated/unverifiable): No credible trace of ""Dr. Xiao Xiang"" anywhere in PQC/quantum/Alibaba contexts; Alibaba Cloud's documented chief quantum scientist is demonstrably Yaoyun Shi.",,,,,,
Dr. Charles H. Bennett,USA,IBM Fellow,IBM Research,Private,Industry Adopter,Pioneer of quantum information theory; co-inventor of quantum cryptography and quantum teleportation; foundational contributions to quantum computing threat understanding.,https://ui-avatars.com/api/?name=Charles+Bennett&background=0b0d17&color=10b981&size=128&bold=true,https://research.ibm.com/,,,https://research.ibm.com/people/charles-bennett,,yes,Physical Review Letters,"source verified 2026-06-24 re-audit; Dangling KeyResourceUrl cleared 2026-07-10 (no covering library entry; URL already in KeyResourceUrls; N15 remediation) | Independent re-check 2026-07-17: IBM Fellow status and BB84/quantum teleportation co-invention reconfirmed (2025 ACM Turing Award for these contributions). Placeholder LinkedIn URL cleared (was a bare, non-specific link, not a real profile). | peer_reviewed=yes set 2026-08-09: Bennett & Brassard, BB84 (Bangalore, 1984); Bennett et al., 'Teleporting an unknown quantum state...', PRL 70:1895 (1993).",active,,,,2026-07-17,,,,
Prof. Dr. Adi Shamir,Israel,Professor Emeritus,Weizmann Institute,Academic,Algorithm Inventor,"Co-inventor of RSA; his 1998 Kipnis-Shamir MinRank attack on the Oil & Vinegar signature scheme is the foundational technique later researchers (e.g. Ward Beullens, 2022) built on to break Rainbow, a NIST Round 3 PQC finalist -- an indirect but significant contribution to PQC cryptanalysis, not a direct attack on a NIST submission himself.",https://ui-avatars.com/api/?name=Adi+Shamir&background=0b0d17&color=f59e0b&size=128&bold=true,https://weizmann.elsevierpure.com/en/persons/adi-shamir,https://www.linkedin.com/,,https://amturing.acm.org/award_winners/shamir_0028491.cfm,,yes,ACM; IACR,"FIELD CORRECTION (2026-07-17): Role updated to Professor Emeritus (Weizmann's own faculty page); Contribution's 'contributed to breaking several NIST round submissions' was overstated as direct authorship -- corrected to describe his real, indirect foundational role. | source verified 2026-06-24 re-audit; Dangling KeyResourceUrl cleared 2026-07-10 (no covering library entry; URL already in KeyResourceUrls; N15 remediation) | peer_reviewed=yes set 2026-08-09: Rivest, Shamir & Adleman, 'A Method for Obtaining Digital Signatures and Public-Key Cryptosystems', CACM 21(2) 1978, 120-126. | WebsiteUrl repointed 2026-08-09: weizmann.ac.il/math/shamir/ is a soft-404. The Weizmann faculty pages are behind a bot wall that no fetch tier clears, so this points at the institute's own Pure research profile, which is retrievable and authoritative.",active,,,,2026-08-09,,,,
Prof. Dr. Oded Regev,Israel/USA,Professor,NYU Courant Institute,Academic,Algorithm Inventor,Inventor of Learning With Errors (LWE) problem; foundational work underlying lattice-based PQC; Gödel Prize winner (2018).,https://ui-avatars.com/api/?name=Oded+Regev&background=0b0d17&color=f59e0b&size=128&bold=true,https://cims.nyu.edu/~regev/,https://www.linkedin.com/,Regev-LWE-Survey,https://cims.nyu.edu/~regev/,,yes,ACM,"source verified 2026-06-24 re-audit; KeyResourceUrl remapped to library reference 2026-07-10 (N15 dangling-ref remediation); Moved KeyResourceUrl->KeyResourceRefs 2026-07-17 (audit-leaders-refs.ts MISFILED_REF fix): value 'Regev-LWE-Survey' is a real library reference_id that was sitting in the wrong column, not a URL. | peer_reviewed=yes set 2026-08-09: 'On lattices, learning with errors, random linear codes, and cryptography', JACM 56(6) 2009; prelim. STOC 2005 — the LWE result ML-KEM rests on.",active,,,,2026-06-24,,,,
Dr. Atsushi Fujioka,Japan,Professor,Kanagawa University,Private,Standards,Contributed to ISO/IEC standards for digital signatures and encryption; research on PQC integration in Japanese infrastructure; extensive work on lattice-based protocols.,https://ui-avatars.com/api/?name=Atsushi+Fujioka&background=0b0d17&color=60a5fa&size=128&bold=true,https://www.rd.ntt/e/,https://www.linkedin.com/,,https://kenkyu.kanagawa-u.ac.jp/kuhp/KgApp?resId=S000934&Language=2,,yes,IACR,"source verified 2026-06-24 re-audit | TITLE/INFO REVIEW (2026-06-24 re-audit): Professor, Department of Applied Systems and Mathematics, Faculty of Informatics, Kanagawa University (Japan) — NOT ""Senior Principal Engineer, NTT Social Informatics Laboratories."" His NTT tie is historical (NTT crypto research, 1990s, with Okamoto/Ohta); his current role/org is the professorship at Kanagawa University.; Dangling KeyResourceUrl cleared 2026-07-10 (no covering library entry; URL already in KeyResourceUrls; N15 remediation) | peer_reviewed=yes set 2026-08-09: Fujioka, Okamoto & Ohta, 'A Practical Secret Voting Scheme for Large Scale Elections', AUSCRYPT '92 (LNCS 718, 244-251).",active,,,,2026-06-24,,,,
Dr. Tsuyoshi Takagi,Japan,Professor,University of Tokyo,Academic,Standards,Expert in pairing-based and post-quantum cryptography; contributor to ISO/IEC JTC 1/SC 27; research on implementation security of PQC algorithms.,https://ui-avatars.com/api/?name=Tsuyoshi+Takagi&background=0b0d17&color=60a5fa&size=128&bold=true,https://www.u-tokyo.ac.jp/,https://www.linkedin.com/,Springer-MathFoundations-PQC-2026,https://www.u-tokyo.ac.jp/focus/en/people/k0001_00010.html,,yes,IACR,"source verified 2026-06-24 re-audit; KeyResourceUrl remapped to library reference 2026-07-10 (N15 dangling-ref remediation); Moved KeyResourceUrl->KeyResourceRefs 2026-07-17 (audit-leaders-refs.ts MISFILED_REF fix): value 'Springer-MathFoundations-PQC-2026' is a real library reference_id that was sitting in the wrong column, not a URL. | peer_reviewed=yes set 2026-08-09: Published in IACR TCHES ('An Efficient Variant of F4 Algorithm for Solving MQ Problem'). Editing PQCrypto 2016 is NOT the qualifying credential; his own TCHES authorship is.",active,,,,2026-06-24,,,,
Peter Gutmann,New Zealand,Researcher; Computer Scientist,University of Auckland,Academic,Skeptic/Critic,Creator of cryptlib security library; PGP v2 contributor; prominent PQC skeptic arguing quantum cryptanalysis threat is overhyped; 2024 presentation 'Why Quantum Cryptanalysis is Bollocks' challenges PQC urgency.,https://ui-avatars.com/api/?name=Peter+Gutmann&background=0b0d17&color=ef4444&size=128&bold=true,https://www.cs.auckland.ac.nz/~pgut001/,,,https://www.cs.auckland.ac.nz/~pgut001/,,yes,USENIX Security,"source verified 2026-06-24 re-audit | source verified 2026-07-09 re-audit (wave2 leaders.md remediation); Dangling KeyResourceUrl cleared 2026-07-10 (no covering library entry; URL already in KeyResourceUrls; N15 remediation) | Independent re-check 2026-07-17: cryptlib creation and the exact-titled 'Why Quantum Cryptanalysis is Bollocks' presentation (draft circulating Aug 2024, delivered publicly at Kawaiicon 2025) reconfirmed. Candidate library reference (not yet added): the presentation PDF itself, cs.auckland.ac.nz. | peer_reviewed=yes set 2026-08-09: 'Secure Deletion of Data from Magnetic and Solid-State Memory', 6th USENIX Security Symposium (1996).",active,,,,2026-07-17,,,,
Dr. Jan Camenisch,Switzerland,Principal Research Staff Member,Subzero Labs / Rialo;IBM Research Europe Zurich (former),Private,Standards,"Expert in privacy-preserving cryptography; research on PQC-compatible credential systems and zero-knowledge proofs; contributor to attribute-based encryption standards. Formerly Principal Research Staff Member at IBM Research - Zurich (led the Privacy & Cryptography team); left IBM to become CTO of DFINITY (through ~Oct 2025), then joined Subzero Labs / Rialo.",https://ui-avatars.com/api/?name=Jan+Camenisch&background=0b0d17&color=60a5fa&size=128&bold=true,https://research.ibm.com/,https://www.linkedin.com/in/jan-camenisch-39b6801/,,https://en.wikipedia.org/wiki/Jan_Camenisch,,yes,IACR,"FIELD CORRECTION (2026-07-17): applying the 2026-06-24 note's already-documented findings -- Organization updated to his current affiliation; IBM Principal Research Staff Member role remains accurate as historical record. | source verified 2026-06-24 re-audit | TITLE/INFO REVIEW (2026-06-24 re-audit): Former (not current) IBM affiliation. He WAS a Principal Research Staff Member at IBM Research – Zurich (leading the Privacy & Cryptography team), but left IBM to become CTO of DFINITY (through ~Oct 2025) and then joined Subzero Labs/Rialo. The IBM title is accurate historically but outdated as a current role.; Dangling KeyResourceUrl cleared 2026-07-10 (no covering library entry; URL already in KeyResourceUrls; N15 remediation) | peer_reviewed=yes set 2026-08-09: Camenisch & Lysyanskaya, 'Signature Schemes and Anonymous Credentials from Bilinear Maps', CRYPTO 2004. IACR Fellow 2017, IEEE Fellow 2013.",active,,,,2026-07-17,,,,
A. Rusch,,Author / Contributor,,Private,Standards,Author or contributor on 1 PQC reference in the Library: RFC 8017.,,,,RFC 8017,,,no,,auto-imported from library_05092026_r5 authors_or_organization on 2026-05-10,active,,,,,,,,
Aaron Voisine,USA,Author / Contributor,BRD Wallet,Private,Industry Adopter,Author or contributor on 1 PQC reference in the Library: BIP-39.,,,,BIP-39,,,no,,auto-imported from library_05092026_r5 authors_or_organization on 2026-05-10,active,,,,,,,,
Adam Zalcman,,Author / Contributor,Google Quantum AI,Private,Algorithm Inventor,Author or contributor on 1 PQC reference in the Library: Google-QuantumAI-EC-Crypto-Quantum-2026.,,,,Google-QuantumAI-EC-Crypto-Quantum-2026,https://scholar.google.com/citations?user=fgO9EWYAAAAJ&hl=en,,partial,Ethereum Foundation;Google Quantum AI,auto-imported from library_05092026_r5 authors_or_organization on 2026-05-10 | source verified 2026-06-24 re-audit,active,,,,2026-06-24,,,,
Andrew Regenscheid,USA,Author / Contributor,NIST,Public,Standards,Author or contributor on 1 PQC reference in the Library: NIST-SP-800-133r3-ipd.,,,,NIST-SP-800-133r3-ipd,,,partial,NIST,auto-imported from library_05092026_r5 authors_or_organization on 2026-05-10,active,,,,,,,,
Ansgar Dietrichs,Germany,Author / Contributor,Ethereum Foundation,Private,Industry Adopter,Author or contributor on 1 PQC reference in the Library: Ethereum-EIP7702.,,,,Ethereum-EIP7702,,,no,,auto-imported from library_05092026_r5 authors_or_organization on 2026-05-10,active,,,,,,,,
Ashish Kundu,USA,Author / Contributor,Cisco Research,Private,Algorithm Inventor,Author or contributor on 1 PQC reference in the Library: arXiv-2603-28728.,,,,arXiv-2603-28728,,,no,,auto-imported from library_05092026_r5 authors_or_organization on 2026-05-10,active,,,,,,,,
Burt Kaliski,USA,Author / Contributor,Verisign Labs,Private,Standards,Author or contributor on 1 PQC reference in the Library: RFC 8017.,,,,RFC 8017,,,no,,auto-imported from library_05092026_r5 authors_or_organization on 2026-05-10,active,,,,,,,,
Barry Leiba,USA,Author / Contributor,Futurewei,Private,Standards,Author or contributor on 1 PQC reference in the Library: RFC 8174.,,,,RFC 8174,,,partial,IETF,auto-imported from library_05092026_r5 authors_or_organization on 2026-05-10,active,,,,,,,,
Paulo S. L. M. Barreto,Brazil,Author / Contributor,University of Washington Tacoma,Academic,Algorithm Inventor,Author or contributor on 1 PQC reference in the Library: BIKE-Round4-Spec-2022.,,,,BIKE-Round4-Spec-2022,,,yes,NIST,auto-imported from library_05092026_r5 authors_or_organization on 2026-05-10,active,,,,,,,,
Slim Bettaieb,France,Author / Contributor,Worldline,Private,Algorithm Inventor,Author or contributor on 1 PQC reference in the Library: BIKE-Round4-Spec-2022.,,,,BIKE-Round4-Spec-2022,,,yes,NIST,auto-imported from library_05092026_r5 authors_or_organization on 2026-05-10,active,,,,,,,,
Loïc Bidoux,France,Author / Contributor,Technology Innovation Institute,Academic,Algorithm Inventor,Author or contributor on 1 PQC reference in the Library: BIKE-Round4-Spec-2022.,,,,BIKE-Round4-Spec-2022,,,yes,NIST,auto-imported from library_05092026_r5 authors_or_organization on 2026-05-10,active,,,,,,,,
Olivier Blazy,France,Author / Contributor,École Polytechnique,Academic,Algorithm Inventor,Author or contributor on 1 PQC reference in the Library: BIKE-Round4-Spec-2022.,,,,BIKE-Round4-Spec-2022,,,yes,NIST,auto-imported from library_05092026_r5 authors_or_organization on 2026-05-10,active,,,,,,,,
Britta Hale,USA,Author / Contributor,Naval Postgraduate School,Academic,Algorithm Inventor,Author or contributor on 1 PQC reference in the Library: draft-ietf-pquip-hybrid-signature-spectrums-07.,,,,draft-ietf-pquip-hybrid-signature-spectrums-07,,,partial,IETF PQUIP WG,auto-imported from library_05092026_r5 authors_or_organization on 2026-05-10,active,,,,,,,,
Charles Teague,USA,Author / Contributor,MITRE,Private,Standards,Author or contributor on 1 PQC reference in the Library: NIST-CSWP-36A.,,,,NIST-CSWP-36A,,,no,,auto-imported from library_05092026_r5 authors_or_organization on 2026-05-10,active,,,,,,,,
Chris Peikert,USA,Author / Contributor,University of Michigan,Academic,Algorithm Inventor,Author or contributor on 1 PQC reference in the Library: Peikert-Lattice-Survey-2016.,,,,Peikert-Lattice-Survey-2016,,,yes,IACR,auto-imported from library_05092026_r5 authors_or_organization on 2026-05-10,active,,,,,,,,
Conor Deegan,Ireland,Author / Contributor,Project Eleven,Private,Industry Adopter,Author or contributor on 1 PQC reference in the Library: ProjectEleven-Quantum-Threat-Blockchains-2026.,,,,ProjectEleven-Quantum-Threat-Blockchains-2026,,,no,Project Eleven,auto-imported from library_05092026_r5 authors_or_organization on 2026-05-10,active,,,,,,,,
D. B. C. Costa,,Author / Contributor,,Academic,Algorithm Inventor,Author or contributor on 1 PQC reference in the Library: ref-costa-pqfif.,,,,ref-costa-pqfif,,,,,auto-imported from library_05092026_r5 authors_or_organization on 2026-05-10,deprecated,2026-08-09,"Name was a citation form, not a name. Superseded by the row named 'Daniel Bruno Corvelo Costa' — the author of ref-costa-pqfif, identified from the real filing at sec.gov. Kept rather than deleted per DS-series self-containment.",,,,,,
Daniel Bruno Corvelo Costa,,Author / Contributor,,Academic,Algorithm Inventor,Author or contributor on 1 PQC reference in the Library: ref-costa-pqfif.,,,,ref-costa-pqfif,,,no,,"auto-imported from library_05092026_r5 authors_or_organization on 2026-05-10 | Created 2026-08-09 to replace the citation-form row 'D. B. C. Costa'. Full name from the filing itself: 'Post-Quantum Financial Infrastructure Framework (PQFIF)', 74pp, 'Prepared for: U.S. Crypto Assets Task Force - SEC', 3 September 2025 (https://www.sec.gov/files/cft-written-input-daniel-bruno-corvelo-costa-090325.pdf). peer_reviewed=no: PQFIF is a written public comment SUBMITTED TO the SEC by an individual, not an SEC publication and not a peer-reviewed venue. Several outlets report it as 'the SEC released PQFIF', which the document's own cover page contradicts.",active,,,,2026-08-09,,,,
David Cooper,USA,Author / Contributor,NIST,Public,Standards,Author or contributor on 1 PQC reference in the Library: RFC 5280.,,,,RFC 5280,,,no,,auto-imported from library_05092026_r5 authors_or_organization on 2026-05-10,active,,,,,,,,
Donald Eastlake 3rd,USA,Author / Contributor,,Private,Standards,Author or contributor on 1 PQC reference in the Library: RFC 6234.,,,,RFC 6234,,,partial,IETF,auto-imported from library_05092026_r5 authors_or_organization on 2026-05-10,active,,,,,,,,
D. Joseph et al.,,Author / Contributor,,Academic,Algorithm Inventor,Author or contributor on 1 PQC reference in the Library: ref-joseph-transitioning.,,,,ref-joseph-transitioning,,,,,auto-imported from library_05092026_r5 authors_or_organization on 2026-05-10,deprecated,2026-08-09,"Name was a citation, not a person: 'D. Joseph et al.' is bibliography shorthand generated from ref-joseph-transitioning, whose library authors_or_organization held the same citation form. Superseded by the row named 'David Joseph' — the lead author, read from the document's own citation_author metadata. Kept rather than deleted per DS-series self-containment; the key must survive even though it never named a person.",,,,,,
David Joseph,,Author / Contributor,,Academic,Algorithm Inventor,Author or contributor on 1 PQC reference in the Library: ref-joseph-transitioning.,,,,ref-joseph-transitioning,,,yes,Nature,"auto-imported from library_05092026_r5 authors_or_organization on 2026-05-10 | Created 2026-08-09 to replace the citation-named row 'D. Joseph et al.'. Lead author of ref-joseph-transitioning; full author list from the document's own citation_author metadata: David Joseph; Rafael Misoczki; Marc Manzano; Joe Tricot; Fernando Dominguez Pinuaga; Olivier Lacombe; Stefan Leichenauer; Jack Hidary. peer_reviewed=yes: Nature 607 (2022) is peer-reviewed, and this person is a named author of that document.",active,,,,2026-08-09,,,,
Daniel Litinski,Germany,Author / Contributor,PsiQuantum,Private,Algorithm Inventor,Author or contributor on 1 PQC reference in the Library: ref-litinski-toffoli.,,,,ref-litinski-toffoli,,,yes,Quantum (journal),"auto-imported from library_05092026_r5 authors_or_organization on 2026-05-10 | peer_reviewed=yes set 2026-08-09: Sole author, 'A Game of Surface Codes', Quantum 3:128 (2019). Written at FU Berlin; row lists PsiQuantum — the credential travels with the person.",active,,,,,,,,
Devon O'Brien,USA,Author / Contributor,Google,Private,Standards,Author or contributor on 1 PQC reference in the Library: ref-obrien-chrome-hybrid.,,,,ref-obrien-chrome-hybrid,,,yes,PoPETs,"auto-imported from library_05092026_r5 authors_or_organization on 2026-05-10 | peer_reviewed=yes set 2026-08-09: Named author of 'SoK: SCT Auditing in Certificate Transparency', PoPETs 2022:336-353. NOT an author of RFC 6962 (Laurie, Langley, Kasper); on the Chrome Root Program role alone he would be partial.",active,,,,,,,,
Dan Boneh,USA,Author / Contributor,Stanford University,Academic,Algorithm Inventor,Author or contributor on 1 PQC reference in the Library: Google-QuantumAI-EC-Crypto-Quantum-2026.,,,,Google-QuantumAI-EC-Crypto-Quantum-2026,,,partial,Ethereum Foundation;Google Quantum AI,auto-imported from library_05092026_r5 authors_or_organization on 2026-05-10,active,,,,,,,,
Daniel Huigens,Netherlands,Author / Contributor,Proton,Private,Standards,Author or contributor on 1 PQC reference in the Library: RFC 9580.,,,,RFC 9580,,,no,,auto-imported from library_05092026_r5 authors_or_organization on 2026-05-10,active,,,,,,,,
David Mahdi,Canada,Author / Contributor,Entrust,Private,Industry Vendor,"Author or contributor on 2 PQC references in the Library: Gartner-CryptoCOE-Mahdi, Gartner-PQC-Time-To-Prepare.",,,,Gartner-CryptoCOE-Mahdi;Gartner-PQC-Time-To-Prepare,,,no,Entrust;Gartner,auto-imported from library_05092026_r5 authors_or_organization on 2026-05-10,active,,,,,,,,
Deirdre Connolly,USA,Author / Contributor,SandboxAQ,Private,Algorithm Inventor,Author or contributor on 1 PQC reference in the Library: draft-ietf-pquip-hybrid-signature-spectrums-07.,,,,draft-ietf-pquip-hybrid-signature-spectrums-07,,,partial,IETF PQUIP WG,auto-imported from library_05092026_r5 authors_or_organization on 2026-05-10,active,,,,,,,,
Jean-Christophe Deneuville,France,Author / Contributor,INSA Toulouse,Academic,Algorithm Inventor,Author or contributor on 1 PQC reference in the Library: BIKE-Round4-Spec-2022.,,,,BIKE-Round4-Spec-2022,,,yes,NIST,auto-imported from library_05092026_r5 authors_or_organization on 2026-05-10,active,,,,,,,,
G. S. Mamatha,India,Author / Contributor,R.V. College of Engineering,Academic,Algorithm Inventor,Author or contributor on 1 PQC reference in the Library: arXiv-2403-11741.,,,,arXiv-2403-11741,https://scholar.google.com/citations?hl=en&user=TWKniKIAAAAJ,,partial,Academic,auto-imported from library_05092026_r5 authors_or_organization on 2026-05-10 | source verified 2026-06-24 re-audit,active,,,,2026-06-24,,,,
Dustin Moody,USA,Author / Contributor,NIST,Public,Standards,Author or contributor on 1 PQC reference in the Library: NIST-SP-800-133r3-ipd.,,,,NIST-SP-800-133r3-ipd,,,partial,NIST,auto-imported from library_05092026_r5 authors_or_organization on 2026-05-10,active,,,,,,,,
Emilia Käsper,Estonia,Author / Contributor,Google,Private,Standards,Author or contributor on 1 PQC reference in the Library: RFC 6962.,,,,RFC 6962,,,partial,,auto-imported from library_05092026_r5 authors_or_organization on 2026-05-10,active,,,,,,,,
Eric Lombrozo,USA,Author / Contributor,Ciphrex,Private,Industry Adopter,Author or contributor on 1 PQC reference in the Library: BIP-141.,,,,BIP-141,,,no,,auto-imported from library_05092026_r5 authors_or_organization on 2026-05-10,active,,,,,,,,
Florence Driscoll,UK,Author / Contributor,,Private,Industry Adopter,Author or contributor on 1 PQC reference in the Library: draft-ietf-pquip-hybrid-signature-spectrums-07.,,,,draft-ietf-pquip-hybrid-signature-spectrums-07,,,partial,IETF PQUIP WG,auto-imported from library_05092026_r5 authors_or_organization on 2026-05-10,active,,,,,,,,
Philippe Gaborit,France,Author / Contributor,University of Limoges,Academic,Algorithm Inventor,Author or contributor on 1 PQC reference in the Library: BIKE-Round4-Spec-2022.,,,,BIKE-Round4-Spec-2022,,,yes,NIST,auto-imported from library_05092026_r5 authors_or_organization on 2026-05-10,active,,,,,,,,
Shay Gueron,Israel,Author / Contributor,University of Haifa,Academic,Algorithm Inventor,Author or contributor on 1 PQC reference in the Library: BIKE-Round4-Spec-2022.,,,,BIKE-Round4-Spec-2022,,,yes,NIST,auto-imported from library_05092026_r5 authors_or_organization on 2026-05-10,active,,,,,,,,
Tim Güneysu,Germany,Author / Contributor,Ruhr University Bochum,Academic,Algorithm Inventor,Author or contributor on 1 PQC reference in the Library: BIKE-Round4-Spec-2022.,,,,BIKE-Round4-Spec-2022,,,yes,NIST,auto-imported from library_05092026_r5 authors_or_organization on 2026-05-10,active,,,,,,,,
H. Kim et al.,South Korea,Author / Contributor,,Academic,Algorithm Inventor,Author or contributor on 1 PQC reference in the Library: ref-kim-ecdlp.,,,,ref-kim-ecdlp,,,,,auto-imported from library_05092026_r5 authors_or_organization on 2026-05-10,deprecated,2026-08-09,"Name was a citation, not a person: 'H. Kim et al.' is bibliography shorthand generated from ref-kim-ecdlp, whose library authors_or_organization held the same citation form. Superseded by the row named 'Hyunji Kim' — the lead author, read from the document's own citation_author metadata. Kept rather than deleted per DS-series self-containment; the key must survive even though it never named a person.",,,,,,
Hyunji Kim,South Korea,Author / Contributor,,Academic,Algorithm Inventor,Author or contributor on 1 PQC reference in the Library: ref-kim-ecdlp.,,,,ref-kim-ecdlp,,,,,"auto-imported from library_05092026_r5 authors_or_organization on 2026-05-10 | Created 2026-08-09 to replace the citation-named row 'H. Kim et al.'. Lead author of ref-kim-ecdlp; full author list from the document's own citation_author metadata: Hyunji Kim; Kyungbae Jang; Siyi Wang; Vikas Srivastava; Anubhab Baksi; Gyeongju Song; Hwajeong Seo; Anupam Chattopadhyay. peer_reviewed left BLANK deliberately: the cited document is a preprint (eprint.iacr.org/2026/106), which is not peer review. Needs its own check — do not infer a rating from the citation alone.",active,,,,2026-08-09,,,,
Hugo Krawczyk,USA,Author / Contributor,Amazon Web Services,Private,Algorithm Inventor,Author or contributor on 1 PQC reference in the Library: RFC 5869.,,,,RFC 5869,,,yes,IETF,auto-imported from library_05092026_r5 authors_or_organization on 2026-05-10,active,,,,,,,,
Hamilton Silberg,USA,Author / Contributor,NIST,Public,Standards,Author or contributor on 1 PQC reference in the Library: NIST-SP-800-133r3-ipd.,,,,NIST-SP-800-133r3-ipd,,,partial,NIST,auto-imported from library_05092026_r5 authors_or_organization on 2026-05-10,active,,,,,,,,
Hartmut Neven,USA,Author / Contributor,Google Quantum AI,Private,Algorithm Inventor,Author or contributor on 1 PQC reference in the Library: Google-QuantumAI-EC-Crypto-Quantum-2026.,,,,Google-QuantumAI-EC-Crypto-Quantum-2026,,,partial,Ethereum Foundation;Google Quantum AI,auto-imported from library_05092026_r5 authors_or_organization on 2026-05-10,active,,,,,,,,
Hunter Beast,USA,Author / Contributor,Anduro,Private,Industry Adopter,Author or contributor on 1 PQC reference in the Library: Bitcoin-BIP360-P2QRH.,,,,Bitcoin-BIP360-P2QRH,,,partial,,auto-imported from library_05092026_r5 authors_or_organization on 2026-05-10,active,,,,,,,,
Justin Drake,UK,Author / Contributor,Ethereum Foundation,Private,Industry Adopter,"Author or contributor on 2 PQC references in the Library: ref-drake-hash-multisig, Google-QuantumAI-EC-Crypto-Quantum-2026.",,,,ref-drake-hash-multisig;Google-QuantumAI-EC-Crypto-Quantum-2026,,,partial,Ethereum Foundation;Google Quantum AI,auto-imported from library_05092026_r5 authors_or_organization on 2026-05-10,active,,,,,,,,
J. J. Pont et al.,,Author / Contributor,,Academic,Algorithm Inventor,Author or contributor on 1 PQC reference in the Library: ref-pont-downtime.,,,,ref-pont-downtime,,,,,auto-imported from library_05092026_r5 authors_or_organization on 2026-05-10,deprecated,2026-08-09,"Name was a citation, not a person: 'J. J. Pont et al.' is bibliography shorthand generated from ref-pont-downtime, whose library authors_or_organization held the same citation form. Superseded by the row named 'Jamie J. Pont' — the lead author, read from the document's own citation_author metadata. Kept rather than deleted per DS-series self-containment; the key must survive even though it never named a person.",,,,,,
Jamie J. Pont,,Author / Contributor,,Academic,Algorithm Inventor,Author or contributor on 1 PQC reference in the Library: ref-pont-downtime.,,,,ref-pont-downtime,,,,,"auto-imported from library_05092026_r5 authors_or_organization on 2026-05-10 | Created 2026-08-09 to replace the citation-named row 'J. J. Pont et al.'. Lead author of ref-pont-downtime; full author list from the document's own citation_author metadata: Jamie J. Pont; Joseph J. Kearney; Jack Moyler; Carlos A. Perez-Delgado. peer_reviewed left BLANK deliberately: the cited document is a preprint (arxiv.org/abs/2410.16965), which is not peer review. Needs its own check — do not infer a rating from the citation alone.",active,,,,2026-08-09,,,,
Jakob Jonsson,Sweden,Author / Contributor,RSA Security,Private,Standards,Author or contributor on 1 PQC reference in the Library: RFC 8017.,,,,RFC 8017,,,no,,auto-imported from library_05092026_r5 authors_or_organization on 2026-05-10,active,,,,,,,,
Jaime Gómez García,Spain,Author / Contributor,Banco Santander,Private,Industry Adopter,Author or contributor on 1 PQC reference in the Library: FS-ISAC-PQC-Timeline-2026.,,,,FS-ISAC-PQC-Timeline-2026,,,no,FS-ISAC,auto-imported from library_05092026_r5 authors_or_organization on 2026-05-10,active,,,,,,,,
Jeffrey Cichonski,USA,Author / Contributor,NIST,Public,Standards,Author or contributor on 1 PQC reference in the Library: NIST-CSWP-36A.,,,,NIST-CSWP-36A,,,no,,auto-imported from library_05092026_r5 authors_or_organization on 2026-05-10,active,,,,,,,,
Joachim Rosenthal,Switzerland,Author / Contributor,University of Zurich,Academic,Algorithm Inventor,Author or contributor on 1 PQC reference in the Library: Weger-Code-Based-Survey-2022.,,,,Weger-Code-Based-Survey-2022,,,yes,,auto-imported from library_05092026_r5 authors_or_organization on 2026-05-10,active,,,,,,,,
Johnson Lau,Hong Kong,Author / Contributor,Bitcoin Core,Private,Industry Adopter,Author or contributor on 1 PQC reference in the Library: BIP-141.,,,,BIP-141,,,no,,auto-imported from library_05092026_r5 authors_or_organization on 2026-05-10,active,,,,,,,,
Jonas Nick,Germany,Author / Contributor,Blockstream,Private,Industry Adopter,"Author or contributor on 2 PQC references in the Library: BIP-340, BIP-341.",,,,BIP-340;BIP-341,,,no,,auto-imported from library_05092026_r5 authors_or_organization on 2026-05-10,active,,,,,,,,
Joseph A. Salowey,USA,Author / Contributor,Venafi,Private,Standards,Author or contributor on 1 PQC reference in the Library: RFC 9847.,,,,RFC 9847,,,partial,,auto-imported from library_05092026_r5 authors_or_organization on 2026-05-10,active,,,,,,,,
Julien Devevey,France,Author / Contributor,ANSSI,Public,Algorithm Inventor,Author or contributor on 1 PQC reference in the Library: eprint-2025-2059.,,,,eprint-2025-2059,,,yes,,auto-imported from library_05092026_r5 authors_or_organization on 2026-05-10,active,,,,,,,,
Justus Winter,Germany,Author / Contributor,OpenPGP,Private,Standards,Author or contributor on 1 PQC reference in the Library: RFC 9580.,,,,RFC 9580,,,no,,auto-imported from library_05092026_r5 authors_or_organization on 2026-05-10,active,,,,,,,,
K. Fukuda et al.,Japan,Author / Contributor,,Academic,Algorithm Inventor,Author or contributor on 1 PQC reference in the Library: ref-fukuda-grand-challenge.,,,,ref-fukuda-grand-challenge,https://eprint.iacr.org/2025/1626,,,,auto-imported from library_05092026_r5 authors_or_organization on 2026-05-10 | source verified 2026-06-24 re-audit,deprecated,2026-08-09,"Name was a citation, not a person: 'K. Fukuda et al.' is bibliography shorthand generated from ref-fukuda-grand-challenge, whose library authors_or_organization held the same citation form. Superseded by the row named 'Kigen Fukuda' — the lead author, read from the document's own citation_author metadata. Kept rather than deleted per DS-series self-containment; the key must survive even though it never named a person.",,2026-06-24,,,,
Kigen Fukuda,Japan,Author / Contributor,,Academic,Algorithm Inventor,Author or contributor on 1 PQC reference in the Library: ref-fukuda-grand-challenge.,,,,ref-fukuda-grand-challenge,https://eprint.iacr.org/2025/1626,,,,"auto-imported from library_05092026_r5 authors_or_organization on 2026-05-10 | source verified 2026-06-24 re-audit | Created 2026-08-09 to replace the citation-named row 'K. Fukuda et al.'. Lead author of ref-fukuda-grand-challenge; full author list from the document's own citation_author metadata: Kigen Fukuda; Shin'ichiro Matsuo; Yuji Suga; Tadahiko Ito. peer_reviewed left BLANK deliberately: the cited document is a preprint (eprint.iacr.org/2025/1626), which is not peer review. Needs its own check — do not infer a rating from the citation alone.",active,,,,2026-08-09,,,,
Kathleen Moriarty,USA,Author / Contributor,CIS,Private,Standards,Author or contributor on 1 PQC reference in the Library: RFC 8017.,,,,RFC 8017,,,no,,auto-imported from library_05092026_r5 authors_or_organization on 2026-05-10,active,,,,,,,,
Karen Scarfone,USA,Author / Contributor,Scarfone Cybersecurity,Private,Standards,Author or contributor on 1 PQC reference in the Library: NIST-CSWP-36A.,,,,NIST-CSWP-36A,,,no,,auto-imported from library_05092026_r5 authors_or_organization on 2026-05-10,active,,,,,,,,
Kazufumi Kimoto,Japan,Author / Contributor,University of the Ryukyus,Academic,Algorithm Inventor,Author or contributor on 1 PQC reference in the Library: Springer-MathFoundations-PQC-2026.,,,,Springer-MathFoundations-PQC-2026,,,yes,Springer,auto-imported from library_05092026_r5 authors_or_organization on 2026-05-10,active,,,,,,,,
Keisuke Tanaka,Japan,Author / Contributor,Institute of Science Tokyo,Academic,Algorithm Inventor,Author or contributor on 1 PQC reference in the Library: Springer-MathFoundations-PQC-2026.,,,,Springer-MathFoundations-PQC-2026,,,yes,Springer,auto-imported from library_05092026_r5 authors_or_organization on 2026-05-10,active,,,,,,,,
Klaussner,Germany,Author / Contributor,Bundesdruckerei,Private,Industry Vendor,Author or contributor on 1 PQC reference in the Library: IETF-LAMPS-COMPOSITE-KEM-11.,,,,IETF-LAMPS-COMPOSITE-KEM-11,,,,,auto-imported from library_05092026_r5 authors_or_organization on 2026-05-10,deprecated,2026-08-09,"Bare surname with the ss-transliteration, not the person's name. Superseded by 'Jan Klaußner' — read from the author list of draft-ietf-lamps-pq-composite-kem (Ounsworth, Gray, Pala, Klaußner, Fluhrer). Kept per DS-series self-containment.",,,,,,
Jan Klaußner,Germany,Author / Contributor,Bundesdruckerei,Private,Industry Vendor,Author or contributor on 1 PQC reference in the Library: IETF-LAMPS-COMPOSITE-KEM-11.,,,,IETF-LAMPS-COMPOSITE-KEM-11,,,partial,IETF,"auto-imported from library_05092026_r5 authors_or_organization on 2026-05-10 | Created 2026-08-09 to replace the bare-surname row 'Klaussner' (the eszett was lost to an ss transliteration). Named author of draft-ietf-lamps-pq-composite-kem, an ACTIVE Internet-Draft in IETF Last Call with intended status Proposed Standard — a draft, so partial, not yes.",active,,,,2026-08-09,,,,
Luca De Feo,France,Author / Contributor,IBM Research,Academic,Algorithm Inventor,Author or contributor on 1 PQC reference in the Library: ref-defeo-sqisign.,,,,ref-defeo-sqisign,,,yes,Journal of Mathematical Cryptology,"auto-imported from library_05092026_r5 authors_or_organization on 2026-05-10 | peer_reviewed=yes set 2026-08-09: De Feo, Jao & Plut, 'Towards quantum-resistant cryptosystems from supersingular elliptic curve isogenies', J. Math. Cryptol. 8(3):209-247 (2014); earlier PQCrypto 2011. Co-author Jerome Plut is classified independently in this same file.",active,,,,,,,,
M. A. Aardal et al.,,Author / Contributor,,Academic,Algorithm Inventor,Author or contributor on 1 PQC reference in the Library: ref-aardal-falcon-labrador.,,,,ref-aardal-falcon-labrador,,,,,auto-imported from library_05092026_r5 authors_or_organization on 2026-05-10,deprecated,2026-08-09,"Name was a citation, not a person: 'M. A. Aardal et al.' is bibliography shorthand generated from ref-aardal-falcon-labrador, whose library authors_or_organization held the same citation form. Superseded by the row named 'Marius A. Aardal' — the lead author, read from the document's own citation_author metadata. Kept rather than deleted per DS-series self-containment; the key must survive even though it never named a person.",,,,,,
Marius A. Aardal,,Author / Contributor,,Academic,Algorithm Inventor,Author or contributor on 1 PQC reference in the Library: ref-aardal-falcon-labrador.,,,,ref-aardal-falcon-labrador,,,yes,IACR,"auto-imported from library_05092026_r5 authors_or_organization on 2026-05-10 | Created 2026-08-09 to replace the citation-named row 'M. A. Aardal et al.'. Lead author of ref-aardal-falcon-labrador; full author list from the document's own citation_author metadata: Marius A. Aardal; Diego F. Aranha; Katharina Boudgoust; Sebastian Kolby; Akira Takahashi. peer_reviewed left BLANK deliberately: the cited document is a preprint (eprint.iacr.org/2024/311), which is not peer review. Needs its own check — do not infer a rating from the citation alone. | peer_reviewed=yes set 2026-08-09: eprint 2024/311 'Aggregating Falcon signatures with LaBRADOR' is recorded by eprint itself as 'a minor revision of an IACR publication in CRYPTO 2024' — peer-reviewed, unlike the five sibling preprints added alongside it today, which eprint/arXiv still label 'Preprint.'",active,,,,2026-08-09,,,,
Matthew Amy,Canada,Author / Contributor,Simon Fraser University,Academic,Algorithm Inventor,Author or contributor on 1 PQC reference in the Library: ref-amy-sha2-preimage.,,,,ref-amy-sha2-preimage,,,yes,IEEE,"auto-imported from library_05092026_r5 authors_or_organization on 2026-05-10 | peer_reviewed=yes set 2026-08-09: Amy, Maslov & Mosca, 'Polynomial-time T-depth Optimization of Clifford+T Circuits via Matroid Partitioning' (IEEE TCAD); Amy & Mosca, 'T-count Optimization and Reed-Muller Codes' (IEEE Trans. Inf. Theory).",active,,,,,,,,
Matej Hábovstiak,,Author / Contributor,,Academic,Algorithm Inventor,Author or contributor on 1 PQC reference in the Library: ref-habovstiak-hashed-keys.,,,,ref-habovstiak-hashed-keys,,,,,auto-imported from library_05092026_r5 authors_or_organization on 2026-05-10,active,,,,,,,,
M. Pohl,Netherlands,Author / Contributor,Radboud University,Academic,Algorithm Inventor,Author or contributor on 1 PQC reference in the Library: Radboud-MTC-Thesis-2025.,,,,Radboud-MTC-Thesis-2025,,,no,,auto-imported from library_05092026_r5 authors_or_organization on 2026-05-10,active,,,,,,,,
Marek Palatinus,Czech Republic,Author / Contributor,SatoshiLabs,Private,Industry Adopter,"Author or contributor on 2 PQC references in the Library: BIP-39, BIP-44.",,,,BIP-39;BIP-44,,,no,,auto-imported from library_05092026_r5 authors_or_organization on 2026-05-10,active,,,,,,,,
Marin Ivezic,Canada,Author / Contributor,Applied Quantum,Private,Industry Vendor,Author or contributor on 1 PQC reference in the Library: AQ-PQC-Migration-Framework-v1.1-2026.,,,,AQ-PQC-Migration-Framework-v1.1-2026,,,no,Applied Quantum,auto-imported from library_05092026_r5 authors_or_organization on 2026-05-10,active,,,,,,,,
Martin Albrecht,UK,Author / Contributor,King's College London,Academic,Algorithm Inventor,Author or contributor on 1 PQC reference in the Library: Lattice-Estimator.,,,,Lattice-Estimator,,,yes,Academic,auto-imported from library_05092026_r5 authors_or_organization on 2026-05-10,active,,,,,,,,
Masato Wakayama,Japan,Author / Contributor,NTT Inc.,Private,Algorithm Inventor,Author or contributor on 1 PQC reference in the Library: Springer-MathFoundations-PQC-2026.,,,,Springer-MathFoundations-PQC-2026,,,yes,Springer,auto-imported from library_05092026_r5 authors_or_organization on 2026-05-10,active,,,,,,,,
John Preuß Mattsson,Sweden,Author / Contributor,Ericsson,Private,Standards,Author or contributor on 1 PQC reference in the Library: RFC 9528.,,,,RFC 9528,,,yes,IETF,auto-imported from library_05092026_r5 authors_or_organization on 2026-05-10,active,,,,,,,,
Maxime Roméas,France,Author / Contributor,ANSSI,Public,Algorithm Inventor,Author or contributor on 1 PQC reference in the Library: eprint-2025-2059.,,,,eprint-2025-2059,,,yes,,auto-imported from library_05092026_r5 authors_or_organization on 2026-05-10,active,,,,,,,,
Michael Bartock,USA,Author / Contributor,NIST,Public,Standards,Author or contributor on 1 PQC reference in the Library: NIST-CSWP-36A.,,,,NIST-CSWP-36A,,,no,,auto-imported from library_05092026_r5 authors_or_organization on 2026-05-10,active,,,,,,,,
Michael Broughton,USA,Author / Contributor,Google Quantum AI,Private,Algorithm Inventor,Author or contributor on 1 PQC reference in the Library: Google-QuantumAI-EC-Crypto-Quantum-2026.,,,,Google-QuantumAI-EC-Crypto-Quantum-2026,,,partial,Ethereum Foundation;Google Quantum AI,auto-imported from library_05092026_r5 authors_or_organization on 2026-05-10,active,,,,,,,,
Rafael Misoczki,Brazil,Author / Contributor,Intel,Private,Algorithm Inventor,Author or contributor on 1 PQC reference in the Library: BIKE-Round4-Spec-2022.,,,,BIKE-Round4-Spec-2022,,,yes,NIST,auto-imported from library_05092026_r5 authors_or_organization on 2026-05-10,active,,,,,,,,
Momonari Kudo,Japan,Author / Contributor,University of Tokyo,Academic,Algorithm Inventor,Author or contributor on 1 PQC reference in the Library: Springer-MathFoundations-PQC-2026.,,,,Springer-MathFoundations-PQC-2026,,,yes,Springer,auto-imported from library_05092026_r5 authors_or_organization on 2026-05-10,active,,,,,,,,
Morgane Guerreau,France,Author / Contributor,ANSSI,Public,Algorithm Inventor,Author or contributor on 1 PQC reference in the Library: eprint-2025-2059.,,,,eprint-2025-2059,,,yes,,auto-imported from library_05092026_r5 authors_or_organization on 2026-05-10,active,,,,,,,,
Murugiah Souppaya,USA,Author / Contributor,NIST,Public,Standards,Author or contributor on 1 PQC reference in the Library: NIST-CSWP-36A.,,,,NIST-CSWP-36A,,,no,,auto-imported from library_05092026_r5 authors_or_organization on 2026-05-10,active,,,,,,,,
Nina Bindel,Canada,Author / Contributor,SandboxAQ,Private,Algorithm Inventor,"Author or contributor on 2 PQC references in the Library: ref-bindel-hybrid-sigs, draft-ietf-pquip-hybrid-signature-spectrums-07.",,,,ref-bindel-hybrid-sigs;draft-ietf-pquip-hybrid-signature-spectrums-07,,,partial,IETF PQUIP WG,auto-imported from library_05092026_r5 authors_or_organization on 2026-05-10,active,,,,,,,,
Niibe Yutaka,Japan,Author / Contributor,GnuPG,Private,Standards,Author or contributor on 1 PQC reference in the Library: RFC 9580.,,,,RFC 9580,,,no,,auto-imported from library_05092026_r5 authors_or_organization on 2026-05-10,active,,,,,,,,
Niklas Gassner,Switzerland,Author / Contributor,University of Zurich,Academic,Algorithm Inventor,Author or contributor on 1 PQC reference in the Library: Weger-Code-Based-Survey-2022.,,,,Weger-Code-Based-Survey-2022,https://arxiv.org/abs/2201.07119,,yes,,auto-imported from library_05092026_r5 authors_or_organization on 2026-05-10 | source verified 2026-06-24 re-audit,active,,,,2026-06-24,,,,
Noboru Kunihiro,Japan,Author / Contributor,University of Tsukuba,Academic,Algorithm Inventor,Author or contributor on 1 PQC reference in the Library: Springer-MathFoundations-PQC-2026.,,,,Springer-MathFoundations-PQC-2026,,,yes,Springer,auto-imported from library_05092026_r5 authors_or_organization on 2026-05-10,active,,,,,,,,
Oded Regev,Israel,Author / Contributor,"Courant Institute, NYU",Academic,Algorithm Inventor,Author or contributor on 1 PQC reference in the Library: Regev-LWE-Survey.,,,,Regev-LWE-Survey,,,yes,,auto-imported from library_05092026_r5 authors_or_organization on 2026-05-10,active,,,,,,,,
Pasi Eronen,Finland,Author / Contributor,Independent,Private,Standards,Author or contributor on 1 PQC reference in the Library: RFC 5869.,,,,RFC 5869,,,yes,IETF,auto-imported from library_05092026_r5 authors_or_organization on 2026-05-10,active,,,,,,,,
P. Webster et al.,,Author / Contributor,,Academic,Algorithm Inventor,Author or contributor on 1 PQC reference in the Library: ref-webster-pinnacle.,,,,ref-webster-pinnacle,,,,,auto-imported from library_05092026_r5 authors_or_organization on 2026-05-10,deprecated,2026-08-09,"Name was a citation, not a person: 'P. Webster et al.' is bibliography shorthand generated from ref-webster-pinnacle, whose library authors_or_organization held the same citation form. Superseded by the row named 'Paul Webster' — the lead author, read from the document's own citation_author metadata. Kept rather than deleted per DS-series self-containment; the key must survive even though it never named a person.",,,,,,
Paul Webster,,Author / Contributor,,Academic,Algorithm Inventor,Author or contributor on 1 PQC reference in the Library: ref-webster-pinnacle.,,,,ref-webster-pinnacle,,,,,"auto-imported from library_05092026_r5 authors_or_organization on 2026-05-10 | Created 2026-08-09 to replace the citation-named row 'P. Webster et al.'. Lead author of ref-webster-pinnacle; full author list from the document's own citation_author metadata: Paul Webster; Lucas Berent; Omprakash Chandra; Evan T. Hockings; Nouedyn Baspin; Felix Thomsen; Samuel C. Smith; Lawrence Z. Cohen. peer_reviewed left BLANK deliberately: the cited document is a preprint (arxiv.org/abs/2602.11457), which is not peer review. Needs its own check — do not infer a rating from the citation alone.",active,,,,2026-08-09,,,,
Massimiliano Pala,Italy,Author / Contributor,OpenCA Labs,Private,Standards,Author or contributor on 1 PQC reference in the Library: IETF-LAMPS-COMPOSITE-KEM-11.,,,,IETF-LAMPS-COMPOSITE-KEM-11,,,partial,IETF,"auto-imported from library_05092026_r5 authors_or_organization on 2026-05-10 | peer_reviewed=partial set 2026-08-09: Author on active Internet-Drafts only — draft-ietf-lamps-pq-composite-kem (in IETF Last Call), draft-pala-composite-crypto, and PRQP — with NO published RFCs as of 2026. Founded OpenCA in 1998. Checked rather than assumed: decades of IETF work is not the same as a credited RFC, which is what the rubric asks for.",active,,,,,,,,
Francesca Palombini,Italy,Author / Contributor,Ericsson,Private,Standards,Author or contributor on 1 PQC reference in the Library: RFC 9528.,,,,RFC 9528,,,yes,IETF,auto-imported from library_05092026_r5 authors_or_organization on 2026-05-10,active,,,,,,,,
Parisa Grayeli,USA,Author / Contributor,NIST NCCoE,Public,Standards,Author or contributor on 1 PQC reference in the Library: NIST-CSWP-36A.,,,,NIST-CSWP-36A,,,no,,auto-imported from library_05092026_r5 authors_or_organization on 2026-05-10,active,,,,,,,,
Julian Parkin,,Author / Contributor,,Academic,Algorithm Inventor,Author or contributor on 1 PQC reference in the Library: Parkin-Julian-5g-suci.,,,,Parkin-Julian-5g-suci,,,no,,auto-imported from library_05092026_r5 authors_or_organization on 2026-05-10,active,,,,,,,,
Pavol Rusnak,Czech Republic,Author / Contributor,SatoshiLabs,Private,Industry Adopter,"Author or contributor on 2 PQC references in the Library: BIP-39, BIP-44.",,,,BIP-39;BIP-44,,,no,,auto-imported from library_05092026_r5 authors_or_organization on 2026-05-10,active,,,,,,,,
Edoardo Persichetti,USA,Author / Contributor,Florida Atlantic University,Academic,Algorithm Inventor,Author or contributor on 1 PQC reference in the Library: BIKE-Round4-Spec-2022.,,,,BIKE-Round4-Spec-2022,,,yes,NIST,auto-imported from library_05092026_r5 authors_or_organization on 2026-05-10,active,,,,,,,,
Philippa Coney,UK,Author / Contributor,Cambridge Centre for Alternative Finance,Academic,Industry Adopter,Author or contributor on 1 PQC reference in the Library: Cambridge-JBS-Quantum-Blockchain-2025.,,,,Cambridge-JBS-Quantum-Blockchain-2025,,,partial,Cambridge Judge Business School,auto-imported from library_05092026_r5 authors_or_organization on 2026-05-10,active,,,,,,,,
Alex Pruden,USA,Author / Contributor,Project Eleven,Private,Industry Adopter,Author or contributor on 1 PQC reference in the Library: ProjectEleven-Quantum-Threat-Blockchains-2026.,,,,ProjectEleven-Quantum-Threat-Blockchains-2026,,,no,Project Eleven,auto-imported from library_05092026_r5 authors_or_organization on 2026-05-10,active,,,,,,,,
R. Stutz et al.,,Author / Contributor,,Academic,Algorithm Inventor,Author or contributor on 1 PQC reference in the Library: ref-stutz-reuse-pubkeys.,,,,ref-stutz-reuse-pubkeys,,,,,auto-imported from library_05092026_r5 authors_or_organization on 2026-05-10,deprecated,2026-08-09,"Name was a citation, not a person: 'R. Stutz et al.' is bibliography shorthand generated from ref-stutz-reuse-pubkeys, whose library authors_or_organization held the same citation form. Superseded by the row named 'Rainer Stütz' — the lead author, read from the document's own citation_author metadata. Kept rather than deleted per DS-series self-containment; the key must survive even though it never named a person.",,,,,,
Rainer Stütz,,Author / Contributor,,Academic,Algorithm Inventor,Author or contributor on 1 PQC reference in the Library: ref-stutz-reuse-pubkeys.,,,,ref-stutz-reuse-pubkeys,,,,,"auto-imported from library_05092026_r5 authors_or_organization on 2026-05-10 | Created 2026-08-09 to replace the citation-named row 'R. Stutz et al.'. Lead author of ref-stutz-reuse-pubkeys; full author list from the document's own citation_author metadata: Rainer Stütz; Nicholas Stifter; Melitta Dragaschnig; Bernhard Haslhofer; Aljosha Judmayer. peer_reviewed left BLANK deliberately: the cited document is a preprint (arxiv.org/abs/2601.19500), which is not peer review. Needs its own check — do not infer a rating from the citation alone.",active,,,,2026-08-09,,,,
Ramana Kompella,USA,Author / Contributor,Cisco Research,Private,Industry Vendor,Author or contributor on 1 PQC reference in the Library: arXiv-2603-28728.,,,,arXiv-2603-28728,,,no,,auto-imported from library_05092026_r5 authors_or_organization on 2026-05-10,active,,,,,,,,
Rasha Sinha,India,Author / Contributor,R.V. College of Engineering,Academic,Algorithm Inventor,Author or contributor on 1 PQC reference in the Library: arXiv-2403-11741.,,,,arXiv-2403-11741,,,partial,Academic,auto-imported from library_05092026_r5 authors_or_organization on 2026-05-10,active,,,,,,,,
Ray Harishankar,USA,Author / Contributor,IBM,Private,Industry Vendor,"Author or contributor on 2 PQC references in the Library: IBM-IBV-Secure-PostQuantum-2025, IBM-CBOM-Harishankar.",,,,IBM-IBV-Secure-PostQuantum-2025;IBM-CBOM-Harishankar,,,no,IBM,auto-imported from library_05092026_r5 authors_or_organization on 2026-05-10,active,,,,,,,,
Ryan Babbush,USA,Author / Contributor,Google Quantum AI,Private,Algorithm Inventor,Author or contributor on 1 PQC reference in the Library: Google-QuantumAI-EC-Crypto-Quantum-2026.,,,,Google-QuantumAI-EC-Crypto-Quantum-2026,,,partial,Ethereum Foundation;Google Quantum AI,auto-imported from library_05092026_r5 authors_or_organization on 2026-05-10,active,,,,,,,,
Sharon Boeyen,Canada,Author / Contributor,Entrust,Private,Standards,Author or contributor on 1 PQC reference in the Library: RFC 5280.,,,,RFC 5280,,,no,,auto-imported from library_05092026_r5 authors_or_organization on 2026-05-10,active,,,,,,,,
Scott Bradner,USA,Author / Contributor,Harvard University,Academic,Standards,Author or contributor on 1 PQC reference in the Library: RFC 2119.,,,,RFC 2119,,,partial,IETF,auto-imported from library_05092026_r5 authors_or_organization on 2026-05-10,active,,,,,,,,
Sergey Bravyi,USA,Author / Contributor,IBM Research,Private,Algorithm Inventor,Author or contributor on 1 PQC reference in the Library: ref-bravyi-quantum-memory.,,,,ref-bravyi-quantum-memory,,,yes,Nature,"auto-imported from library_05092026_r5 authors_or_organization on 2026-05-10 | peer_reviewed=yes set 2026-08-09: Bravyi, Cross, Gambetta, Maslov, Rall & Yoder, 'High-threshold and low-overhead fault-tolerant quantum memory', Nature (2024) — named first author.",active,,,,,,,,
Stephen Farrell,Ireland,Author / Contributor,Trinity College Dublin,Academic,Standards,Author or contributor on 1 PQC reference in the Library: RFC 5280.,,,,RFC 5280,,,no,,auto-imported from library_05092026_r5 authors_or_organization on 2026-05-10,active,,,,,,,,
Stefan Santesson,Sweden,Author / Contributor,3xA Security,Private,Standards,Author or contributor on 1 PQC reference in the Library: RFC 5280.,,,,RFC 5280,,,no,,auto-imported from library_05092026_r5 authors_or_organization on 2026-05-10,active,,,,,,,,
Sean Turner,USA,Author / Contributor,sn3rd,Private,Standards,"Author or contributor on 2 PQC references in the Library: RFC 5754, RFC 9847.",,,,RFC 5754;RFC 9847,,,partial,IETF,auto-imported from library_05092026_r5 authors_or_organization on 2026-05-10,active,,,,,,,,
Sam Wilson,,Author / Contributor,Ethereum Foundation,Private,Industry Adopter,Author or contributor on 1 PQC reference in the Library: Ethereum-EIP7702.,,,,Ethereum-EIP7702,https://eips.ethereum.org/EIPS/eip-7702,,no,,auto-imported from library_05092026_r5 authors_or_organization on 2026-05-10 | source verified 2026-06-24 re-audit,active,,,,2026-06-24,,,,
Sandy Carielli,USA,Author / Contributor,Forrester,Private,Industry Vendor,Author or contributor on 1 PQC reference in the Library: SecBoulevard-Carielli-CryptoAgility-2025.,,,,SecBoulevard-Carielli-CryptoAgility-2025,,,no,Forrester,auto-imported from library_05092026_r5 authors_or_organization on 2026-05-10,active,,,,,,,,
Sanjeev Sharma,USA,Author / Contributor,NIST NCCoE,Public,Standards,Author or contributor on 1 PQC reference in the Library: NIST-CSWP-36A.,,,,NIST-CSWP-36A,,,no,,auto-imported from library_05092026_r5 authors_or_organization on 2026-05-10,active,,,,,,,,
Santanu Ganguly,India,Author / Contributor,,Academic,Algorithm Inventor,Author or contributor on 1 PQC reference in the Library: QuantumFinanceBoardroom-Ganguly-PQC-Ch24-2026.,,,,QuantumFinanceBoardroom-Ganguly-PQC-Ch24-2026,,,yes,The Quantum Finance Boardroom,auto-imported from library_05092026_r5 authors_or_organization on 2026-05-10,active,,,,,,,,
Satoshi Nakamoto,,Author / Contributor,Bitcoin,Private,Industry Adopter,Author or contributor on 1 PQC reference in the Library: Bitcoin-Whitepaper.,,,,Bitcoin-Whitepaper,,,no,,auto-imported from library_05092026_r5 authors_or_organization on 2026-05-10,active,,,,,,,,
Schroeder et al.,,Author / Contributor,,Academic,Algorithm Inventor,Author or contributor on 1 PQC reference in the Library: USENIX-2024-HQC-Division-Timing.,,,,USENIX-2024-HQC-Division-Timing,,,yes,USENIX,auto-imported from library_05092026_r5 authors_or_organization on 2026-05-10,deprecated,2026-08-09,"Name was a citation, not a person: 'Schroeder et al.' is bibliography shorthand generated from USENIX-2024-HQC-Division-Timing, whose library authors_or_organization held the same citation form. Superseded by the row named 'Robin Leander Schröder' — the lead author, read from the document's own citation_author metadata. Kept rather than deleted per DS-series self-containment; the key must survive even though it never named a person.",,,,,,
Robin Leander Schröder,,Author / Contributor,,Academic,Algorithm Inventor,Author or contributor on 1 PQC reference in the Library: USENIX-2024-HQC-Division-Timing.,,,,USENIX-2024-HQC-Division-Timing,,,yes,USENIX Security,"auto-imported from library_05092026_r5 authors_or_organization on 2026-05-10 | Created 2026-08-09 to replace the citation-named row 'Schroeder et al.'. Lead author of USENIX-2024-HQC-Division-Timing; full author list from the document's own citation_author metadata: Robin Leander Schröder; Stefan Gast; Qian Guo. peer_reviewed=yes: USENIX Security 2024 is peer-reviewed, and this person is a named author of that document.",active,,,,2026-08-09,,,,
Sean Bowe,USA,Author / Contributor,Electric Coin Company,Private,Algorithm Inventor,Author or contributor on 1 PQC reference in the Library: BIP-39.,,,,BIP-39,,,no,,auto-imported from library_05092026_r5 authors_or_organization on 2026-05-10,active,,,,,,,,
Nicolas Sendrier,France,Author / Contributor,INRIA,Public,Algorithm Inventor,Author or contributor on 1 PQC reference in the Library: BIKE-Round4-Spec-2022.,,,,BIKE-Round4-Spec-2022,,,yes,NIST,auto-imported from library_05092026_r5 authors_or_organization on 2026-05-10,active,,,,,,,,
Douglas Stebila,Canada,Author / Contributor,University of Waterloo,Academic,Algorithm Inventor,Author or contributor on 1 PQC reference in the Library: IETF-TLS-ECDHE-MLKEM-03.,,,,IETF-TLS-ECDHE-MLKEM-03,,,yes,IEEE;ACM;IETF,"auto-imported from library_05092026_r5 authors_or_organization on 2026-05-10 | Proposed 2026-07-19: 07-19 follow-up remediation (R1), peer_reviewed backfill batch 1 — named co-author on multiple peer-reviewed venues: IEEE S&P 2015 (PQ key exchange for TLS from Ring-LWE), ACM CCS 2020 (KEMTLS) and its ESORICS 2021 follow-up, PQCrypto 2020; also co-author of the IETF TLS WG hybrid-key-exchange draft.",active,,,,,,,,
Tony Hansen,USA,Author / Contributor,AT&T Labs,Private,Standards,Author or contributor on 1 PQC reference in the Library: RFC 6234.,,,,RFC 6234,,,partial,IETF,auto-imported from library_05092026_r5 authors_or_organization on 2026-05-10,active,,,,,,,,
Tirumaleswar Reddy,India,Author / Contributor,Nokia,Private,Standards,Author or contributor on 1 PQC reference in the Library: draft-reddy-tls-composite-mldsa.,,,,draft-reddy-tls-composite-mldsa,,,no,IETF,auto-imported from library_05092026_r5 authors_or_organization on 2026-05-10,active,,,,,,,,
Tanja Lange,Netherlands,Author / Contributor,TU Eindhoven,Academic,Algorithm Inventor,Author or contributor on 1 PQC reference in the Library: Bernstein-Lange-Fallout-2017.,,,,Bernstein-Lange-Fallout-2017,,,yes,IACR,auto-imported from library_05092026_r5 authors_or_organization on 2026-05-10,active,,,,,,,,
Tanuj Khattar,India,Author / Contributor,Google Quantum AI,Private,Algorithm Inventor,Author or contributor on 1 PQC reference in the Library: Google-QuantumAI-EC-Crypto-Quantum-2026.,,,,Google-QuantumAI-EC-Crypto-Quantum-2026,,,partial,Ethereum Foundation;Google Quantum AI,auto-imported from library_05092026_r5 authors_or_organization on 2026-05-10,active,,,,,,,,
Thiago Bergamaschi,Brazil,Author / Contributor,Google Quantum AI,Private,Algorithm Inventor,Author or contributor on 1 PQC reference in the Library: Google-QuantumAI-EC-Crypto-Quantum-2026.,,,,Google-QuantumAI-EC-Crypto-Quantum-2026,,,partial,Ethereum Foundation;Google Quantum AI,auto-imported from library_05092026_r5 authors_or_organization on 2026-05-10,active,,,,,,,,
Jean-Pierre Tillich,France,Author / Contributor,INRIA,Public,Algorithm Inventor,Author or contributor on 1 PQC reference in the Library: BIKE-Round4-Spec-2022.,,,,BIKE-Round4-Spec-2022,,,yes,NIST,auto-imported from library_05092026_r5 authors_or_organization on 2026-05-10,active,,,,,,,,
Tjerand Silde,Norway,Author / Contributor,NTNU,Academic,Algorithm Inventor,Author or contributor on 1 PQC reference in the Library: NTNU-PQC-Challenges-Silde.,,,,NTNU-PQC-Challenges-Silde,,,no,Academic,auto-imported from library_05092026_r5 authors_or_organization on 2026-05-10,active,,,,,,,,
Tsuyoshi Takagi,Japan,Author / Contributor,University of Tokyo,Academic,Algorithm Inventor,Author or contributor on 1 PQC reference in the Library: Springer-MathFoundations-PQC-2026.,,,,Springer-MathFoundations-PQC-2026,,,yes,Springer,auto-imported from library_05092026_r5 authors_or_organization on 2026-05-10,active,,,,,,,,
Tushin Mallick,India,Author / Contributor,Georgia Tech,Academic,Algorithm Inventor,Author or contributor on 1 PQC reference in the Library: arXiv-2603-28728.,,,,arXiv-2603-28728,,,no,,auto-imported from library_05092026_r5 authors_or_organization on 2026-05-10,active,,,,,,,,
Valentin Vasseur,France,Author / Contributor,INRIA,Public,Algorithm Inventor,Author or contributor on 1 PQC reference in the Library: BIKE-Round4-Spec-2022.,,,,BIKE-Round4-Spec-2022,,,yes,NIST,auto-imported from library_05092026_r5 authors_or_organization on 2026-05-10,active,,,,,,,,
Violetta Weger,Italy,Author / Contributor,TU Munich,Academic,Algorithm Inventor,Author or contributor on 1 PQC reference in the Library: Weger-Code-Based-Survey-2022.,,,,Weger-Code-Based-Survey-2022,,,yes,,auto-imported from library_05092026_r5 authors_or_organization on 2026-05-10,active,,,,,,,,
Vitalik Buterin,Canada,Author / Contributor,Ethereum Foundation,Private,Industry Adopter,"Author or contributor on 4 PQC references in the Library: EIP-55, EIP-155, Ethereum-EIP4337-AA, Ethereum-EIP7702.",,,,EIP-55;EIP-155;Ethereum-EIP4337-AA;Ethereum-EIP7702,,,no,,auto-imported from library_05092026_r5 authors_or_organization on 2026-05-10,active,,,,,,,,
Tim Polk,USA,Author / Contributor,NIST,Public,Standards,Author or contributor on 1 PQC reference in the Library: RFC 5280.,,,,RFC 5280,,,no,,auto-imported from library_05092026_r5 authors_or_organization on 2026-05-10,active,,,,,,,,
Yoav Weiss,Israel,Author / Contributor,Ethereum Foundation,Private,Industry Adopter,Author or contributor on 1 PQC reference in the Library: Ethereum-EIP4337-AA.,,,,Ethereum-EIP4337-AA,,,no,,auto-imported from library_05092026_r5 authors_or_organization on 2026-05-10,active,,,,,,,,
Gilles Zémor,France,Author / Contributor,University of Bordeaux,Academic,Algorithm Inventor,Author or contributor on 1 PQC reference in the Library: BIKE-Round4-Spec-2022.,,,,BIKE-Round4-Spec-2022,,,yes,NIST,auto-imported from library_05092026_r5 authors_or_organization on 2026-05-10,active,,,,,,,,
Steven Paul Vaile,UK,Director,Quantum Security Defence / Applied Quantum,Public,Government,"Founder of Quantum Security Defence and Applied Quantum; global advocate for quantum safety across government, defence, and education; contributor to UK Labour-Tech ""Defend or Depend"" policy report on defence sovereignty; connects policymakers with PQC practitioners internationally.",https://ui-avatars.com/api/?name=Steven+Vaile&background=0b0d17&color=22d3ee&size=128&bold=true,https://www.quantumsecuritydefence.com/,https://www.linkedin.com/in/stevevaile/,Labour-Tech-Defend-or-Depend-Policy-2025,https://labour-tech.org.uk/wp-content/uploads/2025/10/Labour-Tech-Defend-or-Depend-Policy-Report-1.pdf,quantum-security-defence,no,Quantum Security Defence,"FIELD CORRECTION (2026-07-17): Role corrected from 'Founder' to 'Director' -- Quantum Security Defence's own team page lists him as Director (CEO is Anna Beata Kalisz Hedegaard, listed separately) and Applied Quantum's leadership page titles him 'Consulting Director, EMEA'; no source uses 'Founder'. 'Defend or Depend' UK Labour-Tech policy report contribution independently reconfirmed. | Added 2026-05-29 from community application.",active,,,,2026-07-17,,,,
Matthew Green,United States,Associate Professor,Johns Hopkins University (Information Security Institute),Academic,Skeptic/Critic,"Cryptographic engineering researcher publicly skeptical of near-term (2029-2035) cryptographically-relevant quantum computer timelines, arguing the field lacks the ""lucrative immediate applications"" needed to reach mass-production-scale cryptanalysis; also flags that some NIST-vetted PQC candidates have shown weaknesses to classical attacks. Writes ""A Few Thoughts on Cryptographic Engineering.""",https://ui-avatars.com/api/?name=Matthew+Green&background=0b0d17&color=22d3ee&size=128&bold=true,https://blog.cryptographyengineering.com/,,,https://isi.jhu.edu/~mgreen/,,yes,IACR;USENIX,"Added 2026-07-09 (wave2 leaders.md remediation, item 5): sourced from Johns Hopkins Whiting School of Engineering faculty page and public commentary (The Register, Apr 2026 ""Cryptographers place $5,000 bet whether quantum will matter""); no keyResourceRefs — public commentary, not a library-linked authored document, so no peer_reviewed/vetting_body basis to backfill. | Independent re-check 2026-07-17: Johns Hopkins Associate Professor title and blog authorship reconfirmed; his PQC-skeptic framing is genuinely his, evidenced by a public $5,000 bet with Filippo Valsorda (Apr 2026) on whether ML-KEM or classical ECC breaks first by 2040. Could not locate the exact 'lucrative immediate applications' argument on his own blog specifically -- it traces to his public Bluesky commentary, covered by The Register, rather than a dedicated essay. | Proposed 2026-07-19: 07-19 follow-up remediation (R1), peer_reviewed backfill batch 3 — roughly 60+ peer-reviewed publications on DBLP spanning two decades, including recent papers at CRYPTO 2025, USENIX Security 2024, and PKC 2024 — independent of his blog/opinion writing.",active,,,,2026-07-17,,,,
Lori Beer,United States,Global Chief Information Officer,JPMorgan Chase,Private,Industry Adopter,"Global CIO overseeing JPMorgan Chase's quantum-security investments, including the firm's quantum-secured crypto-agile network (Q-CAN); publicly stated the firm is ""preparing a dual remediation strategy that incorporates both post-quantum cryptography and QKD.""",https://ui-avatars.com/api/?name=Lori+Beer&background=0b0d17&color=60a5fa&size=128&bold=true,https://www.jpmorgan.com/technology/news/firm-establishes-quantum-secured-crypto-agile-network,https://www.linkedin.com/in/loribeer/,JPMorgan-RWPQC-2025,https://www.jpmorgan.com/technology/news/firm-establishes-quantum-secured-crypto-agile-network,,no,,"Added 2026-07-09 (wave2 leaders.md remediation, item 5): sourced from JPMorgan Chase's own press release announcing Q-CAN; quote independently corroborated by IoT World Today and Quantum Zeitgeist coverage of the same announcement. No keyResourceRefs — primary source is a press release, not a library-linked document.; Merged duplicate row + KeyResourceUrl remapped to library reference 2026-07-10 (N15 dangling-ref remediation); Moved KeyResourceUrl->KeyResourceRefs 2026-07-17 (audit-leaders-refs.ts MISFILED_REF fix): value 'JPMorgan-RWPQC-2025' is a real library reference_id that was sitting in the wrong column, not a URL. | peer_reviewed=no set 2026-08-09: Global CIO, JPMorgan Chase — an executive role. The firm's RWPQC work is credited to the institution.",active,,,,2026-07-09,,,,
Dr. Burt Kaliski Jr.,United States,Senior Vice President and Chief Technology Officer,Verisign,Private,Patent Inventor,"Inventor on a hash-based digital signature patent family for hierarchical Internet PKI (LMS/XMSS/SPHINCS+) spanning US11025407, US20210273779, and US20250392439 (2017-2025), assigned to Verisign. As Verisign's SVP & CTO, leads the company's long-term research program, industry standards engagements, university collaborations, and technical community programs.",,https://www.verisign.com/about-us/leadership/burt-kaliski/,https://www.linkedin.com/in/burtkaliskijr/,,,,yes,IETF,"auto-generated from patent record + local corroboration (2026-07-30): patent_count=3 PQC patents (all hash-based signature family, consistent assignee Verisign, Inc. across all three) via crosscheck-patents-leaders/discover_patent_inventor_candidates.py. Web double-check confirmed current role (SVP & CTO at Verisign matches patent assignee exactly, no staleness) via verisign.com/about-us/leadership/burt-kaliski/, rsaconference.com/experts/dr-burt-kaliski-jr, and Wikipedia. | peer_reviewed=yes set 2026-08-09: Author of RFC 2898 (PKCS #5: Password-Based Cryptography v2.0, 2000) and RFC 2437 (PKCS #1: RSA Cryptography Specifications v2.0, with Staddon). Published RFCs, not drafts.",active,,,,2026-07-30,20250392439;20210273779;11025407,https://patents.google.com/patent/US20250392439/en; https://patents.google.com/patent/US20210273779/en; https://patents.google.com/patent/US11025407/en,,
Prof. Jung Hee Cheon,South Korea,"Professor, Department of Mathematical Sciences",Seoul National University,Academic,Patent Inventor,"Inventor on a lattice-based (NTRU) encryption/digital-signature patent family spanning US11522718, US20210167969, and US20240205007 (2020-2024), assigned to Seoul National University R&DB Foundation. Co-creator of the CKKS homomorphic encryption scheme (2016, with Andrey Kim, Miran Kim, Yongsoo Song) underlying the HEAAN library; director of SNU's Industrial & Mathematical Data Analytics Research Center and CEO of CryptoLab.",,https://en.wikipedia.org/wiki/Jung_Hee_Cheon,,,,,yes,IACR,"auto-generated from patent record + local corroboration (2026-07-30): patent_count=3 PQC patents (all NTRU lattice-based, consistent assignee Seoul National University R&DB Foundation across all three) via crosscheck-patents-leaders/discover_patent_inventor_candidates.py. Web double-check confirmed current role (SNU Mathematical Sciences professor matches patent assignee, no staleness) via Wikipedia, Google Scholar, and DBLP; CKKS/CryptoLab details from the same sources. | peer_reviewed=yes set 2026-08-09: Cheon, Kim, Kim & Song, 'Homomorphic Encryption for Arithmetic of Approximate Numbers', ASIACRYPT 2017 — the CKKS scheme. Named first author.",active,,,,2026-07-30,20240205007;11522718;20210167969,https://patents.google.com/patent/US20240205007/en; https://patents.google.com/patent/US11522718/en; https://patents.google.com/patent/US20210167969/en,,
Jack Lloyd,,Founder & Lead Developer,Botan,Private,Open Source Maintainer,"Original author and lead maintainer of Botan, a C++ cryptography library providing PQC primitives (via GitHub Contributors API top-contributor rank, confirmed as the project's founder/lead via Botan's own site and Wikipedia).",,https://botan.randombit.net/,https://www.linkedin.com/in/jacklloyd/,,,,,,auto-generated from migrate-catalog open_source_maintainers + web double-check (2026-07-30): top GitHub contributor (github:randombit) to the botan/botan repo per enrich_migrate_open_source_maintainers.py's Phase A run. Web double-check confirmed he is the project's original author/lead developer via botan.randombit.net and en.wikipedia.org/wiki/Botan_(programming_library).,active,,,,2026-07-30,,,botan,https://github.com/randombit/botan
Matt Caswell,United Kingdom,President,OpenSSL Foundation,Private,Open Source Maintainer,OpenSSL core development team member for 10+ years; implemented TLSv1.3 in OpenSSL among other major features (via GitHub Contributors API top-contributor rank on openssl/openssl). Now President of the OpenSSL Foundation.,,https://openssl-foundation.org/about/who/,,,,,,,auto-generated from migrate-catalog open_source_maintainers + web double-check (2026-07-30): top GitHub contributor (github:mattcaswell) to the openssl/openssl repo per enrich_migrate_open_source_maintainers.py's Phase A run. Web double-check confirmed current role as OpenSSL Foundation President via openssl-foundation.org/about/management/index.html and rsaconference.com. | WebsiteUrl repointed 2026-08-09: /about/management/index.html now answers 'Not Found'. The OpenSSL Foundation moved its people listing to /about/who/.,active,,,,2026-08-09,,,openssl,https://github.com/openssl/openssl
Moreno Ambrosin,Italy,Software/Security Engineer,Google,Private,Open Source Maintainer,"Google software/security engineer with a PhD in computer science from the University of Padova; presented on the design of the Tink cryptographic library (ISE-Crypto, March 2023), which is adding post-quantum support.",,,,,,,yes,IEEE; ACM,"auto-generated from migrate-catalog open_source_maintainers + web double-check (2026-07-31): top-named GitHub contributor per enrich_migrate_open_source_maintainers.py's Phase A run. Web double-check (agent-run search, not fabricated) confirmed real, distinct identity and professional context. | peer_reviewed=yes set 2026-08-09: 'Collective Remote Attestation at the Internet of Things Scale', IEEE Communications Surveys & Tutorials (2020); 'LineSwitch', IEEE/ACM Transactions on Networking (2017); 'ODIN', ACM ToIT (2017).",active,,,,2026-07-31,,,google-tink,https://github.com/tink-crypto/tink-java
René Meusel,Germany,Senior Software Engineer,Rohde & Schwarz Cybersecurity,Private,Open Source Maintainer,"Senior software engineer at Rohde & Schwarz Cybersecurity and a credited maintainer of the Botan C++ cryptography library, which provides PQC primitives; gave a FOSDEM 2026 talk on compilers undermining cryptographic code.",,,,,,,,,"auto-generated from migrate-catalog open_source_maintainers + web double-check (2026-07-31): top-named GitHub contributor per enrich_migrate_open_source_maintainers.py's Phase A run. Web double-check (agent-run search, not fabricated) confirmed real, distinct identity and professional context.",active,,,,2026-07-31,,,botan,https://github.com/randombit/botan
Simon Warta,Germany,Software Engineer,Kullo GmbH,Private,Open Source Maintainer,Credited contributor to the Botan C++ cryptography library (CLI speed-testing and test infrastructure) via GitHub Contributors API top-contributor rank; no further independently-sourced biography found beyond his Botan and GitHub (webmaster128) presence.,,,,,,,,,"auto-generated from migrate-catalog open_source_maintainers + web double-check (2026-07-31): top-named GitHub contributor per enrich_migrate_open_source_maintainers.py's Phase A run. Web double-check (agent-run search, not fabricated) confirmed real, distinct identity and professional context.",active,,,,2026-07-31,,,botan,https://github.com/randombit/botan
Robert Griesemer,Switzerland,Software Engineer,Google,Private,Open Source Maintainer,"Swiss computer scientist and co-creator of the Go programming language at Google (with Rob Pike and Ken Thompson); listed as a top contributor to Go's standard-library crypto/mlkem package (FIPS 203 ML-KEM) via GitHub Contributors API, reflecting his standing as a core Go team member.",,,,,,,yes,Scientific Programming,"auto-generated from migrate-catalog open_source_maintainers + web double-check (2026-07-31): top-named GitHub contributor per enrich_migrate_open_source_maintainers.py's Phase A run. Web double-check (agent-run search, not fabricated) confirmed real, distinct identity and professional context. | peer_reviewed=yes set 2026-08-09: Griesemer with Pike, Dorward & Quinlan, 'Interpreting the Data: Parallel Analysis with Sawzall', Scientific Programming 13(4), 2005. Same note as Pike: the credential is the paper, not Go.",active,,,,2026-07-31,,,go-stdlib-crypto-mlkem,https://github.com/golang/go/tree/master/src/crypto/mlkem
Rob Pike,United States,Software Engineer (retired),Google,Private,Open Source Maintainer,"Co-creator of the Go programming language, formerly of Bell Labs and Google, widely known for UTF-8 and Plan 9; listed as a top contributor to Go's standard-library crypto/mlkem package (FIPS 203 ML-KEM) via GitHub Contributors API, reflecting his standing as a core Go team member.",,,,,,,yes,USENIX,"auto-generated from migrate-catalog open_source_maintainers + web double-check (2026-07-31): top-named GitHub contributor per enrich_migrate_open_source_maintainers.py's Phase A run. Web double-check (agent-run search, not fabricated) confirmed real, distinct identity and professional context. | peer_reviewed=yes set 2026-08-09: '8-1/2, the Plan 9 Window System' (USENIX Summer 1991); 'Lexical File Names in Plan 9' (USENIX ATC 2000); 'The Use of Name Spaces in Plan 9' (ACM SIGOPS OSR). Classified on published papers, not on Go or UTF-8, neither of which went through a formal review process.",active,,,,2026-07-31,,,go-stdlib-crypto-mlkem,https://github.com/golang/go/tree/master/src/crypto/mlkem
Tony Arcieri,United States,Co-Founder,iqlusion,Private,Open Source Maintainer,"Cryptography/infrastructure engineer, co-founder of iqlusion, and a primary maintainer of the RustCrypto organization, which maintains Rust implementations of ML-KEM and ML-DSA (FIPS 203/204).",,,,,,,,,"auto-generated from migrate-catalog open_source_maintainers + web double-check (2026-07-31): top-named GitHub contributor per enrich_migrate_open_source_maintainers.py's Phase A run. Web double-check (agent-run search, not fabricated) confirmed real, distinct identity and professional context.",active,,,,2026-07-31,,,rustcrypto-ml-kem;rustcrypto-ml-dsa,https://github.com/RustCrypto/KEMs/tree/master/ml-kem;https://github.com/RustCrypto/signatures/tree/master/ml-dsa
Richard Barnes,United States,Distinguished Engineer,Cisco,Private,Open Source Maintainer,"Distinguished Engineer at Cisco and lead/co-author of several IETF security RFCs (RFC 9420 MLS, RFC 8555 ACME, RFC 9180 HPKE); listed as a top contributor to the RustCrypto ml-kem crate via GitHub Contributors API.",,,,,,,yes,IETF,"auto-generated from migrate-catalog open_source_maintainers + web double-check (2026-07-31): top-named GitHub contributor per enrich_migrate_open_source_maintainers.py's Phase A run. Web double-check (agent-run search, not fabricated) confirmed real, distinct identity and professional context. | peer_reviewed=yes set 2026-08-09: Co-author of RFC 8555 (ACME), RFC 9180 (HPKE), RFC 9420 (MLS) and RFC 9605 (SFrame) — published RFCs, not drafts. Also co-founded ISRG (Let's Encrypt).",active,,,,2026-07-31,,,rustcrypto-ml-kem,https://github.com/RustCrypto/KEMs/tree/master/ml-kem
Arthur Gautier,,,,Private,Open Source Maintainer,RustCrypto organization member (GitHub: baloo) and a top contributor to its ml-kem and ml-dsa crates (FIPS 203/204) via GitHub Contributors API; no further independently-sourced biography found.,,,,,,,,,"auto-generated from migrate-catalog open_source_maintainers + web double-check (2026-07-31): top-named GitHub contributor per enrich_migrate_open_source_maintainers.py's Phase A run. Web double-check (agent-run search, not fabricated) confirmed real, distinct identity and professional context.",active,,,,2026-07-31,,,rustcrypto-ml-kem;rustcrypto-ml-dsa,https://github.com/RustCrypto/KEMs/tree/master/ml-kem;https://github.com/RustCrypto/signatures/tree/master/ml-dsa
Jack Grigg,United Kingdom,Core Protocol Engineer,Electric Coin Company,Private,Open Source Maintainer,"Holds a PhD in Applied/Engineering Physics from Lincoln University (NZ); core Zcash protocol engineer at Electric Coin Company since 2016, maintaining zcashd and Zcash's Rust libraries, and original author of the RustCrypto p256 crate. Listed as a top contributor to the RustCrypto ml-dsa crate (FIPS 204) via GitHub Contributors API.",,,,,,,,,"auto-generated from migrate-catalog open_source_maintainers + web double-check (2026-07-31): top-named GitHub contributor per enrich_migrate_open_source_maintainers.py's Phase A run. Web double-check (agent-run search, not fabricated) confirmed real, distinct identity and professional context.",active,,,,2026-07-31,,,rustcrypto-ml-dsa,https://github.com/RustCrypto/signatures/tree/master/ml-dsa
Michael Rosenberg,United States,Research Engineer,Cloudflare Research,Private,Open Source Maintainer,"Holds a PhD in applied cryptography from the University of Maryland (advised by Jon Katz and Ian Miers); research engineer at Cloudflare Research focused on transparency systems, end-to-end encryption, and key exchange. Ranks #2 by commits on the pqcrypto Rust bindings for PQC algorithms via GitHub Contributors API.",,,,,,,,,"auto-generated from migrate-catalog open_source_maintainers + web double-check (2026-07-31): top-named GitHub contributor per enrich_migrate_open_source_maintainers.py's Phase A run. Web double-check (agent-run search, not fabricated) confirmed real, distinct identity and professional context.",active,,,,2026-07-31,,,pqcrypto,https://github.com/rustpq/pqcrypto
Linus Färnstrand,Sweden,Software Engineer,Mullvad VPN,Private,Open Source Maintainer,Studied at Chalmers University of Technology; software engineer at the Swedish privacy company Mullvad VPN. Listed co-owner (with Thom Wiggers) of the liboqs-rust oqs/oqs-sys crates and thanked in a 2025 Mullvad security-audit report.,,,,,,,,,"auto-generated from migrate-catalog open_source_maintainers + web double-check (2026-07-31): top-named GitHub contributor per enrich_migrate_open_source_maintainers.py's Phase A run. Web double-check (agent-run search, not fabricated) confirmed real, distinct identity and professional context.",active,,,,2026-07-31,,,liboqs-rust-oqs-crate,https://github.com/open-quantum-safe/liboqs-rust
Matthias J. Kannwischer,Taiwan,Research Director,CHELPIS Quantum Tech,Private,Open Source Maintainer,"Holds a PhD in post-quantum cryptography implementation from Radboud University (2022, supervised by Peter Schwabe); Research Director at Taipei-based CHELPIS Quantum Tech (Quantum Safe Migration Center) and a named maintainer of mlkem-native, mldsa-native, PQClean, and pqm4.",,,,,,,,,"auto-generated from migrate-catalog open_source_maintainers + web double-check (2026-07-31): top-named GitHub contributor per enrich_migrate_open_source_maintainers.py's Phase A run. Web double-check (agent-run search, not fabricated) confirmed real, distinct identity and professional context.",active,,,,2026-07-31,,,mlkem-native,https://github.com/pq-code-package/mlkem-native
Thing-han Lim,Taiwan,Research Assistant,Academia Sinica,Academic,Open Source Maintainer,"Research Assistant at Academia Sinica, Taiwan (GitHub: potsrevennil); public repository work (mlkem-c-aarch64, an AArch64-optimized ML-KEM implementation) consistent with mlkem-native contributor work.",,,,,,,,,"auto-generated from migrate-catalog open_source_maintainers + web double-check (2026-07-31): top-named GitHub contributor per enrich_migrate_open_source_maintainers.py's Phase A run. Web double-check (agent-run search, not fabricated) confirmed real, distinct identity and professional context.",active,,,,2026-07-31,,,mlkem-native,https://github.com/pq-code-package/mlkem-native
Daiki Ueno,,Principal Software Engineer,Red Hat,Private,Open Source Maintainer,"Principal Software Engineer at Red Hat and core maintainer of GnuTLS since 2020 (also contributing to Nettle, p11-kit, and NSS); leancrypto tie is a documented ML-KEM bug report (poly_frombytes modulus fix) and GnuTLS's use of leancrypto for PQC prototyping.",,,,,,,,,"auto-generated from migrate-catalog open_source_maintainers + web double-check (2026-07-31): top-named GitHub contributor per enrich_migrate_open_source_maintainers.py's Phase A run. Web double-check (agent-run search, not fabricated) confirmed real, distinct identity and professional context.",active,,,,2026-07-31,,,leancrypto,https://github.com/smuellerDD/leancrypto
Eric Long,Hong Kong,PhD Researcher,Chinese University of Hong Kong,Academic,Open Source Maintainer,"PhD-track researcher at CUHK with public systems/security projects (an eBPF UDP-to-TCP obfuscator, a Rust BGP flowspec executor); credited as a leancrypto contributor via GitHub, though with only 2 commits against the project's actual top maintainer (2,769) — a modest, secondary credit rather than a maintainer role.",,,,,,,,,"auto-generated from migrate-catalog open_source_maintainers + web double-check (2026-07-31): top-named GitHub contributor per enrich_migrate_open_source_maintainers.py's Phase A run. Web double-check (agent-run search, not fabricated) confirmed real, distinct identity and professional context.",active,,,,2026-07-31,,,leancrypto,https://github.com/smuellerDD/leancrypto
Bruno Grieder,France,Co-Founder & CTO,Cosmian,Private,Open Source Maintainer,Co-founded Cosmian in 2018 and serves as CTO; previously CTO/co-founder of Amalto Technologies (oil & gas SaaS) and held roles at Quadrem and TOTAL. Cosmian's CoverCrypt (attribute-based encryption with PQC hybridization) was developed in collaboration with the École normale supérieure cryptography lab.,,,,,,,,,"auto-generated from migrate-catalog open_source_maintainers + web double-check (2026-07-31): top-named GitHub contributor per enrich_migrate_open_source_maintainers.py's Phase A run. Web double-check (agent-run search, not fabricated) confirmed real, distinct identity and professional context.",active,,,,2026-07-31,,,cosmian-covercrypt,https://github.com/Cosmian/cover_crypt
Peter Dettman,Australia,Co-Founder / Director,Crypto Workshop (Keyfactor),Private,Open Source Maintainer,"Co-founder/Director of Crypto Workshop, a Melbourne, Australia company founded in 2012 by longtime Bouncy Castle committers (part of Keyfactor since 2021) to build and support the FIPS-certified Bouncy Castle cryptographic APIs, which include full NIST PQC support (ML-KEM, ML-DSA, SLH-DSA).",,,,,,,,,"auto-generated from migrate-catalog open_source_maintainers + web double-check (2026-07-31): top-named GitHub contributor per enrich_migrate_open_source_maintainers.py's Phase A run. Web double-check (agent-run search, not fabricated) confirmed real, distinct identity and professional context.",active,,,,2026-07-31,,,bouncy-castle-c-net;bouncy-castle-java,https://github.com/bcgit/bc-csharp;https://github.com/bcgit/bc-java
Jeffrey Stedfast,,Senior Software Engineer,Microsoft,Private,Open Source Maintainer,"Senior Software Engineer at Microsoft (formerly Xamarin), best known as the author of the MimeKit/MailKit open-source .NET libraries for MIME parsing and email protocols including S/MIME. Listed as a contributor to Bouncy Castle C#/.NET, which provides NIST PQC support.",,,,,,,,,"auto-generated from migrate-catalog open_source_maintainers + web double-check (2026-07-31): top-named GitHub contributor per enrich_migrate_open_source_maintainers.py's Phase A run. Web double-check (agent-run search, not fabricated) confirmed real, distinct identity and professional context.",active,,,,2026-07-31,,,bouncy-castle-c-net,https://github.com/bcgit/bc-csharp
Richard Levitte,Sweden,Software Engineer,OpenSSL Software Foundation,Private,Open Source Maintainer,"Full-time OpenSSL Software Foundation engineer based in Stockholm; an OpenSSL developer since its earliest VMS-porting days (predating OpenSSL itself, back to SSLeay), currently focused on the crypto library, providers, and build system. OpenSSL has shipped ML-KEM/ML-DSA/SLH-DSA natively since version 3.5.",,,,,,,,,"auto-generated from migrate-catalog open_source_maintainers + web double-check (2026-07-31): top-named GitHub contributor per enrich_migrate_open_source_maintainers.py's Phase A run. Web double-check (agent-run search, not fabricated) confirmed real, distinct identity and professional context.",active,,,,2026-07-31,,,openssl,https://github.com/openssl/openssl
Stephen Henson,United Kingdom,Co-Founder (OMC Emeritus),OpenSSL,Private,Open Source Maintainer,"Co-founder of the OpenSSL project's original 1998 team (with Mark Cox, Ralf Engelschall, Ben Laurie, Paul Sutton); historically OpenSSL's single largest committer, stepped back to emeritus status in 2017. OpenSSL has shipped ML-KEM/ML-DSA/SLH-DSA natively since version 3.5.",,,,,,,,,"auto-generated from migrate-catalog open_source_maintainers + web double-check (2026-07-31): top-named GitHub contributor per enrich_migrate_open_source_maintainers.py's Phase A run. Web double-check (agent-run search, not fabricated) confirmed real, distinct identity and professional context.",active,,,,2026-07-31,,,openssl,https://github.com/openssl/openssl
Thomas Holenstein,Switzerland,Software Engineer,Google,Private,Open Source Maintainer,"Holds a PhD from ETH Zürich (2006, advised by Ueli Maurer); was a professor at ETH Zürich for six years before joining Google as a Software Engineer, based near Zurich, working on the Tink cryptographic library, which is adding post-quantum support.",,,,,,,,,"auto-generated from migrate-catalog open_source_maintainers + web double-check (2026-07-31): top-named GitHub contributor per enrich_migrate_open_source_maintainers.py's Phase A run. Web double-check (agent-run search, not fabricated) confirmed real, distinct identity and professional context.",active,,,,2026-07-31,,,google-tink,https://github.com/tink-crypto/tink-java
Jürg Wullschleger,Switzerland,Cryptography Researcher,Google,Private,Open Source Maintainer,"Cryptography researcher with prior CRYPTO/EUROCRYPT/ASIACRYPT publications on oblivious transfer and quantum information (past affiliations: ETH Zürich, Weizmann Institute); listed as a current maintainer of Google's Tink cryptographic library, which is adding post-quantum support.",,,,,,,,,"auto-generated from migrate-catalog open_source_maintainers + web double-check (2026-07-31): top-named GitHub contributor per enrich_migrate_open_source_maintainers.py's Phase A run. Web double-check (agent-run search, not fabricated) confirmed real, distinct identity and professional context.",active,,,,2026-07-31,,,google-tink,https://github.com/tink-crypto/tink-java
Russ Cox,United States,Former Tech Lead,Google,Private,Open Source Maintainer,Go programming language's tech lead at Google from 2008 for 12+ years (succeeded by Austin Clements); holds degrees from Harvard and a PhD from MIT. Listed as a top contributor to Go's standard-library crypto/mlkem package (FIPS 203 ML-KEM) via GitHub Contributors API.,,,,,,,,,"auto-generated from migrate-catalog open_source_maintainers + web double-check (2026-07-31): top-named GitHub contributor per enrich_migrate_open_source_maintainers.py's Phase A run. Web double-check (agent-run search, not fabricated) confirmed real, distinct identity and professional context.",active,,,,2026-07-31,,,go-stdlib-crypto-mlkem,https://github.com/golang/go/tree/master/src/crypto/mlkem
Hanno Becker,United Kingdom,Principal Applied Scientist,Amazon Web Services,Private,Open Source Maintainer,"Holds a PhD in mathematics from the University of Bonn (2015); Principal Applied Scientist in AWS's Automated Reasoning Group, based in Cambridge, UK, a former Mbed TLS developer, and co-maintainer of mlkem-native, focused on formally-verified, high-performance post-quantum cryptography on Arm.",,,,,,,,,"auto-generated from migrate-catalog open_source_maintainers + web double-check (2026-07-31): top-named GitHub contributor per enrich_migrate_open_source_maintainers.py's Phase A run. Web double-check (agent-run search, not fabricated) confirmed real, distinct identity and professional context.",active,,,,2026-07-31,,,mlkem-native,https://github.com/pq-code-package/mlkem-native
Joost Roland Renes,Netherlands,Security Architect,NXP Semiconductors,Private,Patent Inventor,"Security architect and cryptographer who leads post-quantum cryptography security architecture in NXP's Competence Center Crypto and Security; holds a PhD in cryptography from Radboud University and was a developer of the NIST SIKE proposal. Named inventor on US11847938B2, covering LWE/Ring-LWE lattice cryptography.",,,,,,,,,"auto-generated from patent record + local corroboration (2026-07-31): >=2 locally-corroborated PQC patents via crosscheck-patents-leaders/discover_patent_inventor_candidates.py. Web double-check (agent-run search, not fabricated) confirmed real, distinct identity and professional context.",active,,,,2026-07-31,11847938,https://patents.google.com/patent/US11847938/en,,
Santosh Ghosh,United States,Principal Engineer,Intel Corporation,Private,Patent Inventor,"Principal Engineer in Security Research at Intel Corporation (Hillsboro, OR) at time of patent filing (now GPU HW Security Architect at NVIDIA); published research record in post-quantum, side-channel, and hardware cryptography, affiliated with IIT Kharagpur and KU Leuven. Named inventor on US11792004B2 (Kyber).",,,,,,,,,"auto-generated from patent record + local corroboration (2026-07-31): >=2 locally-corroborated PQC patents via crosscheck-patents-leaders/discover_patent_inventor_candidates.py. Web double-check (agent-run search, not fabricated) confirmed real, distinct identity and professional context.",active,,,,2026-07-31,11792004,https://patents.google.com/patent/US11792004/en,,
Tobias Schneider,Austria,Senior Cryptographer,NXP Semiconductors,Private,Patent Inventor,"Senior cryptographer on NXP's post-quantum cryptography team at the Competence Center for Cryptography and Security (Gratkorn, Austria); holds a PhD in cryptography from Ruhr-Universität Bochum (2017) and co-authored 'Masking Kyber: First- and Higher-Order Implementations.' Named inventor on US11595195B2 (Kyber, NewHope, NTRU, SABER).",,,,,,,,,"auto-generated from patent record + local corroboration (2026-07-31): >=2 locally-corroborated PQC patents via crosscheck-patents-leaders/discover_patent_inventor_candidates.py. Web double-check (agent-run search, not fabricated) confirmed real, distinct identity and professional context.",active,,,,2026-07-31,11595195,https://patents.google.com/patent/US11595195/en,,
Bradford A. Shea,United States,,"Wells Fargo Bank, N.A.",Private,Patent Inventor,"Named inventor at Wells Fargo Bank, N.A. on a broad post-quantum cryptography patent portfolio (LMS, XMSS, SPHINCS+, Dilithium, Kyber, and more), filed under both 'Bradford A. Shea' and 'Brad A. Shea' with an identical Wells Fargo co-inventor team (Jeff J. Stapleton, Robert L. Carter Jr., Pierre Arbajian, Peter Bordow, Michael Erik Meinholz) across filings, confirming both name variants are the same person.",,,,,,,,,"auto-generated from patent record + local corroboration (2026-07-31): >=2 locally-corroborated PQC patents via crosscheck-patents-leaders/discover_patent_inventor_candidates.py. Web double-check (agent-run search, not fabricated) confirmed real, distinct identity and professional context.",active,,,,2026-07-31,11552793;11995194,https://patents.google.com/patent/US11552793/en;https://patents.google.com/patent/US11995194/en,,
Ranganathan Mavureddi Dhanasekaran,,,Nokia Technologies Oy,Private,Patent Inventor,"Named inventor at Nokia Technologies Oy on patents covering SUCI encryption based on post-quantum key encapsulation for 5G/wireless security, co-inventing with K. Tirumaleswar Reddy, Saurabh Khare, and Aritra Banerjee. Named inventor on US20260180789A1 (KEM).",,,,,,,,,"auto-generated from patent record + local corroboration (2026-07-31): >=2 locally-corroborated PQC patents via crosscheck-patents-leaders/discover_patent_inventor_candidates.py. Web double-check (agent-run search, not fabricated) confirmed real, distinct identity and professional context. | PatentUrls repointed 2026-08-09. Also real, and also absent from Google Patents. Note it is a PUBLICATION number (a pending application, 'Adaptation for 6G AKA Procedure', which does concern post-quantum keys), not a granted patent — worth knowing before the row is read as an issued-patent credential.",active,,,,2026-08-09,20260180789,https://patents.justia.com/patent/20260180789,,
Eun Kyung Kim,South Korea,,"Samsung SDS Co., Ltd.",Private,Patent Inventor,"Named inventor at Samsung SDS on a software quantum-vulnerability analysis system patent (US12556380B2, Kyber); works within Samsung SDS's Security Research Team (led by co-inventor Ji Hoon Cho per Samsung SDS's own tech blog).",,,,,,,,,"auto-generated from patent record + local corroboration (2026-07-31): >=2 locally-corroborated PQC patents via crosscheck-patents-leaders/discover_patent_inventor_candidates.py. Web double-check (agent-run search, not fabricated) confirmed real, distinct identity and professional context.",active,,,,2026-07-31,12556380,https://patents.google.com/patent/US12556380/en,,
Keunyoung Park,South Korea,,"Samsung Electronics Co., Ltd.",Private,Patent Inventor,Named inventor at Samsung Electronics on a secure SoC signature-algorithm-update mechanism patent (US12475061B2).,,,,,,,,,"auto-generated from patent record + local corroboration (2026-07-31): >=2 locally-corroborated PQC patents via crosscheck-patents-leaders/discover_patent_inventor_candidates.py. Web double-check (agent-run search, not fabricated) confirmed real, distinct identity and professional context.",active,,,,2026-07-31,12475061,https://patents.google.com/patent/US12475061/en,,
Jonathan William Edwards,,,IBM,Private,Patent Inventor,Named inventor at IBM on a hybrid classical/post-quantum digital certificate patent (US11764972B2) combining an ECC signature with a Dilithium (ML-DSA) signature.,,,,,,,,,"auto-generated from patent record + local corroboration (2026-07-31): >=2 locally-corroborated PQC patents via crosscheck-patents-leaders/discover_patent_inventor_candidates.py. Web double-check (agent-run search, not fabricated) confirmed real, distinct identity and professional context.",active,,,,2026-07-31,11764972,https://patents.google.com/patent/US11764972/en,,
Xinmiao Zhang,United States,Professor of Electrical and Computer Engineering,Ohio State University,Academic,Patent Inventor,"Professor of Electrical and Computer Engineering at Ohio State University; earned her PhD at the University of Minnesota (2005, advised by Keshab K. Parhi). Named inventor on US11750366B2, covering reduced-complexity modular polynomial multiplication for R-LWE cryptosystems.",,,,,,,,,"auto-generated from patent record + local corroboration (2026-07-31): >=2 locally-corroborated PQC patents via crosscheck-patents-leaders/discover_patent_inventor_candidates.py. Web double-check (agent-run search, not fabricated) confirmed real, distinct identity and professional context.",active,,,,2026-07-31,11750366,https://patents.google.com/patent/US11750366/en,,
Christian Wentz,United States,Founder & CEO,Ares Technologies,Private,Patent Inventor,"MIT-trained electrical engineer (B.S. 2009, M.Eng. 2010, Hertz Foundation Fellow); founder & CEO of Ares Technologies, having earlier founded Kendall Research Systems (acquired by Kernel in 2017) and later Gradient Technologies. First-named inventor on US11593488B2, a cryptographically-agile bootloader/root-of-trust patent (Falcon).",,,,,,,,,"auto-generated from patent record + local corroboration (2026-07-31): >=2 locally-corroborated PQC patents via crosscheck-patents-leaders/discover_patent_inventor_candidates.py. Web double-check (agent-run search, not fabricated) confirmed real, distinct identity and professional context.",active,,,,2026-07-31,11593488,https://patents.google.com/patent/US11593488/en,,
Xiaoyun Wang,China,C. N. Yang Professor,Tsinghua University (Institute for Advanced Study),Academic,Patent Inventor,"The well-known Chinese cryptographer who broke MD5 and SHA-1; C. N. Yang Professor at Tsinghua University's Institute for Advanced Study, now also working in lattice-based cryptography. Named inventor on US11575466B2, an LWE error-reconciliation patent assigned to Tsinghua University.",,,,,,,,,"auto-generated from patent record + local corroboration (2026-07-31): >=2 locally-corroborated PQC patents via crosscheck-patents-leaders/discover_patent_inventor_candidates.py. Web double-check (agent-run search, not fabricated) confirmed real, distinct identity and professional context.",active,,,,2026-07-31,11575466,https://patents.google.com/patent/US11575466/en,,
Utsav Banerjee,India,Assistant Professor,Indian Institute of Science,Academic,Patent Inventor,"Received his PhD from MIT (2021) with a thesis and multiple publications on hardware acceleration of NIST PQC candidates (NewHope, Kyber, Frodo, qTESLA, Dilithium, SPHINCS+); now Assistant Professor at the Indian Institute of Science leading the SINESys research group. Named inventor on US11416638B2.",,,,,,,,,"auto-generated from patent record + local corroboration (2026-07-31): >=2 locally-corroborated PQC patents via crosscheck-patents-leaders/discover_patent_inventor_candidates.py. Web double-check (agent-run search, not fabricated) confirmed real, distinct identity and professional context.",active,,,,2026-07-31,11416638,https://patents.google.com/patent/US11416638/en,,
Ravi K. Maganti,United States,Principal Architect,"Wells Fargo Bank, N.A.",Private,Patent Inventor,"Principal Architect - Enterprise Content Management at Wells Fargo (Charlotte, NC area), holding roughly 32 patents including several post-quantum-cryptography filings. Named inventor on US11336462B2.",,,,,,,,,"auto-generated from patent record + local corroboration (2026-07-31): >=2 locally-corroborated PQC patents via crosscheck-patents-leaders/discover_patent_inventor_candidates.py. Web double-check (agent-run search, not fabricated) confirmed real, distinct identity and professional context.",active,,,,2026-07-31,11336462,https://patents.google.com/patent/US11336462/en,,
Kevin Yeo,United States,Research Scientist,Google LLC,Private,Patent Inventor,"Research scientist at Google (Mountain View), publishing in cryptography venues (EUROCRYPT, IACR ePrint) on oblivious RAM, searchable encryption, cuckoo hashing, and private-set/PIR protocols. Named inventor on US11310045B2 (RLWE, BGV, FV).",,,,,,,,,"auto-generated from patent record + local corroboration (2026-07-31): >=2 locally-corroborated PQC patents via crosscheck-patents-leaders/discover_patent_inventor_candidates.py. Web double-check (agent-run search, not fabricated) confirmed real, distinct identity and professional context.",active,,,,2026-07-31,11310045,https://patents.google.com/patent/US11310045/en,,
Ahto Buldas,Estonia,Professor / Co-Founder & Chief Scientist,Tallinn University of Technology / Guardtime,Academic,Patent Inventor,"Professor of cryptography at Tallinn University of Technology and Co-Founder/Chief Scientist at Guardtime; inventor of Keyless Signature Infrastructure (hash-based, XMSS/SPHINCS+/LMS-related timestamping) and a contributor to Estonia's national Digital Signature Act and ID-card PKI. Named inventor on US11057187B2.",,,,,,,,,"auto-generated from patent record + local corroboration (2026-07-31): >=2 locally-corroborated PQC patents via crosscheck-patents-leaders/discover_patent_inventor_candidates.py. Web double-check (agent-run search, not fabricated) confirmed real, distinct identity and professional context.",active,,,,2026-07-31,11057187,https://patents.google.com/patent/US11057187/en,,
John A. Nix,United States,Principal,"IoT and M2M Technologies, LLC",Private,Patent Inventor,"Named inventor and principal of IoT and M2M Technologies, LLC (an IP-licensing company); has prepared and filed roughly 50 patents/applications on secure M2M/IoT communications, PKI, and eSIM technology, with portions of his portfolio previously assigned to Huawei and Facebook. Named inventor on US11777719B2 (lattice-based, code-based, isogeny-based, Fujisaki-Okamoto).",,,,,,,,,"auto-generated from patent record + local corroboration (2026-07-31): >=2 locally-corroborated PQC patents via crosscheck-patents-leaders/discover_patent_inventor_candidates.py. Web double-check (agent-run search, not fabricated) confirmed real, distinct identity and professional context.",active,,,,2026-07-31,11777719,https://patents.google.com/patent/US11777719/en,,
Adam Kristian King,United States,,Bank of America Corporation,Private,Patent Inventor,"Named inventor at Bank of America on multiple security/cryptography patents including harvest-now-decrypt-later-relevant work ('disruption of retrospective decryption operations'), confirmed via a matching LinkedIn profile referencing an internal Bank of America patent clearance. Named inventor on US12652311B2 (Kyber, Dilithium, SPHINCS+, FALCON).",,,,,,,,,"auto-generated from patent record + local corroboration (2026-07-31): >=2 locally-corroborated PQC patents via crosscheck-patents-leaders/discover_patent_inventor_candidates.py. Web double-check (agent-run search, not fabricated) confirmed real, distinct identity and professional context. | PatentUrls repointed 2026-08-09. The patent is REAL — 12652311 appears in his granted list at USPTO/Justia — but Google Patents returns a genuine 404 for it in every URL form tried (bare, B2, /en). Not a typo and not a fabricated number: Google Patents simply does not serve this grant. Repointed to Justia, which does.",active,,,,2026-08-09,12652311,https://patents.justia.com/patent/12652311,,
Joohee Lee,South Korea,Assistant Professor,Sungshin Women's University,Academic,Patent Inventor,"Worked on Samsung SDS's Security Algorithm Team (2019-2022) before becoming Assistant Professor at Sungshin Women's University, where she leads the SCRYPT Lab and has published multiple side-channel-attack papers on CRYSTALS-Kyber, Saber, and CRYSTALS-Dilithium; PhD in Mathematical Sciences from Seoul National University (2019). Named inventor on US12169572B2.",,,,,,,,,"auto-generated from patent record + local corroboration (2026-07-31): >=2 locally-corroborated PQC patents via crosscheck-patents-leaders/discover_patent_inventor_candidates.py. Web double-check (agent-run search, not fabricated) confirmed real, distinct identity and professional context.",active,,,,2026-07-31,12169572,https://patents.google.com/patent/US12169572/en,,
