software_name,cert_type,cert_id,cert_vendor,cert_product,pqc_algorithms,certification_level,status,cert_date,cert_link,deprecated_at,deprecated_reason,product_id,pqc_cert_flag,cert_link_quality,data_quality_notes,date_stamp
.NET System.Security.Cryptography,FIPS 140-3,4766,Microsoft Corporation,Kernel Mode Cryptographic Primitives Library,No PQC Mechanisms Detected,FIPS 140-3 L1,deprecated,2024-08-19,https://csrc.nist.gov/projects/cryptographic-module-validation-program/certificate/4766,2026-06-06,not in regen,,,,,
.NET System.Security.Cryptography,FIPS 140-3,4825,Microsoft Corporation,Cryptographic Primitives Library,No PQC Mechanisms Detected,FIPS 140-3 L1,deprecated,2024-10-07,https://csrc.nist.gov/projects/cryptographic-module-validation-program/certificate/4825,2026-06-06,not in regen,,,,,
AMD SEV-SNP (Secure Encrypted Virtualization),FIPS 140-3,4555,Advanced Micro Devices (AMD),"AMD Ryzen PRO 5000 Series PSP Cryptographic CoProcessor (models 5475U, 5675U, 5875U)",No PQC Mechanisms Detected,FIPS 140-3 L1,deprecated,2023-07-31,https://csrc.nist.gov/projects/cryptographic-module-validation-program/certificate/4555,2026-06-06,not in regen,,,,,
AMD SEV-SNP (Secure Encrypted Virtualization),FIPS 140-3,4626,Advanced Micro Devices (AMD),AMD Ryzen PRO 6000 Series PSP Cryptographic CoProcessor,No PQC Mechanisms Detected,FIPS 140-3 L1,deprecated,2023-10-04,https://csrc.nist.gov/projects/cryptographic-module-validation-program/certificate/4626,2026-06-06,not in regen,,,,,
AMD SEV-SNP (Secure Encrypted Virtualization),FIPS 140-3,4819,"Advanced Micro Devices, Inc. (AMD)",AMD Pensando PenTrust Security Module,No PQC Mechanisms Detected,FIPS 140-3 L1,deprecated,2024-10-01,https://csrc.nist.gov/projects/cryptographic-module-validation-program/certificate/4819,2026-06-06,not in regen,,,,,
AMD Versal Adaptive SoC,FIPS 140-3,4880,"Advanced Micro Devices (AMD), Microsoft Corporation",Pluton Security Processor ROM,No PQC Mechanisms Detected,FIPS 140-3 L3,deprecated,2024-11-14,https://csrc.nist.gov/projects/cryptographic-module-validation-program/certificate/4880,2026-05-10,not in regen,amd-versal-adaptive-soc,no_pqc_cert_classical_only,url_authoritative,CMVP #4880: Classical cryptography only. PQC (ML-KEM/ML-DSA/SLH-DSA) not yet validated under this certificate. CMVP PQC module validation anticipated 2026-2027 per NIST CMVP roadmap.,2026-05-06
AMD Versal Adaptive SoC,FIPS 140-3,4915,Advanced Micro Devices (AMD),"AMD ASP Cryptographic CoProcessor (""Raphael"")",No PQC Mechanisms Detected,FIPS 140-3 L1,deprecated,2024-12-12,https://csrc.nist.gov/projects/cryptographic-module-validation-program/certificate/4915,2026-06-06,not in regen,,,,,
AMD Versal Adaptive SoC,FIPS 140-3,4914,Advanced Micro Devices (AMD),"AMD ASP Cryptographic CoProcessor (""Storm Peak"")",No PQC Mechanisms Detected,FIPS 140-3 L3,deprecated,2024-12-12,https://csrc.nist.gov/projects/cryptographic-module-validation-program/certificate/4914,2026-05-10,not in regen,amd-versal-adaptive-soc,no_pqc_cert_classical_only,url_authoritative,CMVP #4914: Classical cryptography only. PQC (ML-KEM/ML-DSA/SLH-DSA) not yet validated under this certificate. CMVP PQC module validation anticipated 2026-2027 per NIST CMVP roadmap.,2026-05-06
AMD Versal Adaptive SoC,FIPS 140-3,4941,Advanced Micro Devices (AMD),"AMD ASP Cryptographic CoProcessor (""Genoa"")",No PQC Mechanisms Detected,FIPS 140-3 L1,deprecated,2025-01-15,https://csrc.nist.gov/projects/cryptographic-module-validation-program/certificate/4941,2026-06-06,not in regen,,,,,
AMD Versal Adaptive SoC,FIPS 140-3,5085,Advanced Micro Devices (AMD),"AMD ASP Cryptographic CoProcessor (""Turin"")",No PQC Mechanisms Detected,FIPS 140-3 L1,deprecated,2025-10-22,https://csrc.nist.gov/projects/cryptographic-module-validation-program/certificate/5085,2026-06-06,not in regen,,,,,
AMD Versal Adaptive SoC,FIPS 140-3,5230,Advanced Micro Devices (AMD),"AMD ASP Cryptographic CoProcessor (""Strix Halo"")",No PQC Mechanisms Detected,FIPS 140-3 L1,deprecated,2026-04-08,https://csrc.nist.gov/projects/cryptographic-module-validation-program/certificate/5230,2026-06-06,not in regen,,,,,
AMD Versal Adaptive SoC,FIPS 140-3,5237,Advanced Micro Devices (AMD),"AMD ASP Cryptographic CoProcessor (""Strix 1"" and ""Krackan 1"")",No PQC Mechanisms Detected,FIPS 140-3 L1,deprecated,2026-04-10,https://csrc.nist.gov/projects/cryptographic-module-validation-program/certificate/5237,2026-06-06,not in regen,,,,,
AWS Application Load Balancer (ALB),ACVP,A6295,"Amazon Web Services, Inc.",AWS-LC Cryptographic Module (static build) (C_SHA),ML-KEM,,deprecated,2024-11-25,https://csrc.nist.gov/projects/cryptographic-algorithm-validation-program/details?product=18997,2026-06-06,not in regen,,,,,
AWS Application Load Balancer (ALB),ACVP,A6880,"Amazon Web Services, Inc.",AWS Key Management Service Cryptographic Algorithm Library,ML-DSA,,deprecated,2025-05-02,https://csrc.nist.gov/projects/cryptographic-algorithm-validation-program/details?product=19616,2026-06-06,not in regen,,,,,
AWS Application Load Balancer (ALB),ACVP,A7917,"Amazon Web Services, Inc.",AWS-LC Cryptographic Module (static build) (C_SHA3),"ML-DSA, ML-KEM",,deprecated,2026-01-21,https://csrc.nist.gov/projects/cryptographic-algorithm-validation-program/details?product=20709,2026-06-06,not in regen,,,,,
AWS Application Load Balancer (ALB),FIPS 140-3,4490,"Amazon Web Services, Inc.",AWS OpenSSL FIPS Provider,No PQC Mechanisms Detected,FIPS 140-3 L1,deprecated,2023-04-26,https://csrc.nist.gov/projects/cryptographic-module-validation-program/certificate/4490,2026-06-04,not in regen,,,,,
AWS Application Load Balancer (ALB),FIPS 140-3,5146,"Amazon Web Services, Inc",AWS-LC Cryptographic Module (dynamic),No PQC Mechanisms Detected,FIPS 140-3 L1,deprecated,2026-01-26,https://csrc.nist.gov/projects/cryptographic-module-validation-program/certificate/5146,2026-06-04,not in regen,,,,,
AWS Application Load Balancer (ALB),FIPS 140-3,5256,"Amazon Web Services, Inc.",AWS Link Encryption Module,No PQC Mechanisms Detected,FIPS 140-3 L1,deprecated,2026-05-05,https://csrc.nist.gov/projects/cryptographic-module-validation-program/certificate/5256,2026-06-06,not in regen,,,,,
AWS Application Load Balancer (ALB),FIPS 140-3,5298,"Amazon Web Services, Inc",AWS-LC 3 Cryptographic Module (dynamic),No PQC Mechanisms Detected,FIPS 140-3 L1,deprecated,2026-06-03,https://csrc.nist.gov/projects/cryptographic-module-validation-program/certificate/5298,2026-06-06,not in regen,,,,,
AWS Application Load Balancer (ALB),FIPS 140-3,5310,Amazon Web Services,AWS Nitro Card Security Engine SSMAE,No PQC Mechanisms Detected,FIPS 140-3 L1,deprecated,2026-06-04,https://csrc.nist.gov/projects/cryptographic-module-validation-program/certificate/5310,2026-06-06,not in regen,,,,,
AWS CloudHSM,ACVP,A6295,"Amazon Web Services, Inc.",AWS-LC Cryptographic Module (static build) (C_SHA),ML-KEM,,deprecated,2024-11-25,https://csrc.nist.gov/projects/cryptographic-algorithm-validation-program/details?product=18997,2026-06-06,not in regen,,,,,
AWS CloudHSM,ACVP,A6880,"Amazon Web Services, Inc.",AWS Key Management Service Cryptographic Algorithm Library,ML-DSA,,deprecated,2025-05-02,https://csrc.nist.gov/projects/cryptographic-algorithm-validation-program/details?product=19616,2026-06-06,not in regen,,,,,
AWS CloudHSM,ACVP,A7917,"Amazon Web Services, Inc.",AWS-LC Cryptographic Module (static build) (C_SHA3),"ML-DSA, ML-KEM",,deprecated,2026-01-21,https://csrc.nist.gov/projects/cryptographic-algorithm-validation-program/details?product=20709,2026-06-06,not in regen,,,,,
AWS CloudHSM,FIPS 140-3,4490,"Amazon Web Services, Inc.",AWS OpenSSL FIPS Provider,No PQC Mechanisms Detected,FIPS 140-3 L1,deprecated,2023-04-26,https://csrc.nist.gov/projects/cryptographic-module-validation-program/certificate/4490,2026-06-04,not in regen,,,,,
AWS CloudHSM,FIPS 140-3,4884,"Amazon Web Services, Inc.",AWS Key Management Service HSM,No PQC Mechanisms Detected,FIPS 140-3 L3,deprecated,2024-11-18,https://csrc.nist.gov/projects/cryptographic-module-validation-program/certificate/4884,2026-06-06,not in regen,,,,,
AWS CloudHSM,FIPS 140-3,5146,"Amazon Web Services, Inc",AWS-LC Cryptographic Module (dynamic),No PQC Mechanisms Detected,FIPS 140-3 L1,deprecated,2026-01-26,https://csrc.nist.gov/projects/cryptographic-module-validation-program/certificate/5146,2026-06-06,not in regen,,,,,
AWS CloudHSM,FIPS 140-3,5256,"Amazon Web Services, Inc.",AWS Link Encryption Module,No PQC Mechanisms Detected,FIPS 140-3 L1,deprecated,2026-05-05,https://csrc.nist.gov/projects/cryptographic-module-validation-program/certificate/5256,2026-06-06,not in regen,,,,,
AWS CloudHSM,FIPS 140-3,5298,"Amazon Web Services, Inc",AWS-LC 3 Cryptographic Module (dynamic),No PQC Mechanisms Detected,FIPS 140-3 L1,deprecated,2026-06-03,https://csrc.nist.gov/projects/cryptographic-module-validation-program/certificate/5298,2026-06-06,not in regen,,,,,
AWS CloudHSM,FIPS 140-3,5310,Amazon Web Services,AWS Nitro Card Security Engine SSMAE,No PQC Mechanisms Detected,FIPS 140-3 L1,deprecated,2026-06-04,https://csrc.nist.gov/projects/cryptographic-module-validation-program/certificate/5310,2026-06-06,not in regen,,,,,
AWS Identity and Access Management (IAM),ACVP,A6295,"Amazon Web Services, Inc.",AWS-LC Cryptographic Module (static build) (C_SHA),ML-KEM,,deprecated,2024-11-25,https://csrc.nist.gov/projects/cryptographic-algorithm-validation-program/details?product=18997,2026-06-06,not in regen,,,,,
AWS Identity and Access Management (IAM),ACVP,A6880,"Amazon Web Services, Inc.",AWS Key Management Service Cryptographic Algorithm Library,ML-DSA,,Active,2025-05-02,https://csrc.nist.gov/projects/cryptographic-algorithm-validation-program/details?product=19616,,,,,,,
AWS Identity and Access Management (IAM),ACVP,A7917,"Amazon Web Services, Inc.",AWS-LC Cryptographic Module (static build) (C_SHA3),"ML-DSA, ML-KEM",,deprecated,2026-01-21,https://csrc.nist.gov/projects/cryptographic-algorithm-validation-program/details?product=20709,2026-06-06,not in regen,,,,,
AWS Identity and Access Management (IAM),FIPS 140-3,4490,"Amazon Web Services, Inc.",AWS OpenSSL FIPS Provider,No PQC Mechanisms Detected,FIPS 140-3 L1,deprecated,2023-04-26,https://csrc.nist.gov/projects/cryptographic-module-validation-program/certificate/4490,2026-06-04,not in regen,,,,,
AWS Identity and Access Management (IAM),FIPS 140-3,5146,"Amazon Web Services, Inc",AWS-LC Cryptographic Module (dynamic),No PQC Mechanisms Detected,FIPS 140-3 L1,deprecated,2026-01-26,https://csrc.nist.gov/projects/cryptographic-module-validation-program/certificate/5146,2026-06-04,not in regen,,,,,
AWS Identity and Access Management (IAM),FIPS 140-3,5256,"Amazon Web Services, Inc.",AWS Link Encryption Module,No PQC Mechanisms Detected,FIPS 140-3 L1,deprecated,2026-05-05,https://csrc.nist.gov/projects/cryptographic-module-validation-program/certificate/5256,2026-06-06,not in regen,,,,,
AWS Identity and Access Management (IAM),FIPS 140-3,5298,"Amazon Web Services, Inc",AWS-LC 3 Cryptographic Module (dynamic),No PQC Mechanisms Detected,FIPS 140-3 L1,deprecated,2026-06-03,https://csrc.nist.gov/projects/cryptographic-module-validation-program/certificate/5298,2026-06-06,not in regen,,,,,
AWS Identity and Access Management (IAM),FIPS 140-3,5310,Amazon Web Services,AWS Nitro Card Security Engine SSMAE,No PQC Mechanisms Detected,FIPS 140-3 L1,deprecated,2026-06-04,https://csrc.nist.gov/projects/cryptographic-module-validation-program/certificate/5310,2026-06-06,not in regen,,,,,
AWS KMS,ACVP,A6295,"Amazon Web Services, Inc.",AWS-LC Cryptographic Module (static build) (C_SHA),ML-KEM,,deprecated,2024-11-25,https://csrc.nist.gov/projects/cryptographic-algorithm-validation-program/details?product=18997,2026-06-06,not in regen,,,,,
AWS KMS,ACVP,A6880,"Amazon Web Services, Inc.",AWS Key Management Service Cryptographic Algorithm Library,ML-DSA,,deprecated,2025-05-02,https://csrc.nist.gov/projects/cryptographic-algorithm-validation-program/details?product=19616,2026-06-06,not in regen,,,,,
AWS KMS,ACVP,A7917,"Amazon Web Services, Inc.",AWS-LC Cryptographic Module (static build) (C_SHA3),"ML-DSA, ML-KEM",,deprecated,2026-01-21,https://csrc.nist.gov/projects/cryptographic-algorithm-validation-program/details?product=20709,2026-06-06,not in regen,,,,,
AWS KMS,FIPS 140-3,4490,"Amazon Web Services, Inc.",AWS OpenSSL FIPS Provider,No PQC Mechanisms Detected,FIPS 140-3 L1,deprecated,2023-04-26,https://csrc.nist.gov/projects/cryptographic-module-validation-program/certificate/4490,2026-06-04,not in regen,,,,,
AWS KMS,FIPS 140-3,4884,"Amazon Web Services, Inc.",AWS Key Management Service HSM,No PQC Mechanisms Detected,FIPS 140-3 L3,deprecated,2024-11-18,https://csrc.nist.gov/projects/cryptographic-module-validation-program/certificate/4884,2026-06-06,not in regen,,,,,
AWS KMS,FIPS 140-3,5146,"Amazon Web Services, Inc",AWS-LC Cryptographic Module (dynamic),No PQC Mechanisms Detected,FIPS 140-3 L1,deprecated,2026-01-26,https://csrc.nist.gov/projects/cryptographic-module-validation-program/certificate/5146,2026-06-06,not in regen,,,,,
AWS KMS,FIPS 140-3,5256,"Amazon Web Services, Inc.",AWS Link Encryption Module,No PQC Mechanisms Detected,FIPS 140-3 L1,deprecated,2026-05-05,https://csrc.nist.gov/projects/cryptographic-module-validation-program/certificate/5256,2026-06-06,not in regen,,,,,
AWS KMS,FIPS 140-3,5298,"Amazon Web Services, Inc",AWS-LC 3 Cryptographic Module (dynamic),No PQC Mechanisms Detected,FIPS 140-3 L1,deprecated,2026-06-03,https://csrc.nist.gov/projects/cryptographic-module-validation-program/certificate/5298,2026-06-06,not in regen,,,,,
AWS KMS,FIPS 140-3,5310,Amazon Web Services,AWS Nitro Card Security Engine SSMAE,No PQC Mechanisms Detected,FIPS 140-3 L1,deprecated,2026-06-04,https://csrc.nist.gov/projects/cryptographic-module-validation-program/certificate/5310,2026-06-06,not in regen,,,,,
AWS KMS (Cloud Gateway),ACVP,A6295,"Amazon Web Services, Inc.",AWS-LC Cryptographic Module (static build) (C_SHA),ML-KEM,,deprecated,2024-11-25,https://csrc.nist.gov/projects/cryptographic-algorithm-validation-program/details?product=18997,2026-06-06,not in regen,,,,,
AWS KMS (Cloud Gateway),ACVP,A6880,"Amazon Web Services, Inc.",AWS Key Management Service Cryptographic Algorithm Library,ML-DSA,,deprecated,2025-05-02,https://csrc.nist.gov/projects/cryptographic-algorithm-validation-program/details?product=19616,2026-06-06,not in regen,,,,,
AWS KMS (Cloud Gateway),ACVP,A7917,"Amazon Web Services, Inc.",AWS-LC Cryptographic Module (static build) (C_SHA3),"ML-DSA, ML-KEM",,deprecated,2026-01-21,https://csrc.nist.gov/projects/cryptographic-algorithm-validation-program/details?product=20709,2026-06-06,not in regen,,,,,
AWS KMS (Cloud Gateway),FIPS 140-3,4490,"Amazon Web Services, Inc.",AWS OpenSSL FIPS Provider,No PQC Mechanisms Detected,FIPS 140-3 L1,deprecated,2023-04-26,https://csrc.nist.gov/projects/cryptographic-module-validation-program/certificate/4490,2026-06-04,not in regen,,,,,
AWS KMS (Cloud Gateway),FIPS 140-3,5146,"Amazon Web Services, Inc",AWS-LC Cryptographic Module (dynamic),No PQC Mechanisms Detected,FIPS 140-3 L1,deprecated,2026-01-26,https://csrc.nist.gov/projects/cryptographic-module-validation-program/certificate/5146,2026-06-04,not in regen,,,,,
AWS KMS (Cloud Gateway),FIPS 140-3,5256,"Amazon Web Services, Inc.",AWS Link Encryption Module,No PQC Mechanisms Detected,FIPS 140-3 L1,deprecated,2026-05-05,https://csrc.nist.gov/projects/cryptographic-module-validation-program/certificate/5256,2026-06-06,not in regen,,,,,
AWS KMS (Cloud Gateway),FIPS 140-3,5298,"Amazon Web Services, Inc",AWS-LC 3 Cryptographic Module (dynamic),No PQC Mechanisms Detected,FIPS 140-3 L1,deprecated,2026-06-03,https://csrc.nist.gov/projects/cryptographic-module-validation-program/certificate/5298,2026-06-06,not in regen,,,,,
AWS KMS (Cloud Gateway),FIPS 140-3,5310,Amazon Web Services,AWS Nitro Card Security Engine SSMAE,No PQC Mechanisms Detected,FIPS 140-3 L1,deprecated,2026-06-04,https://csrc.nist.gov/projects/cryptographic-module-validation-program/certificate/5310,2026-06-06,not in regen,,,,,
AWS s2n-tls,ACVP,A6295,"Amazon Web Services, Inc.",AWS-LC Cryptographic Module (static build) (C_SHA),ML-KEM,,deprecated,2024-11-25,https://csrc.nist.gov/projects/cryptographic-algorithm-validation-program/details?product=18997,2026-06-06,not in regen,,,,,
AWS s2n-tls,ACVP,A6880,"Amazon Web Services, Inc.",AWS Key Management Service Cryptographic Algorithm Library,ML-DSA,,deprecated,2025-05-02,https://csrc.nist.gov/projects/cryptographic-algorithm-validation-program/details?product=19616,2026-06-06,not in regen,,,,,
AWS s2n-tls,ACVP,A7917,"Amazon Web Services, Inc.",AWS-LC Cryptographic Module (static build) (C_SHA3),"ML-DSA, ML-KEM",,deprecated,2026-01-21,https://csrc.nist.gov/projects/cryptographic-algorithm-validation-program/details?product=20709,2026-06-06,not in regen,,,,,
AWS s2n-tls,FIPS 140-3,4490,"Amazon Web Services, Inc.",AWS OpenSSL FIPS Provider,No PQC Mechanisms Detected,FIPS 140-3 L1,deprecated,2023-04-26,https://csrc.nist.gov/projects/cryptographic-module-validation-program/certificate/4490,2026-06-04,not in regen,,,,,
AWS s2n-tls,FIPS 140-3,5146,"Amazon Web Services, Inc",AWS-LC Cryptographic Module (dynamic),No PQC Mechanisms Detected,FIPS 140-3 L1,deprecated,2026-01-26,https://csrc.nist.gov/projects/cryptographic-module-validation-program/certificate/5146,2026-06-04,not in regen,,,,,
AWS s2n-tls,FIPS 140-3,5256,"Amazon Web Services, Inc.",AWS Link Encryption Module,No PQC Mechanisms Detected,FIPS 140-3 L1,deprecated,2026-05-05,https://csrc.nist.gov/projects/cryptographic-module-validation-program/certificate/5256,2026-06-06,not in regen,,,,,
AWS s2n-tls,FIPS 140-3,5298,"Amazon Web Services, Inc",AWS-LC 3 Cryptographic Module (dynamic),No PQC Mechanisms Detected,FIPS 140-3 L1,deprecated,2026-06-03,https://csrc.nist.gov/projects/cryptographic-module-validation-program/certificate/5298,2026-06-06,not in regen,,,,,
AWS s2n-tls,FIPS 140-3,5310,Amazon Web Services,AWS Nitro Card Security Engine SSMAE,No PQC Mechanisms Detected,FIPS 140-3 L1,deprecated,2026-06-04,https://csrc.nist.gov/projects/cryptographic-module-validation-program/certificate/5310,2026-06-06,not in regen,,,,,
AWS-LC,ACVP,A6295,"Amazon Web Services, Inc.",AWS-LC Cryptographic Module (static build) (C_SHA),ML-KEM,,Active,2024-11-25,https://csrc.nist.gov/projects/cryptographic-algorithm-validation-program/details?product=18997,,,,,,,
AWS-LC,ACVP,A6880,"Amazon Web Services, Inc.",AWS Key Management Service Cryptographic Algorithm Library,ML-DSA,,deprecated,2025-05-02,https://csrc.nist.gov/projects/cryptographic-algorithm-validation-program/details?product=19616,2026-06-06,not in regen,,,,,
AWS-LC,ACVP,A7917,"Amazon Web Services, Inc.",AWS-LC Cryptographic Module (static build) (C_SHA3),"ML-DSA, ML-KEM",,Active,2026-01-21,https://csrc.nist.gov/projects/cryptographic-algorithm-validation-program/details?product=20709,,,,,,,
AWS-LC,FIPS 140-3,4490,"Amazon Web Services, Inc.",AWS OpenSSL FIPS Provider,No PQC Mechanisms Detected,FIPS 140-3 L1,deprecated,2023-04-26,https://csrc.nist.gov/projects/cryptographic-module-validation-program/certificate/4490,2026-06-04,not in regen,,,,,
AWS-LC,FIPS 140-3,5146,"Amazon Web Services, Inc",AWS-LC Cryptographic Module (dynamic),No PQC Mechanisms Detected,FIPS 140-3 L1,deprecated,2026-01-26,https://csrc.nist.gov/projects/cryptographic-module-validation-program/certificate/5146,2026-06-04,not in regen,,,,,
AWS-LC,FIPS 140-3,5256,"Amazon Web Services, Inc.",AWS Link Encryption Module,No PQC Mechanisms Detected,FIPS 140-3 L1,deprecated,2026-05-05,https://csrc.nist.gov/projects/cryptographic-module-validation-program/certificate/5256,2026-06-06,not in regen,,,,,
AWS-LC,FIPS 140-3,5298,"Amazon Web Services, Inc",AWS-LC 3 Cryptographic Module (dynamic),No PQC Mechanisms Detected,FIPS 140-3 L1,deprecated,2026-06-03,https://csrc.nist.gov/projects/cryptographic-module-validation-program/certificate/5298,2026-06-06,not in regen,,,,,
AWS-LC,FIPS 140-3,5310,Amazon Web Services,AWS Nitro Card Security Engine SSMAE,No PQC Mechanisms Detected,FIPS 140-3 L1,deprecated,2026-06-04,https://csrc.nist.gov/projects/cryptographic-module-validation-program/certificate/5310,2026-06-06,not in regen,,,,,
AWS-LC,FIPS 140-3,5314,"Amazon Web Services, Inc",AWS-LC 3 Cryptographic Module (static),ML-KEM,FIPS 140-3 L1,Active,2026-06-05,https://csrc.nist.gov/projects/cryptographic-module-validation-program/certificate/5314,,,,,,,
Amazon Web Services (AWS),ACVP,A6295,"Amazon Web Services, Inc.",AWS-LC Cryptographic Module (static build) (C_SHA),ML-KEM,,deprecated,2024-11-25,https://csrc.nist.gov/projects/cryptographic-algorithm-validation-program/details?product=18997,2026-06-06,not in regen,,,,,
Amazon Web Services (AWS),ACVP,A6880,"Amazon Web Services, Inc.",AWS Key Management Service Cryptographic Algorithm Library,ML-DSA,,deprecated,2025-05-02,https://csrc.nist.gov/projects/cryptographic-algorithm-validation-program/details?product=19616,2026-06-06,not in regen,,,,,
Amazon Web Services (AWS),ACVP,A7917,"Amazon Web Services, Inc.",AWS-LC Cryptographic Module (static build) (C_SHA3),"ML-DSA, ML-KEM",,deprecated,2026-01-21,https://csrc.nist.gov/projects/cryptographic-algorithm-validation-program/details?product=20709,2026-06-06,not in regen,,,,,
Amazon Web Services (AWS),FIPS 140-3,4490,"Amazon Web Services, Inc.",AWS OpenSSL FIPS Provider,No PQC Mechanisms Detected,FIPS 140-3 L1,deprecated,2023-04-26,https://csrc.nist.gov/projects/cryptographic-module-validation-program/certificate/4490,2026-06-04,not in regen,,,,,
Amazon Web Services (AWS),FIPS 140-3,5146,"Amazon Web Services, Inc",AWS-LC Cryptographic Module (dynamic),No PQC Mechanisms Detected,FIPS 140-3 L1,deprecated,2026-01-26,https://csrc.nist.gov/projects/cryptographic-module-validation-program/certificate/5146,2026-06-04,not in regen,,,,,
Amazon Web Services (AWS),FIPS 140-3,5256,"Amazon Web Services, Inc.",AWS Link Encryption Module,No PQC Mechanisms Detected,FIPS 140-3 L1,deprecated,2026-05-05,https://csrc.nist.gov/projects/cryptographic-module-validation-program/certificate/5256,2026-06-06,not in regen,,,,,
Amazon Web Services (AWS),FIPS 140-3,5298,"Amazon Web Services, Inc",AWS-LC 3 Cryptographic Module (dynamic),No PQC Mechanisms Detected,FIPS 140-3 L1,deprecated,2026-06-03,https://csrc.nist.gov/projects/cryptographic-module-validation-program/certificate/5298,2026-06-06,not in regen,,,,,
Amazon Web Services (AWS),FIPS 140-3,5310,Amazon Web Services,AWS Nitro Card Security Engine SSMAE,No PQC Mechanisms Detected,FIPS 140-3 L1,deprecated,2026-06-04,https://csrc.nist.gov/projects/cryptographic-module-validation-program/certificate/5310,2026-06-06,not in regen,,,,,
Android 16,ACVP,A7700,"Google, Inc.",BoringCrypto,"ML-DSA, ML-KEM, SLH-DSA",,deprecated,2025-11-21,https://csrc.nist.gov/projects/cryptographic-algorithm-validation-program/details?product=20486,2026-06-06,not in regen,,,,,
Android 16,ACVP,A8355,"Google, LLC",Trusty TEE,"ML-DSA, ML-KEM, SLH-DSA",,deprecated,2026-05-19,https://csrc.nist.gov/projects/cryptographic-algorithm-validation-program/details?product=21185,2026-06-06,not in regen,,,,,
Android 16,FIPS 140-3,4726,"Google, LLC.",Android Kernel Cryptographic Module,No PQC Mechanisms Detected,FIPS 140-3 L1,Active,2024-07-12,https://csrc.nist.gov/projects/cryptographic-module-validation-program/certificate/4726,,,,,,,
Android 16,FIPS 140-3,4799,"Google, LLC",Look-aside Cryptography and Compression Engine (LCE),No PQC Mechanisms Detected,FIPS 140-3 L1,deprecated,2024-09-13,https://csrc.nist.gov/projects/cryptographic-module-validation-program/certificate/4799,2026-06-06,not in regen,,,,,
Android 16,FIPS 140-3,5087,"Google, LLC.",OpenSK Cryptographic Module,No PQC Mechanisms Detected,FIPS 140-3 L1,deprecated,2025-10-23,https://csrc.nist.gov/projects/cryptographic-module-validation-program/certificate/5087,2026-06-06,not in regen,,,,,
Android 16,FIPS 140-3,5104,"Google, LLC",BoringCrypto,No PQC Mechanisms Detected,FIPS 140-3 L3,deprecated,2025-12-09,https://csrc.nist.gov/projects/cryptographic-module-validation-program/certificate/5104,2026-05-10,not in regen,android-16,no_pqc_cert_classical_only,url_authoritative,CMVP #5104: Classical cryptography only. PQC (ML-KEM/ML-DSA/SLH-DSA) not yet validated under this certificate. CMVP PQC module validation anticipated 2026-2027 per NIST CMVP roadmap.,2026-05-06
Android 16,FIPS 140-3,5165,"Google, LLC.",River Redux Cryptographic Module,No PQC Mechanisms Detected,FIPS 140-3 L1,deprecated,2026-03-18,https://csrc.nist.gov/projects/cryptographic-module-validation-program/certificate/5165,2026-06-06,not in regen,,,,,
Android 16,FIPS 140-3,5244,"Google, LLC",BoringCrypto,No PQC Mechanisms Detected,FIPS 140-3 L1,deprecated,2026-04-18,https://csrc.nist.gov/projects/cryptographic-module-validation-program/certificate/5244,2026-06-04,not in regen,,,,,
Android 16,FIPS 140-3,5296,"Google, LLC",BoringCrypto,No PQC Mechanisms Detected,FIPS 140-3 L1,deprecated,2026-06-02,https://csrc.nist.gov/projects/cryptographic-module-validation-program/certificate/5296,2026-06-06,not in regen,,,,,
Apple PQ3 / CoreCrypto,ACVP,A7637,Apple Inc.,"Apple corecrypto Module [Apple silicon, Kernel, Software, SL1] (vng_hwassist)","ML-DSA, ML-KEM",,Active,2025-10-31,https://csrc.nist.gov/projects/cryptographic-algorithm-validation-program/details?product=20368,,,,,,,
Apple PQ3 / CoreCrypto,ACVP,A7649,Apple Inc.,"Apple corecrypto Module [Apple silicon, Secure Key Store, Hardware, SL2] (c_ltc)","ML-DSA, ML-KEM",,Active,2025-10-31,https://csrc.nist.gov/projects/cryptographic-algorithm-validation-program/details?product=20372,,,,,,,
Apple PQ3 / CoreCrypto,ACVP,A7645,Apple Inc.,"Apple corecrypto Module [Apple silicon, User, Software, SL1] (vng_hwassist)","ML-DSA, ML-KEM",,Active,2025-10-31,https://csrc.nist.gov/projects/cryptographic-algorithm-validation-program/details?product=20361,,,,,,,
Apple PQ3 / CoreCrypto,FIPS 140-3,5184,Apple Inc.,"Apple corecrypto Module 18.3 [Apple silicon, User, Software, SL1]",No PQC Mechanisms Detected,FIPS 140-3 L3,deprecated,2026-03-11,https://csrc.nist.gov/projects/cryptographic-module-validation-program/certificate/5184,2026-05-10,not in regen,apple-pq3-corecrypto,no_pqc_cert_classical_only,url_authoritative,CMVP #5184: Classical cryptography only. PQC (ML-KEM/ML-DSA/SLH-DSA) not yet validated under this certificate. CMVP PQC module validation anticipated 2026-2027 per NIST CMVP roadmap.,2026-05-06
Apple PQ3 / CoreCrypto,FIPS 140-3,5202,Apple Inc.,"Apple corecrypto Module v14.0 [Intel, Kernel, Software, SL1]",No PQC Mechanisms Detected,FIPS 140-3 L3,deprecated,2026-03-19,https://csrc.nist.gov/projects/cryptographic-module-validation-program/certificate/5202,2026-05-10,not in regen,apple-pq3-corecrypto,no_pqc_cert_classical_only,url_authoritative,CMVP #5202: Classical cryptography only. PQC (ML-KEM/ML-DSA/SLH-DSA) not yet validated under this certificate. CMVP PQC module validation anticipated 2026-2027 per NIST CMVP roadmap.,2026-05-06
Apple PQ3 / CoreCrypto,FIPS 140-3,5201,Apple Inc.,"Apple corecrypto Module v14.0 [Intel, User, Software, SL1]",No PQC Mechanisms Detected,FIPS 140-3 L3,deprecated,2026-03-19,https://csrc.nist.gov/projects/cryptographic-module-validation-program/certificate/5201,2026-05-10,not in regen,apple-pq3-corecrypto,no_pqc_cert_classical_only,url_authoritative,CMVP #5201: Classical cryptography only. PQC (ML-KEM/ML-DSA/SLH-DSA) not yet validated under this certificate. CMVP PQC module validation anticipated 2026-2027 per NIST CMVP roadmap.,2026-05-06
Apple PQ3 / CoreCrypto,FIPS 140-3,5218,Apple Inc.,"Apple corecrypto Module v18.3 [Intel, Kernel, Software, SL1]",No PQC Mechanisms Detected,FIPS 140-3 L1,deprecated,2026-03-30,https://csrc.nist.gov/projects/cryptographic-module-validation-program/certificate/5218,2026-06-04,not in regen,,,,,
Apple PQ3 / CoreCrypto,FIPS 140-3,5217,Apple Inc.,"Apple corecrypto Module v18.3 [Intel, User, Software, SL1]",No PQC Mechanisms Detected,FIPS 140-3 L1,deprecated,2026-03-30,https://csrc.nist.gov/projects/cryptographic-module-validation-program/certificate/5217,2026-06-04,not in regen,,,,,
Apple PQ3 / CoreCrypto,FIPS 140-3,5216,Apple Inc.,"Apple corecrypto Module v14.0 [Apple silicon, User, Software, SL1]",No PQC Mechanisms Detected,FIPS 140-3 L1,deprecated,2026-03-30,https://csrc.nist.gov/projects/cryptographic-module-validation-program/certificate/5216,2026-05-16,not in regen,,,,,
Apple PQ3 / CoreCrypto,FIPS 140-3,5263,Apple Inc.,"Apple corecrypto Module v14.0 [Apple silicon, Kernel, Software, SL1]",No PQC Mechanisms Detected,FIPS 140-3 L1,deprecated,2026-05-12,https://csrc.nist.gov/projects/cryptographic-module-validation-program/certificate/5263,2026-06-04,not in regen,,,,,
Apple PQ3 / CoreCrypto,FIPS 140-3,5307,Apple Inc.,"Apple corecrypto Module v13.0 [Apple silicon, Secure Key Store, Hardware SL2]",No PQC Mechanisms Detected,FIPS 140-3 L2,Active,2026-06-03,https://csrc.nist.gov/projects/cryptographic-module-validation-program/certificate/5307,,,,,,,
Apple PQ3 / CoreCrypto,FIPS 140-3,5306,Apple Inc.,"Apple corecrypto Module 18.3 [Apple silicon, Secure Key Store, Hardware, SL2/PHY3]",No PQC Mechanisms Detected,FIPS 140-3 L2,Active,2026-06-03,https://csrc.nist.gov/projects/cryptographic-module-validation-program/certificate/5306,,,,,,,
Apple PQ3 / CoreCrypto,FIPS 140-3,5304,Apple Inc.,"Apple corecrypto Module v14.0 [Apple silicon, Secure Key Store, Hardware, SL2/PHY3]",No PQC Mechanisms Detected,FIPS 140-3 L2,Active,2026-06-03,https://csrc.nist.gov/projects/cryptographic-module-validation-program/certificate/5304,,,,,,,
Apple Safari,ACVP,A7637,Apple Inc.,"Apple corecrypto Module [Apple silicon, Kernel, Software, SL1] (vng_hwassist)","ML-DSA, ML-KEM",,deprecated,2025-10-31,https://csrc.nist.gov/projects/cryptographic-algorithm-validation-program/details?product=20368,2026-06-06,not in regen,,,,,
Apple Safari,ACVP,A7649,Apple Inc.,"Apple corecrypto Module [Apple silicon, Secure Key Store, Hardware, SL2] (c_ltc)","ML-DSA, ML-KEM",,deprecated,2025-10-31,https://csrc.nist.gov/projects/cryptographic-algorithm-validation-program/details?product=20372,2026-06-06,not in regen,,,,,
Apple Safari,ACVP,A7645,Apple Inc.,"Apple corecrypto Module [Apple silicon, User, Software, SL1] (vng_hwassist)","ML-DSA, ML-KEM",,deprecated,2025-10-31,https://csrc.nist.gov/projects/cryptographic-algorithm-validation-program/details?product=20361,2026-06-06,not in regen,,,,,
Apple Safari,FIPS 140-3,5184,Apple Inc.,"Apple corecrypto Module 18.3 [Apple silicon, User, Software, SL1]",No PQC Mechanisms Detected,FIPS 140-3 L3,deprecated,2026-03-11,https://csrc.nist.gov/projects/cryptographic-module-validation-program/certificate/5184,2026-05-10,not in regen,apple-safari,no_pqc_cert_classical_only,url_authoritative,CMVP #5184: Classical cryptography only. PQC (ML-KEM/ML-DSA/SLH-DSA) not yet validated under this certificate. CMVP PQC module validation anticipated 2026-2027 per NIST CMVP roadmap.,2026-05-06
Apple Safari,FIPS 140-3,5202,Apple Inc.,"Apple corecrypto Module v14.0 [Intel, Kernel, Software, SL1]",No PQC Mechanisms Detected,FIPS 140-3 L3,deprecated,2026-03-19,https://csrc.nist.gov/projects/cryptographic-module-validation-program/certificate/5202,2026-05-10,not in regen,apple-safari,no_pqc_cert_classical_only,url_authoritative,CMVP #5202: Classical cryptography only. PQC (ML-KEM/ML-DSA/SLH-DSA) not yet validated under this certificate. CMVP PQC module validation anticipated 2026-2027 per NIST CMVP roadmap.,2026-05-06
Apple Safari,FIPS 140-3,5201,Apple Inc.,"Apple corecrypto Module v14.0 [Intel, User, Software, SL1]",No PQC Mechanisms Detected,FIPS 140-3 L3,deprecated,2026-03-19,https://csrc.nist.gov/projects/cryptographic-module-validation-program/certificate/5201,2026-05-10,not in regen,apple-safari,no_pqc_cert_classical_only,url_authoritative,CMVP #5201: Classical cryptography only. PQC (ML-KEM/ML-DSA/SLH-DSA) not yet validated under this certificate. CMVP PQC module validation anticipated 2026-2027 per NIST CMVP roadmap.,2026-05-06
Apple Safari,FIPS 140-3,5218,Apple Inc.,"Apple corecrypto Module v18.3 [Intel, Kernel, Software, SL1]",No PQC Mechanisms Detected,FIPS 140-3 L1,deprecated,2026-03-30,https://csrc.nist.gov/projects/cryptographic-module-validation-program/certificate/5218,2026-06-04,not in regen,,,,,
Apple Safari,FIPS 140-3,5217,Apple Inc.,"Apple corecrypto Module v18.3 [Intel, User, Software, SL1]",No PQC Mechanisms Detected,FIPS 140-3 L1,deprecated,2026-03-30,https://csrc.nist.gov/projects/cryptographic-module-validation-program/certificate/5217,2026-06-04,not in regen,,,,,
Apple Safari,FIPS 140-3,5216,Apple Inc.,"Apple corecrypto Module v14.0 [Apple silicon, User, Software, SL1]",No PQC Mechanisms Detected,FIPS 140-3 L1,deprecated,2026-03-30,https://csrc.nist.gov/projects/cryptographic-module-validation-program/certificate/5216,2026-05-16,not in regen,,,,,
Apple Safari,FIPS 140-3,5263,Apple Inc.,"Apple corecrypto Module v14.0 [Apple silicon, Kernel, Software, SL1]",No PQC Mechanisms Detected,FIPS 140-3 L1,deprecated,2026-05-12,https://csrc.nist.gov/projects/cryptographic-module-validation-program/certificate/5263,2026-06-04,not in regen,,,,,
Apple Safari,FIPS 140-3,5307,Apple Inc.,"Apple corecrypto Module v13.0 [Apple silicon, Secure Key Store, Hardware SL2]",No PQC Mechanisms Detected,FIPS 140-3 L2,deprecated,2026-06-03,https://csrc.nist.gov/projects/cryptographic-module-validation-program/certificate/5307,2026-06-06,not in regen,,,,,
Apple Safari,FIPS 140-3,5306,Apple Inc.,"Apple corecrypto Module 18.3 [Apple silicon, Secure Key Store, Hardware, SL2/PHY3]",No PQC Mechanisms Detected,FIPS 140-3 L2,deprecated,2026-06-03,https://csrc.nist.gov/projects/cryptographic-module-validation-program/certificate/5306,2026-06-06,not in regen,,,,,
Apple Safari,FIPS 140-3,5304,Apple Inc.,"Apple corecrypto Module v14.0 [Apple silicon, Secure Key Store, Hardware, SL2/PHY3]",No PQC Mechanisms Detected,FIPS 140-3 L2,deprecated,2026-06-03,https://csrc.nist.gov/projects/cryptographic-module-validation-program/certificate/5304,2026-06-06,not in regen,,,,,
Apple codesign,ACVP,A7637,Apple Inc.,"Apple corecrypto Module [Apple silicon, Kernel, Software, SL1] (vng_hwassist)","ML-DSA, ML-KEM",,deprecated,2025-10-31,https://csrc.nist.gov/projects/cryptographic-algorithm-validation-program/details?product=20368,2026-06-06,not in regen,,,,,
Apple codesign,ACVP,A7649,Apple Inc.,"Apple corecrypto Module [Apple silicon, Secure Key Store, Hardware, SL2] (c_ltc)","ML-DSA, ML-KEM",,deprecated,2025-10-31,https://csrc.nist.gov/projects/cryptographic-algorithm-validation-program/details?product=20372,2026-06-06,not in regen,,,,,
Apple codesign,ACVP,A7645,Apple Inc.,"Apple corecrypto Module [Apple silicon, User, Software, SL1] (vng_hwassist)","ML-DSA, ML-KEM",,deprecated,2025-10-31,https://csrc.nist.gov/projects/cryptographic-algorithm-validation-program/details?product=20361,2026-06-06,not in regen,,,,,
Apple codesign,FIPS 140-3,5101,Apple Inc.,"Apple corecrypto Module v14.1 [Apple silicon, Kernel, Software, SL1]",No PQC Mechanisms Detected,FIPS 140-3 L3,deprecated,2025-12-02,https://csrc.nist.gov/projects/cryptographic-module-validation-program/certificate/5101,2026-05-10,not in regen,apple-codesign,no_pqc_cert_classical_only,url_authoritative,CMVP #5101: Classical cryptography only. PQC (ML-KEM/ML-DSA/SLH-DSA) not yet validated under this certificate. CMVP PQC module validation anticipated 2026-2027 per NIST CMVP roadmap.,2026-05-06
Apple codesign,FIPS 140-3,5108,Apple Inc.,"Apple corecrypto Module v14.1 [Apple silicon, User, Software, SL1]",No PQC Mechanisms Detected,FIPS 140-3 L3,deprecated,2025-12-14,https://csrc.nist.gov/projects/cryptographic-module-validation-program/certificate/5108,2026-05-10,not in regen,apple-codesign,no_pqc_cert_classical_only,url_authoritative,CMVP #5108: Classical cryptography only. PQC (ML-KEM/ML-DSA/SLH-DSA) not yet validated under this certificate. CMVP PQC module validation anticipated 2026-2027 per NIST CMVP roadmap.,2026-05-06
Apple codesign,FIPS 140-3,5184,Apple Inc.,"Apple corecrypto Module 18.3 [Apple silicon, User, Software, SL1]",No PQC Mechanisms Detected,FIPS 140-3 L3,deprecated,2026-03-11,https://csrc.nist.gov/projects/cryptographic-module-validation-program/certificate/5184,2026-05-10,not in regen,apple-codesign,no_pqc_cert_classical_only,url_authoritative,CMVP #5184: Classical cryptography only. PQC (ML-KEM/ML-DSA/SLH-DSA) not yet validated under this certificate. CMVP PQC module validation anticipated 2026-2027 per NIST CMVP roadmap.,2026-05-06
Apple codesign,FIPS 140-3,5202,Apple Inc.,"Apple corecrypto Module v14.0 [Intel, Kernel, Software, SL1]",No PQC Mechanisms Detected,FIPS 140-3 L1,deprecated,2026-03-19,https://csrc.nist.gov/projects/cryptographic-module-validation-program/certificate/5202,2026-06-04,not in regen,,,,,
Apple codesign,FIPS 140-3,5201,Apple Inc.,"Apple corecrypto Module v14.0 [Intel, User, Software, SL1]",No PQC Mechanisms Detected,FIPS 140-3 L1,deprecated,2026-03-19,https://csrc.nist.gov/projects/cryptographic-module-validation-program/certificate/5201,2026-05-16,not in regen,,,,,
Apple codesign,FIPS 140-3,5218,Apple Inc.,"Apple corecrypto Module v18.3 [Intel, Kernel, Software, SL1]",No PQC Mechanisms Detected,FIPS 140-3 L1,deprecated,2026-03-30,https://csrc.nist.gov/projects/cryptographic-module-validation-program/certificate/5218,2026-06-04,not in regen,,,,,
Apple codesign,FIPS 140-3,5217,Apple Inc.,"Apple corecrypto Module v18.3 [Intel, User, Software, SL1]",No PQC Mechanisms Detected,FIPS 140-3 L1,deprecated,2026-03-30,https://csrc.nist.gov/projects/cryptographic-module-validation-program/certificate/5217,2026-06-04,not in regen,,,,,
Apple codesign,FIPS 140-3,5216,Apple Inc.,"Apple corecrypto Module v14.0 [Apple silicon, User, Software, SL1]",No PQC Mechanisms Detected,FIPS 140-3 L1,deprecated,2026-03-30,https://csrc.nist.gov/projects/cryptographic-module-validation-program/certificate/5216,2026-06-04,not in regen,,,,,
Apple codesign,FIPS 140-3,5263,Apple Inc.,"Apple corecrypto Module v14.0 [Apple silicon, Kernel, Software, SL1]",No PQC Mechanisms Detected,FIPS 140-3 L1,deprecated,2026-05-12,https://csrc.nist.gov/projects/cryptographic-module-validation-program/certificate/5263,2026-06-04,not in regen,,,,,
Apple codesign,FIPS 140-3,5289,Apple Inc.,"Apple corecrypto Module v13.0 [Apple silicon, Secure Key Store, Hardware SL2/PHY3]",No PQC Mechanisms Detected,FIPS 140-3 L2,deprecated,2026-05-22,https://csrc.nist.gov/projects/cryptographic-module-validation-program/certificate/5289,2026-06-06,not in regen,,,,,
Apple codesign,FIPS 140-3,5307,Apple Inc.,"Apple corecrypto Module v13.0 [Apple silicon, Secure Key Store, Hardware SL2]",No PQC Mechanisms Detected,FIPS 140-3 L2,deprecated,2026-06-03,https://csrc.nist.gov/projects/cryptographic-module-validation-program/certificate/5307,2026-06-06,not in regen,,,,,
Apple codesign,FIPS 140-3,5306,Apple Inc.,"Apple corecrypto Module 18.3 [Apple silicon, Secure Key Store, Hardware, SL2/PHY3]",No PQC Mechanisms Detected,FIPS 140-3 L2,deprecated,2026-06-03,https://csrc.nist.gov/projects/cryptographic-module-validation-program/certificate/5306,2026-06-06,not in regen,,,,,
Apple codesign,FIPS 140-3,5304,Apple Inc.,"Apple corecrypto Module v14.0 [Apple silicon, Secure Key Store, Hardware, SL2/PHY3]",No PQC Mechanisms Detected,FIPS 140-3 L2,deprecated,2026-06-03,https://csrc.nist.gov/projects/cryptographic-module-validation-program/certificate/5304,2026-06-06,not in regen,,,,,
Apple codesign,FIPS 140-3,5303,Apple Inc.,"Apple corecrypto Module v14.0 [Apple silicon, Secure Key Store, Hardware, SL2]",No PQC Mechanisms Detected,FIPS 140-3 L2,deprecated,2026-06-03,https://csrc.nist.gov/projects/cryptographic-module-validation-program/certificate/5303,2026-06-06,not in regen,,,,,
Arista EOS (Extensible Operating System),FIPS 140-3,4592,"Arista Networks, Inc.",Arista EOS Crypto Module,Falcon,FIPS 140-3 L1,Active,2023-09-12,https://csrc.nist.gov/projects/cryptographic-module-validation-program/certificate/4592,,,,,,,
Arista EOS (Extensible Operating System),FIPS 140-3,5001,"Arista Networks, Inc.",Arista Crypto Module,No PQC Mechanisms Detected,FIPS 140-3 L1,deprecated,2025-04-17,https://csrc.nist.gov/projects/cryptographic-module-validation-program/certificate/5001,2026-06-06,not in regen,,,,,
Arista EOS (Extensible Operating System),FIPS 140-3,5309,"Arista Networks, Inc.",Arista MACsec data plane accelerator [PHY],No PQC Mechanisms Detected,FIPS 140-3 L1,deprecated,2026-06-03,https://csrc.nist.gov/projects/cryptographic-module-validation-program/certificate/5309,2026-06-06,not in regen,,,,,
Atalla AT1000e,ACVP,A7400,Utimaco IS GmbH,Lattice Module - ML,"ML-DSA, ML-KEM",,deprecated,2025-09-17,https://csrc.nist.gov/projects/cryptographic-algorithm-validation-program/details?product=20181,2026-05-16,not in regen,,,,,
Azure Dedicated HSM (Marvell LiquidSecurity),ACVP,A6877,"Marvell Semiconductor, Inc.",LS2-OQS-Crypto,"ML-DSA, ML-KEM",,deprecated,2025-05-01,https://csrc.nist.gov/projects/cryptographic-algorithm-validation-program/details?product=19612,2026-06-06,not in regen,,,,,
Azure Dedicated HSM (Marvell LiquidSecurity),ACVP,A8465,"Marvell Semiconductor, Inc.",LS2-OQS-Crypto,ML-DSA,,deprecated,2026-06-03,https://csrc.nist.gov/projects/cryptographic-algorithm-validation-program/details?product=21213,2026-06-06,not in regen,,,,,
Azure Dedicated HSM (Marvell LiquidSecurity),Common Criteria,cc-marvell-ls2-hsm-hardware-version--cn9310410-03-c-firmware-version--marvell-ls2-fw-10-24-0780-bootloader-version--marvell-ls2-uboot-10-24-0702-r01-sb-or-marvell-ls2-uboot-10-24-0702-r02-sb-09be,"Marvell Semiconductor, Inc (Scheme: NL)",Marvell LS2 HSM Hardware version: CN9310410-03 C Firmware version: MARVELL-LS2-FW-10.24-0780 Bootloader version: MARVELL-LS2-UBOOT-10.24-0702-R01-SB or MARVELL-LS2-UBOOT-10.24-0702-R02-SB,ML-KEM,"EAL4+,ALC_FLR.3,AVA_VAN.5",Active,2026-02-23,https://commoncriteriaportal.org/files/epfiles/NSCIB-CC-2400151-01-ST.pdf,,,,,,,
Azure Dedicated HSM (Marvell LiquidSecurity),Common Criteria,cc-marvell-ls2-hsm-hardware-version--cn9310410-03-c-firmware-version--marvell-ls2-fw-10-24-0780-bootloader-version--marvell-ls2-uboot-10-24-0702-r01-sb-or-marvell-ls2-uboot-10-24-0702-r02-sb-hf52,"Marvell Semiconductor, Inc (Scheme: NL)",Marvell LS2 HSM Hardware version: CN9310410-03 C Firmware version: MARVELL-LS2-FW-10.24-0780 Bootloader version: MARVELL-LS2-UBOOT-10.24-0702-R01-SB or MARVELL-LS2-UBOOT-10.24-0702-R02-SB,ML-KEM,"EAL4+,ALC_FLR.3,AVA_VAN.5",deprecated,2026-02-23,https://commoncriteriaportal.org/files/epfiles/NSCIB-CC-2400151-01-ST.pdf,2026-06-06,not in regen,,,,,
Azure Dedicated HSM (Marvell LiquidSecurity),Common Criteria,cc-marvell-ls2-hsm-hardware-version--cn9310410-03-c-firmware-version--marvell-ls2-fw-10-24-0780-bootloader-version--marvell-ls2-uboot-10-24-0702-r01-sb-or-marvell-ls2-uboot-10-24-0702-r02-sb-kg4i,"Marvell Semiconductor, Inc (Scheme: NL)",Marvell LS2 HSM Hardware version: CN9310410-03 C Firmware version: MARVELL-LS2-FW-10.24-0780 Bootloader version: MARVELL-LS2-UBOOT-10.24-0702-R01-SB or MARVELL-LS2-UBOOT-10.24-0702-R02-SB,ML-KEM,"EAL4+,ALC_FLR.3,AVA_VAN.5",deprecated,2026-02-23,https://www.commoncriteriaportal.org/files/epfiles/NSCIB-CC-2400151-01-ST.pdf,2026-06-04,not in regen,,,,,
Azure Dedicated HSM (Marvell LiquidSecurity),Common Criteria,cc-marvell-ls2-hsm-hardware-version--cn9310410-03-c-firmware-version--marvell-ls2-fw-10-24-0780-bootloader-version--marvell-ls2-uboot-10-24-0702-r01-sb-or-marvell-ls2-uboot-10-24-0702-r02-sb-c1qk,"Marvell Semiconductor, Inc (Scheme: NL)",Marvell LS2 HSM Hardware version: CN9310410-03 C Firmware version: MARVELL-LS2-FW-10.24-0780 Bootloader version: MARVELL-LS2-UBOOT-10.24-0702-R01-SB or MARVELL-LS2-UBOOT-10.24-0702-R02-SB,ML-KEM,"EAL4+,ALC_FLR.3,AVA_VAN.5",deprecated,2026-02-23,https://www.commoncriteriaportal.org/files/epfiles/NSCIB-CC-2400151-01-ST.pdf,2026-05-16,not in regen,,,,,
Azure Dedicated HSM (Marvell LiquidSecurity),Common Criteria,cc-marvell-ls2-hsm-hardware-version--cn9310410-03-c-firmware-version--marvell-ls2-fw-10-24-0780-bootloader-version--marvell-ls2-uboot-10-24-0702-r01-sb-or-marvell-ls2-uboot-10-24-0702-r02-sb-psm2,"Marvell Semiconductor, Inc (Scheme: NL)",Marvell LS2 HSM Hardware version: CN9310410-03 C Firmware version: MARVELL-LS2-FW-10.24-0780 Bootloader version: MARVELL-LS2-UBOOT-10.24-0702-R01-SB or MARVELL-LS2-UBOOT-10.24-0702-R02-SB,"ML-KEM, ML-DSA","EAL4+,ALC_FLR.3,AVA_VAN.5",deprecated,2026-02-23,https://www.commoncriteriaportal.org/files/epfiles/NSCIB-CC-2400151-01-ST.pdf,2026-05-10,not in regen,azure-dedicated-hsm-marvell-liquidsecurity,pqc_cert_present,url_needs_review,CMVP #cc-marvell-ls2-hsm-hardware-version--cn9310410-03-c-firmware-version--marvell-ls2-fw-10-24-0780-bootloader-version--marvell-ls2-uboot-10-24-0702-r01-sb-or-marvell-ls2-uboot-10-24-0702-r02-sb-psm2: PQC mechanisms detected. Verify algorithms at https://csrc.nist.gov/projects/cryptographic-module-validation-program/certificate/cc-marvell-ls2-hsm-hardware-version--cn9310410-03-c-firmware-version--marvell-ls2-fw-10-24-0780-bootloader-version--marvell-ls2-uboot-10-24-0702-r01-sb-or-marvell-ls2-uboot-10-24-0702-r02-sb-psm2,2026-05-06
Azure Dedicated HSM (Marvell LiquidSecurity),FIPS 140-3,4700,"Marvell Semiconductor, Inc.",NITROXIII CNN35XX-NFBE HSM Family,No PQC Mechanisms Detected,FIPS 140-3 L3,Active,2024-05-30,https://csrc.nist.gov/projects/cryptographic-module-validation-program/certificate/4700,,,,,,,
Azure Dedicated HSM (Marvell LiquidSecurity),FIPS 140-3,4703,"Marvell Semiconductor, Inc.",Marvell LS2 HSM Family,No PQC Mechanisms Detected,FIPS 140-3 L3,Active,2024-06-06,https://csrc.nist.gov/projects/cryptographic-module-validation-program/certificate/4703,,,,,,,
Azure DevOps,FIPS 140-3,4766,Microsoft Corporation,Kernel Mode Cryptographic Primitives Library,No PQC Mechanisms Detected,FIPS 140-3 L1,deprecated,2024-08-19,https://csrc.nist.gov/projects/cryptographic-module-validation-program/certificate/4766,2026-06-06,not in regen,,,,,
Azure DevOps,FIPS 140-3,4825,Microsoft Corporation,Cryptographic Primitives Library,No PQC Mechanisms Detected,FIPS 140-3 L1,deprecated,2024-10-07,https://csrc.nist.gov/projects/cryptographic-module-validation-program/certificate/4825,2026-06-06,not in regen,,,,,
Azure Key Vault,FIPS 140-3,4766,Microsoft Corporation,Kernel Mode Cryptographic Primitives Library,No PQC Mechanisms Detected,FIPS 140-3 L1,deprecated,2024-08-19,https://csrc.nist.gov/projects/cryptographic-module-validation-program/certificate/4766,2026-06-06,not in regen,,,,,
Azure Key Vault,FIPS 140-3,4825,Microsoft Corporation,Cryptographic Primitives Library,No PQC Mechanisms Detected,FIPS 140-3 L1,deprecated,2024-10-07,https://csrc.nist.gov/projects/cryptographic-module-validation-program/certificate/4825,2026-06-06,not in regen,,,,,
BitLocker (Windows),FIPS 140-3,4688,Microsoft Corporation,BitLocker Dump Filter,No PQC Mechanisms Detected,FIPS 140-3 L1,Active,2024-04-03,https://csrc.nist.gov/projects/cryptographic-module-validation-program/certificate/4688,,,,,,,
BitLocker (Windows),FIPS 140-3,4766,Microsoft Corporation,Kernel Mode Cryptographic Primitives Library,No PQC Mechanisms Detected,FIPS 140-3 L1,deprecated,2024-08-19,https://csrc.nist.gov/projects/cryptographic-module-validation-program/certificate/4766,2026-06-06,not in regen,,,,,
BitLocker (Windows),FIPS 140-3,4825,Microsoft Corporation,Cryptographic Primitives Library,No PQC Mechanisms Detected,FIPS 140-3 L1,deprecated,2024-10-07,https://csrc.nist.gov/projects/cryptographic-module-validation-program/certificate/4825,2026-06-06,not in regen,,,,,
BlackBerry Certicom Security Builder FIPS Module,FIPS 140-3,4267,BlackBerry Limited,Security Builder® FIPS Module,No PQC Mechanisms Detected,FIPS 140-3 L1,Active,2022-07-18,https://csrc.nist.gov/projects/cryptographic-module-validation-program/certificate/4267,,,,,,,
BlackBerry QNX Hypervisor 8.0 for Safety,FIPS 140-3,4267,BlackBerry Limited,Security Builder® FIPS Module,No PQC Mechanisms Detected,FIPS 140-3 L1,deprecated,2022-07-18,https://csrc.nist.gov/projects/cryptographic-module-validation-program/certificate/4267,2026-06-06,not in regen,,,,,
BlackBerry QNX Neutrino RTOS,FIPS 140-3,4267,BlackBerry Limited,Security Builder® FIPS Module,No PQC Mechanisms Detected,FIPS 140-3 L1,deprecated,2022-07-18,https://csrc.nist.gov/projects/cryptographic-module-validation-program/certificate/4267,2026-06-02,not in regen,,,,,
BoringSSL,ACVP,A7700,"Google, Inc.",BoringCrypto,"ML-DSA, ML-KEM, SLH-DSA",,deprecated,2025-11-21,https://csrc.nist.gov/projects/cryptographic-algorithm-validation-program/details?product=20486,2026-06-06,not in regen,,,,,
BoringSSL,ACVP,A8355,"Google, LLC",Trusty TEE,"ML-DSA, ML-KEM, SLH-DSA",,deprecated,2026-05-19,https://csrc.nist.gov/projects/cryptographic-algorithm-validation-program/details?product=21185,2026-06-06,not in regen,,,,,
BoringSSL,FIPS 140-3,5087,"Google, LLC.",OpenSK Cryptographic Module,No PQC Mechanisms Detected,FIPS 140-3 L1,deprecated,2025-10-23,https://csrc.nist.gov/projects/cryptographic-module-validation-program/certificate/5087,2026-06-06,not in regen,,,,,
BoringSSL,FIPS 140-3,5104,"Google, LLC",BoringCrypto,No PQC Mechanisms Detected,FIPS 140-3 L3,deprecated,2025-12-09,https://csrc.nist.gov/projects/cryptographic-module-validation-program/certificate/5104,2026-05-10,not in regen,boringssl,no_pqc_cert_classical_only,url_authoritative,CMVP #5104: Classical cryptography only. PQC (ML-KEM/ML-DSA/SLH-DSA) not yet validated under this certificate. CMVP PQC module validation anticipated 2026-2027 per NIST CMVP roadmap.,2026-05-06
BoringSSL,FIPS 140-3,5165,"Google, LLC.",River Redux Cryptographic Module,No PQC Mechanisms Detected,FIPS 140-3 L1,deprecated,2026-03-18,https://csrc.nist.gov/projects/cryptographic-module-validation-program/certificate/5165,2026-06-06,not in regen,,,,,
BoringSSL,FIPS 140-3,5244,"Google, LLC",BoringCrypto,No PQC Mechanisms Detected,FIPS 140-3 L1,deprecated,2026-04-18,https://csrc.nist.gov/projects/cryptographic-module-validation-program/certificate/5244,2026-06-04,not in regen,,,,,
BoringSSL,FIPS 140-3,5296,"Google, LLC",BoringCrypto,No PQC Mechanisms Detected,FIPS 140-3 L1,deprecated,2026-06-02,https://csrc.nist.gov/projects/cryptographic-module-validation-program/certificate/5296,2026-06-06,not in regen,,,,,
Bouncy Castle,FIPS 140-3,4416,Legion of the Bouncy Castle Inc.,BC-FNA (Bouncy Castle FIPS .NET API),No PQC Mechanisms Detected,FIPS 140-3 L1,deprecated,2023-01-18,https://csrc.nist.gov/projects/cryptographic-module-validation-program/certificate/4416,2026-06-06,not in regen,,,,,
Bouncy Castle,FIPS 140-3,4943,Legion of the Bouncy Castle Inc.,BC-FJA (Bouncy Castle FIPS Java API),LMS,FIPS 140-3 L1,deprecated,2025-01-17,https://csrc.nist.gov/projects/cryptographic-module-validation-program/certificate/4943,2026-06-06,not in regen,,,,,
Bouncy Castle C# .NET,ACVP,A6973,Legion of the Bouncy Castle Inc.,BC-FNA (Bouncy Castle FIPS .NET 4.8 API),"ML-DSA, ML-KEM, SLH-DSA",,Active,2025-05-29,https://csrc.nist.gov/projects/cryptographic-algorithm-validation-program/details?product=19716,,,,,,,
Bouncy Castle C# .NET,ACVP,A6974,Legion of the Bouncy Castle Inc.,BC-FNA (Bouncy Castle FIPS .NET 6.0 API),"ML-DSA, ML-KEM, SLH-DSA",,Active,2025-05-29,https://csrc.nist.gov/projects/cryptographic-algorithm-validation-program/details?product=19717,,,,,,,
Bouncy Castle C# .NET,ACVP,A8100,Legion of the Bouncy Castle Inc.,BC-FJA (Bouncy Castle FIPS JAVA API),"ML-DSA, ML-KEM, SLH-DSA",,deprecated,2026-03-09,https://csrc.nist.gov/projects/cryptographic-algorithm-validation-program/details?product=20860,2026-06-06,not in regen,,,,,
Bouncy Castle C# .NET,FIPS 140-3,4416,Legion of the Bouncy Castle Inc.,BC-FNA (Bouncy Castle FIPS .NET API),No PQC Mechanisms Detected,FIPS 140-3 L1,Active,2023-01-18,https://csrc.nist.gov/projects/cryptographic-module-validation-program/certificate/4416,,,,,,,
Bouncy Castle C# .NET,FIPS 140-3,4943,Legion of the Bouncy Castle Inc.,BC-FJA (Bouncy Castle FIPS Java API),LMS,FIPS 140-3 L1,deprecated,2025-01-17,https://csrc.nist.gov/projects/cryptographic-module-validation-program/certificate/4943,2026-06-06,not in regen,,,,,
Bouncy Castle C\# / Java,FIPS 140-3,4416,Legion of the Bouncy Castle Inc.,BC-FNA (Bouncy Castle FIPS .NET API),No PQC Mechanisms Detected,FIPS 140-3 L1,deprecated,2023-01-18,https://csrc.nist.gov/projects/cryptographic-module-validation-program/certificate/4416,2026-06-06,not in regen,,,,,
Bouncy Castle C\# / Java,FIPS 140-3,4943,Legion of the Bouncy Castle Inc.,BC-FJA (Bouncy Castle FIPS Java API),LMS,FIPS 140-3 L1,Active,2025-01-17,https://csrc.nist.gov/projects/cryptographic-module-validation-program/certificate/4943,,,,,,,
Bouncy Castle Java,ACVP,A6973,Legion of the Bouncy Castle Inc.,BC-FNA (Bouncy Castle FIPS .NET 4.8 API),"ML-DSA, ML-KEM, SLH-DSA",,deprecated,2025-05-29,https://csrc.nist.gov/projects/cryptographic-algorithm-validation-program/details?product=19716,2026-06-06,not in regen,,,,,
Bouncy Castle Java,ACVP,A6974,Legion of the Bouncy Castle Inc.,BC-FNA (Bouncy Castle FIPS .NET 6.0 API),"ML-DSA, ML-KEM, SLH-DSA",,deprecated,2025-05-29,https://csrc.nist.gov/projects/cryptographic-algorithm-validation-program/details?product=19717,2026-06-06,not in regen,,,,,
Bouncy Castle Java,ACVP,A8100,Legion of the Bouncy Castle Inc.,BC-FJA (Bouncy Castle FIPS JAVA API),"ML-DSA, ML-KEM, SLH-DSA",,Active,2026-03-09,https://csrc.nist.gov/projects/cryptographic-algorithm-validation-program/details?product=20860,,,,,,,
Bouncy Castle Java,FIPS 140-3,4416,Legion of the Bouncy Castle Inc.,BC-FNA (Bouncy Castle FIPS .NET API),No PQC Mechanisms Detected,FIPS 140-3 L1,deprecated,2023-01-18,https://csrc.nist.gov/projects/cryptographic-module-validation-program/certificate/4416,2026-06-06,not in regen,,,,,
Bouncy Castle Java,FIPS 140-3,4943,Legion of the Bouncy Castle Inc.,BC-FJA (Bouncy Castle FIPS Java API),LMS,FIPS 140-3 L1,Active,2025-01-17,https://csrc.nist.gov/projects/cryptographic-module-validation-program/certificate/4943,,,,,,,
Bouncy Castle Java LTS,ACVP,A6973,Legion of the Bouncy Castle Inc.,BC-FNA (Bouncy Castle FIPS .NET 4.8 API),"ML-DSA, ML-KEM, SLH-DSA",,deprecated,2025-05-29,https://csrc.nist.gov/projects/cryptographic-algorithm-validation-program/details?product=19716,2026-06-06,not in regen,,,,,
Bouncy Castle Java LTS,ACVP,A6974,Legion of the Bouncy Castle Inc.,BC-FNA (Bouncy Castle FIPS .NET 6.0 API),"ML-DSA, ML-KEM, SLH-DSA",,deprecated,2025-05-29,https://csrc.nist.gov/projects/cryptographic-algorithm-validation-program/details?product=19717,2026-06-06,not in regen,,,,,
Bouncy Castle Java LTS,ACVP,A8100,Legion of the Bouncy Castle Inc.,BC-FJA (Bouncy Castle FIPS JAVA API),"ML-DSA, ML-KEM, SLH-DSA",,Active,2026-03-09,https://csrc.nist.gov/projects/cryptographic-algorithm-validation-program/details?product=20860,,,,,,,
Bouncy Castle Java LTS,FIPS 140-3,4416,Legion of the Bouncy Castle Inc.,BC-FNA (Bouncy Castle FIPS .NET API),No PQC Mechanisms Detected,FIPS 140-3 L1,deprecated,2023-01-18,https://csrc.nist.gov/projects/cryptographic-module-validation-program/certificate/4416,2026-06-06,not in regen,,,,,
Bouncy Castle Java LTS,FIPS 140-3,4943,Legion of the Bouncy Castle Inc.,BC-FJA (Bouncy Castle FIPS Java API),LMS,FIPS 140-3 L1,Active,2025-01-17,https://csrc.nist.gov/projects/cryptographic-module-validation-program/certificate/4943,,,,,,,
Broadcom Avi (NSX ALB),FIPS 140-3,4861,"Broadcom, Inc",VMware’s OpenSSL FIPS Provider,No PQC Mechanisms Detected,FIPS 140-3 L1,deprecated,2024-11-04,https://csrc.nist.gov/projects/cryptographic-module-validation-program/certificate/4861,2026-05-16,not in regen,,,,,
Broadcom Avi (NSX ALB),FIPS 140-3,4952,"Broadcom, Inc.",PrismPlus Cryptographic Module,No PQC Mechanisms Detected,FIPS 140-3 L1,deprecated,2025-01-27,https://csrc.nist.gov/projects/cryptographic-module-validation-program/certificate/4952,2026-06-06,not in regen,,,,,
Broadcom Avi (NSX ALB),FIPS 140-3,4973,Broadcom Inc.,VMware's BoringCrypto Module,No PQC Mechanisms Detected,FIPS 140-3 L1,deprecated,2025-02-26,https://csrc.nist.gov/projects/cryptographic-module-validation-program/certificate/4973,2026-06-06,not in regen,,,,,
Broadcom Avi (NSX ALB),FIPS 140-3,4986,Broadcom Inc.,VMware's BC-FJA (Bouncy Castle FIPS Java API),No PQC Mechanisms Detected,FIPS 140-3 L1,deprecated,2025-03-14,https://csrc.nist.gov/projects/cryptographic-module-validation-program/certificate/4986,2026-06-06,not in regen,,,,,
Broadcom Avi (NSX ALB),FIPS 140-3,5007,"Broadcom, Inc.",BCM58202B0,No PQC Mechanisms Detected,FIPS 140-3 L3,deprecated,2025-04-21,https://csrc.nist.gov/projects/cryptographic-module-validation-program/certificate/5007,2026-06-06,not in regen,,,,,
Broadcom Avi (NSX ALB),FIPS 140-3,5258,Broadcom Inc,Symantec Messaging Gateway Cryptographic Module,No PQC Mechanisms Detected,FIPS 140-3 L1,deprecated,2026-05-07,https://csrc.nist.gov/projects/cryptographic-module-validation-program/certificate/5258,2026-06-06,not in regen,,,,,
Broadcom Emulex SecureHBA,FIPS 140-3,4973,Broadcom Inc.,VMware's BoringCrypto Module,No PQC Mechanisms Detected,FIPS 140-3 L1,deprecated,2025-02-26,https://csrc.nist.gov/projects/cryptographic-module-validation-program/certificate/4973,2026-05-16,not in regen,,,,,
Broadcom Emulex SecureHBA,FIPS 140-3,4986,Broadcom Inc.,VMware's BC-FJA (Bouncy Castle FIPS Java API),No PQC Mechanisms Detected,FIPS 140-3 L1,deprecated,2025-03-14,https://csrc.nist.gov/projects/cryptographic-module-validation-program/certificate/4986,2026-06-06,not in regen,,,,,
Broadcom Emulex SecureHBA,FIPS 140-3,5007,"Broadcom, Inc.",BCM58202B0,No PQC Mechanisms Detected,FIPS 140-3 L3,deprecated,2025-04-21,https://csrc.nist.gov/projects/cryptographic-module-validation-program/certificate/5007,2026-06-06,not in regen,,,,,
Broadcom Emulex SecureHBA,FIPS 140-3,5258,Broadcom Inc,Symantec Messaging Gateway Cryptographic Module,No PQC Mechanisms Detected,FIPS 140-3 L1,deprecated,2026-05-07,https://csrc.nist.gov/projects/cryptographic-module-validation-program/certificate/5258,2026-06-06,not in regen,,,,,
Broadcom Symantec DLP,FIPS 140-3,4973,Broadcom Inc.,VMware's BoringCrypto Module,No PQC Mechanisms Detected,FIPS 140-3 L1,deprecated,2025-02-26,https://csrc.nist.gov/projects/cryptographic-module-validation-program/certificate/4973,2026-05-16,not in regen,,,,,
Broadcom Symantec DLP,FIPS 140-3,4986,Broadcom Inc.,VMware's BC-FJA (Bouncy Castle FIPS Java API),No PQC Mechanisms Detected,FIPS 140-3 L1,deprecated,2025-03-14,https://csrc.nist.gov/projects/cryptographic-module-validation-program/certificate/4986,2026-06-06,not in regen,,,,,
Broadcom Symantec DLP,FIPS 140-3,5007,"Broadcom, Inc.",BCM58202B0,No PQC Mechanisms Detected,FIPS 140-3 L3,deprecated,2025-04-21,https://csrc.nist.gov/projects/cryptographic-module-validation-program/certificate/5007,2026-06-06,not in regen,,,,,
Broadcom Symantec DLP,FIPS 140-3,5258,Broadcom Inc,Symantec Messaging Gateway Cryptographic Module,No PQC Mechanisms Detected,FIPS 140-3 L1,Active,2026-05-07,https://csrc.nist.gov/projects/cryptographic-module-validation-program/certificate/5258,,,,,,,
Broadcom Symantec SES,FIPS 140-3,4861,"Broadcom, Inc",VMware’s OpenSSL FIPS Provider,No PQC Mechanisms Detected,FIPS 140-3 L1,deprecated,2024-11-04,https://csrc.nist.gov/projects/cryptographic-module-validation-program/certificate/4861,2026-05-16,not in regen,,,,,
Broadcom Symantec SES,FIPS 140-3,4952,"Broadcom, Inc.",PrismPlus Cryptographic Module,No PQC Mechanisms Detected,FIPS 140-3 L1,deprecated,2025-01-27,https://csrc.nist.gov/projects/cryptographic-module-validation-program/certificate/4952,2026-06-06,not in regen,,,,,
Broadcom Symantec SES,FIPS 140-3,4973,Broadcom Inc.,VMware's BoringCrypto Module,No PQC Mechanisms Detected,FIPS 140-3 L1,deprecated,2025-02-26,https://csrc.nist.gov/projects/cryptographic-module-validation-program/certificate/4973,2026-06-06,not in regen,,,,,
Broadcom Symantec SES,FIPS 140-3,4986,Broadcom Inc.,VMware's BC-FJA (Bouncy Castle FIPS Java API),No PQC Mechanisms Detected,FIPS 140-3 L1,deprecated,2025-03-14,https://csrc.nist.gov/projects/cryptographic-module-validation-program/certificate/4986,2026-06-06,not in regen,,,,,
Broadcom Symantec SES,FIPS 140-3,5007,"Broadcom, Inc.",BCM58202B0,No PQC Mechanisms Detected,FIPS 140-3 L3,deprecated,2025-04-21,https://csrc.nist.gov/projects/cryptographic-module-validation-program/certificate/5007,2026-06-06,not in regen,,,,,
Broadcom Symantec SES,FIPS 140-3,5258,Broadcom Inc,Symantec Messaging Gateway Cryptographic Module,No PQC Mechanisms Detected,FIPS 140-3 L1,Active,2026-05-07,https://csrc.nist.gov/projects/cryptographic-module-validation-program/certificate/5258,,,,,,,
Check Point Quantum,FIPS 140-3,2788,Check Point Software Technologies Ltd.,Harmony Endpoint FDE and MEPP CryptoCore,No PQC Mechanisms Detected,FIPS 140-3 L1,deprecated,2016-11-07,https://csrc.nist.gov/projects/cryptographic-module-validation-program/certificate/2788,2026-06-06,not in regen,,,,,
Check Point Quantum,FIPS 140-3,4264,Check Point Software Technologies Ltd.,Quantum Security Gateway Cryptographic Library,Potentially PQC (Name Match),FIPS 140-3 L1,deprecated,2022-07-15,https://csrc.nist.gov/projects/cryptographic-module-validation-program/certificate/4264,2026-06-06,not in regen,,,,,
ChromeOS,ACVP,A7700,"Google, Inc.",BoringCrypto,"ML-DSA, ML-KEM, SLH-DSA",,deprecated,2025-11-21,https://csrc.nist.gov/projects/cryptographic-algorithm-validation-program/details?product=20486,2026-06-06,not in regen,,,,,
ChromeOS,ACVP,A8355,"Google, LLC",Trusty TEE,"ML-DSA, ML-KEM, SLH-DSA",,deprecated,2026-05-19,https://csrc.nist.gov/projects/cryptographic-algorithm-validation-program/details?product=21185,2026-06-06,not in regen,,,,,
ChromeOS,FIPS 140-3,4726,"Google, LLC.",Android Kernel Cryptographic Module,No PQC Mechanisms Detected,FIPS 140-3 L1,deprecated,2024-07-12,https://csrc.nist.gov/projects/cryptographic-module-validation-program/certificate/4726,2026-06-06,not in regen,,,,,
ChromeOS,FIPS 140-3,4799,"Google, LLC",Look-aside Cryptography and Compression Engine (LCE),No PQC Mechanisms Detected,FIPS 140-3 L1,deprecated,2024-09-13,https://csrc.nist.gov/projects/cryptographic-module-validation-program/certificate/4799,2026-06-06,not in regen,,,,,
ChromeOS,FIPS 140-3,5087,"Google, LLC.",OpenSK Cryptographic Module,No PQC Mechanisms Detected,FIPS 140-3 L1,deprecated,2025-10-23,https://csrc.nist.gov/projects/cryptographic-module-validation-program/certificate/5087,2026-06-06,not in regen,,,,,
ChromeOS,FIPS 140-3,5104,"Google, LLC",BoringCrypto,No PQC Mechanisms Detected,FIPS 140-3 L3,deprecated,2025-12-09,https://csrc.nist.gov/projects/cryptographic-module-validation-program/certificate/5104,2026-05-10,not in regen,chromeos,no_pqc_cert_classical_only,url_authoritative,CMVP #5104: Classical cryptography only. PQC (ML-KEM/ML-DSA/SLH-DSA) not yet validated under this certificate. CMVP PQC module validation anticipated 2026-2027 per NIST CMVP roadmap.,2026-05-06
ChromeOS,FIPS 140-3,5165,"Google, LLC.",River Redux Cryptographic Module,No PQC Mechanisms Detected,FIPS 140-3 L1,deprecated,2026-03-18,https://csrc.nist.gov/projects/cryptographic-module-validation-program/certificate/5165,2026-06-06,not in regen,,,,,
ChromeOS,FIPS 140-3,5244,"Google, LLC",BoringCrypto,No PQC Mechanisms Detected,FIPS 140-3 L1,deprecated,2026-04-18,https://csrc.nist.gov/projects/cryptographic-module-validation-program/certificate/5244,2026-06-04,not in regen,,,,,
ChromeOS,FIPS 140-3,5296,"Google, LLC",BoringCrypto,No PQC Mechanisms Detected,FIPS 140-3 L1,deprecated,2026-06-02,https://csrc.nist.gov/projects/cryptographic-module-validation-program/certificate/5296,2026-06-06,not in regen,,,,,
Ciena WaveLogic 6 Extreme,FIPS 140-3,4654,Ciena Corporation,Ciena 3926 Platform,No PQC Mechanisms Detected,FIPS 140-3 L2,deprecated,2023-11-14,https://csrc.nist.gov/projects/cryptographic-module-validation-program/certificate/4654,2026-06-06,not in regen,,,,,
Ciena WaveLogic 6 Extreme,FIPS 140-3,4913,Ciena Corporation,WaveLogic 5 Extreme Encryption Modem,No PQC Mechanisms Detected,FIPS 140-3 L2,Active,2024-12-09,https://csrc.nist.gov/projects/cryptographic-module-validation-program/certificate/4913,,,,,,,
Ciena WaveLogic 6 Extreme,FIPS 140-3,4920,Ciena Corporation,Waveserver 5 Control Processor Module,No PQC Mechanisms Detected,FIPS 140-3 L2,deprecated,2024-12-18,https://csrc.nist.gov/projects/cryptographic-module-validation-program/certificate/4920,2026-06-06,not in regen,,,,,
Ciena WaveLogic 6 Extreme,FIPS 140-3,5293,Ciena Corporation,SAOS 10.11.1,No PQC Mechanisms Detected,FIPS 140-3 L2,deprecated,2026-05-26,https://csrc.nist.gov/projects/cryptographic-module-validation-program/certificate/5293,2026-06-06,not in regen,,,,,
Cisco AI Defense (formerly Robust Intelligence Platform),FIPS 140-3,4747,"Cisco Systems, Inc.",Cisco FIPS Object Module,No PQC Mechanisms Detected,FIPS 140-3 L1,deprecated,2024-08-01,https://csrc.nist.gov/projects/cryptographic-module-validation-program/certificate/4747,2026-06-06,not in regen,,,,,
Cisco AI Defense (formerly Robust Intelligence Platform),FIPS 140-3,4891,"Cisco Systems, Inc",CiscoSSL FIPS Provider,No PQC Mechanisms Detected,FIPS 140-3 L1,deprecated,2024-11-18,https://csrc.nist.gov/projects/cryptographic-module-validation-program/certificate/4891,2026-06-06,not in regen,,,,,
Cisco ASA (Adaptive Security Appliance),ACVP,A6567,"Cisco Systems, Inc.",CiscoSSL OQS FIPS Library,"ML-DSA, ML-KEM",,deprecated,2025-02-05,https://csrc.nist.gov/projects/cryptographic-algorithm-validation-program/details?product=19275,2026-06-06,not in regen,,,,,
Cisco ASA (Adaptive Security Appliance),FIPS 140-3,5071,"Cisco Systems, Inc.",Cisco Secure Firewall Threat Defense Cryptographic Module (FPR 4200 Series),No PQC Mechanisms Detected,FIPS 140-3 L2,deprecated,2025-09-23,https://csrc.nist.gov/projects/cryptographic-module-validation-program/certificate/5071,2026-06-04,not in regen,,,,,
Cisco ASA (Adaptive Security Appliance),FIPS 140-3,5070,"Cisco Systems, Inc.",Cisco Secure Firewall Threat Defense Cryptographic Module (FPR 1000 Series),No PQC Mechanisms Detected,FIPS 140-3 L2,deprecated,2025-09-23,https://csrc.nist.gov/projects/cryptographic-module-validation-program/certificate/5070,2026-05-16,not in regen,,,,,
Cisco ASA (Adaptive Security Appliance),FIPS 140-3,5114,"Cisco Systems, Inc.",Cisco Adaptive Security Appliance Virtual Cryptographic Module,No PQC Mechanisms Detected,FIPS 140-3 L1,deprecated,2025-12-19,https://csrc.nist.gov/projects/cryptographic-module-validation-program/certificate/5114,2026-06-04,not in regen,,,,,
Cisco ASA (Adaptive Security Appliance),FIPS 140-3,5138,"Cisco Systems, Inc",Cisco Firepower Management Center Virtual Cryptographic Module,No PQC Mechanisms Detected,FIPS 140-3 L1,deprecated,2026-01-15,https://csrc.nist.gov/projects/cryptographic-module-validation-program/certificate/5138,2026-06-06,not in regen,,,,,
Cisco ASA (Adaptive Security Appliance),FIPS 140-3,5137,"Cisco Systems, Inc",Cisco Firepower Threat Defense Virtual Cryptographic Module,No PQC Mechanisms Detected,FIPS 140-3 L1,deprecated,2026-01-15,https://csrc.nist.gov/projects/cryptographic-module-validation-program/certificate/5137,2026-06-06,not in regen,,,,,
Cisco ASA (Adaptive Security Appliance),FIPS 140-3,5262,"Cisco Systems, Inc.",Adaptive Security Appliance Virtual Cryptographic Module,No PQC Mechanisms Detected,FIPS 140-3 L1,Active,2026-05-11,https://csrc.nist.gov/projects/cryptographic-module-validation-program/certificate/5262,,,,,,,
Cisco ASA (Adaptive Security Appliance),FIPS 140-3,5287,"Cisco Systems, Inc.",Cisco Adaptive Security Appliance on 4K/9K Cryptographic Module,No PQC Mechanisms Detected,FIPS 140-3 L1,Active,2026-05-22,https://csrc.nist.gov/projects/cryptographic-module-validation-program/certificate/5287,,,,,,,
Cisco ASA (Adaptive Security Appliance),FIPS 140-3,5295,"Cisco Systems, Inc.",Firepower Threat Defense Virtual Cryptographic Module,No PQC Mechanisms Detected,FIPS 140-3 L1,deprecated,2026-06-01,https://csrc.nist.gov/projects/cryptographic-module-validation-program/certificate/5295,2026-06-06,not in regen,,,,,
Cisco Catalyst 9500 PQC,FIPS 140-3,4747,"Cisco Systems, Inc.",Cisco FIPS Object Module,No PQC Mechanisms Detected,FIPS 140-3 L1,deprecated,2024-08-01,https://csrc.nist.gov/projects/cryptographic-module-validation-program/certificate/4747,2026-06-06,not in regen,,,,,
Cisco Catalyst 9500 PQC,FIPS 140-3,4891,"Cisco Systems, Inc",CiscoSSL FIPS Provider,No PQC Mechanisms Detected,FIPS 140-3 L1,deprecated,2024-11-18,https://csrc.nist.gov/projects/cryptographic-module-validation-program/certificate/4891,2026-06-06,not in regen,,,,,
Cisco Catalyst Center,ACVP,A6567,"Cisco Systems, Inc.",CiscoSSL OQS FIPS Library,"ML-DSA, ML-KEM",,deprecated,2025-02-05,https://csrc.nist.gov/projects/cryptographic-algorithm-validation-program/details?product=19275,2026-06-06,not in regen,,,,,
Cisco Catalyst Center,FIPS 140-3,5071,"Cisco Systems, Inc.",Cisco Secure Firewall Threat Defense Cryptographic Module (FPR 4200 Series),No PQC Mechanisms Detected,FIPS 140-3 L2,deprecated,2025-09-23,https://csrc.nist.gov/projects/cryptographic-module-validation-program/certificate/5071,2026-06-04,not in regen,,,,,
Cisco Catalyst Center,FIPS 140-3,5070,"Cisco Systems, Inc.",Cisco Secure Firewall Threat Defense Cryptographic Module (FPR 1000 Series),No PQC Mechanisms Detected,FIPS 140-3 L2,deprecated,2025-09-23,https://csrc.nist.gov/projects/cryptographic-module-validation-program/certificate/5070,2026-05-16,not in regen,,,,,
Cisco Catalyst Center,FIPS 140-3,5114,"Cisco Systems, Inc.",Cisco Adaptive Security Appliance Virtual Cryptographic Module,No PQC Mechanisms Detected,FIPS 140-3 L1,deprecated,2025-12-19,https://csrc.nist.gov/projects/cryptographic-module-validation-program/certificate/5114,2026-06-04,not in regen,,,,,
Cisco Catalyst Center,FIPS 140-3,5138,"Cisco Systems, Inc",Cisco Firepower Management Center Virtual Cryptographic Module,No PQC Mechanisms Detected,FIPS 140-3 L1,Active,2026-01-15,https://csrc.nist.gov/projects/cryptographic-module-validation-program/certificate/5138,,,,,,,
Cisco Catalyst Center,FIPS 140-3,5137,"Cisco Systems, Inc",Cisco Firepower Threat Defense Virtual Cryptographic Module,No PQC Mechanisms Detected,FIPS 140-3 L1,deprecated,2026-01-15,https://csrc.nist.gov/projects/cryptographic-module-validation-program/certificate/5137,2026-06-06,not in regen,,,,,
Cisco Catalyst Center,FIPS 140-3,5262,"Cisco Systems, Inc.",Adaptive Security Appliance Virtual Cryptographic Module,No PQC Mechanisms Detected,FIPS 140-3 L1,deprecated,2026-05-11,https://csrc.nist.gov/projects/cryptographic-module-validation-program/certificate/5262,2026-06-06,not in regen,,,,,
Cisco Catalyst Center,FIPS 140-3,5287,"Cisco Systems, Inc.",Cisco Adaptive Security Appliance on 4K/9K Cryptographic Module,No PQC Mechanisms Detected,FIPS 140-3 L1,deprecated,2026-05-22,https://csrc.nist.gov/projects/cryptographic-module-validation-program/certificate/5287,2026-06-06,not in regen,,,,,
Cisco Catalyst Center,FIPS 140-3,5295,"Cisco Systems, Inc.",Firepower Threat Defense Virtual Cryptographic Module,No PQC Mechanisms Detected,FIPS 140-3 L1,deprecated,2026-06-01,https://csrc.nist.gov/projects/cryptographic-module-validation-program/certificate/5295,2026-06-06,not in regen,,,,,
Cisco IOS XE PQC,ACVP,A6567,"Cisco Systems, Inc.",CiscoSSL OQS FIPS Library,"ML-DSA, ML-KEM",,deprecated,2025-02-05,https://csrc.nist.gov/projects/cryptographic-algorithm-validation-program/details?product=19275,2026-06-06,not in regen,,,,,
Cisco IOS XE PQC,FIPS 140-3,4549,"Cisco Systems, Inc.",Cisco Catalyst Embedded Wireless Controller on C9100 Series Access Points,No PQC Mechanisms Detected,FIPS 140-3 L2,deprecated,2023-07-11,https://csrc.nist.gov/projects/cryptographic-module-validation-program/certificate/4549,2026-06-06,not in regen,,,,,
Cisco IOS XE PQC,FIPS 140-3,4554,"Cisco Systems, Inc.",Cisco Catalyst 9800-CL Wireless Controller,No PQC Mechanisms Detected,FIPS 140-3 L1,deprecated,2023-07-28,https://csrc.nist.gov/projects/cryptographic-module-validation-program/certificate/4554,2026-06-06,not in regen,,,,,
Cisco IOS XE PQC,FIPS 140-3,4606,"Cisco Systems, Inc.",Cisco Catalyst 9800 (40/80/L) Wireless Controllers running IOS-XE 16.12,No PQC Mechanisms Detected,FIPS 140-3 L3,deprecated,2023-09-26,https://csrc.nist.gov/projects/cryptographic-module-validation-program/certificate/4606,2026-05-10,not in regen,cisco-ios-xe-pqc,no_pqc_cert_classical_only,url_authoritative,CMVP #4606: Classical cryptography only. PQC (ML-KEM/ML-DSA/SLH-DSA) not yet validated under this certificate. CMVP PQC module validation anticipated 2026-2027 per NIST CMVP roadmap.,2026-05-06
Cisco IOS XE PQC,FIPS 140-3,4638,"Cisco Systems, Inc.",Cisco ISR 1000 Series Routers without MACSEC,No PQC Mechanisms Detected,FIPS 140-3 L1,deprecated,2023-10-18,https://csrc.nist.gov/projects/cryptographic-module-validation-program/certificate/4638,2026-06-06,not in regen,,,,,
Cisco IOS XE PQC,FIPS 140-3,4643,"Cisco Systems, Inc.",Cisco ASR 1000 Series Routers without MACSEC,No PQC Mechanisms Detected,FIPS 140-3 L1,deprecated,2023-10-25,https://csrc.nist.gov/projects/cryptographic-module-validation-program/certificate/4643,2026-06-06,not in regen,,,,,
Cisco IOS XE PQC,FIPS 140-3,4752,"Cisco Systems, Inc.",IOS Common Cryptographic Module (IC2M),No PQC Mechanisms Detected,FIPS 140-3 L1,Active,2024-08-07,https://csrc.nist.gov/projects/cryptographic-module-validation-program/certificate/4752,,,,,,,
Cisco IOS XR,ACVP,A6567,"Cisco Systems, Inc.",CiscoSSL OQS FIPS Library,"ML-DSA, ML-KEM",,deprecated,2025-02-05,https://csrc.nist.gov/projects/cryptographic-algorithm-validation-program/details?product=19275,2026-06-06,not in regen,,,,,
Cisco IOS XR,FIPS 140-3,4549,"Cisco Systems, Inc.",Cisco Catalyst Embedded Wireless Controller on C9100 Series Access Points,No PQC Mechanisms Detected,FIPS 140-3 L2,deprecated,2023-07-11,https://csrc.nist.gov/projects/cryptographic-module-validation-program/certificate/4549,2026-06-06,not in regen,,,,,
Cisco IOS XR,FIPS 140-3,4554,"Cisco Systems, Inc.",Cisco Catalyst 9800-CL Wireless Controller,No PQC Mechanisms Detected,FIPS 140-3 L1,deprecated,2023-07-28,https://csrc.nist.gov/projects/cryptographic-module-validation-program/certificate/4554,2026-06-06,not in regen,,,,,
Cisco IOS XR,FIPS 140-3,4606,"Cisco Systems, Inc.",Cisco Catalyst 9800 (40/80/L) Wireless Controllers running IOS-XE 16.12,No PQC Mechanisms Detected,FIPS 140-3 L3,deprecated,2023-09-26,https://csrc.nist.gov/projects/cryptographic-module-validation-program/certificate/4606,2026-05-10,not in regen,cisco-ios-xr,no_pqc_cert_classical_only,url_authoritative,CMVP #4606: Classical cryptography only. PQC (ML-KEM/ML-DSA/SLH-DSA) not yet validated under this certificate. CMVP PQC module validation anticipated 2026-2027 per NIST CMVP roadmap.,2026-05-06
Cisco IOS XR,FIPS 140-3,4638,"Cisco Systems, Inc.",Cisco ISR 1000 Series Routers without MACSEC,No PQC Mechanisms Detected,FIPS 140-3 L1,deprecated,2023-10-18,https://csrc.nist.gov/projects/cryptographic-module-validation-program/certificate/4638,2026-06-06,not in regen,,,,,
Cisco IOS XR,FIPS 140-3,4643,"Cisco Systems, Inc.",Cisco ASR 1000 Series Routers without MACSEC,No PQC Mechanisms Detected,FIPS 140-3 L1,deprecated,2023-10-25,https://csrc.nist.gov/projects/cryptographic-module-validation-program/certificate/4643,2026-06-06,not in regen,,,,,
Cisco IOS XR,FIPS 140-3,4752,"Cisco Systems, Inc.",IOS Common Cryptographic Module (IC2M),No PQC Mechanisms Detected,FIPS 140-3 L1,Active,2024-08-07,https://csrc.nist.gov/projects/cryptographic-module-validation-program/certificate/4752,,,,,,,
Cisco Identity Services Engine (ISE),FIPS 140-3,4747,"Cisco Systems, Inc.",Cisco FIPS Object Module,No PQC Mechanisms Detected,FIPS 140-3 L1,deprecated,2024-08-01,https://csrc.nist.gov/projects/cryptographic-module-validation-program/certificate/4747,2026-06-06,not in regen,,,,,
Cisco Identity Services Engine (ISE),FIPS 140-3,4891,"Cisco Systems, Inc",CiscoSSL FIPS Provider,No PQC Mechanisms Detected,FIPS 140-3 L1,deprecated,2024-11-18,https://csrc.nist.gov/projects/cryptographic-module-validation-program/certificate/4891,2026-06-06,not in regen,,,,,
Cisco Meraki MX (Cloud-Managed Firewall),ACVP,A6567,"Cisco Systems, Inc.",CiscoSSL OQS FIPS Library,"ML-DSA, ML-KEM",,deprecated,2025-02-05,https://csrc.nist.gov/projects/cryptographic-algorithm-validation-program/details?product=19275,2026-06-06,not in regen,,,,,
Cisco Meraki MX (Cloud-Managed Firewall),FIPS 140-3,5071,"Cisco Systems, Inc.",Cisco Secure Firewall Threat Defense Cryptographic Module (FPR 4200 Series),No PQC Mechanisms Detected,FIPS 140-3 L2,deprecated,2025-09-23,https://csrc.nist.gov/projects/cryptographic-module-validation-program/certificate/5071,2026-06-04,not in regen,,,,,
Cisco Meraki MX (Cloud-Managed Firewall),FIPS 140-3,5070,"Cisco Systems, Inc.",Cisco Secure Firewall Threat Defense Cryptographic Module (FPR 1000 Series),No PQC Mechanisms Detected,FIPS 140-3 L2,deprecated,2025-09-23,https://csrc.nist.gov/projects/cryptographic-module-validation-program/certificate/5070,2026-05-16,not in regen,,,,,
Cisco Meraki MX (Cloud-Managed Firewall),FIPS 140-3,5114,"Cisco Systems, Inc.",Cisco Adaptive Security Appliance Virtual Cryptographic Module,No PQC Mechanisms Detected,FIPS 140-3 L1,deprecated,2025-12-19,https://csrc.nist.gov/projects/cryptographic-module-validation-program/certificate/5114,2026-06-04,not in regen,,,,,
Cisco Meraki MX (Cloud-Managed Firewall),FIPS 140-3,5138,"Cisco Systems, Inc",Cisco Firepower Management Center Virtual Cryptographic Module,No PQC Mechanisms Detected,FIPS 140-3 L1,deprecated,2026-01-15,https://csrc.nist.gov/projects/cryptographic-module-validation-program/certificate/5138,2026-06-06,not in regen,,,,,
Cisco Meraki MX (Cloud-Managed Firewall),FIPS 140-3,5137,"Cisco Systems, Inc",Cisco Firepower Threat Defense Virtual Cryptographic Module,No PQC Mechanisms Detected,FIPS 140-3 L1,deprecated,2026-01-15,https://csrc.nist.gov/projects/cryptographic-module-validation-program/certificate/5137,2026-06-06,not in regen,,,,,
Cisco Meraki MX (Cloud-Managed Firewall),FIPS 140-3,5262,"Cisco Systems, Inc.",Adaptive Security Appliance Virtual Cryptographic Module,No PQC Mechanisms Detected,FIPS 140-3 L1,deprecated,2026-05-11,https://csrc.nist.gov/projects/cryptographic-module-validation-program/certificate/5262,2026-06-06,not in regen,,,,,
Cisco Meraki MX (Cloud-Managed Firewall),FIPS 140-3,5287,"Cisco Systems, Inc.",Cisco Adaptive Security Appliance on 4K/9K Cryptographic Module,No PQC Mechanisms Detected,FIPS 140-3 L1,deprecated,2026-05-22,https://csrc.nist.gov/projects/cryptographic-module-validation-program/certificate/5287,2026-06-06,not in regen,,,,,
Cisco Meraki MX (Cloud-Managed Firewall),FIPS 140-3,5295,"Cisco Systems, Inc.",Firepower Threat Defense Virtual Cryptographic Module,No PQC Mechanisms Detected,FIPS 140-3 L1,deprecated,2026-06-01,https://csrc.nist.gov/projects/cryptographic-module-validation-program/certificate/5295,2026-06-06,not in regen,,,,,
Cisco Secure Client (AnyConnect),ACVP,A6567,"Cisco Systems, Inc.",CiscoSSL OQS FIPS Library,"ML-DSA, ML-KEM",,deprecated,2025-02-05,https://csrc.nist.gov/projects/cryptographic-algorithm-validation-program/details?product=19275,2026-06-06,not in regen,,,,,
Cisco Secure Client (AnyConnect),FIPS 140-3,4747,"Cisco Systems, Inc.",Cisco FIPS Object Module,No PQC Mechanisms Detected,FIPS 140-3 L1,deprecated,2024-08-01,https://csrc.nist.gov/projects/cryptographic-module-validation-program/certificate/4747,2026-06-06,not in regen,,,,,
Cisco Secure Client (AnyConnect),FIPS 140-3,4891,"Cisco Systems, Inc",CiscoSSL FIPS Provider,No PQC Mechanisms Detected,FIPS 140-3 L1,deprecated,2024-11-18,https://csrc.nist.gov/projects/cryptographic-module-validation-program/certificate/4891,2026-06-06,not in regen,,,,,
Cisco Webex,FIPS 140-3,4747,"Cisco Systems, Inc.",Cisco FIPS Object Module,No PQC Mechanisms Detected,FIPS 140-3 L1,deprecated,2024-08-01,https://csrc.nist.gov/projects/cryptographic-module-validation-program/certificate/4747,2026-06-06,not in regen,,,,,
Cisco Webex,FIPS 140-3,4891,"Cisco Systems, Inc",CiscoSSL FIPS Provider,No PQC Mechanisms Detected,FIPS 140-3 L1,deprecated,2024-11-18,https://csrc.nist.gov/projects/cryptographic-module-validation-program/certificate/4891,2026-06-06,not in regen,,,,,
Citrix ADC (NetScaler),FIPS 140-3,4043,"Citrix Systems, Inc.",Citrix ADC MPX,No PQC Mechanisms Detected,FIPS 140-3 L2,Active,2021-10-16,https://csrc.nist.gov/projects/cryptographic-module-validation-program/certificate/4043,,,,,,,
Citrix ADC (NetScaler),FIPS 140-3,4098,"Citrix Systems, Inc.",Citrix ADC VPX,No PQC Mechanisms Detected,FIPS 140-3 L1,Active,2021-12-12,https://csrc.nist.gov/projects/cryptographic-module-validation-program/certificate/4098,,,,,,,
Citrix CVAD,ACVP,A7486,"Citrix Systems, Inc.",Citrix FIPS Cryptographic Module,"ML-DSA, ML-KEM, SLH-DSA",,deprecated,2025-10-08,https://csrc.nist.gov/projects/cryptographic-algorithm-validation-program/details?product=20273,2026-06-06,not in regen,,,,,
Citrix CVAD,FIPS 140-3,4043,"Citrix Systems, Inc.",Citrix ADC MPX,No PQC Mechanisms Detected,FIPS 140-3 L2,deprecated,2021-10-16,https://csrc.nist.gov/projects/cryptographic-module-validation-program/certificate/4043,2026-06-06,not in regen,,,,,
Citrix CVAD,FIPS 140-3,4098,"Citrix Systems, Inc.",Citrix ADC VPX,No PQC Mechanisms Detected,FIPS 140-3 L1,deprecated,2021-12-12,https://csrc.nist.gov/projects/cryptographic-module-validation-program/certificate/4098,2026-06-06,not in regen,,,,,
Citrix Virtual Apps and Desktops,ACVP,A7486,"Citrix Systems, Inc.",Citrix FIPS Cryptographic Module,"ML-DSA, ML-KEM, SLH-DSA",,deprecated,2025-10-08,https://csrc.nist.gov/projects/cryptographic-algorithm-validation-program/details?product=20273,2026-06-06,not in regen,,,,,
Citrix Virtual Apps and Desktops,FIPS 140-3,4043,"Citrix Systems, Inc.",Citrix ADC MPX,No PQC Mechanisms Detected,FIPS 140-3 L2,deprecated,2021-10-16,https://csrc.nist.gov/projects/cryptographic-module-validation-program/certificate/4043,2026-06-06,not in regen,,,,,
Citrix Virtual Apps and Desktops,FIPS 140-3,4098,"Citrix Systems, Inc.",Citrix ADC VPX,No PQC Mechanisms Detected,FIPS 140-3 L1,deprecated,2021-12-12,https://csrc.nist.gov/projects/cryptographic-module-validation-program/certificate/4098,2026-06-06,not in regen,,,,,
Cloudera Cryptographic Module for Java,FIPS 140-3,5084,"Cloudera, Inc.",Cloudera Cryptographic Module for Java,"HSS, LMS",FIPS 140-3 L1,Active,2025-10-22,https://csrc.nist.gov/projects/cryptographic-module-validation-program/certificate/5084,,,,,,,
Cloudian HyperStore 8.0,FIPS 140-3,5068,Cloudian Inc.,Cloudian-FJA (FIPS Java API),No PQC Mechanisms Detected,FIPS 140-3 L1,deprecated,2025-09-22,https://csrc.nist.gov/projects/cryptographic-module-validation-program/certificate/5068,2026-06-02,not in regen,,,,,
Cohesity DataCloud,FIPS 140-3,4922,"Cohesity, Inc.",Cohesity FIPS Object Module,No PQC Mechanisms Detected,FIPS 140-3 L1,deprecated,2024-12-18,https://csrc.nist.gov/projects/cryptographic-module-validation-program/certificate/4922,2026-06-06,not in regen,,,,,
Cohesity DataCloud,FIPS 140-3,5120,"Cohesity, Inc.",Cohesity Cryptographic Module for Java,No PQC Mechanisms Detected,FIPS 140-3 L1,deprecated,2026-01-13,https://csrc.nist.gov/projects/cryptographic-module-validation-program/certificate/5120,2026-06-06,not in regen,,,,,
Crypto4A QxEDGE,ACVP,A5631,"Crypto4A Technologies, Inc.",QASM Cryptographic Module,"LMS, ML-DSA, ML-KEM, SLH-DSA",,deprecated,2024-08-14,https://csrc.nist.gov/projects/cryptographic-algorithm-validation-program/details?product=18297,2026-06-06,not in regen,,,,,
Crypto4A QxEDGE,FIPS 140-3,4250,Crypto4A Technologies Inc.,QASM Cryptographic Module,No PQC Mechanisms Detected,FIPS 140-3 L3,deprecated,2022-06-13,https://csrc.nist.gov/projects/cryptographic-module-validation-program/certificate/4250,2026-06-06,not in regen,,,,,
Crypto4A QxHSM,ACVP,A5631,"Crypto4A Technologies, Inc.",QASM Cryptographic Module,"LMS, ML-DSA, ML-KEM, SLH-DSA",,deprecated,2024-08-14,https://csrc.nist.gov/projects/cryptographic-algorithm-validation-program/details?product=18297,2026-06-06,not in regen,,,,,
Crypto4A QxHSM,FIPS 140-3,4250,Crypto4A Technologies Inc.,QASM Cryptographic Module,No PQC Mechanisms Detected,FIPS 140-3 L3,deprecated,2022-06-13,https://csrc.nist.gov/projects/cryptographic-module-validation-program/certificate/4250,2026-06-06,not in regen,,,,,
Crypto4A QxVault,FIPS 140-3,4250,Crypto4A Technologies Inc.,QASM Cryptographic Module,No PQC Mechanisms Detected,FIPS 140-3 L3,deprecated,2022-06-13,https://csrc.nist.gov/projects/cryptographic-module-validation-program/certificate/4250,2026-06-06,not in regen,,,,,
CryptoNext COMPASS Network Probe,ACVP,A6639,CryptoNext Security,C-QSL (ARM_NEON),"ML-DSA, ML-KEM, SLH-DSA",,deprecated,2025-03-03,https://csrc.nist.gov/projects/cryptographic-algorithm-validation-program/details?product=19370,2026-05-16,not in regen,,,,,
CryptoNext Quantum-Safe Library,ACVP,A6639,CryptoNext Security,C-QSL (ARM_NEON),"ML-DSA, ML-KEM, SLH-DSA",,deprecated,2025-03-03,https://csrc.nist.gov/projects/cryptographic-algorithm-validation-program/details?product=19370,2026-06-06,not in regen,,,,,
CryptoNext Quantum-Safe Library,ACVP,A6638,CryptoNext Security,C-QSL (AVX2),"ML-DSA, ML-KEM, SLH-DSA",,deprecated,2025-03-03,https://csrc.nist.gov/projects/cryptographic-algorithm-validation-program/details?product=19369,2026-06-06,not in regen,,,,,
CryptoNext Quantum-Safe Library (C-QSL),ACVP,A6639,CryptoNext Security,C-QSL (ARM_NEON),"ML-DSA, ML-KEM, SLH-DSA",,Active,2025-03-03,https://csrc.nist.gov/projects/cryptographic-algorithm-validation-program/details?product=19370,,,,,,,
CryptoNext Quantum-Safe Library (C-QSL),ACVP,A6638,CryptoNext Security,C-QSL (AVX2),"ML-DSA, ML-KEM, SLH-DSA",,Active,2025-03-03,https://csrc.nist.gov/projects/cryptographic-algorithm-validation-program/details?product=19369,,,,,,,
Dell BSAFE Crypto Module for C,ACVP,A6943,"Dell Australia Pty Limited, BSAFE Product Team",Dell BSAFE Crypto Module for Java,ML-DSA,,deprecated,2025-05-23,https://csrc.nist.gov/projects/cryptographic-algorithm-validation-program/details?product=19691,2026-06-06,not in regen,,,,,
Dell BSAFE Crypto Module for C,ACVP,A8272,"Dell Australia Pty Limited, BSAFE Product Team",Dell BSAFE Crypto Module for C v3.1,"ML-DSA, ML-KEM",,deprecated,2026-04-17,https://csrc.nist.gov/projects/cryptographic-algorithm-validation-program/details?product=21088,2026-06-06,not in regen,,,,,
Dell BSAFE Crypto Module for C,FIPS 140-3,4892,"Dell Inc., BSAFE Product Team",Dell™ BSAFE™ Crypto Module for Java 7.0,No PQC Mechanisms Detected,FIPS 140-3 L1,deprecated,2024-11-19,https://csrc.nist.gov/projects/cryptographic-module-validation-program/certificate/4892,2026-05-16,not in regen,,,,,
Dell BSAFE Crypto Module for C,FIPS 140-3,4942,"Dell Australia Pty Limited, BSAFE Product Team",Dell BSAFE™ Crypto Module,No PQC Mechanisms Detected,FIPS 140-3 L1,deprecated,2025-01-16,https://csrc.nist.gov/projects/cryptographic-module-validation-program/certificate/4942,2026-06-06,not in regen,,,,,
Dell BSAFE Crypto Module for C,FIPS 140-3,4967,"Dell Australia Pty Limited, BSAFE Product Team",Dell BSAFE™ Crypto Module for C,No PQC Mechanisms Detected,FIPS 140-3 L1,deprecated,2025-02-19,https://csrc.nist.gov/projects/cryptographic-module-validation-program/certificate/4967,2026-06-06,not in regen,,,,,
Dell BSAFE Crypto Module for C,FIPS 140-3,5259,Dell Inc.,Dell FIPS Module,No PQC Mechanisms Detected,FIPS 140-3 L1,deprecated,2026-05-07,https://csrc.nist.gov/projects/cryptographic-module-validation-program/certificate/5259,2026-06-06,not in regen,,,,,
Dell BSAFE Crypto-J,ACVP,A6943,"Dell Australia Pty Limited, BSAFE Product Team",Dell BSAFE Crypto Module for Java,ML-DSA,,deprecated,2025-05-23,https://csrc.nist.gov/projects/cryptographic-algorithm-validation-program/details?product=19691,2026-06-06,not in regen,,,,,
Dell BSAFE Crypto-J,ACVP,A8272,"Dell Australia Pty Limited, BSAFE Product Team",Dell BSAFE Crypto Module for C v3.1,"ML-DSA, ML-KEM",,deprecated,2026-04-17,https://csrc.nist.gov/projects/cryptographic-algorithm-validation-program/details?product=21088,2026-06-06,not in regen,,,,,
Dell BSAFE Crypto-J,FIPS 140-3,4892,"Dell Inc., BSAFE Product Team",Dell™ BSAFE™ Crypto Module for Java 7.0,No PQC Mechanisms Detected,FIPS 140-3 L1,deprecated,2024-11-19,https://csrc.nist.gov/projects/cryptographic-module-validation-program/certificate/4892,2026-05-16,not in regen,,,,,
Dell BSAFE Crypto-J,FIPS 140-3,4942,"Dell Australia Pty Limited, BSAFE Product Team",Dell BSAFE™ Crypto Module,No PQC Mechanisms Detected,FIPS 140-3 L1,deprecated,2025-01-16,https://csrc.nist.gov/projects/cryptographic-module-validation-program/certificate/4942,2026-06-06,not in regen,,,,,
Dell BSAFE Crypto-J,FIPS 140-3,4967,"Dell Australia Pty Limited, BSAFE Product Team",Dell BSAFE™ Crypto Module for C,No PQC Mechanisms Detected,FIPS 140-3 L1,deprecated,2025-02-19,https://csrc.nist.gov/projects/cryptographic-module-validation-program/certificate/4967,2026-06-06,not in regen,,,,,
Dell BSAFE Crypto-J,FIPS 140-3,5259,Dell Inc.,Dell FIPS Module,No PQC Mechanisms Detected,FIPS 140-3 L1,deprecated,2026-05-07,https://csrc.nist.gov/projects/cryptographic-module-validation-program/certificate/5259,2026-06-06,not in regen,,,,,
Dell PowerStore OS 4.0,FIPS 140-3,4892,"Dell Inc., BSAFE Product Team",Dell™ BSAFE™ Crypto Module for Java 7.0,No PQC Mechanisms Detected,FIPS 140-3 L1,deprecated,2024-11-19,https://csrc.nist.gov/projects/cryptographic-module-validation-program/certificate/4892,2026-05-16,not in regen,,,,,
Dell PowerStore OS 4.0,FIPS 140-3,4942,"Dell Australia Pty Limited, BSAFE Product Team",Dell BSAFE™ Crypto Module,No PQC Mechanisms Detected,FIPS 140-3 L1,deprecated,2025-01-16,https://csrc.nist.gov/projects/cryptographic-module-validation-program/certificate/4942,2026-06-06,not in regen,,,,,
Dell PowerStore OS 4.0,FIPS 140-3,4967,"Dell Australia Pty Limited, BSAFE Product Team",Dell BSAFE™ Crypto Module for C,No PQC Mechanisms Detected,FIPS 140-3 L1,deprecated,2025-02-19,https://csrc.nist.gov/projects/cryptographic-module-validation-program/certificate/4967,2026-06-06,not in regen,,,,,
Dell PowerStore OS 4.0,FIPS 140-3,5259,Dell Inc.,Dell FIPS Module,No PQC Mechanisms Detected,FIPS 140-3 L1,deprecated,2026-05-07,https://csrc.nist.gov/projects/cryptographic-module-validation-program/certificate/5259,2026-06-06,not in regen,,,,,
DigiCert CertCentral,FIPS 140-3,4761,"DigiCert, Inc.",Mocana Cryptographic Suite B Module,No PQC Mechanisms Detected,FIPS 140-3 L1,deprecated,2024-08-14,https://csrc.nist.gov/projects/cryptographic-module-validation-program/certificate/4761,2026-06-06,not in regen,,,,,
DigiCert CertCentral,FIPS 140-3,4818,"DigiCert, Inc.",Mocana Cryptographic Loadable Kernel Module,No PQC Mechanisms Detected,FIPS 140-3 L1,deprecated,2024-10-01,https://csrc.nist.gov/projects/cryptographic-module-validation-program/certificate/4818,2026-06-06,not in regen,,,,,
DigiCert CertCentral,FIPS 140-3,5243,"DigiCert, Inc.",DigiCert TrustCore Cryptographic Suite B Module,No PQC Mechanisms Detected,FIPS 140-3 L1,deprecated,2026-04-15,https://csrc.nist.gov/projects/cryptographic-module-validation-program/certificate/5243,2026-06-06,not in regen,,,,,
DigiCert Code-Signing (v2026),FIPS 140-3,4761,"DigiCert, Inc.",Mocana Cryptographic Suite B Module,No PQC Mechanisms Detected,FIPS 140-3 L1,deprecated,2024-08-14,https://csrc.nist.gov/projects/cryptographic-module-validation-program/certificate/4761,2026-06-02,not in regen,,,,,
DigiCert Code-Signing (v2026),FIPS 140-3,4818,"DigiCert, Inc.",Mocana Cryptographic Loadable Kernel Module,No PQC Mechanisms Detected,FIPS 140-3 L1,deprecated,2024-10-01,https://csrc.nist.gov/projects/cryptographic-module-validation-program/certificate/4818,2026-06-02,not in regen,,,,,
DigiCert Code-Signing (v2026),FIPS 140-3,5243,"DigiCert, Inc.",DigiCert TrustCore Cryptographic Suite B Module,No PQC Mechanisms Detected,FIPS 140-3 L1,deprecated,2026-04-15,https://csrc.nist.gov/projects/cryptographic-module-validation-program/certificate/5243,2026-06-02,not in regen,,,,,
DigiCert Device Trust Manager,FIPS 140-3,4761,"DigiCert, Inc.",Mocana Cryptographic Suite B Module,No PQC Mechanisms Detected,FIPS 140-3 L1,deprecated,2024-08-14,https://csrc.nist.gov/projects/cryptographic-module-validation-program/certificate/4761,2026-06-06,not in regen,,,,,
DigiCert Device Trust Manager,FIPS 140-3,4818,"DigiCert, Inc.",Mocana Cryptographic Loadable Kernel Module,No PQC Mechanisms Detected,FIPS 140-3 L1,deprecated,2024-10-01,https://csrc.nist.gov/projects/cryptographic-module-validation-program/certificate/4818,2026-06-06,not in regen,,,,,
DigiCert Device Trust Manager,FIPS 140-3,5243,"DigiCert, Inc.",DigiCert TrustCore Cryptographic Suite B Module,No PQC Mechanisms Detected,FIPS 140-3 L1,deprecated,2026-04-15,https://csrc.nist.gov/projects/cryptographic-module-validation-program/certificate/5243,2026-06-06,not in regen,,,,,
DigiCert ONE,FIPS 140-3,4761,"DigiCert, Inc.",Mocana Cryptographic Suite B Module,No PQC Mechanisms Detected,FIPS 140-3 L1,deprecated,2024-08-14,https://csrc.nist.gov/projects/cryptographic-module-validation-program/certificate/4761,2026-06-06,not in regen,,,,,
DigiCert ONE,FIPS 140-3,4818,"DigiCert, Inc.",Mocana Cryptographic Loadable Kernel Module,No PQC Mechanisms Detected,FIPS 140-3 L1,deprecated,2024-10-01,https://csrc.nist.gov/projects/cryptographic-module-validation-program/certificate/4818,2026-06-06,not in regen,,,,,
DigiCert ONE,FIPS 140-3,5243,"DigiCert, Inc.",DigiCert TrustCore Cryptographic Suite B Module,No PQC Mechanisms Detected,FIPS 140-3 L1,deprecated,2026-04-15,https://csrc.nist.gov/projects/cryptographic-module-validation-program/certificate/5243,2026-06-06,not in regen,,,,,
DigiCert SigningHub,FIPS 140-3,4761,"DigiCert, Inc.",Mocana Cryptographic Suite B Module,No PQC Mechanisms Detected,FIPS 140-3 L1,deprecated,2024-08-14,https://csrc.nist.gov/projects/cryptographic-module-validation-program/certificate/4761,2026-06-06,not in regen,,,,,
DigiCert SigningHub,FIPS 140-3,4818,"DigiCert, Inc.",Mocana Cryptographic Loadable Kernel Module,No PQC Mechanisms Detected,FIPS 140-3 L1,deprecated,2024-10-01,https://csrc.nist.gov/projects/cryptographic-module-validation-program/certificate/4818,2026-06-06,not in regen,,,,,
DigiCert SigningHub,FIPS 140-3,5243,"DigiCert, Inc.",DigiCert TrustCore Cryptographic Suite B Module,No PQC Mechanisms Detected,FIPS 140-3 L1,deprecated,2026-04-15,https://csrc.nist.gov/projects/cryptographic-module-validation-program/certificate/5243,2026-06-06,not in regen,,,,,
DigiCert Software Trust Manager,FIPS 140-3,4761,"DigiCert, Inc.",Mocana Cryptographic Suite B Module,No PQC Mechanisms Detected,FIPS 140-3 L1,deprecated,2024-08-14,https://csrc.nist.gov/projects/cryptographic-module-validation-program/certificate/4761,2026-06-06,not in regen,,,,,
DigiCert Software Trust Manager,FIPS 140-3,4818,"DigiCert, Inc.",Mocana Cryptographic Loadable Kernel Module,No PQC Mechanisms Detected,FIPS 140-3 L1,deprecated,2024-10-01,https://csrc.nist.gov/projects/cryptographic-module-validation-program/certificate/4818,2026-06-06,not in regen,,,,,
DigiCert Software Trust Manager,FIPS 140-3,5243,"DigiCert, Inc.",DigiCert TrustCore Cryptographic Suite B Module,No PQC Mechanisms Detected,FIPS 140-3 L1,deprecated,2026-04-15,https://csrc.nist.gov/projects/cryptographic-module-validation-program/certificate/5243,2026-06-06,not in regen,,,,,
DigiCert Trust Lifecycle Manager,FIPS 140-3,4761,"DigiCert, Inc.",Mocana Cryptographic Suite B Module,No PQC Mechanisms Detected,FIPS 140-3 L1,deprecated,2024-08-14,https://csrc.nist.gov/projects/cryptographic-module-validation-program/certificate/4761,2026-06-06,not in regen,,,,,
DigiCert Trust Lifecycle Manager,FIPS 140-3,4818,"DigiCert, Inc.",Mocana Cryptographic Loadable Kernel Module,No PQC Mechanisms Detected,FIPS 140-3 L1,deprecated,2024-10-01,https://csrc.nist.gov/projects/cryptographic-module-validation-program/certificate/4818,2026-06-06,not in regen,,,,,
DigiCert Trust Lifecycle Manager,FIPS 140-3,5243,"DigiCert, Inc.",DigiCert TrustCore Cryptographic Suite B Module,No PQC Mechanisms Detected,FIPS 140-3 L1,deprecated,2026-04-15,https://csrc.nist.gov/projects/cryptographic-module-validation-program/certificate/5243,2026-06-06,not in regen,,,,,
DigiCert TrustCore SDK,FIPS 140-3,4761,"DigiCert, Inc.",Mocana Cryptographic Suite B Module,No PQC Mechanisms Detected,FIPS 140-3 L1,deprecated,2024-08-14,https://csrc.nist.gov/projects/cryptographic-module-validation-program/certificate/4761,2026-06-06,not in regen,,,,,
DigiCert TrustCore SDK,FIPS 140-3,4818,"DigiCert, Inc.",Mocana Cryptographic Loadable Kernel Module,No PQC Mechanisms Detected,FIPS 140-3 L1,deprecated,2024-10-01,https://csrc.nist.gov/projects/cryptographic-module-validation-program/certificate/4818,2026-06-06,not in regen,,,,,
DigiCert TrustCore SDK,FIPS 140-3,5243,"DigiCert, Inc.",DigiCert TrustCore Cryptographic Suite B Module,No PQC Mechanisms Detected,FIPS 140-3 L1,Active,2026-04-15,https://csrc.nist.gov/projects/cryptographic-module-validation-program/certificate/5243,,,,,,,
DocuSign,FIPS 140-3,4782,"DocuSign, Inc.",DocuSign QSCD Appliance,No PQC Mechanisms Detected,FIPS 140-3 L3,deprecated,2024-08-28,https://csrc.nist.gov/projects/cryptographic-module-validation-program/certificate/4782,2026-06-02,not in regen,,,,,
DocuSign Intelligent Agreement Management (eSignature + CLM),FIPS 140-3,4782,"DocuSign, Inc.",DocuSign QSCD Appliance,No PQC Mechanisms Detected,FIPS 140-3 L3,deprecated,2024-08-28,https://csrc.nist.gov/projects/cryptographic-module-validation-program/certificate/4782,2026-06-06,not in regen,,,,,
Druva Data Resiliency Cloud,FIPS 140-3,4260,Druva Inc.,Druva FIPS Cryptographic Module,No PQC Mechanisms Detected,FIPS 140-3 L1,deprecated,2022-07-06,https://csrc.nist.gov/projects/cryptographic-module-validation-program/certificate/4260,2026-06-06,not in regen,,,,,
Druva Data Resiliency Cloud,FIPS 140-3,5176,Druva Inc.,Druva FIPS 140-3 Cryptographic Module,No PQC Mechanisms Detected,FIPS 140-3 L1,deprecated,2026-03-10,https://csrc.nist.gov/projects/cryptographic-module-validation-program/certificate/5176,2026-06-06,not in regen,,,,,
Entrust KeyControl,ACVP,A7285,Entrust Corporation,nShield 5 Algorithm Library - nCore,"ML-DSA, ML-KEM, SLH-DSA",,deprecated,2025-07-30,https://csrc.nist.gov/projects/cryptographic-algorithm-validation-program/details?product=20056,2026-06-06,not in regen,,,,,
Entrust KeyControl,ACVP,A7990,Entrust Corporation,PQSDK,LMS,,deprecated,2026-01-30,https://csrc.nist.gov/projects/cryptographic-algorithm-validation-program/details?product=20796,2026-06-06,not in regen,,,,,
Entrust KeyControl,FIPS 140-3,4338,Entrust,"nShield F3 10+ 500+ 6000+ & nShield F3 500+ 1500+ 6000+ for nShield Connect+, Connect CLX and HSMi",No PQC Mechanisms Detected,FIPS 140-3 L3,deprecated,2022-10-16,https://csrc.nist.gov/projects/cryptographic-module-validation-program/certificate/4338,2026-06-06,not in regen,,,,,
Entrust KeyControl,FIPS 140-3,4336,Entrust,nShield F2 500+ & nShield F2 1500+ & nShield F2 6000+,No PQC Mechanisms Detected,FIPS 140-3 L2,deprecated,2022-10-16,https://csrc.nist.gov/projects/cryptographic-module-validation-program/certificate/4336,2026-06-06,not in regen,,,,,
Entrust KeyControl,FIPS 140-3,4335,Entrust,nShield Solo XC F3 & nShield Solo XC F3 for nShield Connect XC and for nShield HSMi,No PQC Mechanisms Detected,FIPS 140-3 L3,deprecated,2022-10-16,https://csrc.nist.gov/projects/cryptographic-module-validation-program/certificate/4335,2026-06-06,not in regen,,,,,
Entrust KeyControl,FIPS 140-3,4333,Entrust,nShield Solo XC F2,No PQC Mechanisms Detected,FIPS 140-3 L2,deprecated,2022-10-16,https://csrc.nist.gov/projects/cryptographic-module-validation-program/certificate/4333,2026-06-06,not in regen,,,,,
Entrust KeyControl,FIPS 140-3,4765,Entrust,nShield 5s Hardware Security Module,No PQC Mechanisms Detected,FIPS 140-3 L3,deprecated,2024-08-19,https://csrc.nist.gov/projects/cryptographic-module-validation-program/certificate/4765,2026-06-06,not in regen,,,,,
Entrust PKI,ACVP,A7285,Entrust Corporation,nShield 5 Algorithm Library - nCore,"ML-DSA, ML-KEM, SLH-DSA",,deprecated,2025-07-30,https://csrc.nist.gov/projects/cryptographic-algorithm-validation-program/details?product=20056,2026-06-06,not in regen,,,,,
Entrust PKI,ACVP,A7990,Entrust Corporation,PQSDK,LMS,,deprecated,2026-01-30,https://csrc.nist.gov/projects/cryptographic-algorithm-validation-program/details?product=20796,2026-06-06,not in regen,,,,,
Entrust PKI,FIPS 140-3,4338,Entrust,"nShield F3 10+ 500+ 6000+ & nShield F3 500+ 1500+ 6000+ for nShield Connect+, Connect CLX and HSMi",No PQC Mechanisms Detected,FIPS 140-3 L3,deprecated,2022-10-16,https://csrc.nist.gov/projects/cryptographic-module-validation-program/certificate/4338,2026-06-06,not in regen,,,,,
Entrust PKI,FIPS 140-3,4336,Entrust,nShield F2 500+ & nShield F2 1500+ & nShield F2 6000+,No PQC Mechanisms Detected,FIPS 140-3 L2,deprecated,2022-10-16,https://csrc.nist.gov/projects/cryptographic-module-validation-program/certificate/4336,2026-06-06,not in regen,,,,,
Entrust PKI,FIPS 140-3,4765,Entrust,nShield 5s Hardware Security Module,No PQC Mechanisms Detected,FIPS 140-3 L3,deprecated,2024-08-19,https://csrc.nist.gov/projects/cryptographic-module-validation-program/certificate/4765,2026-06-06,not in regen,,,,,
Entrust Signing Automation,ACVP,A7285,Entrust Corporation,nShield 5 Algorithm Library - nCore,"ML-DSA, ML-KEM, SLH-DSA",,deprecated,2025-07-30,https://csrc.nist.gov/projects/cryptographic-algorithm-validation-program/details?product=20056,2026-05-16,not in regen,,,,,
Entrust nShield,ACVP,A7285,Entrust Corporation,nShield 5 Algorithm Library - nCore,"ML-DSA, ML-KEM, SLH-DSA",,Active,2025-07-30,https://csrc.nist.gov/projects/cryptographic-algorithm-validation-program/details?product=20056,,,,,,,
Entrust nShield,ACVP,A7990,Entrust Corporation,PQSDK,LMS,,deprecated,2026-01-30,https://csrc.nist.gov/projects/cryptographic-algorithm-validation-program/details?product=20796,2026-06-06,not in regen,,,,,
Entrust nShield,FIPS 140-3,4338,Entrust,"nShield F3 10+ 500+ 6000+ & nShield F3 500+ 1500+ 6000+ for nShield Connect+, Connect CLX and HSMi",No PQC Mechanisms Detected,FIPS 140-3 L3,Active,2022-10-16,https://csrc.nist.gov/projects/cryptographic-module-validation-program/certificate/4338,,,,,,,
Entrust nShield,FIPS 140-3,4336,Entrust,nShield F2 500+ & nShield F2 1500+ & nShield F2 6000+,No PQC Mechanisms Detected,FIPS 140-3 L2,Active,2022-10-16,https://csrc.nist.gov/projects/cryptographic-module-validation-program/certificate/4336,,,,,,,
Entrust nShield,FIPS 140-3,4335,Entrust,nShield Solo XC F3 & nShield Solo XC F3 for nShield Connect XC and for nShield HSMi,No PQC Mechanisms Detected,FIPS 140-3 L3,Active,2022-10-16,https://csrc.nist.gov/projects/cryptographic-module-validation-program/certificate/4335,,,,,,,
Entrust nShield,FIPS 140-3,4333,Entrust,nShield Solo XC F2,No PQC Mechanisms Detected,FIPS 140-3 L2,Active,2022-10-16,https://csrc.nist.gov/projects/cryptographic-module-validation-program/certificate/4333,,,,,,,
Entrust nShield,FIPS 140-3,4765,Entrust,nShield 5s Hardware Security Module,No PQC Mechanisms Detected,FIPS 140-3 L3,Active,2024-08-19,https://csrc.nist.gov/projects/cryptographic-module-validation-program/certificate/4765,,,,,,,
F5 ADSP PQC,FIPS 140-3,5023,"F5, Inc.",OpenSSL Cryptographic Module,No PQC Mechanisms Detected,FIPS 140-3 L1,deprecated,2025-06-08,https://csrc.nist.gov/projects/cryptographic-module-validation-program/certificate/5023,2026-06-06,not in regen,,,,,
F5 ADSP PQC,FIPS 140-3,5045,"F5, Inc.",F5OS-A Cryptographic Module,No PQC Mechanisms Detected,FIPS 140-3 L2,deprecated,2025-07-23,https://csrc.nist.gov/projects/cryptographic-module-validation-program/certificate/5045,2026-06-06,not in regen,,,,,
F5 ADSP PQC,FIPS 140-3,5056,"F5, Inc.",Device Cryptographic Module,No PQC Mechanisms Detected,FIPS 140-3 L2,deprecated,2025-09-02,https://csrc.nist.gov/projects/cryptographic-module-validation-program/certificate/5056,2026-06-06,not in regen,,,,,
F5 BIG-IP,FIPS 140-3,4716,"F5, Inc.",Cryptographic Module for BIG-IP ®,No PQC Mechanisms Detected,FIPS 140-3 L1,Active,2024-07-09,https://csrc.nist.gov/projects/cryptographic-module-validation-program/certificate/4716,,,,,,,
F5 BIG-IP,FIPS 140-3,4895,"F5, Inc.",Cryptographic Module for BIG-IP,No PQC Mechanisms Detected,FIPS 140-3 L1,deprecated,2024-11-21,https://csrc.nist.gov/projects/cryptographic-module-validation-program/certificate/4895,2026-06-04,not in regen,,,,,
F5 BIG-IP,FIPS 140-3,4945,"F5, Inc.",BIG-IP Tenant Cryptographic Module,No PQC Mechanisms Detected,FIPS 140-3 L2,deprecated,2025-01-17,https://csrc.nist.gov/projects/cryptographic-module-validation-program/certificate/4945,2026-05-16,not in regen,,,,,
F5 BIG-IP,FIPS 140-3,5045,"F5, Inc.",F5OS-A Cryptographic Module,No PQC Mechanisms Detected,FIPS 140-3 L2,deprecated,2025-07-23,https://csrc.nist.gov/projects/cryptographic-module-validation-program/certificate/5045,2026-06-06,not in regen,,,,,
F5 BIG-IP,FIPS 140-3,5056,"F5, Inc.",Device Cryptographic Module,No PQC Mechanisms Detected,FIPS 140-3 L2,deprecated,2025-09-02,https://csrc.nist.gov/projects/cryptographic-module-validation-program/certificate/5056,2026-06-06,not in regen,,,,,
F5 BIG-IP,FIPS 140-3,5269,"F5, Inc.",BIG-IP Tenant Cryptographic Module,No PQC Mechanisms Detected,FIPS 140-3 L2,Active,2026-05-15,https://csrc.nist.gov/projects/cryptographic-module-validation-program/certificate/5269,,,,,,,
F5 BIG-IP,FIPS 140-3,5299,"F5, Inc.",Cryptographic Module for BIG-IP,No PQC Mechanisms Detected,FIPS 140-3 L1,Active,2026-06-03,https://csrc.nist.gov/projects/cryptographic-module-validation-program/certificate/5299,,,,,,,
FileVault (macOS),ACVP,A7637,Apple Inc.,"Apple corecrypto Module [Apple silicon, Kernel, Software, SL1] (vng_hwassist)","ML-DSA, ML-KEM",,deprecated,2025-10-31,https://csrc.nist.gov/projects/cryptographic-algorithm-validation-program/details?product=20368,2026-06-06,not in regen,,,,,
FileVault (macOS),ACVP,A7649,Apple Inc.,"Apple corecrypto Module [Apple silicon, Secure Key Store, Hardware, SL2] (c_ltc)","ML-DSA, ML-KEM",,deprecated,2025-10-31,https://csrc.nist.gov/projects/cryptographic-algorithm-validation-program/details?product=20372,2026-06-06,not in regen,,,,,
FileVault (macOS),ACVP,A7645,Apple Inc.,"Apple corecrypto Module [Apple silicon, User, Software, SL1] (vng_hwassist)","ML-DSA, ML-KEM",,deprecated,2025-10-31,https://csrc.nist.gov/projects/cryptographic-algorithm-validation-program/details?product=20361,2026-06-06,not in regen,,,,,
FileVault (macOS),Common Criteria,anssi-cc-2024-42,APPLE,"Apple Pay on Mac Mini with M2 Pro and Magic Keyboard with Touch ID, reference Mac mini with M2 Pro and Magic keyboard with Touch ID versiion macOS Son",BIKE,EAL2+,Active,2025-01-10,https://messervices.cyber.gouv.fr/visas/ANSSI-CC-2024-42-rapport.pdf,,,,,,,
FileVault (macOS),Common Criteria,anssi-cc-2025-36,APPLE,Apple Pay on Mac mini with M4 and Magic keyboard with Touch ID référence Mac mini with M4 and Magic keyboard with Touch ID version macOS Sequoia 15.4,BIKE,EAL2+,Active,2025-10-23,https://messervices.cyber.gouv.fr/visas/ANSSI-CC-2025-36-rapport.pdf,,,,,,,
FileVault (macOS),FIPS 140-3,5101,Apple Inc.,"Apple corecrypto Module v14.1 [Apple silicon, Kernel, Software, SL1]",No PQC Mechanisms Detected,FIPS 140-3 L3,deprecated,2025-12-02,https://csrc.nist.gov/projects/cryptographic-module-validation-program/certificate/5101,2026-05-10,not in regen,filevault-macos,no_pqc_cert_classical_only,url_authoritative,CMVP #5101: Classical cryptography only. PQC (ML-KEM/ML-DSA/SLH-DSA) not yet validated under this certificate. CMVP PQC module validation anticipated 2026-2027 per NIST CMVP roadmap.,2026-05-06
FileVault (macOS),FIPS 140-3,5108,Apple Inc.,"Apple corecrypto Module v14.1 [Apple silicon, User, Software, SL1]",No PQC Mechanisms Detected,FIPS 140-3 L3,deprecated,2025-12-14,https://csrc.nist.gov/projects/cryptographic-module-validation-program/certificate/5108,2026-05-10,not in regen,filevault-macos,no_pqc_cert_classical_only,url_authoritative,CMVP #5108: Classical cryptography only. PQC (ML-KEM/ML-DSA/SLH-DSA) not yet validated under this certificate. CMVP PQC module validation anticipated 2026-2027 per NIST CMVP roadmap.,2026-05-06
FileVault (macOS),FIPS 140-3,5184,Apple Inc.,"Apple corecrypto Module 18.3 [Apple silicon, User, Software, SL1]",No PQC Mechanisms Detected,FIPS 140-3 L3,deprecated,2026-03-11,https://csrc.nist.gov/projects/cryptographic-module-validation-program/certificate/5184,2026-05-10,not in regen,filevault-macos,no_pqc_cert_classical_only,url_authoritative,CMVP #5184: Classical cryptography only. PQC (ML-KEM/ML-DSA/SLH-DSA) not yet validated under this certificate. CMVP PQC module validation anticipated 2026-2027 per NIST CMVP roadmap.,2026-05-06
FileVault (macOS),FIPS 140-3,5202,Apple Inc.,"Apple corecrypto Module v14.0 [Intel, Kernel, Software, SL1]",No PQC Mechanisms Detected,FIPS 140-3 L1,deprecated,2026-03-19,https://csrc.nist.gov/projects/cryptographic-module-validation-program/certificate/5202,2026-06-04,not in regen,,,,,
FileVault (macOS),FIPS 140-3,5201,Apple Inc.,"Apple corecrypto Module v14.0 [Intel, User, Software, SL1]",No PQC Mechanisms Detected,FIPS 140-3 L1,deprecated,2026-03-19,https://csrc.nist.gov/projects/cryptographic-module-validation-program/certificate/5201,2026-05-16,not in regen,,,,,
FileVault (macOS),FIPS 140-3,5218,Apple Inc.,"Apple corecrypto Module v18.3 [Intel, Kernel, Software, SL1]",No PQC Mechanisms Detected,FIPS 140-3 L1,deprecated,2026-03-30,https://csrc.nist.gov/projects/cryptographic-module-validation-program/certificate/5218,2026-06-04,not in regen,,,,,
FileVault (macOS),FIPS 140-3,5217,Apple Inc.,"Apple corecrypto Module v18.3 [Intel, User, Software, SL1]",No PQC Mechanisms Detected,FIPS 140-3 L1,deprecated,2026-03-30,https://csrc.nist.gov/projects/cryptographic-module-validation-program/certificate/5217,2026-06-04,not in regen,,,,,
FileVault (macOS),FIPS 140-3,5216,Apple Inc.,"Apple corecrypto Module v14.0 [Apple silicon, User, Software, SL1]",No PQC Mechanisms Detected,FIPS 140-3 L1,deprecated,2026-03-30,https://csrc.nist.gov/projects/cryptographic-module-validation-program/certificate/5216,2026-06-04,not in regen,,,,,
FileVault (macOS),FIPS 140-3,5263,Apple Inc.,"Apple corecrypto Module v14.0 [Apple silicon, Kernel, Software, SL1]",No PQC Mechanisms Detected,FIPS 140-3 L1,deprecated,2026-05-12,https://csrc.nist.gov/projects/cryptographic-module-validation-program/certificate/5263,2026-06-04,not in regen,,,,,
FileVault (macOS),FIPS 140-3,5289,Apple Inc.,"Apple corecrypto Module v13.0 [Apple silicon, Secure Key Store, Hardware SL2/PHY3]",No PQC Mechanisms Detected,FIPS 140-3 L2,deprecated,2026-05-22,https://csrc.nist.gov/projects/cryptographic-module-validation-program/certificate/5289,2026-06-06,not in regen,,,,,
FileVault (macOS),FIPS 140-3,5307,Apple Inc.,"Apple corecrypto Module v13.0 [Apple silicon, Secure Key Store, Hardware SL2]",No PQC Mechanisms Detected,FIPS 140-3 L2,deprecated,2026-06-03,https://csrc.nist.gov/projects/cryptographic-module-validation-program/certificate/5307,2026-06-06,not in regen,,,,,
FileVault (macOS),FIPS 140-3,5306,Apple Inc.,"Apple corecrypto Module 18.3 [Apple silicon, Secure Key Store, Hardware, SL2/PHY3]",No PQC Mechanisms Detected,FIPS 140-3 L2,deprecated,2026-06-03,https://csrc.nist.gov/projects/cryptographic-module-validation-program/certificate/5306,2026-06-06,not in regen,,,,,
FileVault (macOS),FIPS 140-3,5304,Apple Inc.,"Apple corecrypto Module v14.0 [Apple silicon, Secure Key Store, Hardware, SL2/PHY3]",No PQC Mechanisms Detected,FIPS 140-3 L2,deprecated,2026-06-03,https://csrc.nist.gov/projects/cryptographic-module-validation-program/certificate/5304,2026-06-06,not in regen,,,,,
FileVault (macOS),FIPS 140-3,5303,Apple Inc.,"Apple corecrypto Module v14.0 [Apple silicon, Secure Key Store, Hardware, SL2]",No PQC Mechanisms Detected,FIPS 140-3 L2,deprecated,2026-06-03,https://csrc.nist.gov/projects/cryptographic-module-validation-program/certificate/5303,2026-06-06,not in regen,,,,,
Forcepoint DLP,FIPS 140-3,4835,Forcepoint,Forcepoint NGFW Cryptographic Kernel Module,No PQC Mechanisms Detected,FIPS 140-3 L1,deprecated,2024-10-11,https://csrc.nist.gov/projects/cryptographic-module-validation-program/certificate/4835,2026-06-06,not in regen,,,,,
Fortanix Data Security Manager,ACVP,A5344,"Fortanix, Inc.",Fortanix Crypto Algorithm Library,LMS,,deprecated,2024-05-22,https://csrc.nist.gov/projects/cryptographic-algorithm-validation-program/details?product=17995,2026-06-04,not in regen,,,,,
Fortanix Data Security Manager,FIPS 140-3,4139,"Fortanix, Inc.",Fortanix SDKMS Appliance,No PQC Mechanisms Detected,FIPS 140-3 L3,deprecated,2022-01-19,https://csrc.nist.gov/projects/cryptographic-module-validation-program/certificate/4139,2026-06-06,not in regen,,,,,
Fortanix PQC Central,FIPS 140-3,4139,"Fortanix, Inc.",Fortanix SDKMS Appliance,No PQC Mechanisms Detected,FIPS 140-3 L3,deprecated,2022-01-19,https://csrc.nist.gov/projects/cryptographic-module-validation-program/certificate/4139,2026-06-06,not in regen,,,,,
Fortinet FortiAuthenticator,FIPS 140-3,4362,"Fortinet, Inc.",FortiManager 6.2,No PQC Mechanisms Detected,FIPS 140-3 L1,deprecated,2022-11-09,https://csrc.nist.gov/projects/cryptographic-module-validation-program/certificate/4362,2026-06-06,not in regen,,,,,
Fortinet FortiAuthenticator,FIPS 140-3,4443,"Fortinet, Inc.",FortiOS 6.4/7.0,No PQC Mechanisms Detected,FIPS 140-3 L1,deprecated,2023-02-23,https://csrc.nist.gov/projects/cryptographic-module-validation-program/certificate/4443,2026-06-06,not in regen,,,,,
Fortinet FortiAuthenticator,FIPS 140-3,4931,Fortinet Technologies Inc.,FortiClient Crypto Library,No PQC Mechanisms Detected,FIPS 140-3 L1,deprecated,2024-12-20,https://csrc.nist.gov/projects/cryptographic-module-validation-program/certificate/4931,2026-06-06,not in regen,,,,,
Fortinet FortiGate (FortiOS),FIPS 140-3,4415,"Fortinet, Inc.",FortiGate-VM 6.4 and 7.0,No PQC Mechanisms Detected,FIPS 140-3 L1,Active,2023-01-16,https://csrc.nist.gov/projects/cryptographic-module-validation-program/certificate/4415,,,,,,,
Fortinet FortiGate (FortiOS),FIPS 140-3,4497,"Fortinet, Inc.",FortiGate Next-Generation Firewalls with FortiOS 6.4/7.0,No PQC Mechanisms Detected,FIPS 140-3 L2,Active,2023-05-02,https://csrc.nist.gov/projects/cryptographic-module-validation-program/certificate/4497,,,,,,,
Fortinet FortiGate (FortiOS),FIPS 140-3,4607,"Fortinet, Inc.",FortiGate-VM,No PQC Mechanisms Detected,FIPS 140-3 L1,Active,2023-09-26,https://csrc.nist.gov/projects/cryptographic-module-validation-program/certificate/4607,,,,,,,
Fortinet FortiGate (FortiOS),FIPS 140-3,4608,"Fortinet, Inc.",FortiGate-6300F/6301F/6500F/6501F,No PQC Mechanisms Detected,FIPS 140-3 L2,deprecated,2023-09-26,https://csrc.nist.gov/projects/cryptographic-module-validation-program/certificate/4608,2026-06-04,not in regen,,,,,
Fortinet FortiGate (FortiOS),FIPS 140-3,4613,"Fortinet, Inc.",FortiGate-5001E1 Blade with FortiGate-5144C Chassis,No PQC Mechanisms Detected,FIPS 140-3 L2,Active,2023-09-27,https://csrc.nist.gov/projects/cryptographic-module-validation-program/certificate/4613,,,,,,,
Fortinet FortiGate (FortiOS),FIPS 140-3,4612,"Fortinet, Inc.",FortiGate-600D/1200D/1500D/3000D/3700D and FortiGate-5001D with FortiGate-5144C Chassis,No PQC Mechanisms Detected,FIPS 140-3 L2,Active,2023-09-27,https://csrc.nist.gov/projects/cryptographic-module-validation-program/certificate/4612,,,,,,,
Fortinet FortiGate (FortiOS),FIPS 140-3,4611,"Fortinet, Inc.",FortiGate-61E/61F/81E/101E/101F and FortiWiFi-61E,No PQC Mechanisms Detected,FIPS 140-3 L2,deprecated,2023-09-27,https://csrc.nist.gov/projects/cryptographic-module-validation-program/certificate/4611,2026-05-16,not in regen,,,,,
Fortinet FortiGate (FortiOS),FIPS 140-3,4610,"Fortinet, Inc.",FortiGate-3401E/3601E/3960E/3980E,No PQC Mechanisms Detected,FIPS 140-3 L2,deprecated,2023-09-27,https://csrc.nist.gov/projects/cryptographic-module-validation-program/certificate/4610,2026-05-16,not in regen,,,,,
Fortinet FortiGate (FortiOS),FIPS 140-3,4609,"Fortinet, Inc.",FortiGate-201E/301E/401E/501E/601E,No PQC Mechanisms Detected,FIPS 140-3 L2,deprecated,2023-09-27,https://csrc.nist.gov/projects/cryptographic-module-validation-program/certificate/4609,2026-05-16,not in regen,,,,,
Fortinet FortiGate-Rugged,FIPS 140-3,4362,"Fortinet, Inc.",FortiManager 6.2,No PQC Mechanisms Detected,FIPS 140-3 L1,deprecated,2022-11-09,https://csrc.nist.gov/projects/cryptographic-module-validation-program/certificate/4362,2026-06-06,not in regen,,,,,
Fortinet FortiGate-Rugged,FIPS 140-3,4443,"Fortinet, Inc.",FortiOS 6.4/7.0,No PQC Mechanisms Detected,FIPS 140-3 L1,deprecated,2023-02-23,https://csrc.nist.gov/projects/cryptographic-module-validation-program/certificate/4443,2026-06-06,not in regen,,,,,
Fortinet FortiGate-Rugged,FIPS 140-3,4931,Fortinet Technologies Inc.,FortiClient Crypto Library,No PQC Mechanisms Detected,FIPS 140-3 L1,deprecated,2024-12-20,https://csrc.nist.gov/projects/cryptographic-module-validation-program/certificate/4931,2026-06-06,not in regen,,,,,
Fortinet FortiManager,FIPS 140-3,4415,"Fortinet, Inc.",FortiGate-VM 6.4 and 7.0,No PQC Mechanisms Detected,FIPS 140-3 L1,deprecated,2023-01-16,https://csrc.nist.gov/projects/cryptographic-module-validation-program/certificate/4415,2026-06-06,not in regen,,,,,
Fortinet FortiManager,FIPS 140-3,4497,"Fortinet, Inc.",FortiGate Next-Generation Firewalls with FortiOS 6.4/7.0,No PQC Mechanisms Detected,FIPS 140-3 L2,deprecated,2023-05-02,https://csrc.nist.gov/projects/cryptographic-module-validation-program/certificate/4497,2026-06-06,not in regen,,,,,
Fortinet FortiManager,FIPS 140-3,4607,"Fortinet, Inc.",FortiGate-VM,No PQC Mechanisms Detected,FIPS 140-3 L1,deprecated,2023-09-26,https://csrc.nist.gov/projects/cryptographic-module-validation-program/certificate/4607,2026-06-06,not in regen,,,,,
Fortinet FortiManager,FIPS 140-3,4608,"Fortinet, Inc.",FortiGate-6300F/6301F/6500F/6501F,No PQC Mechanisms Detected,FIPS 140-3 L2,deprecated,2023-09-26,https://csrc.nist.gov/projects/cryptographic-module-validation-program/certificate/4608,2026-06-04,not in regen,,,,,
Fortinet FortiManager,FIPS 140-3,4613,"Fortinet, Inc.",FortiGate-5001E1 Blade with FortiGate-5144C Chassis,No PQC Mechanisms Detected,FIPS 140-3 L2,deprecated,2023-09-27,https://csrc.nist.gov/projects/cryptographic-module-validation-program/certificate/4613,2026-06-06,not in regen,,,,,
Fortinet FortiManager,FIPS 140-3,4612,"Fortinet, Inc.",FortiGate-600D/1200D/1500D/3000D/3700D and FortiGate-5001D with FortiGate-5144C Chassis,No PQC Mechanisms Detected,FIPS 140-3 L2,deprecated,2023-09-27,https://csrc.nist.gov/projects/cryptographic-module-validation-program/certificate/4612,2026-06-06,not in regen,,,,,
Fortinet FortiManager,FIPS 140-3,4611,"Fortinet, Inc.",FortiGate-61E/61F/81E/101E/101F and FortiWiFi-61E,No PQC Mechanisms Detected,FIPS 140-3 L2,deprecated,2023-09-27,https://csrc.nist.gov/projects/cryptographic-module-validation-program/certificate/4611,2026-05-16,not in regen,,,,,
Fortinet FortiManager,FIPS 140-3,4610,"Fortinet, Inc.",FortiGate-3401E/3601E/3960E/3980E,No PQC Mechanisms Detected,FIPS 140-3 L2,deprecated,2023-09-27,https://csrc.nist.gov/projects/cryptographic-module-validation-program/certificate/4610,2026-05-16,not in regen,,,,,
Fortinet FortiManager,FIPS 140-3,4609,"Fortinet, Inc.",FortiGate-201E/301E/401E/501E/601E,No PQC Mechanisms Detected,FIPS 140-3 L2,deprecated,2023-09-27,https://csrc.nist.gov/projects/cryptographic-module-validation-program/certificate/4609,2026-05-16,not in regen,,,,,
Fortinet FortiOS,FIPS 140-3,3897,"Fortinet, Inc.",FortiWLM-100D and FortiWLM-1000D,No PQC Mechanisms Detected,FIPS 140-3 L3,deprecated,2021-04-16,https://csrc.nist.gov/projects/cryptographic-module-validation-program/certificate/3897,2026-05-10,not in regen,fortinet-fortios,no_pqc_cert_classical_only,url_authoritative,CMVP #3897: Classical cryptography only. PQC (ML-KEM/ML-DSA/SLH-DSA) not yet validated under this certificate. CMVP PQC module validation anticipated 2026-2027 per NIST CMVP roadmap.,2026-05-06
Fortinet FortiOS,FIPS 140-3,4362,"Fortinet, Inc.",FortiManager 6.2,No PQC Mechanisms Detected,FIPS 140-3 L1,deprecated,2022-11-09,https://csrc.nist.gov/projects/cryptographic-module-validation-program/certificate/4362,2026-06-06,not in regen,,,,,
Fortinet FortiOS,FIPS 140-3,4361,"Fortinet, Inc.",FortiAnalyzer 6.2,No PQC Mechanisms Detected,FIPS 140-3 L1,deprecated,2022-11-09,https://csrc.nist.gov/projects/cryptographic-module-validation-program/certificate/4361,2026-06-04,not in regen,,,,,
Fortinet FortiOS,FIPS 140-3,4443,"Fortinet, Inc.",FortiOS 6.4/7.0,No PQC Mechanisms Detected,FIPS 140-3 L1,Active,2023-02-23,https://csrc.nist.gov/projects/cryptographic-module-validation-program/certificate/4443,,,,,,,
Fortinet FortiOS,FIPS 140-3,4931,Fortinet Technologies Inc.,FortiClient Crypto Library,No PQC Mechanisms Detected,FIPS 140-3 L1,deprecated,2024-12-20,https://csrc.nist.gov/projects/cryptographic-module-validation-program/certificate/4931,2026-06-06,not in regen,,,,,
Fortinet FortiOS,FIPS 140-3,5268,"Fortinet, Inc.",FortiAP Access Points with FortiAP 7.4,No PQC Mechanisms Detected,FIPS 140-3 L2,deprecated,2026-05-15,https://csrc.nist.gov/projects/cryptographic-module-validation-program/certificate/5268,2026-06-06,not in regen,,,,,
Fortinet FortiOS,FIPS 140-3,5308,Fortinet Technologies Inc,FortiSwitch Crypto Library,No PQC Mechanisms Detected,FIPS 140-3 L1,deprecated,2026-06-03,https://csrc.nist.gov/projects/cryptographic-module-validation-program/certificate/5308,2026-06-06,not in regen,,,,,
Fortinet FortiWeb,FIPS 140-3,4415,"Fortinet, Inc.",FortiGate-VM 6.4 and 7.0,No PQC Mechanisms Detected,FIPS 140-3 L1,deprecated,2023-01-16,https://csrc.nist.gov/projects/cryptographic-module-validation-program/certificate/4415,2026-06-06,not in regen,,,,,
Fortinet FortiWeb,FIPS 140-3,4497,"Fortinet, Inc.",FortiGate Next-Generation Firewalls with FortiOS 6.4/7.0,No PQC Mechanisms Detected,FIPS 140-3 L2,deprecated,2023-05-02,https://csrc.nist.gov/projects/cryptographic-module-validation-program/certificate/4497,2026-06-06,not in regen,,,,,
Fortinet FortiWeb,FIPS 140-3,4607,"Fortinet, Inc.",FortiGate-VM,No PQC Mechanisms Detected,FIPS 140-3 L1,deprecated,2023-09-26,https://csrc.nist.gov/projects/cryptographic-module-validation-program/certificate/4607,2026-06-06,not in regen,,,,,
Fortinet FortiWeb,FIPS 140-3,4608,"Fortinet, Inc.",FortiGate-6300F/6301F/6500F/6501F,No PQC Mechanisms Detected,FIPS 140-3 L2,deprecated,2023-09-26,https://csrc.nist.gov/projects/cryptographic-module-validation-program/certificate/4608,2026-06-04,not in regen,,,,,
Fortinet FortiWeb,FIPS 140-3,4613,"Fortinet, Inc.",FortiGate-5001E1 Blade with FortiGate-5144C Chassis,No PQC Mechanisms Detected,FIPS 140-3 L2,deprecated,2023-09-27,https://csrc.nist.gov/projects/cryptographic-module-validation-program/certificate/4613,2026-06-06,not in regen,,,,,
Fortinet FortiWeb,FIPS 140-3,4612,"Fortinet, Inc.",FortiGate-600D/1200D/1500D/3000D/3700D and FortiGate-5001D with FortiGate-5144C Chassis,No PQC Mechanisms Detected,FIPS 140-3 L2,deprecated,2023-09-27,https://csrc.nist.gov/projects/cryptographic-module-validation-program/certificate/4612,2026-06-06,not in regen,,,,,
Fortinet FortiWeb,FIPS 140-3,4611,"Fortinet, Inc.",FortiGate-61E/61F/81E/101E/101F and FortiWiFi-61E,No PQC Mechanisms Detected,FIPS 140-3 L2,deprecated,2023-09-27,https://csrc.nist.gov/projects/cryptographic-module-validation-program/certificate/4611,2026-05-16,not in regen,,,,,
Fortinet FortiWeb,FIPS 140-3,4610,"Fortinet, Inc.",FortiGate-3401E/3601E/3960E/3980E,No PQC Mechanisms Detected,FIPS 140-3 L2,deprecated,2023-09-27,https://csrc.nist.gov/projects/cryptographic-module-validation-program/certificate/4610,2026-05-16,not in regen,,,,,
Fortinet FortiWeb,FIPS 140-3,4609,"Fortinet, Inc.",FortiGate-201E/301E/401E/501E/601E,No PQC Mechanisms Detected,FIPS 140-3 L2,deprecated,2023-09-27,https://csrc.nist.gov/projects/cryptographic-module-validation-program/certificate/4609,2026-05-16,not in regen,,,,,
Fujitsu PQC Networks,FIPS 140-3,5180,Fujitsu Limited,Fujitsu Enterprise Postgres Cryptographic Module,No PQC Mechanisms Detected,FIPS 140-3 L1,deprecated,2026-03-10,https://csrc.nist.gov/projects/cryptographic-module-validation-program/certificate/5180,2026-06-06,not in regen,,,,,
Futurex Cloud,ACVP,A7998,Futurex LP,GSP4000 Hardware Security Module,"ML-DSA, ML-KEM",,deprecated,2026-02-04,https://csrc.nist.gov/projects/cryptographic-algorithm-validation-program/details?product=20805,2026-06-06,not in regen,,,,,
Futurex CryptoHub,ACVP,A7998,Futurex LP,GSP4000 Hardware Security Module,"ML-DSA, ML-KEM",,deprecated,2026-02-04,https://csrc.nist.gov/projects/cryptographic-algorithm-validation-program/details?product=20805,2026-06-06,not in regen,,,,,
Futurex CryptoHub,FIPS 140-3,4086,Futurex,EXP1000 Hardware Security Module,No PQC Mechanisms Detected,FIPS 140-3 L3,deprecated,2021-11-30,https://csrc.nist.gov/projects/cryptographic-module-validation-program/certificate/4086,2026-06-06,not in regen,,,,,
Futurex CryptoHub,FIPS 140-3,4085,Futurex,GSP3000 Hardware Security Module,No PQC Mechanisms Detected,FIPS 140-3 L3,deprecated,2021-11-30,https://csrc.nist.gov/projects/cryptographic-module-validation-program/certificate/4085,2026-06-06,not in regen,,,,,
Futurex GSP4000 Hardware Security Module,ACVP,A7998,Futurex LP,GSP4000 Hardware Security Module,"ML-DSA, ML-KEM",,Active,2026-02-04,https://csrc.nist.gov/projects/cryptographic-algorithm-validation-program/details?product=20805,,,,,,,
Futurex Vectera Plus,ACVP,A7998,Futurex LP,GSP4000 Hardware Security Module,"ML-DSA, ML-KEM",,deprecated,2026-02-04,https://csrc.nist.gov/projects/cryptographic-algorithm-validation-program/details?product=20805,2026-06-06,not in regen,,,,,
Futurex Vectera Plus,FIPS 140-3,4086,Futurex,EXP1000 Hardware Security Module,No PQC Mechanisms Detected,FIPS 140-3 L3,deprecated,2021-11-30,https://csrc.nist.gov/projects/cryptographic-module-validation-program/certificate/4086,2026-06-06,not in regen,,,,,
Futurex Vectera Plus,FIPS 140-3,4085,Futurex,GSP3000 Hardware Security Module,No PQC Mechanisms Detected,FIPS 140-3 L3,deprecated,2021-11-30,https://csrc.nist.gov/projects/cryptographic-module-validation-program/certificate/4085,2026-06-06,not in regen,,,,,
Gmail / Google Workspace,ACVP,A7700,"Google, Inc.",BoringCrypto,"ML-DSA, ML-KEM, SLH-DSA",,deprecated,2025-11-21,https://csrc.nist.gov/projects/cryptographic-algorithm-validation-program/details?product=20486,2026-06-06,not in regen,,,,,
Gmail / Google Workspace,ACVP,A8355,"Google, LLC",Trusty TEE,"ML-DSA, ML-KEM, SLH-DSA",,deprecated,2026-05-19,https://csrc.nist.gov/projects/cryptographic-algorithm-validation-program/details?product=21185,2026-06-06,not in regen,,,,,
Gmail / Google Workspace,FIPS 140-3,5087,"Google, LLC.",OpenSK Cryptographic Module,No PQC Mechanisms Detected,FIPS 140-3 L1,deprecated,2025-10-23,https://csrc.nist.gov/projects/cryptographic-module-validation-program/certificate/5087,2026-06-06,not in regen,,,,,
Gmail / Google Workspace,FIPS 140-3,5104,"Google, LLC",BoringCrypto,No PQC Mechanisms Detected,FIPS 140-3 L3,deprecated,2025-12-09,https://csrc.nist.gov/projects/cryptographic-module-validation-program/certificate/5104,2026-05-10,not in regen,gmail-google-workspace,no_pqc_cert_classical_only,url_authoritative,CMVP #5104: Classical cryptography only. PQC (ML-KEM/ML-DSA/SLH-DSA) not yet validated under this certificate. CMVP PQC module validation anticipated 2026-2027 per NIST CMVP roadmap.,2026-05-06
Gmail / Google Workspace,FIPS 140-3,5165,"Google, LLC.",River Redux Cryptographic Module,No PQC Mechanisms Detected,FIPS 140-3 L1,deprecated,2026-03-18,https://csrc.nist.gov/projects/cryptographic-module-validation-program/certificate/5165,2026-06-06,not in regen,,,,,
Gmail / Google Workspace,FIPS 140-3,5244,"Google, LLC",BoringCrypto,No PQC Mechanisms Detected,FIPS 140-3 L1,deprecated,2026-04-18,https://csrc.nist.gov/projects/cryptographic-module-validation-program/certificate/5244,2026-06-04,not in regen,,,,,
Gmail / Google Workspace,FIPS 140-3,5296,"Google, LLC",BoringCrypto,No PQC Mechanisms Detected,FIPS 140-3 L1,deprecated,2026-06-02,https://csrc.nist.gov/projects/cryptographic-module-validation-program/certificate/5296,2026-06-06,not in regen,,,,,
Go stdlib crypto/mlkem,ACVP,A7700,"Google, Inc.",BoringCrypto,"ML-DSA, ML-KEM, SLH-DSA",,deprecated,2025-11-21,https://csrc.nist.gov/projects/cryptographic-algorithm-validation-program/details?product=20486,2026-06-06,not in regen,,,,,
Go stdlib crypto/mlkem,ACVP,A8355,"Google, LLC",Trusty TEE,"ML-DSA, ML-KEM, SLH-DSA",,deprecated,2026-05-19,https://csrc.nist.gov/projects/cryptographic-algorithm-validation-program/details?product=21185,2026-06-06,not in regen,,,,,
Go stdlib crypto/mlkem,FIPS 140-3,5087,"Google, LLC.",OpenSK Cryptographic Module,No PQC Mechanisms Detected,FIPS 140-3 L1,deprecated,2025-10-23,https://csrc.nist.gov/projects/cryptographic-module-validation-program/certificate/5087,2026-06-06,not in regen,,,,,
Go stdlib crypto/mlkem,FIPS 140-3,5104,"Google, LLC",BoringCrypto,No PQC Mechanisms Detected,FIPS 140-3 L3,deprecated,2025-12-09,https://csrc.nist.gov/projects/cryptographic-module-validation-program/certificate/5104,2026-05-10,not in regen,go-stdlib-crypto-mlkem,no_pqc_cert_classical_only,url_authoritative,CMVP #5104: Classical cryptography only. PQC (ML-KEM/ML-DSA/SLH-DSA) not yet validated under this certificate. CMVP PQC module validation anticipated 2026-2027 per NIST CMVP roadmap.,2026-05-06
Go stdlib crypto/mlkem,FIPS 140-3,5165,"Google, LLC.",River Redux Cryptographic Module,No PQC Mechanisms Detected,FIPS 140-3 L1,deprecated,2026-03-18,https://csrc.nist.gov/projects/cryptographic-module-validation-program/certificate/5165,2026-06-06,not in regen,,,,,
Go stdlib crypto/mlkem,FIPS 140-3,5244,"Google, LLC",BoringCrypto,No PQC Mechanisms Detected,FIPS 140-3 L1,deprecated,2026-04-18,https://csrc.nist.gov/projects/cryptographic-module-validation-program/certificate/5244,2026-06-04,not in regen,,,,,
Go stdlib crypto/mlkem,FIPS 140-3,5296,"Google, LLC",BoringCrypto,No PQC Mechanisms Detected,FIPS 140-3 L1,deprecated,2026-06-02,https://csrc.nist.gov/projects/cryptographic-module-validation-program/certificate/5296,2026-06-06,not in regen,,,,,
Google ALTS,ACVP,A7700,"Google, Inc.",BoringCrypto,"ML-DSA, ML-KEM, SLH-DSA",,deprecated,2025-11-21,https://csrc.nist.gov/projects/cryptographic-algorithm-validation-program/details?product=20486,2026-06-06,not in regen,,,,,
Google ALTS,ACVP,A8355,"Google, LLC",Trusty TEE,"ML-DSA, ML-KEM, SLH-DSA",,deprecated,2026-05-19,https://csrc.nist.gov/projects/cryptographic-algorithm-validation-program/details?product=21185,2026-06-06,not in regen,,,,,
Google ALTS,FIPS 140-3,5087,"Google, LLC.",OpenSK Cryptographic Module,No PQC Mechanisms Detected,FIPS 140-3 L1,deprecated,2025-10-23,https://csrc.nist.gov/projects/cryptographic-module-validation-program/certificate/5087,2026-06-06,not in regen,,,,,
Google ALTS,FIPS 140-3,5104,"Google, LLC",BoringCrypto,No PQC Mechanisms Detected,FIPS 140-3 L3,deprecated,2025-12-09,https://csrc.nist.gov/projects/cryptographic-module-validation-program/certificate/5104,2026-05-10,not in regen,google-alts,no_pqc_cert_classical_only,url_authoritative,CMVP #5104: Classical cryptography only. PQC (ML-KEM/ML-DSA/SLH-DSA) not yet validated under this certificate. CMVP PQC module validation anticipated 2026-2027 per NIST CMVP roadmap.,2026-05-06
Google ALTS,FIPS 140-3,5165,"Google, LLC.",River Redux Cryptographic Module,No PQC Mechanisms Detected,FIPS 140-3 L1,deprecated,2026-03-18,https://csrc.nist.gov/projects/cryptographic-module-validation-program/certificate/5165,2026-06-06,not in regen,,,,,
Google ALTS,FIPS 140-3,5244,"Google, LLC",BoringCrypto,No PQC Mechanisms Detected,FIPS 140-3 L1,deprecated,2026-04-18,https://csrc.nist.gov/projects/cryptographic-module-validation-program/certificate/5244,2026-06-04,not in regen,,,,,
Google ALTS,FIPS 140-3,5296,"Google, LLC",BoringCrypto,No PQC Mechanisms Detected,FIPS 140-3 L1,deprecated,2026-06-02,https://csrc.nist.gov/projects/cryptographic-module-validation-program/certificate/5296,2026-06-06,not in regen,,,,,
Google Chrome,ACVP,A7700,"Google, Inc.",BoringCrypto,"ML-DSA, ML-KEM, SLH-DSA",,deprecated,2025-11-21,https://csrc.nist.gov/projects/cryptographic-algorithm-validation-program/details?product=20486,2026-06-06,not in regen,,,,,
Google Chrome,ACVP,A8355,"Google, LLC",Trusty TEE,"ML-DSA, ML-KEM, SLH-DSA",,deprecated,2026-05-19,https://csrc.nist.gov/projects/cryptographic-algorithm-validation-program/details?product=21185,2026-06-06,not in regen,,,,,
Google Chrome,FIPS 140-3,5087,"Google, LLC.",OpenSK Cryptographic Module,No PQC Mechanisms Detected,FIPS 140-3 L1,deprecated,2025-10-23,https://csrc.nist.gov/projects/cryptographic-module-validation-program/certificate/5087,2026-06-06,not in regen,,,,,
Google Chrome,FIPS 140-3,5104,"Google, LLC",BoringCrypto,No PQC Mechanisms Detected,FIPS 140-3 L3,deprecated,2025-12-09,https://csrc.nist.gov/projects/cryptographic-module-validation-program/certificate/5104,2026-05-10,not in regen,google-chrome,no_pqc_cert_classical_only,url_authoritative,CMVP #5104: Classical cryptography only. PQC (ML-KEM/ML-DSA/SLH-DSA) not yet validated under this certificate. CMVP PQC module validation anticipated 2026-2027 per NIST CMVP roadmap.,2026-05-06
Google Chrome,FIPS 140-3,5165,"Google, LLC.",River Redux Cryptographic Module,No PQC Mechanisms Detected,FIPS 140-3 L1,deprecated,2026-03-18,https://csrc.nist.gov/projects/cryptographic-module-validation-program/certificate/5165,2026-06-06,not in regen,,,,,
Google Chrome,FIPS 140-3,5244,"Google, LLC",BoringCrypto,No PQC Mechanisms Detected,FIPS 140-3 L1,deprecated,2026-04-18,https://csrc.nist.gov/projects/cryptographic-module-validation-program/certificate/5244,2026-06-04,not in regen,,,,,
Google Chrome,FIPS 140-3,5296,"Google, LLC",BoringCrypto,No PQC Mechanisms Detected,FIPS 140-3 L1,deprecated,2026-06-02,https://csrc.nist.gov/projects/cryptographic-module-validation-program/certificate/5296,2026-06-06,not in regen,,,,,
Google Cloud CDN,FIPS 140-3,5087,"Google, LLC.",OpenSK Cryptographic Module,No PQC Mechanisms Detected,FIPS 140-3 L1,deprecated,2025-10-23,https://csrc.nist.gov/projects/cryptographic-module-validation-program/certificate/5087,2026-06-06,not in regen,,,,,
Google Cloud CDN,FIPS 140-3,5104,"Google, LLC",BoringCrypto,No PQC Mechanisms Detected,FIPS 140-3 L3,deprecated,2025-12-09,https://csrc.nist.gov/projects/cryptographic-module-validation-program/certificate/5104,2026-05-10,not in regen,google-cloud-cdn,no_pqc_cert_classical_only,url_authoritative,CMVP #5104: Classical cryptography only. PQC (ML-KEM/ML-DSA/SLH-DSA) not yet validated under this certificate. CMVP PQC module validation anticipated 2026-2027 per NIST CMVP roadmap.,2026-05-06
Google Cloud CDN,FIPS 140-3,5165,"Google, LLC.",River Redux Cryptographic Module,No PQC Mechanisms Detected,FIPS 140-3 L1,deprecated,2026-03-18,https://csrc.nist.gov/projects/cryptographic-module-validation-program/certificate/5165,2026-06-06,not in regen,,,,,
Google Cloud CDN,FIPS 140-3,5244,"Google, LLC",BoringCrypto,No PQC Mechanisms Detected,FIPS 140-3 L1,deprecated,2026-04-18,https://csrc.nist.gov/projects/cryptographic-module-validation-program/certificate/5244,2026-06-04,not in regen,,,,,
Google Cloud CDN,FIPS 140-3,5296,"Google, LLC",BoringCrypto,No PQC Mechanisms Detected,FIPS 140-3 L1,deprecated,2026-06-02,https://csrc.nist.gov/projects/cryptographic-module-validation-program/certificate/5296,2026-06-06,not in regen,,,,,
Google Cloud HSM,ACVP,A7700,"Google, Inc.",BoringCrypto,"ML-DSA, ML-KEM, SLH-DSA",,deprecated,2025-11-21,https://csrc.nist.gov/projects/cryptographic-algorithm-validation-program/details?product=20486,2026-06-06,not in regen,,,,,
Google Cloud HSM,ACVP,A8355,"Google, LLC",Trusty TEE,"ML-DSA, ML-KEM, SLH-DSA",,deprecated,2026-05-19,https://csrc.nist.gov/projects/cryptographic-algorithm-validation-program/details?product=21185,2026-06-06,not in regen,,,,,
Google Cloud HSM,FIPS 140-3,4700,"Marvell Semiconductor, Inc.",NITROXIII CNN35XX-NFBE HSM Family,No PQC Mechanisms Detected,FIPS 140-3 L3,Active,2024-05-30,https://csrc.nist.gov/projects/cryptographic-module-validation-program/certificate/4700,,,,,,,
Google Cloud HSM,FIPS 140-3,4703,"Marvell Semiconductor, Inc.",Marvell LS2 HSM Family,No PQC Mechanisms Detected,FIPS 140-3 L3,Active,2024-06-06,https://csrc.nist.gov/projects/cryptographic-module-validation-program/certificate/4703,,,,,,,
Google Cloud HSM,FIPS 140-3,5087,"Google, LLC.",OpenSK Cryptographic Module,No PQC Mechanisms Detected,FIPS 140-3 L1,deprecated,2025-10-23,https://csrc.nist.gov/projects/cryptographic-module-validation-program/certificate/5087,2026-06-04,not in regen,,,,,
Google Cloud HSM,FIPS 140-3,5104,"Google, LLC",BoringCrypto,No PQC Mechanisms Detected,FIPS 140-3 L3,deprecated,2025-12-09,https://csrc.nist.gov/projects/cryptographic-module-validation-program/certificate/5104,2026-05-10,not in regen,google-cloud-hsm,no_pqc_cert_classical_only,url_authoritative,CMVP #5104: Classical cryptography only. PQC (ML-KEM/ML-DSA/SLH-DSA) not yet validated under this certificate. CMVP PQC module validation anticipated 2026-2027 per NIST CMVP roadmap.,2026-05-06
Google Cloud HSM,FIPS 140-3,5165,"Google, LLC.",River Redux Cryptographic Module,No PQC Mechanisms Detected,FIPS 140-3 L1,deprecated,2026-03-18,https://csrc.nist.gov/projects/cryptographic-module-validation-program/certificate/5165,2026-06-06,not in regen,,,,,
Google Cloud HSM,FIPS 140-3,5244,"Google, LLC",BoringCrypto,No PQC Mechanisms Detected,FIPS 140-3 L1,deprecated,2026-04-18,https://csrc.nist.gov/projects/cryptographic-module-validation-program/certificate/5244,2026-06-04,not in regen,,,,,
Google Cloud HSM,FIPS 140-3,5272,"Google, LLC",Google HSM,No PQC Mechanisms Detected,FIPS 140-3 L3,Active,2026-05-19,https://csrc.nist.gov/projects/cryptographic-module-validation-program/certificate/5272,,,,,,,
Google Cloud HSM,FIPS 140-3,5296,"Google, LLC",BoringCrypto,No PQC Mechanisms Detected,FIPS 140-3 L1,deprecated,2026-06-02,https://csrc.nist.gov/projects/cryptographic-module-validation-program/certificate/5296,2026-06-06,not in regen,,,,,
Google Cloud KMS,ACVP,A7700,"Google, Inc.",BoringCrypto,"ML-DSA, ML-KEM, SLH-DSA",,deprecated,2025-11-21,https://csrc.nist.gov/projects/cryptographic-algorithm-validation-program/details?product=20486,2026-06-06,not in regen,,,,,
Google Cloud KMS,ACVP,A8355,"Google, LLC",Trusty TEE,"ML-DSA, ML-KEM, SLH-DSA",,deprecated,2026-05-19,https://csrc.nist.gov/projects/cryptographic-algorithm-validation-program/details?product=21185,2026-06-06,not in regen,,,,,
Google Cloud KMS,FIPS 140-3,4652,"Google, LLC",Cr50 U2F Cryptographic Library,No PQC Mechanisms Detected,FIPS 140-3 L1,deprecated,2023-11-06,https://csrc.nist.gov/projects/cryptographic-module-validation-program/certificate/4652,2026-06-04,not in regen,,,,,
Google Cloud KMS,FIPS 140-3,4799,"Google, LLC",Look-aside Cryptography and Compression Engine (LCE),No PQC Mechanisms Detected,FIPS 140-3 L1,deprecated,2024-09-13,https://csrc.nist.gov/projects/cryptographic-module-validation-program/certificate/4799,2026-06-06,not in regen,,,,,
Google Cloud KMS,FIPS 140-3,5087,"Google, LLC.",OpenSK Cryptographic Module,No PQC Mechanisms Detected,FIPS 140-3 L1,deprecated,2025-10-23,https://csrc.nist.gov/projects/cryptographic-module-validation-program/certificate/5087,2026-06-06,not in regen,,,,,
Google Cloud KMS,FIPS 140-3,5104,"Google, LLC",BoringCrypto,No PQC Mechanisms Detected,FIPS 140-3 L3,deprecated,2025-12-09,https://csrc.nist.gov/projects/cryptographic-module-validation-program/certificate/5104,2026-05-10,not in regen,google-cloud-kms,no_pqc_cert_classical_only,url_authoritative,CMVP #5104: Classical cryptography only. PQC (ML-KEM/ML-DSA/SLH-DSA) not yet validated under this certificate. CMVP PQC module validation anticipated 2026-2027 per NIST CMVP roadmap.,2026-05-06
Google Cloud KMS,FIPS 140-3,5165,"Google, LLC.",River Redux Cryptographic Module,No PQC Mechanisms Detected,FIPS 140-3 L1,deprecated,2026-03-18,https://csrc.nist.gov/projects/cryptographic-module-validation-program/certificate/5165,2026-06-06,not in regen,,,,,
Google Cloud KMS,FIPS 140-3,5244,"Google, LLC",BoringCrypto,No PQC Mechanisms Detected,FIPS 140-3 L1,deprecated,2026-04-18,https://csrc.nist.gov/projects/cryptographic-module-validation-program/certificate/5244,2026-06-04,not in regen,,,,,
Google Cloud KMS,FIPS 140-3,5272,"Google, LLC",Google HSM,No PQC Mechanisms Detected,FIPS 140-3 L3,deprecated,2026-05-19,https://csrc.nist.gov/projects/cryptographic-module-validation-program/certificate/5272,2026-06-06,not in regen,,,,,
Google Cloud KMS,FIPS 140-3,5296,"Google, LLC",BoringCrypto,No PQC Mechanisms Detected,FIPS 140-3 L1,deprecated,2026-06-02,https://csrc.nist.gov/projects/cryptographic-module-validation-program/certificate/5296,2026-06-06,not in regen,,,,,
Google Cloud KMS (Cloud Gateway),ACVP,A7700,"Google, Inc.",BoringCrypto,"ML-DSA, ML-KEM, SLH-DSA",,deprecated,2025-11-21,https://csrc.nist.gov/projects/cryptographic-algorithm-validation-program/details?product=20486,2026-06-06,not in regen,,,,,
Google Cloud KMS (Cloud Gateway),ACVP,A8355,"Google, LLC",Trusty TEE,"ML-DSA, ML-KEM, SLH-DSA",,deprecated,2026-05-19,https://csrc.nist.gov/projects/cryptographic-algorithm-validation-program/details?product=21185,2026-06-06,not in regen,,,,,
Google Cloud KMS (Cloud Gateway),FIPS 140-3,5087,"Google, LLC.",OpenSK Cryptographic Module,No PQC Mechanisms Detected,FIPS 140-3 L1,deprecated,2025-10-23,https://csrc.nist.gov/projects/cryptographic-module-validation-program/certificate/5087,2026-06-06,not in regen,,,,,
Google Cloud KMS (Cloud Gateway),FIPS 140-3,5104,"Google, LLC",BoringCrypto,No PQC Mechanisms Detected,FIPS 140-3 L3,deprecated,2025-12-09,https://csrc.nist.gov/projects/cryptographic-module-validation-program/certificate/5104,2026-05-10,not in regen,google-cloud-kms-cloud-gateway,no_pqc_cert_classical_only,url_authoritative,CMVP #5104: Classical cryptography only. PQC (ML-KEM/ML-DSA/SLH-DSA) not yet validated under this certificate. CMVP PQC module validation anticipated 2026-2027 per NIST CMVP roadmap.,2026-05-06
Google Cloud KMS (Cloud Gateway),FIPS 140-3,5165,"Google, LLC.",River Redux Cryptographic Module,No PQC Mechanisms Detected,FIPS 140-3 L1,deprecated,2026-03-18,https://csrc.nist.gov/projects/cryptographic-module-validation-program/certificate/5165,2026-06-06,not in regen,,,,,
Google Cloud KMS (Cloud Gateway),FIPS 140-3,5244,"Google, LLC",BoringCrypto,No PQC Mechanisms Detected,FIPS 140-3 L1,deprecated,2026-04-18,https://csrc.nist.gov/projects/cryptographic-module-validation-program/certificate/5244,2026-06-04,not in regen,,,,,
Google Cloud KMS (Cloud Gateway),FIPS 140-3,5296,"Google, LLC",BoringCrypto,No PQC Mechanisms Detected,FIPS 140-3 L1,deprecated,2026-06-02,https://csrc.nist.gov/projects/cryptographic-module-validation-program/certificate/5296,2026-06-06,not in regen,,,,,
Google Cloud Platform (GCP),ACVP,A7700,"Google, Inc.",BoringCrypto,"ML-DSA, ML-KEM, SLH-DSA",,deprecated,2025-11-21,https://csrc.nist.gov/projects/cryptographic-algorithm-validation-program/details?product=20486,2026-06-06,not in regen,,,,,
Google Cloud Platform (GCP),ACVP,A8355,"Google, LLC",Trusty TEE,"ML-DSA, ML-KEM, SLH-DSA",,deprecated,2026-05-19,https://csrc.nist.gov/projects/cryptographic-algorithm-validation-program/details?product=21185,2026-06-06,not in regen,,,,,
Google Cloud Platform (GCP),FIPS 140-3,5087,"Google, LLC.",OpenSK Cryptographic Module,No PQC Mechanisms Detected,FIPS 140-3 L1,deprecated,2025-10-23,https://csrc.nist.gov/projects/cryptographic-module-validation-program/certificate/5087,2026-06-06,not in regen,,,,,
Google Cloud Platform (GCP),FIPS 140-3,5104,"Google, LLC",BoringCrypto,No PQC Mechanisms Detected,FIPS 140-3 L3,deprecated,2025-12-09,https://csrc.nist.gov/projects/cryptographic-module-validation-program/certificate/5104,2026-05-10,not in regen,google-cloud-platform-gcp,no_pqc_cert_classical_only,url_authoritative,CMVP #5104: Classical cryptography only. PQC (ML-KEM/ML-DSA/SLH-DSA) not yet validated under this certificate. CMVP PQC module validation anticipated 2026-2027 per NIST CMVP roadmap.,2026-05-06
Google Cloud Platform (GCP),FIPS 140-3,5165,"Google, LLC.",River Redux Cryptographic Module,No PQC Mechanisms Detected,FIPS 140-3 L1,deprecated,2026-03-18,https://csrc.nist.gov/projects/cryptographic-module-validation-program/certificate/5165,2026-06-06,not in regen,,,,,
Google Cloud Platform (GCP),FIPS 140-3,5244,"Google, LLC",BoringCrypto,No PQC Mechanisms Detected,FIPS 140-3 L1,deprecated,2026-04-18,https://csrc.nist.gov/projects/cryptographic-module-validation-program/certificate/5244,2026-06-04,not in regen,,,,,
Google Cloud Platform (GCP),FIPS 140-3,5296,"Google, LLC",BoringCrypto,No PQC Mechanisms Detected,FIPS 140-3 L1,deprecated,2026-06-02,https://csrc.nist.gov/projects/cryptographic-module-validation-program/certificate/5296,2026-06-06,not in regen,,,,,
Google GKE,FIPS 140-3,4652,"Google, LLC",Cr50 U2F Cryptographic Library,No PQC Mechanisms Detected,FIPS 140-3 L1,deprecated,2023-11-06,https://csrc.nist.gov/projects/cryptographic-module-validation-program/certificate/4652,2026-06-06,not in regen,,,,,
Google GKE,FIPS 140-3,4799,"Google, LLC",Look-aside Cryptography and Compression Engine (LCE),No PQC Mechanisms Detected,FIPS 140-3 L1,deprecated,2024-09-13,https://csrc.nist.gov/projects/cryptographic-module-validation-program/certificate/4799,2026-06-06,not in regen,,,,,
Google GKE,FIPS 140-3,5087,"Google, LLC.",OpenSK Cryptographic Module,No PQC Mechanisms Detected,FIPS 140-3 L1,deprecated,2025-10-23,https://csrc.nist.gov/projects/cryptographic-module-validation-program/certificate/5087,2026-06-06,not in regen,,,,,
Google GKE,FIPS 140-3,5104,"Google, LLC",BoringCrypto,No PQC Mechanisms Detected,FIPS 140-3 L3,deprecated,2025-12-09,https://csrc.nist.gov/projects/cryptographic-module-validation-program/certificate/5104,2026-05-10,not in regen,google-gke,no_pqc_cert_classical_only,url_authoritative,CMVP #5104: Classical cryptography only. PQC (ML-KEM/ML-DSA/SLH-DSA) not yet validated under this certificate. CMVP PQC module validation anticipated 2026-2027 per NIST CMVP roadmap.,2026-05-06
Google GKE,FIPS 140-3,5165,"Google, LLC.",River Redux Cryptographic Module,No PQC Mechanisms Detected,FIPS 140-3 L1,deprecated,2026-03-18,https://csrc.nist.gov/projects/cryptographic-module-validation-program/certificate/5165,2026-06-06,not in regen,,,,,
Google GKE,FIPS 140-3,5244,"Google, LLC",BoringCrypto,No PQC Mechanisms Detected,FIPS 140-3 L1,deprecated,2026-04-18,https://csrc.nist.gov/projects/cryptographic-module-validation-program/certificate/5244,2026-06-04,not in regen,,,,,
Google GKE,FIPS 140-3,5296,"Google, LLC",BoringCrypto,No PQC Mechanisms Detected,FIPS 140-3 L1,deprecated,2026-06-02,https://csrc.nist.gov/projects/cryptographic-module-validation-program/certificate/5296,2026-06-06,not in regen,,,,,
Google OpenTitan,ACVP,A7700,"Google, Inc.",BoringCrypto,"ML-DSA, ML-KEM, SLH-DSA",,deprecated,2025-11-21,https://csrc.nist.gov/projects/cryptographic-algorithm-validation-program/details?product=20486,2026-06-06,not in regen,,,,,
Google OpenTitan,ACVP,A8355,"Google, LLC",Trusty TEE,"ML-DSA, ML-KEM, SLH-DSA",,deprecated,2026-05-19,https://csrc.nist.gov/projects/cryptographic-algorithm-validation-program/details?product=21185,2026-06-06,not in regen,,,,,
Google OpenTitan,FIPS 140-3,4367,"Google, LLC.",Titan-D Chip,No PQC Mechanisms Detected,FIPS 140-3 L1,deprecated,2022-11-15,https://csrc.nist.gov/projects/cryptographic-module-validation-program/certificate/4367,2026-06-06,not in regen,,,,,
Google OpenTitan,FIPS 140-3,5087,"Google, LLC.",OpenSK Cryptographic Module,No PQC Mechanisms Detected,FIPS 140-3 L1,deprecated,2025-10-23,https://csrc.nist.gov/projects/cryptographic-module-validation-program/certificate/5087,2026-06-06,not in regen,,,,,
Google OpenTitan,FIPS 140-3,5104,"Google, LLC",BoringCrypto,No PQC Mechanisms Detected,FIPS 140-3 L3,deprecated,2025-12-09,https://csrc.nist.gov/projects/cryptographic-module-validation-program/certificate/5104,2026-05-10,not in regen,google-opentitan,no_pqc_cert_classical_only,url_authoritative,CMVP #5104: Classical cryptography only. PQC (ML-KEM/ML-DSA/SLH-DSA) not yet validated under this certificate. CMVP PQC module validation anticipated 2026-2027 per NIST CMVP roadmap.,2026-05-06
Google OpenTitan,FIPS 140-3,5166,"Google, LLC.",Titan-BPN Cryptographic Module,No PQC Mechanisms Detected,FIPS 140-3 L1,deprecated,2026-03-18,https://csrc.nist.gov/projects/cryptographic-module-validation-program/certificate/5166,2026-06-06,not in regen,,,,,
Google OpenTitan,FIPS 140-3,5165,"Google, LLC.",River Redux Cryptographic Module,No PQC Mechanisms Detected,FIPS 140-3 L1,deprecated,2026-03-18,https://csrc.nist.gov/projects/cryptographic-module-validation-program/certificate/5165,2026-06-06,not in regen,,,,,
Google OpenTitan,FIPS 140-3,5244,"Google, LLC",BoringCrypto,No PQC Mechanisms Detected,FIPS 140-3 L1,deprecated,2026-04-18,https://csrc.nist.gov/projects/cryptographic-module-validation-program/certificate/5244,2026-06-04,not in regen,,,,,
Google OpenTitan,FIPS 140-3,5296,"Google, LLC",BoringCrypto,No PQC Mechanisms Detected,FIPS 140-3 L1,deprecated,2026-06-02,https://csrc.nist.gov/projects/cryptographic-module-validation-program/certificate/5296,2026-06-06,not in regen,,,,,
Google Tink,ACVP,A7700,"Google, Inc.",BoringCrypto,"ML-DSA, ML-KEM, SLH-DSA",,deprecated,2025-11-21,https://csrc.nist.gov/projects/cryptographic-algorithm-validation-program/details?product=20486,2026-06-06,not in regen,,,,,
Google Tink,ACVP,A8355,"Google, LLC",Trusty TEE,"ML-DSA, ML-KEM, SLH-DSA",,deprecated,2026-05-19,https://csrc.nist.gov/projects/cryptographic-algorithm-validation-program/details?product=21185,2026-06-06,not in regen,,,,,
Google Tink,FIPS 140-3,5087,"Google, LLC.",OpenSK Cryptographic Module,No PQC Mechanisms Detected,FIPS 140-3 L1,deprecated,2025-10-23,https://csrc.nist.gov/projects/cryptographic-module-validation-program/certificate/5087,2026-06-06,not in regen,,,,,
Google Tink,FIPS 140-3,5104,"Google, LLC",BoringCrypto,No PQC Mechanisms Detected,FIPS 140-3 L3,deprecated,2025-12-09,https://csrc.nist.gov/projects/cryptographic-module-validation-program/certificate/5104,2026-05-10,not in regen,google-tink,no_pqc_cert_classical_only,url_authoritative,CMVP #5104: Classical cryptography only. PQC (ML-KEM/ML-DSA/SLH-DSA) not yet validated under this certificate. CMVP PQC module validation anticipated 2026-2027 per NIST CMVP roadmap.,2026-05-06
Google Tink,FIPS 140-3,5165,"Google, LLC.",River Redux Cryptographic Module,No PQC Mechanisms Detected,FIPS 140-3 L1,deprecated,2026-03-18,https://csrc.nist.gov/projects/cryptographic-module-validation-program/certificate/5165,2026-06-06,not in regen,,,,,
Google Tink,FIPS 140-3,5244,"Google, LLC",BoringCrypto,No PQC Mechanisms Detected,FIPS 140-3 L1,deprecated,2026-04-18,https://csrc.nist.gov/projects/cryptographic-module-validation-program/certificate/5244,2026-06-04,not in regen,,,,,
Google Tink,FIPS 140-3,5296,"Google, LLC",BoringCrypto,No PQC Mechanisms Detected,FIPS 140-3 L1,deprecated,2026-06-02,https://csrc.nist.gov/projects/cryptographic-module-validation-program/certificate/5296,2026-06-06,not in regen,,,,,
Google Workspace Identity,FIPS 140-3,5087,"Google, LLC.",OpenSK Cryptographic Module,No PQC Mechanisms Detected,FIPS 140-3 L1,deprecated,2025-10-23,https://csrc.nist.gov/projects/cryptographic-module-validation-program/certificate/5087,2026-06-02,not in regen,,,,,
Google Workspace Identity,FIPS 140-3,5165,"Google, LLC.",River Redux Cryptographic Module,No PQC Mechanisms Detected,FIPS 140-3 L1,deprecated,2026-03-18,https://csrc.nist.gov/projects/cryptographic-module-validation-program/certificate/5165,2026-06-02,not in regen,,,,,
Google Workspace Identity,FIPS 140-3,5244,"Google, LLC",BoringCrypto,No PQC Mechanisms Detected,FIPS 140-3 L1,deprecated,2026-04-18,https://csrc.nist.gov/projects/cryptographic-module-validation-program/certificate/5244,2026-06-02,not in regen,,,,,
HP Endpoint Security Controller Cryptographic Library,FIPS 140-3,5198,HP Inc.,HP Endpoint Security Controller Cryptographic Library,LMS,FIPS 140-3 L1,Active,2026-03-13,https://csrc.nist.gov/projects/cryptographic-module-validation-program/certificate/5198,,,,,,,
HP Enterprise Printers PQC,FIPS 140-3,5124,HP Inc.,HPI Crypto Module for Java,No PQC Mechanisms Detected,FIPS 140-3 L1,deprecated,2026-01-13,https://csrc.nist.gov/projects/cryptographic-module-validation-program/certificate/5124,2026-06-06,not in regen,,,,,
HP Enterprise Printers PQC,FIPS 140-3,5198,HP Inc.,HP Endpoint Security Controller Cryptographic Library,No PQC Mechanisms Detected,FIPS 140-3 L1,deprecated,2026-03-13,https://csrc.nist.gov/projects/cryptographic-module-validation-program/certificate/5198,2026-06-06,not in regen,,,,,
HP Enterprise Printers PQC,FIPS 140-3,5199,HP Inc,HP Anyware Cryptographic Module,No PQC Mechanisms Detected,FIPS 140-3 L1,deprecated,2026-03-18,https://csrc.nist.gov/projects/cryptographic-module-validation-program/certificate/5199,2026-06-06,not in regen,,,,,
HPE Alletra MP,FIPS 140-3,5011,"Hewlett Packard, Inc.",HP Poly Cryptographic Module,No PQC Mechanisms Detected,FIPS 140-3 L1,deprecated,2025-04-29,https://csrc.nist.gov/projects/cryptographic-module-validation-program/certificate/5011,2026-06-06,not in regen,,,,,
HPE Alletra MP,FIPS 140-3,5148,Hewlett Packard Enterprise,HPE Java Cryptographic Module,No PQC Mechanisms Detected,FIPS 140-3 L1,deprecated,2026-01-27,https://csrc.nist.gov/projects/cryptographic-module-validation-program/certificate/5148,2026-06-06,not in regen,,,,,
HPE Alletra MP,FIPS 140-3,5152,HPE Aruba Networking,HPE Aruba Networking AOS-CX Cryptographic Module,No PQC Mechanisms Detected,FIPS 140-3 L1,deprecated,2026-02-04,https://csrc.nist.gov/projects/cryptographic-module-validation-program/certificate/5152,2026-06-06,not in regen,,,,,
HPE Aruba ArubaOS-CX,FIPS 140-3,4067,"Aruba, a Hewlett Packard Enterprise company","Aruba AP-318, AP-344, AP-345, AP-374, AP-375, AP-377 and AP-387 Outdoor Access Points with ArubaOS FIPS Firmware",No PQC Mechanisms Detected,FIPS 140-3 L2,Active,2021-11-04,https://csrc.nist.gov/projects/cryptographic-module-validation-program/certificate/4067,,,,,,,
HPE Aruba ArubaOS-CX,FIPS 140-3,4543,"Aruba, a Hewlett Packard Enterprise company","Aruba IAP-315, IAP-345, IAP-377, IAP-503H, IAP-505H, IAP-504, IAP-505, IAP-514, IAP-515, IAP-534, IAP-535, IAP-555, IAP-635, and IAP-655 Wireless Access Points",No PQC Mechanisms Detected,FIPS 140-3 L2,deprecated,2023-06-29,https://csrc.nist.gov/projects/cryptographic-module-validation-program/certificate/4543,2026-06-06,not in regen,,,,,
HPE Aruba ArubaOS-CX,FIPS 140-3,4916,"Aruba, a Hewlett Packard Enterprise company","AP-514, AP-515, AP-534, AP-535, AP-584, AP-585, AP-587, AP-635 and AP-655 Access Points",No PQC Mechanisms Detected,FIPS 140-3 L2,deprecated,2024-12-12,https://csrc.nist.gov/projects/cryptographic-module-validation-program/certificate/4916,2026-06-06,not in regen,,,,,
HPE Aruba ArubaOS-CX,FIPS 140-3,5148,Hewlett Packard Enterprise,HPE Java Cryptographic Module,No PQC Mechanisms Detected,FIPS 140-3 L1,deprecated,2026-01-27,https://csrc.nist.gov/projects/cryptographic-module-validation-program/certificate/5148,2026-06-06,not in regen,,,,,
HPE Aruba ArubaOS-CX,FIPS 140-3,5152,HPE Aruba Networking,HPE Aruba Networking AOS-CX Cryptographic Module,No PQC Mechanisms Detected,FIPS 140-3 L1,Active,2026-02-04,https://csrc.nist.gov/projects/cryptographic-module-validation-program/certificate/5152,,,,,,,
HPE ProLiant Gen12,FIPS 140-3,5011,"Hewlett Packard, Inc.",HP Poly Cryptographic Module,No PQC Mechanisms Detected,FIPS 140-3 L1,deprecated,2025-04-29,https://csrc.nist.gov/projects/cryptographic-module-validation-program/certificate/5011,2026-06-06,not in regen,,,,,
HPE ProLiant Gen12,FIPS 140-3,5148,Hewlett Packard Enterprise,HPE Java Cryptographic Module,No PQC Mechanisms Detected,FIPS 140-3 L1,deprecated,2026-01-27,https://csrc.nist.gov/projects/cryptographic-module-validation-program/certificate/5148,2026-06-06,not in regen,,,,,
HPE ProLiant Gen12,FIPS 140-3,5152,HPE Aruba Networking,HPE Aruba Networking AOS-CX Cryptographic Module,No PQC Mechanisms Detected,FIPS 140-3 L1,deprecated,2026-02-04,https://csrc.nist.gov/projects/cryptographic-module-validation-program/certificate/5152,2026-06-06,not in regen,,,,,
Huawei PQC Network Security,FIPS 140-3,4235,"Huawei Technologies CO., Ltd.",Huawei EulerOS 2.0 OpenSSL Cryptographic Module,No PQC Mechanisms Detected,FIPS 140-3 L1,deprecated,2022-05-25,https://csrc.nist.gov/projects/cryptographic-module-validation-program/certificate/4235,2026-06-06,not in regen,,,,,
Huawei PQC Network Security,FIPS 140-3,4261,"Huawei Technologies Co., Ltd.",HSSD_V6 Series,No PQC Mechanisms Detected,FIPS 140-3 L2,deprecated,2022-07-08,https://csrc.nist.gov/projects/cryptographic-module-validation-program/certificate/4261,2026-06-06,not in regen,,,,,
I4P Trident HSM,Common Criteria,cc-trident-version-3-1-3-z5zm,I4P-informatikai Kft. (I4P Informatics Ltd.) (Scheme: IT),Trident version 3.1.3,SPHINCS+,"EAL4+,ALC_FLR.3,AVA_VAN.5",deprecated,2024-04-16,https://www.commoncriteriaportal.org/files/epfiles/st_trident_313_v3.5.pdf,2026-05-10,not in regen,i4p-trident-hsm,pqc_cert_present,url_needs_review,CMVP #cc-trident-version-3-1-3-z5zm: PQC mechanisms detected. Verify algorithms at https://csrc.nist.gov/projects/cryptographic-module-validation-program/certificate/cc-trident-version-3-1-3-z5zm,2026-05-06
I4P Trident HSM,Common Criteria,cc-trident-version-3-2-3-yy4e,I4P-informatikai Kft. (I4P Informatics Ltd.) (Scheme: IT),Trident version 3.2.3,"ML-KEM, ML-DSA, SLH-DSA","EAL4+,ALC_FLR.3,AVA_VAN.5",Active,2025-08-04,https://commoncriteriaportal.org/files/epfiles/st_trident_323_v.4.1.pdf,,,,,,,
I4P Trident HSM,Common Criteria,cc-trident-version-3-2-3-hgwx,I4P-informatikai Kft. (I4P Informatics Ltd.) (Scheme: IT),Trident version 3.2.3,"ML-KEM, ML-DSA, SLH-DSA","EAL4+,ALC_FLR.3,AVA_VAN.5",deprecated,2025-08-04,https://commoncriteriaportal.org/files/epfiles/st_trident_323_v.4.1.pdf,2026-06-06,not in regen,,,,,
I4P Trident HSM,Common Criteria,cc-trident-version-3-2-3-cclx,I4P-informatikai Kft. (I4P Informatics Ltd.) (Scheme: IT),Trident version 3.2.3,"ML-KEM, ML-DSA, SLH-DSA","EAL4+,ALC_FLR.3,AVA_VAN.5",deprecated,2025-08-04,https://www.commoncriteriaportal.org/files/epfiles/st_trident_323_v.4.1.pdf,2026-06-04,not in regen,,,,,
I4P Trident HSM,Common Criteria,cc-trident-version-3-2-3-zobv,I4P-informatikai Kft. (I4P Informatics Ltd.) (Scheme: IT),Trident version 3.2.3,"ML-KEM, ML-DSA, SLH-DSA","EAL4+,ALC_FLR.3,AVA_VAN.5",deprecated,2025-08-04,https://www.commoncriteriaportal.org/files/epfiles/st_trident_323_v.4.1.pdf,2026-05-16,not in regen,,,,,
I4P Trident HSM,Common Criteria,cc-trident-version-3-2-3-8xdv,I4P-informatikai Kft. (I4P Informatics Ltd.) (Scheme: IT),Trident version 3.2.3,"ML-KEM, ML-DSA, SLH-DSA, SPHINCS+","EAL4+,ALC_FLR.3,AVA_VAN.5",deprecated,2025-08-04,https://www.commoncriteriaportal.org/files/epfiles/st_trident_323_v.4.1.pdf,2026-05-10,not in regen,i4p-trident-hsm,pqc_cert_present,url_needs_review,CMVP #cc-trident-version-3-2-3-8xdv: PQC mechanisms detected. Verify algorithms at https://csrc.nist.gov/projects/cryptographic-module-validation-program/certificate/cc-trident-version-3-2-3-8xdv,2026-05-06
IBM Aspera,FIPS 140-3,4755,IBM Corporation,IBM® Crypto for C,No PQC Mechanisms Detected,FIPS 140-3 L3,deprecated,2024-08-09,https://csrc.nist.gov/projects/cryptographic-module-validation-program/certificate/4755,2026-05-10,not in regen,ibm-aspera,no_pqc_cert_classical_only,url_authoritative,CMVP #4755: Classical cryptography only. PQC (ML-KEM/ML-DSA/SLH-DSA) not yet validated under this certificate. CMVP PQC module validation anticipated 2026-2027 per NIST CMVP roadmap.,2026-05-06
IBM Aspera,FIPS 140-3,4789,IBM,IBM DataPower FIPS Provider,No PQC Mechanisms Detected,FIPS 140-3 L1,deprecated,2024-09-06,https://csrc.nist.gov/projects/cryptographic-module-validation-program/certificate/4789,2026-06-06,not in regen,,,,,
IBM Aspera,FIPS 140-3,4889,IBM,AIX FIPS Crypto Provider for OpenSSL 3,No PQC Mechanisms Detected,FIPS 140-3 L1,deprecated,2024-11-18,https://csrc.nist.gov/projects/cryptographic-module-validation-program/certificate/4889,2026-06-06,not in regen,,,,,
IBM Aspera,FIPS 140-3,5221,IBM Corporation,IBM ClevOS 3 OpenSSL Cryptographic Module,No PQC Mechanisms Detected,FIPS 140-3 L1,deprecated,2026-04-01,https://csrc.nist.gov/projects/cryptographic-module-validation-program/certificate/5221,2026-06-06,not in regen,,,,,
IBM Cloud HSM (Utimaco),ACVP,A7400,Utimaco IS GmbH,Lattice Module - ML,"ML-DSA, ML-KEM",,deprecated,2025-09-17,https://csrc.nist.gov/projects/cryptographic-algorithm-validation-program/details?product=20181,2026-06-06,not in regen,,,,,
IBM Cloud HSM (Utimaco),ACVP,A7401,Utimaco IS GmbH,Stateful hash based Module - HBS,LMS,,deprecated,2025-09-17,https://csrc.nist.gov/projects/cryptographic-algorithm-validation-program/details?product=20182,2026-06-06,not in regen,,,,,
IBM Cloud HSM (Utimaco),FIPS 140-3,3886,Utimaco IS GmbH,CryptoServer CSe-Series,No PQC Mechanisms Detected,FIPS 140-3 L3,deprecated,2021-04-07,https://csrc.nist.gov/projects/cryptographic-module-validation-program/certificate/3886,2026-05-10,not in regen,ibm-cloud-hsm-utimaco,no_pqc_cert_classical_only,url_authoritative,CMVP #3886: Classical cryptography only. PQC (ML-KEM/ML-DSA/SLH-DSA) not yet validated under this certificate. CMVP PQC module validation anticipated 2026-2027 per NIST CMVP roadmap.,2026-05-06
IBM Cloud HSM (Utimaco),FIPS 140-3,3925,Utimaco IS GmbH,CryptoServer Se-Series Gen2,No PQC Mechanisms Detected,FIPS 140-3 L3,deprecated,2021-05-10,https://csrc.nist.gov/projects/cryptographic-module-validation-program/certificate/3925,2026-05-16,not in regen,,,,,
IBM Cloud HSM (Utimaco),FIPS 140-3,4151,Utimaco IS GmbH,u.trust Anchor,No PQC Mechanisms Detected,FIPS 140-3 L3,deprecated,2022-02-10,https://csrc.nist.gov/projects/cryptographic-module-validation-program/certificate/4151,2026-05-10,not in regen,ibm-cloud-hsm-utimaco,no_pqc_cert_classical_only,url_authoritative,CMVP #4151: Classical cryptography only. PQC (ML-KEM/ML-DSA/SLH-DSA) not yet validated under this certificate. CMVP PQC module validation anticipated 2026-2027 per NIST CMVP roadmap.,2026-05-06
IBM Cloud HSM (Utimaco),FIPS 140-3,4992,Utimaco Inc.,Atalla Cryptographic Subsystem (ACS),No PQC Mechanisms Detected,FIPS 140-3 L3,deprecated,2025-03-25,https://csrc.nist.gov/projects/cryptographic-module-validation-program/certificate/4992,2026-06-06,not in regen,,,,,
IBM Cloud HSM (Utimaco),FIPS 140-3,5223,Utimaco IS GmbH,u.trust Anchor,No PQC Mechanisms Detected,FIPS 140-3 L3,deprecated,2026-04-01,https://csrc.nist.gov/projects/cryptographic-module-validation-program/certificate/5223,2026-06-06,not in regen,,,,,
IBM Db2,ACVP,A8454,IBM Corporation,IBM 4770-001 CCA Hardware Security Module (CLIC),"ML-DSA, ML-KEM",,deprecated,2026-06-02,https://csrc.nist.gov/projects/cryptographic-algorithm-validation-program/details?product=21295,2026-06-06,not in regen,,,,,
IBM Db2,FIPS 140-3,4755,IBM Corporation,IBM® Crypto for C,No PQC Mechanisms Detected,FIPS 140-3 L3,deprecated,2024-08-09,https://csrc.nist.gov/projects/cryptographic-module-validation-program/certificate/4755,2026-05-10,not in regen,ibm-db2,no_pqc_cert_classical_only,url_authoritative,CMVP #4755: Classical cryptography only. PQC (ML-KEM/ML-DSA/SLH-DSA) not yet validated under this certificate. CMVP PQC module validation anticipated 2026-2027 per NIST CMVP roadmap.,2026-05-06
IBM Db2,FIPS 140-3,4789,IBM,IBM DataPower FIPS Provider,No PQC Mechanisms Detected,FIPS 140-3 L1,deprecated,2024-09-06,https://csrc.nist.gov/projects/cryptographic-module-validation-program/certificate/4789,2026-06-06,not in regen,,,,,
IBM Db2,FIPS 140-3,4889,IBM,AIX FIPS Crypto Provider for OpenSSL 3,No PQC Mechanisms Detected,FIPS 140-3 L1,deprecated,2024-11-18,https://csrc.nist.gov/projects/cryptographic-module-validation-program/certificate/4889,2026-06-06,not in regen,,,,,
IBM Db2,FIPS 140-3,5221,IBM Corporation,IBM ClevOS 3 OpenSSL Cryptographic Module,No PQC Mechanisms Detected,FIPS 140-3 L1,deprecated,2026-04-01,https://csrc.nist.gov/projects/cryptographic-module-validation-program/certificate/5221,2026-06-06,not in regen,,,,,
IBM Guardium Key Lifecycle Manager,ACVP,A8454,IBM Corporation,IBM 4770-001 CCA Hardware Security Module (CLIC),"ML-DSA, ML-KEM",,deprecated,2026-06-02,https://csrc.nist.gov/projects/cryptographic-algorithm-validation-program/details?product=21295,2026-06-06,not in regen,,,,,
IBM Guardium Key Lifecycle Manager,FIPS 140-3,4079,IBM Corporation,IBM 4769-001 Cryptographic Coprocessor Security Module,No PQC Mechanisms Detected,FIPS 140-3 L1,deprecated,2021-11-29,https://csrc.nist.gov/projects/cryptographic-module-validation-program/certificate/4079,2026-06-06,not in regen,,,,,
IBM Guardium Key Lifecycle Manager,FIPS 140-3,4553,IBM,IBM 4769-001 Enterprise PKCS#11 HSM Cryptographic Coprocessor Security Module,No PQC Mechanisms Detected,FIPS 140-3 L1,deprecated,2023-07-27,https://csrc.nist.gov/projects/cryptographic-module-validation-program/certificate/4553,2026-06-06,not in regen,,,,,
IBM Guardium Key Lifecycle Manager,FIPS 140-3,4558,IBM,IBM 4770-001 Enterprise PKCS#11 HSM Cryptographic Coprocessor Security Module,No PQC Mechanisms Detected,FIPS 140-3 L1,deprecated,2023-08-18,https://csrc.nist.gov/projects/cryptographic-module-validation-program/certificate/4558,2026-06-06,not in regen,,,,,
IBM Guardium Key Lifecycle Manager,FIPS 140-3,4789,IBM,IBM DataPower FIPS Provider,No PQC Mechanisms Detected,FIPS 140-3 L3,deprecated,2024-09-06,https://csrc.nist.gov/projects/cryptographic-module-validation-program/certificate/4789,2026-05-10,not in regen,ibm-guardium-key-lifecycle-manager,no_pqc_cert_classical_only,url_authoritative,CMVP #4789: Classical cryptography only. PQC (ML-KEM/ML-DSA/SLH-DSA) not yet validated under this certificate. CMVP PQC module validation anticipated 2026-2027 per NIST CMVP roadmap.,2026-05-06
IBM Guardium Key Lifecycle Manager,FIPS 140-3,4889,IBM,AIX FIPS Crypto Provider for OpenSSL 3,No PQC Mechanisms Detected,FIPS 140-3 L1,deprecated,2024-11-18,https://csrc.nist.gov/projects/cryptographic-module-validation-program/certificate/4889,2026-06-06,not in regen,,,,,
IBM Guardium Key Lifecycle Manager,FIPS 140-3,5221,IBM Corporation,IBM ClevOS 3 OpenSSL Cryptographic Module,No PQC Mechanisms Detected,FIPS 140-3 L1,deprecated,2026-04-01,https://csrc.nist.gov/projects/cryptographic-module-validation-program/certificate/5221,2026-06-06,not in regen,,,,,
IBM Guardium Quantum Safe,FIPS 140-3,4755,IBM Corporation,IBM® Crypto for C,No PQC Mechanisms Detected,FIPS 140-3 L3,deprecated,2024-08-09,https://csrc.nist.gov/projects/cryptographic-module-validation-program/certificate/4755,2026-05-10,not in regen,ibm-guardium-quantum-safe,no_pqc_cert_classical_only,url_authoritative,CMVP #4755: Classical cryptography only. PQC (ML-KEM/ML-DSA/SLH-DSA) not yet validated under this certificate. CMVP PQC module validation anticipated 2026-2027 per NIST CMVP roadmap.,2026-05-06
IBM Guardium Quantum Safe,FIPS 140-3,4789,IBM,IBM DataPower FIPS Provider,No PQC Mechanisms Detected,FIPS 140-3 L1,deprecated,2024-09-06,https://csrc.nist.gov/projects/cryptographic-module-validation-program/certificate/4789,2026-06-06,not in regen,,,,,
IBM Guardium Quantum Safe,FIPS 140-3,4889,IBM,AIX FIPS Crypto Provider for OpenSSL 3,No PQC Mechanisms Detected,FIPS 140-3 L1,deprecated,2024-11-18,https://csrc.nist.gov/projects/cryptographic-module-validation-program/certificate/4889,2026-06-06,not in regen,,,,,
IBM Guardium Quantum Safe,FIPS 140-3,5221,IBM Corporation,IBM ClevOS 3 OpenSSL Cryptographic Module,No PQC Mechanisms Detected,FIPS 140-3 L1,deprecated,2026-04-01,https://csrc.nist.gov/projects/cryptographic-module-validation-program/certificate/5221,2026-06-06,not in regen,,,,,
IBM Guardium Safe,FIPS 140-3,4755,IBM Corporation,IBM® Crypto for C,No PQC Mechanisms Detected,FIPS 140-3 L3,deprecated,2024-08-09,https://csrc.nist.gov/projects/cryptographic-module-validation-program/certificate/4755,2026-05-10,not in regen,ibm-guardium-safe,no_pqc_cert_classical_only,url_authoritative,CMVP #4755: Classical cryptography only. PQC (ML-KEM/ML-DSA/SLH-DSA) not yet validated under this certificate. CMVP PQC module validation anticipated 2026-2027 per NIST CMVP roadmap.,2026-05-06
IBM Guardium Safe,FIPS 140-3,4789,IBM,IBM DataPower FIPS Provider,No PQC Mechanisms Detected,FIPS 140-3 L1,deprecated,2024-09-06,https://csrc.nist.gov/projects/cryptographic-module-validation-program/certificate/4789,2026-06-06,not in regen,,,,,
IBM Guardium Safe,FIPS 140-3,4889,IBM,AIX FIPS Crypto Provider for OpenSSL 3,No PQC Mechanisms Detected,FIPS 140-3 L1,deprecated,2024-11-18,https://csrc.nist.gov/projects/cryptographic-module-validation-program/certificate/4889,2026-06-06,not in regen,,,,,
IBM Guardium Safe,FIPS 140-3,5221,IBM Corporation,IBM ClevOS 3 OpenSSL Cryptographic Module,No PQC Mechanisms Detected,FIPS 140-3 L1,deprecated,2026-04-01,https://csrc.nist.gov/projects/cryptographic-module-validation-program/certificate/5221,2026-06-06,not in regen,,,,,
IBM LinuxONE PQC,FIPS 140-3,4755,IBM Corporation,IBM® Crypto for C,No PQC Mechanisms Detected,FIPS 140-3 L3,deprecated,2024-08-09,https://csrc.nist.gov/projects/cryptographic-module-validation-program/certificate/4755,2026-05-10,not in regen,ibm-linuxone-pqc,no_pqc_cert_classical_only,url_authoritative,CMVP #4755: Classical cryptography only. PQC (ML-KEM/ML-DSA/SLH-DSA) not yet validated under this certificate. CMVP PQC module validation anticipated 2026-2027 per NIST CMVP roadmap.,2026-05-06
IBM LinuxONE PQC,FIPS 140-3,4789,IBM,IBM DataPower FIPS Provider,No PQC Mechanisms Detected,FIPS 140-3 L1,deprecated,2024-09-06,https://csrc.nist.gov/projects/cryptographic-module-validation-program/certificate/4789,2026-06-06,not in regen,,,,,
IBM LinuxONE PQC,FIPS 140-3,4889,IBM,AIX FIPS Crypto Provider for OpenSSL 3,No PQC Mechanisms Detected,FIPS 140-3 L1,deprecated,2024-11-18,https://csrc.nist.gov/projects/cryptographic-module-validation-program/certificate/4889,2026-06-06,not in regen,,,,,
IBM LinuxONE PQC,FIPS 140-3,5221,IBM Corporation,IBM ClevOS 3 OpenSSL Cryptographic Module,No PQC Mechanisms Detected,FIPS 140-3 L1,deprecated,2026-04-01,https://csrc.nist.gov/projects/cryptographic-module-validation-program/certificate/5221,2026-06-06,not in regen,,,,,
IBM MQ,FIPS 140-3,4755,IBM Corporation,IBM® Crypto for C,No PQC Mechanisms Detected,FIPS 140-3 L3,deprecated,2024-08-09,https://csrc.nist.gov/projects/cryptographic-module-validation-program/certificate/4755,2026-05-10,not in regen,ibm-mq,no_pqc_cert_classical_only,url_authoritative,CMVP #4755: Classical cryptography only. PQC (ML-KEM/ML-DSA/SLH-DSA) not yet validated under this certificate. CMVP PQC module validation anticipated 2026-2027 per NIST CMVP roadmap.,2026-05-06
IBM MQ,FIPS 140-3,4789,IBM,IBM DataPower FIPS Provider,No PQC Mechanisms Detected,FIPS 140-3 L1,deprecated,2024-09-06,https://csrc.nist.gov/projects/cryptographic-module-validation-program/certificate/4789,2026-06-06,not in regen,,,,,
IBM MQ,FIPS 140-3,4889,IBM,AIX FIPS Crypto Provider for OpenSSL 3,No PQC Mechanisms Detected,FIPS 140-3 L1,deprecated,2024-11-18,https://csrc.nist.gov/projects/cryptographic-module-validation-program/certificate/4889,2026-06-06,not in regen,,,,,
IBM MQ,FIPS 140-3,5221,IBM Corporation,IBM ClevOS 3 OpenSSL Cryptographic Module,No PQC Mechanisms Detected,FIPS 140-3 L1,deprecated,2026-04-01,https://csrc.nist.gov/projects/cryptographic-module-validation-program/certificate/5221,2026-06-06,not in regen,,,,,
IBM Quantum Safe Toolkit,FIPS 140-3,4755,IBM Corporation,IBM® Crypto for C,No PQC Mechanisms Detected,FIPS 140-3 L3,deprecated,2024-08-09,https://csrc.nist.gov/projects/cryptographic-module-validation-program/certificate/4755,2026-05-10,not in regen,ibm-quantum-safe-toolkit,no_pqc_cert_classical_only,url_authoritative,CMVP #4755: Classical cryptography only. PQC (ML-KEM/ML-DSA/SLH-DSA) not yet validated under this certificate. CMVP PQC module validation anticipated 2026-2027 per NIST CMVP roadmap.,2026-05-06
IBM Quantum Safe Toolkit,FIPS 140-3,4789,IBM,IBM DataPower FIPS Provider,No PQC Mechanisms Detected,FIPS 140-3 L1,deprecated,2024-09-06,https://csrc.nist.gov/projects/cryptographic-module-validation-program/certificate/4789,2026-06-06,not in regen,,,,,
IBM Quantum Safe Toolkit,FIPS 140-3,4889,IBM,AIX FIPS Crypto Provider for OpenSSL 3,No PQC Mechanisms Detected,FIPS 140-3 L1,deprecated,2024-11-18,https://csrc.nist.gov/projects/cryptographic-module-validation-program/certificate/4889,2026-06-06,not in regen,,,,,
IBM Quantum Safe Toolkit,FIPS 140-3,5221,IBM Corporation,IBM ClevOS 3 OpenSSL Cryptographic Module,No PQC Mechanisms Detected,FIPS 140-3 L1,deprecated,2026-04-01,https://csrc.nist.gov/projects/cryptographic-module-validation-program/certificate/5221,2026-06-06,not in regen,,,,,
IBM Security Guardium Data Protection,FIPS 140-3,4755,IBM Corporation,IBM® Crypto for C,No PQC Mechanisms Detected,FIPS 140-3 L3,deprecated,2024-08-09,https://csrc.nist.gov/projects/cryptographic-module-validation-program/certificate/4755,2026-05-10,not in regen,ibm-security-guardium-data-protection,no_pqc_cert_classical_only,url_authoritative,CMVP #4755: Classical cryptography only. PQC (ML-KEM/ML-DSA/SLH-DSA) not yet validated under this certificate. CMVP PQC module validation anticipated 2026-2027 per NIST CMVP roadmap.,2026-05-06
IBM Security Guardium Data Protection,FIPS 140-3,4789,IBM,IBM DataPower FIPS Provider,No PQC Mechanisms Detected,FIPS 140-3 L1,deprecated,2024-09-06,https://csrc.nist.gov/projects/cryptographic-module-validation-program/certificate/4789,2026-06-06,not in regen,,,,,
IBM Security Guardium Data Protection,FIPS 140-3,4889,IBM,AIX FIPS Crypto Provider for OpenSSL 3,No PQC Mechanisms Detected,FIPS 140-3 L1,deprecated,2024-11-18,https://csrc.nist.gov/projects/cryptographic-module-validation-program/certificate/4889,2026-06-06,not in regen,,,,,
IBM Security Guardium Data Protection,FIPS 140-3,5221,IBM Corporation,IBM ClevOS 3 OpenSSL Cryptographic Module,No PQC Mechanisms Detected,FIPS 140-3 L1,deprecated,2026-04-01,https://csrc.nist.gov/projects/cryptographic-module-validation-program/certificate/5221,2026-06-06,not in regen,,,,,
IBM Storage Scale 5.2,FIPS 140-3,4755,IBM Corporation,IBM® Crypto for C,No PQC Mechanisms Detected,FIPS 140-3 L3,deprecated,2024-08-09,https://csrc.nist.gov/projects/cryptographic-module-validation-program/certificate/4755,2026-05-10,not in regen,ibm-storage-scale-5-2,no_pqc_cert_classical_only,url_authoritative,CMVP #4755: Classical cryptography only. PQC (ML-KEM/ML-DSA/SLH-DSA) not yet validated under this certificate. CMVP PQC module validation anticipated 2026-2027 per NIST CMVP roadmap.,2026-05-06
IBM Storage Scale 5.2,FIPS 140-3,4789,IBM,IBM DataPower FIPS Provider,No PQC Mechanisms Detected,FIPS 140-3 L1,deprecated,2024-09-06,https://csrc.nist.gov/projects/cryptographic-module-validation-program/certificate/4789,2026-06-06,not in regen,,,,,
IBM Storage Scale 5.2,FIPS 140-3,4889,IBM,AIX FIPS Crypto Provider for OpenSSL 3,No PQC Mechanisms Detected,FIPS 140-3 L1,deprecated,2024-11-18,https://csrc.nist.gov/projects/cryptographic-module-validation-program/certificate/4889,2026-06-06,not in regen,,,,,
IBM Storage Scale 5.2,FIPS 140-3,5221,IBM Corporation,IBM ClevOS 3 OpenSSL Cryptographic Module,No PQC Mechanisms Detected,FIPS 140-3 L1,deprecated,2026-04-01,https://csrc.nist.gov/projects/cryptographic-module-validation-program/certificate/5221,2026-06-06,not in regen,,,,,
IBM z/OS Cryptographic Services (ICSF),FIPS 140-3,4755,IBM Corporation,IBM® Crypto for C,No PQC Mechanisms Detected,FIPS 140-3 L3,deprecated,2024-08-09,https://csrc.nist.gov/projects/cryptographic-module-validation-program/certificate/4755,2026-05-10,not in regen,ibm-z-os-cryptographic-services-icsf,no_pqc_cert_classical_only,url_authoritative,CMVP #4755: Classical cryptography only. PQC (ML-KEM/ML-DSA/SLH-DSA) not yet validated under this certificate. CMVP PQC module validation anticipated 2026-2027 per NIST CMVP roadmap.,2026-05-06
IBM z/OS Cryptographic Services (ICSF),FIPS 140-3,4789,IBM,IBM DataPower FIPS Provider,No PQC Mechanisms Detected,FIPS 140-3 L1,deprecated,2024-09-06,https://csrc.nist.gov/projects/cryptographic-module-validation-program/certificate/4789,2026-06-06,not in regen,,,,,
IBM z/OS Cryptographic Services (ICSF),FIPS 140-3,4889,IBM,AIX FIPS Crypto Provider for OpenSSL 3,No PQC Mechanisms Detected,FIPS 140-3 L1,deprecated,2024-11-18,https://csrc.nist.gov/projects/cryptographic-module-validation-program/certificate/4889,2026-06-06,not in regen,,,,,
IBM z/OS Cryptographic Services (ICSF),FIPS 140-3,5221,IBM Corporation,IBM ClevOS 3 OpenSSL Cryptographic Module,No PQC Mechanisms Detected,FIPS 140-3 L1,deprecated,2026-04-01,https://csrc.nist.gov/projects/cryptographic-module-validation-program/certificate/5221,2026-06-06,not in regen,,,,,
IBM z/VSE,FIPS 140-3,4530,IBM Corporation,IBM® z/VM® Version 7 Release 2 System SSL Cryptographic Module,No PQC Mechanisms Detected,FIPS 140-3 L1,deprecated,2023-06-05,https://csrc.nist.gov/projects/cryptographic-module-validation-program/certificate/4530,2026-06-06,not in regen,,,,,
IBM z/VSE,FIPS 140-3,4591,IBM Corporation,IBM® z/OS® Version 2 Release 4 ICSF PKCS #11 Cryptographic Module,No PQC Mechanisms Detected,FIPS 140-3 L3,deprecated,2023-09-11,https://csrc.nist.gov/projects/cryptographic-module-validation-program/certificate/4591,2026-05-10,not in regen,ibm-z-vse,no_pqc_cert_classical_only,url_authoritative,CMVP #4591: Classical cryptography only. PQC (ML-KEM/ML-DSA/SLH-DSA) not yet validated under this certificate. CMVP PQC module validation anticipated 2026-2027 per NIST CMVP roadmap.,2026-05-06
IBM z/VSE,FIPS 140-3,4618,IBM Corporation,IBM® z/OS® Version 2 Release 4 System SSL Cryptographic Module,No PQC Mechanisms Detected,FIPS 140-3 L1,deprecated,2023-09-28,https://csrc.nist.gov/projects/cryptographic-module-validation-program/certificate/4618,2026-06-04,not in regen,,,,,
IBM z/VSE,FIPS 140-3,4755,IBM Corporation,IBM® Crypto for C,No PQC Mechanisms Detected,FIPS 140-3 L1,deprecated,2024-08-09,https://csrc.nist.gov/projects/cryptographic-module-validation-program/certificate/4755,2026-06-06,not in regen,,,,,
IBM z/VSE,FIPS 140-3,4789,IBM,IBM DataPower FIPS Provider,No PQC Mechanisms Detected,FIPS 140-3 L1,deprecated,2024-09-06,https://csrc.nist.gov/projects/cryptographic-module-validation-program/certificate/4789,2026-06-06,not in regen,,,,,
IBM z/VSE,FIPS 140-3,4889,IBM,AIX FIPS Crypto Provider for OpenSSL 3,No PQC Mechanisms Detected,FIPS 140-3 L1,deprecated,2024-11-18,https://csrc.nist.gov/projects/cryptographic-module-validation-program/certificate/4889,2026-06-06,not in regen,,,,,
IBM z/VSE,FIPS 140-3,5221,IBM Corporation,IBM ClevOS 3 OpenSSL Cryptographic Module,No PQC Mechanisms Detected,FIPS 140-3 L1,deprecated,2026-04-01,https://csrc.nist.gov/projects/cryptographic-module-validation-program/certificate/5221,2026-06-06,not in regen,,,,,
IBM z16 Crypto Express 8S,ACVP,A8454,IBM Corporation,IBM 4770-001 CCA Hardware Security Module (CLIC),"ML-DSA, ML-KEM",,deprecated,2026-06-02,https://csrc.nist.gov/projects/cryptographic-algorithm-validation-program/details?product=21295,2026-06-06,not in regen,,,,,
IBM z16 Crypto Express 8S,FIPS 140-3,4079,IBM Corporation,IBM 4769-001 Cryptographic Coprocessor Security Module,No PQC Mechanisms Detected,FIPS 140-3 L1,deprecated,2021-11-29,https://csrc.nist.gov/projects/cryptographic-module-validation-program/certificate/4079,2026-06-06,not in regen,,,,,
IBM z16 Crypto Express 8S,FIPS 140-3,4553,IBM,IBM 4769-001 Enterprise PKCS#11 HSM Cryptographic Coprocessor Security Module,No PQC Mechanisms Detected,FIPS 140-3 L1,deprecated,2023-07-27,https://csrc.nist.gov/projects/cryptographic-module-validation-program/certificate/4553,2026-06-06,not in regen,,,,,
IBM z16 Crypto Express 8S,FIPS 140-3,4558,IBM,IBM 4770-001 Enterprise PKCS#11 HSM Cryptographic Coprocessor Security Module,No PQC Mechanisms Detected,FIPS 140-3 L1,deprecated,2023-08-18,https://csrc.nist.gov/projects/cryptographic-module-validation-program/certificate/4558,2026-06-06,not in regen,,,,,
IBM z16 Crypto Express 8S,FIPS 140-3,4889,IBM,AIX FIPS Crypto Provider for OpenSSL 3,No PQC Mechanisms Detected,FIPS 140-3 L1,deprecated,2024-11-18,https://csrc.nist.gov/projects/cryptographic-module-validation-program/certificate/4889,2026-06-06,not in regen,,,,,
IBM z16 Crypto Express 8S,FIPS 140-3,5221,IBM Corporation,IBM ClevOS 3 OpenSSL Cryptographic Module,No PQC Mechanisms Detected,FIPS 140-3 L1,deprecated,2026-04-01,https://csrc.nist.gov/projects/cryptographic-module-validation-program/certificate/5221,2026-06-06,not in regen,,,,,
IBM z17 Quantum Safe,FIPS 140-3,4755,IBM Corporation,IBM® Crypto for C,No PQC Mechanisms Detected,FIPS 140-3 L3,deprecated,2024-08-09,https://csrc.nist.gov/projects/cryptographic-module-validation-program/certificate/4755,2026-05-10,not in regen,ibm-z17-quantum-safe,no_pqc_cert_classical_only,url_authoritative,CMVP #4755: Classical cryptography only. PQC (ML-KEM/ML-DSA/SLH-DSA) not yet validated under this certificate. CMVP PQC module validation anticipated 2026-2027 per NIST CMVP roadmap.,2026-05-06
IBM z17 Quantum Safe,FIPS 140-3,4789,IBM,IBM DataPower FIPS Provider,No PQC Mechanisms Detected,FIPS 140-3 L1,deprecated,2024-09-06,https://csrc.nist.gov/projects/cryptographic-module-validation-program/certificate/4789,2026-06-06,not in regen,,,,,
IBM z17 Quantum Safe,FIPS 140-3,4889,IBM,AIX FIPS Crypto Provider for OpenSSL 3,No PQC Mechanisms Detected,FIPS 140-3 L1,deprecated,2024-11-18,https://csrc.nist.gov/projects/cryptographic-module-validation-program/certificate/4889,2026-06-06,not in regen,,,,,
IBM z17 Quantum Safe,FIPS 140-3,5221,IBM Corporation,IBM ClevOS 3 OpenSSL Cryptographic Module,No PQC Mechanisms Detected,FIPS 140-3 L1,deprecated,2026-04-01,https://csrc.nist.gov/projects/cryptographic-module-validation-program/certificate/5221,2026-06-06,not in regen,,,,,
IDEMIA Digital Identity Platform,ACVP,A6961,IDEMIA Secure Transactions,IDEMIA Sphere Cryptographic Library,"LMS, ML-DSA, ML-KEM, SLH-DSA",,deprecated,2025-05-28,https://csrc.nist.gov/projects/cryptographic-algorithm-validation-program/details?product=19694,2026-06-06,not in regen,,,,,
IDEMIA Digital Identity Platform,FIPS 140-3,4827,IDEMIA,FIPS Applet on RookySE,No PQC Mechanisms Detected,FIPS 140-3 L3,deprecated,2024-10-11,https://csrc.nist.gov/projects/cryptographic-module-validation-program/certificate/4827,2026-06-06,not in regen,,,,,
IDEMIA Digital Identity Platform,FIPS 140-3,5024,IDEMIA,ID-One PIV 243 in NPIVP & CIV Configurations,No PQC Mechanisms Detected,FIPS 140-3 L2,deprecated,2025-06-09,https://csrc.nist.gov/projects/cryptographic-module-validation-program/certificate/5024,2026-06-06,not in regen,,,,,
IDEMIA Digital Identity Platform,FIPS 140-3,5027,IDEMIA,ID-One PIV 243 in SPE Configurations,No PQC Mechanisms Detected,FIPS 140-3 L3,deprecated,2025-06-17,https://csrc.nist.gov/projects/cryptographic-module-validation-program/certificate/5027,2026-06-06,not in regen,,,,,
IDEMIA PQC Secure Element,ACVP,A6961,IDEMIA Secure Transactions,IDEMIA Sphere Cryptographic Library,"LMS, ML-DSA, ML-KEM, SLH-DSA",,deprecated,2025-05-28,https://csrc.nist.gov/projects/cryptographic-algorithm-validation-program/details?product=19694,2026-06-06,not in regen,,,,,
IDEMIA PQC Secure Element,FIPS 140-3,4827,IDEMIA,FIPS Applet on RookySE,No PQC Mechanisms Detected,FIPS 140-3 L3,deprecated,2024-10-11,https://csrc.nist.gov/projects/cryptographic-module-validation-program/certificate/4827,2026-06-06,not in regen,,,,,
IDEMIA PQC Secure Element,FIPS 140-3,5024,IDEMIA,ID-One PIV 243 in NPIVP & CIV Configurations,No PQC Mechanisms Detected,FIPS 140-3 L2,deprecated,2025-06-09,https://csrc.nist.gov/projects/cryptographic-module-validation-program/certificate/5024,2026-06-06,not in regen,,,,,
IDEMIA PQC Secure Element,FIPS 140-3,5027,IDEMIA,ID-One PIV 243 in SPE Configurations,No PQC Mechanisms Detected,FIPS 140-3 L3,deprecated,2025-06-17,https://csrc.nist.gov/projects/cryptographic-module-validation-program/certificate/5027,2026-06-06,not in regen,,,,,
Infineon AURIX TC49 PQC,FIPS 140-3,4446,Infineon Technologies AG,SLS37CSAUS V2X,No PQC Mechanisms Detected,FIPS 140-3 L3,deprecated,2023-03-07,https://csrc.nist.gov/projects/cryptographic-module-validation-program/certificate/4446,2026-06-06,not in regen,,,,,
Infineon OPTIGA TPM SLB 9672,FIPS 140-3,4347,Infineon Technologies AG,Trusted Platform Module 2.0 SLB 9672,No PQC Mechanisms Detected,FIPS 140-3 L2,Active,2022-10-24,https://csrc.nist.gov/projects/cryptographic-module-validation-program/certificate/4347,,,,,,,
Infineon OPTIGA TPM SLB 9672,FIPS 140-3,4446,Infineon Technologies AG,SLS37CSAUS V2X,No PQC Mechanisms Detected,FIPS 140-3 L3,deprecated,2023-03-07,https://csrc.nist.gov/projects/cryptographic-module-validation-program/certificate/4446,2026-06-06,not in regen,,,,,
Infineon OPTIGA TPM SLB 9672,FIPS 140-3,4468,Infineon Technologies AG,Trusted Platform Module 2.0 SLB 9672 FW 17.25 and SLB 9673 FW 27.25,No PQC Mechanisms Detected,FIPS 140-3 L2,Active,2023-04-07,https://csrc.nist.gov/projects/cryptographic-module-validation-program/certificate/4468,,,,,,,
Infineon OPTIGA TPM SLB 9672,FIPS 140-3,4467,Infineon Technologies AG,Trusted Platform Module 2.0 SLB 9672 FW 16.25 and SLB 9673 FW 26.25,No PQC Mechanisms Detected,FIPS 140-3 L2,Active,2023-04-07,https://csrc.nist.gov/projects/cryptographic-module-validation-program/certificate/4467,,,,,,,
Infineon PSOC Control C3 PQC,FIPS 140-3,4446,Infineon Technologies AG,SLS37CSAUS V2X,No PQC Mechanisms Detected,FIPS 140-3 L3,deprecated,2023-03-07,https://csrc.nist.gov/projects/cryptographic-module-validation-program/certificate/4446,2026-06-06,not in regen,,,,,
Infineon TEGRION SLC27 PQC,FIPS 140-3,4347,Infineon Technologies AG,Trusted Platform Module 2.0 SLB 9672,No PQC Mechanisms Detected,FIPS 140-3 L2,deprecated,2022-10-24,https://csrc.nist.gov/projects/cryptographic-module-validation-program/certificate/4347,2026-06-06,not in regen,,,,,
Infineon TEGRION SLC27 PQC,FIPS 140-3,4468,Infineon Technologies AG,Trusted Platform Module 2.0 SLB 9672 FW 17.25 and SLB 9673 FW 27.25,No PQC Mechanisms Detected,FIPS 140-3 L2,deprecated,2023-04-07,https://csrc.nist.gov/projects/cryptographic-module-validation-program/certificate/4468,2026-06-06,not in regen,,,,,
Infineon TEGRION SLC27 PQC,FIPS 140-3,4467,Infineon Technologies AG,Trusted Platform Module 2.0 SLB 9672 FW 16.25 and SLB 9673 FW 26.25,No PQC Mechanisms Detected,FIPS 140-3 L2,deprecated,2023-04-07,https://csrc.nist.gov/projects/cryptographic-module-validation-program/certificate/4467,2026-06-06,not in regen,,,,,
Infineon TEGRION SLI22 Automotive,FIPS 140-3,4446,Infineon Technologies AG,SLS37CSAUS V2X,No PQC Mechanisms Detected,FIPS 140-3 L3,deprecated,2023-03-07,https://csrc.nist.gov/projects/cryptographic-module-validation-program/certificate/4446,2026-06-06,not in regen,,,,,
Intel Platform Trust Technology (PTT),ACVP,A7332,Intel Corporation,liboqs,"ML-DSA, ML-KEM",,deprecated,2025-08-14,https://csrc.nist.gov/projects/cryptographic-algorithm-validation-program/details?product=20098,2026-06-06,not in regen,,,,,
Intel Platform Trust Technology (PTT),FIPS 140-3,4150,Intel Corporation,"Intel® Converged Security and Manageability Engine (CSME) Crypto Module for Tiger Point PCH, Mule Creek Canyon PCH, and Rocket Lake PCH",No PQC Mechanisms Detected,FIPS 140-3 L1,deprecated,2022-02-10,https://csrc.nist.gov/projects/cryptographic-module-validation-program/certificate/4150,2026-05-16,not in regen,,,,,
Intel Platform Trust Technology (PTT),FIPS 140-3,4158,Intel Corporation,Cryptographic Module for Intel® Converged Security and Manageability Engine (CSME),No PQC Mechanisms Detected,FIPS 140-3 L1,deprecated,2022-02-17,https://csrc.nist.gov/projects/cryptographic-module-validation-program/certificate/4158,2026-06-06,not in regen,,,,,
Intel Platform Trust Technology (PTT),FIPS 140-3,4648,Intel Corporation,Cryptographic Module for Intel® Platforms' Security Engine Chipset,No PQC Mechanisms Detected,FIPS 140-3 L1,deprecated,2023-10-26,https://csrc.nist.gov/projects/cryptographic-module-validation-program/certificate/4648,2026-06-06,not in regen,,,,,
Intel Platform Trust Technology (PTT),FIPS 140-3,4749,Intel Corporation,Crypto Module for Intel® Alder Point PCH Converged Security and Manageability Engine (CSME),No PQC Mechanisms Detected,FIPS 140-3 L2,deprecated,2024-08-02,https://csrc.nist.gov/projects/cryptographic-module-validation-program/certificate/4749,2026-06-06,not in regen,,,,,
Intel Platform Trust Technology (PTT),FIPS 140-3,5032,Intel Corporation,Intel® QuickAssist Technology (QAT) Provider,No PQC Mechanisms Detected,FIPS 140-3 L1,deprecated,2025-06-26,https://csrc.nist.gov/projects/cryptographic-module-validation-program/certificate/5032,2026-06-06,not in regen,,,,,
Intel Platform Trust Technology (PTT),FIPS 140-3,5267,Intel Corporation,Intel FNIC Control Plane Cryptographic Module,No PQC Mechanisms Detected,FIPS 140-3 L1,deprecated,2026-05-13,https://csrc.nist.gov/projects/cryptographic-module-validation-program/certificate/5267,2026-06-06,not in regen,,,,,
Intel Stratix 10 (Secure),ACVP,A7332,Intel Corporation,liboqs,"ML-DSA, ML-KEM",,deprecated,2025-08-14,https://csrc.nist.gov/projects/cryptographic-algorithm-validation-program/details?product=20098,2026-06-02,not in regen,,,,,
Intel Stratix 10 (Secure),FIPS 140-3,4150,Intel Corporation,"Intel® Converged Security and Manageability Engine (CSME) Crypto Module for Tiger Point PCH, Mule Creek Canyon PCH, and Rocket Lake PCH",No PQC Mechanisms Detected,FIPS 140-3 L1,deprecated,2022-02-10,https://csrc.nist.gov/projects/cryptographic-module-validation-program/certificate/4150,2026-05-16,not in regen,,,,,
Intel Stratix 10 (Secure),FIPS 140-3,4158,Intel Corporation,Cryptographic Module for Intel® Converged Security and Manageability Engine (CSME),No PQC Mechanisms Detected,FIPS 140-3 L1,deprecated,2022-02-17,https://csrc.nist.gov/projects/cryptographic-module-validation-program/certificate/4158,2026-06-02,not in regen,,,,,
Intel Stratix 10 (Secure),FIPS 140-3,4648,Intel Corporation,Cryptographic Module for Intel® Platforms' Security Engine Chipset,No PQC Mechanisms Detected,FIPS 140-3 L1,deprecated,2023-10-26,https://csrc.nist.gov/projects/cryptographic-module-validation-program/certificate/4648,2026-06-02,not in regen,,,,,
Intel Stratix 10 (Secure),FIPS 140-3,4749,Intel Corporation,Crypto Module for Intel® Alder Point PCH Converged Security and Manageability Engine (CSME),No PQC Mechanisms Detected,FIPS 140-3 L2,deprecated,2024-08-02,https://csrc.nist.gov/projects/cryptographic-module-validation-program/certificate/4749,2026-06-02,not in regen,,,,,
Intel Stratix 10 (Secure),FIPS 140-3,5032,Intel Corporation,Intel® QuickAssist Technology (QAT) Provider,No PQC Mechanisms Detected,FIPS 140-3 L1,deprecated,2025-06-26,https://csrc.nist.gov/projects/cryptographic-module-validation-program/certificate/5032,2026-06-02,not in regen,,,,,
Intel Stratix 10 (Secure),FIPS 140-3,5267,Intel Corporation,Intel FNIC Control Plane Cryptographic Module,No PQC Mechanisms Detected,FIPS 140-3 L1,deprecated,2026-05-13,https://csrc.nist.gov/projects/cryptographic-module-validation-program/certificate/5267,2026-06-02,not in regen,,,,,
Intel TDX (Trust Domain Extensions),ACVP,A7332,Intel Corporation,liboqs,"ML-DSA, ML-KEM",,deprecated,2025-08-14,https://csrc.nist.gov/projects/cryptographic-algorithm-validation-program/details?product=20098,2026-06-06,not in regen,,,,,
Intel TDX (Trust Domain Extensions),FIPS 140-3,4648,Intel Corporation,Cryptographic Module for Intel® Platforms' Security Engine Chipset,No PQC Mechanisms Detected,FIPS 140-3 L1,deprecated,2023-10-26,https://csrc.nist.gov/projects/cryptographic-module-validation-program/certificate/4648,2026-05-16,not in regen,,,,,
Intel TDX (Trust Domain Extensions),FIPS 140-3,4749,Intel Corporation,Crypto Module for Intel® Alder Point PCH Converged Security and Manageability Engine (CSME),No PQC Mechanisms Detected,FIPS 140-3 L2,deprecated,2024-08-02,https://csrc.nist.gov/projects/cryptographic-module-validation-program/certificate/4749,2026-06-06,not in regen,,,,,
Intel TDX (Trust Domain Extensions),FIPS 140-3,5032,Intel Corporation,Intel® QuickAssist Technology (QAT) Provider,No PQC Mechanisms Detected,FIPS 140-3 L1,deprecated,2025-06-26,https://csrc.nist.gov/projects/cryptographic-module-validation-program/certificate/5032,2026-06-06,not in regen,,,,,
Intel TDX (Trust Domain Extensions),FIPS 140-3,5267,Intel Corporation,Intel FNIC Control Plane Cryptographic Module,No PQC Mechanisms Detected,FIPS 140-3 L1,deprecated,2026-05-13,https://csrc.nist.gov/projects/cryptographic-module-validation-program/certificate/5267,2026-06-06,not in regen,,,,,
Juniper Junos OS,FIPS 140-3,4961,"Juniper Networks, Inc.",Juniper Networks PTX10008 and PTX10016 Packet Transport Routers,No PQC Mechanisms Detected,FIPS 140-3 L1,deprecated,2025-02-07,https://csrc.nist.gov/projects/cryptographic-module-validation-program/certificate/4961,2026-06-04,not in regen,,,,,
Juniper Junos OS,FIPS 140-3,4960,"Juniper Networks, Inc.",Juniper Networks PTX1000 Packet Transport Router,No PQC Mechanisms Detected,FIPS 140-3 L1,deprecated,2025-02-07,https://csrc.nist.gov/projects/cryptographic-module-validation-program/certificate/4960,2026-05-16,not in regen,,,,,
Juniper Junos OS,FIPS 140-3,5118,"Juniper Networks, Inc.",Juniper Networks MX304 and EX4100 with MACsec,No PQC Mechanisms Detected,FIPS 140-3 L1,deprecated,2026-01-09,https://csrc.nist.gov/projects/cryptographic-module-validation-program/certificate/5118,2026-06-04,not in regen,,,,,
Juniper Junos OS,FIPS 140-3,5136,Juniper Networks,"Juniper Networks EX, QFX and ACX Series with MACsec",No PQC Mechanisms Detected,FIPS 140-3 L1,deprecated,2026-01-15,https://csrc.nist.gov/projects/cryptographic-module-validation-program/certificate/5136,2026-06-04,not in regen,,,,,
Juniper Junos OS,FIPS 140-3,5134,"Juniper Networks, Inc.",Juniper Networks MX Series 3D Universal Edge Routers,No PQC Mechanisms Detected,FIPS 140-3 L1,deprecated,2026-01-15,https://csrc.nist.gov/projects/cryptographic-module-validation-program/certificate/5134,2026-06-04,not in regen,,,,,
Juniper Junos OS,FIPS 140-3,5266,"Juniper Networks, Inc.","Juniper Networks MX240, MX480 and MX960 series and EX9204, EX9208, EX9214 Ethernet Switches, Junos OS 22.3R1",No PQC Mechanisms Detected,FIPS 140-3 L1,Active,2026-05-13,https://csrc.nist.gov/projects/cryptographic-module-validation-program/certificate/5266,,,,,,,
Juniper Junos OS,FIPS 140-3,5281,"Juniper Networks, Inc.","Juniper Networks EX2300, EX2300-C and EX3400 Ethernet Switches",No PQC Mechanisms Detected,FIPS 140-3 L1,deprecated,2026-05-20,https://csrc.nist.gov/projects/cryptographic-module-validation-program/certificate/5281,2026-06-06,not in regen,,,,,
Juniper Junos OS,FIPS 140-3,5279,"Juniper Networks, Inc.",Juniper Networks MX10003 3D Universal Edge Router,No PQC Mechanisms Detected,FIPS 140-3 L1,deprecated,2026-05-20,https://csrc.nist.gov/projects/cryptographic-module-validation-program/certificate/5279,2026-06-06,not in regen,,,,,
Juniper Junos OS,FIPS 140-3,5278,"Juniper Networks, Inc.","Juniper Networks MX240, MX480 and MX960 series and EX9204, EX9208, EX9214 Ethernet Switches, Release 23.4R1.9",No PQC Mechanisms Detected,FIPS 140-3 L1,deprecated,2026-05-20,https://csrc.nist.gov/projects/cryptographic-module-validation-program/certificate/5278,2026-06-06,not in regen,,,,,
Juniper Junos OS,FIPS 140-3,5277,"Juniper Networks, Inc.",Juniper Networks MX2010 and MX2020 3D Universal Edge Routers,No PQC Mechanisms Detected,FIPS 140-3 L1,deprecated,2026-05-20,https://csrc.nist.gov/projects/cryptographic-module-validation-program/certificate/5277,2026-06-06,not in regen,,,,,
Juniper SRX Series Firewalls,FIPS 140-3,4625,"Juniper Networks, Inc","Juniper Networks SRX345, SRX345-DUAL-AC, SRX380 and SRX1500 Services Gateway",No PQC Mechanisms Detected,FIPS 140-3 L2,deprecated,2023-10-04,https://csrc.nist.gov/projects/cryptographic-module-validation-program/certificate/4625,2026-06-06,not in regen,,,,,
Juniper SRX Series Firewalls,FIPS 140-3,5119,"Juniper Networks, Inc.",Juniper Networks EX4100,No PQC Mechanisms Detected,FIPS 140-3 L1,deprecated,2026-01-09,https://csrc.nist.gov/projects/cryptographic-module-validation-program/certificate/5119,2026-05-16,not in regen,,,,,
Juniper SRX Series Firewalls,FIPS 140-3,5135,Juniper Networks,"Juniper Networks EX, QFX and ACX Series",No PQC Mechanisms Detected,FIPS 140-3 L1,Active,2026-01-15,https://csrc.nist.gov/projects/cryptographic-module-validation-program/certificate/5135,,,,,,,
Juniper SRX Series Firewalls,FIPS 140-3,5141,"Juniper Networks, Inc",Juniper Networks SRX Series Services Gateways,No PQC Mechanisms Detected,FIPS 140-3 L2,Active,2026-01-18,https://csrc.nist.gov/projects/cryptographic-module-validation-program/certificate/5141,,,,,,,
Juniper SRX Series Firewalls,FIPS 140-3,5150,"Juniper Networks, Inc.",Juniper Networks vSRX 3.0 Virtual Firewall,No PQC Mechanisms Detected,FIPS 140-3 L1,deprecated,2026-01-28,https://csrc.nist.gov/projects/cryptographic-module-validation-program/certificate/5150,2026-06-06,not in regen,,,,,
Juniper SRX Series Firewalls,FIPS 140-3,5265,"Juniper Networks, Inc.",Juniper Networks NFX350 Network Services Platform,No PQC Mechanisms Detected,FIPS 140-3 L1,deprecated,2026-05-13,https://csrc.nist.gov/projects/cryptographic-module-validation-program/certificate/5265,2026-06-06,not in regen,,,,,
Kiteworks PQC File Sharing,FIPS 140-3,4893,Kiteworks (Accellion Inc.),Kiteworks FIPS Module,No PQC Mechanisms Detected,FIPS 140-3 L1,deprecated,2024-11-20,https://csrc.nist.gov/projects/cryptographic-module-validation-program/certificate/4893,2026-06-06,not in regen,,,,,
Kiteworks PQC File Sharing,FIPS 140-3,4980,Kiteworks,Kiteworks Cryptographic Module,No PQC Mechanisms Detected,FIPS 140-3 L1,deprecated,2025-03-03,https://csrc.nist.gov/projects/cryptographic-module-validation-program/certificate/4980,2026-06-06,not in regen,,,,,
Marvell LiquidSecurity 2,ACVP,A6877,"Marvell Semiconductor, Inc.",LS2-OQS-Crypto,"ML-DSA, ML-KEM",,deprecated,2025-05-01,https://csrc.nist.gov/projects/cryptographic-algorithm-validation-program/details?product=19612,2026-06-06,not in regen,,,,,
Marvell LiquidSecurity 2,ACVP,A8465,"Marvell Semiconductor, Inc.",LS2-OQS-Crypto,ML-DSA,,deprecated,2026-06-03,https://csrc.nist.gov/projects/cryptographic-algorithm-validation-program/details?product=21213,2026-06-06,not in regen,,,,,
Marvell LiquidSecurity 2,Common Criteria,cc-marvell-ls2-hsm-hardware-version--cn9310410-03-c-firmware-version--marvell-ls2-fw-10-24-0780-bootloader-version--marvell-ls2-uboot-10-24-0702-r01-sb-or-marvell-ls2-uboot-10-24-0702-r02-sb-hf52,"Marvell Semiconductor, Inc (Scheme: NL)",Marvell LS2 HSM Hardware version: CN9310410-03 C Firmware version: MARVELL-LS2-FW-10.24-0780 Bootloader version: MARVELL-LS2-UBOOT-10.24-0702-R01-SB or MARVELL-LS2-UBOOT-10.24-0702-R02-SB,ML-KEM,"EAL4+,ALC_FLR.3,AVA_VAN.5",deprecated,2026-02-23,https://commoncriteriaportal.org/files/epfiles/NSCIB-CC-2400151-01-ST.pdf,2026-06-06,not in regen,,,,,
Marvell LiquidSecurity 2,Common Criteria,cc-marvell-ls2-hsm-hardware-version--cn9310410-03-c-firmware-version--marvell-ls2-fw-10-24-0780-bootloader-version--marvell-ls2-uboot-10-24-0702-r01-sb-or-marvell-ls2-uboot-10-24-0702-r02-sb-kg4i,"Marvell Semiconductor, Inc (Scheme: NL)",Marvell LS2 HSM Hardware version: CN9310410-03 C Firmware version: MARVELL-LS2-FW-10.24-0780 Bootloader version: MARVELL-LS2-UBOOT-10.24-0702-R01-SB or MARVELL-LS2-UBOOT-10.24-0702-R02-SB,ML-KEM,"EAL4+,ALC_FLR.3,AVA_VAN.5",deprecated,2026-02-23,https://www.commoncriteriaportal.org/files/epfiles/NSCIB-CC-2400151-01-ST.pdf,2026-06-04,not in regen,,,,,
Marvell LiquidSecurity 2,Common Criteria,cc-marvell-ls2-hsm-hardware-version--cn9310410-03-c-firmware-version--marvell-ls2-fw-10-24-0780-bootloader-version--marvell-ls2-uboot-10-24-0702-r01-sb-or-marvell-ls2-uboot-10-24-0702-r02-sb-c1qk,"Marvell Semiconductor, Inc (Scheme: NL)",Marvell LS2 HSM Hardware version: CN9310410-03 C Firmware version: MARVELL-LS2-FW-10.24-0780 Bootloader version: MARVELL-LS2-UBOOT-10.24-0702-R01-SB or MARVELL-LS2-UBOOT-10.24-0702-R02-SB,ML-KEM,"EAL4+,ALC_FLR.3,AVA_VAN.5",deprecated,2026-02-23,https://www.commoncriteriaportal.org/files/epfiles/NSCIB-CC-2400151-01-ST.pdf,2026-05-16,not in regen,,,,,
Marvell LiquidSecurity 2,Common Criteria,cc-marvell-ls2-hsm-hardware-version--cn9310410-03-c-firmware-version--marvell-ls2-fw-10-24-0780-bootloader-version--marvell-ls2-uboot-10-24-0702-r01-sb-or-marvell-ls2-uboot-10-24-0702-r02-sb-psm2,"Marvell Semiconductor, Inc (Scheme: NL)",Marvell LS2 HSM Hardware version: CN9310410-03 C Firmware version: MARVELL-LS2-FW-10.24-0780 Bootloader version: MARVELL-LS2-UBOOT-10.24-0702-R01-SB or MARVELL-LS2-UBOOT-10.24-0702-R02-SB,"ML-KEM, ML-DSA","EAL4+,ALC_FLR.3,AVA_VAN.5",deprecated,2026-02-23,https://www.commoncriteriaportal.org/files/epfiles/NSCIB-CC-2400151-01-ST.pdf,2026-05-10,not in regen,marvell-liquidsecurity-2,pqc_cert_present,url_needs_review,CMVP #cc-marvell-ls2-hsm-hardware-version--cn9310410-03-c-firmware-version--marvell-ls2-fw-10-24-0780-bootloader-version--marvell-ls2-uboot-10-24-0702-r01-sb-or-marvell-ls2-uboot-10-24-0702-r02-sb-psm2: PQC mechanisms detected. Verify algorithms at https://csrc.nist.gov/projects/cryptographic-module-validation-program/certificate/cc-marvell-ls2-hsm-hardware-version--cn9310410-03-c-firmware-version--marvell-ls2-fw-10-24-0780-bootloader-version--marvell-ls2-uboot-10-24-0702-r01-sb-or-marvell-ls2-uboot-10-24-0702-r02-sb-psm2,2026-05-06
Marvell LiquidSecurity 2,FIPS 140-3,4700,"Marvell Semiconductor, Inc.",NITROXIII CNN35XX-NFBE HSM Family,No PQC Mechanisms Detected,FIPS 140-3 L3,deprecated,2024-05-30,https://csrc.nist.gov/projects/cryptographic-module-validation-program/certificate/4700,2026-06-06,not in regen,,,,,
Marvell LiquidSecurity 2,FIPS 140-3,4703,"Marvell Semiconductor, Inc.",Marvell LS2 HSM Family,No PQC Mechanisms Detected,FIPS 140-3 L3,deprecated,2024-06-06,https://csrc.nist.gov/projects/cryptographic-module-validation-program/certificate/4703,2026-06-06,not in regen,,,,,
Microsoft AD CS,FIPS 140-3,4766,Microsoft Corporation,Kernel Mode Cryptographic Primitives Library,No PQC Mechanisms Detected,FIPS 140-3 L1,deprecated,2024-08-19,https://csrc.nist.gov/projects/cryptographic-module-validation-program/certificate/4766,2026-06-06,not in regen,,,,,
Microsoft AD CS,FIPS 140-3,4825,Microsoft Corporation,Cryptographic Primitives Library,No PQC Mechanisms Detected,FIPS 140-3 L1,deprecated,2024-10-07,https://csrc.nist.gov/projects/cryptographic-module-validation-program/certificate/4825,2026-06-06,not in regen,,,,,
Microsoft Azure,FIPS 140-3,4766,Microsoft Corporation,Kernel Mode Cryptographic Primitives Library,No PQC Mechanisms Detected,FIPS 140-3 L1,deprecated,2024-08-19,https://csrc.nist.gov/projects/cryptographic-module-validation-program/certificate/4766,2026-06-06,not in regen,,,,,
Microsoft Azure,FIPS 140-3,4825,Microsoft Corporation,Cryptographic Primitives Library,No PQC Mechanisms Detected,FIPS 140-3 L1,deprecated,2024-10-07,https://csrc.nist.gov/projects/cryptographic-module-validation-program/certificate/4825,2026-06-06,not in regen,,,,,
Microsoft Defender for Endpoint,FIPS 140-3,4766,Microsoft Corporation,Kernel Mode Cryptographic Primitives Library,No PQC Mechanisms Detected,FIPS 140-3 L1,deprecated,2024-08-19,https://csrc.nist.gov/projects/cryptographic-module-validation-program/certificate/4766,2026-06-06,not in regen,,,,,
Microsoft Defender for Endpoint,FIPS 140-3,4825,Microsoft Corporation,Cryptographic Primitives Library,No PQC Mechanisms Detected,FIPS 140-3 L1,deprecated,2024-10-07,https://csrc.nist.gov/projects/cryptographic-module-validation-program/certificate/4825,2026-06-06,not in regen,,,,,
Microsoft Edge,FIPS 140-3,4766,Microsoft Corporation,Kernel Mode Cryptographic Primitives Library,No PQC Mechanisms Detected,FIPS 140-3 L1,deprecated,2024-08-19,https://csrc.nist.gov/projects/cryptographic-module-validation-program/certificate/4766,2026-06-06,not in regen,,,,,
Microsoft Edge,FIPS 140-3,4825,Microsoft Corporation,Cryptographic Primitives Library,No PQC Mechanisms Detected,FIPS 140-3 L1,deprecated,2024-10-07,https://csrc.nist.gov/projects/cryptographic-module-validation-program/certificate/4825,2026-06-06,not in regen,,,,,
Microsoft Entra External ID,FIPS 140-3,4766,Microsoft Corporation,Kernel Mode Cryptographic Primitives Library,No PQC Mechanisms Detected,FIPS 140-3 L1,deprecated,2024-08-19,https://csrc.nist.gov/projects/cryptographic-module-validation-program/certificate/4766,2026-06-06,not in regen,,,,,
Microsoft Entra External ID,FIPS 140-3,4825,Microsoft Corporation,Cryptographic Primitives Library,No PQC Mechanisms Detected,FIPS 140-3 L1,deprecated,2024-10-07,https://csrc.nist.gov/projects/cryptographic-module-validation-program/certificate/4825,2026-06-06,not in regen,,,,,
Microsoft Entra ID,FIPS 140-3,4766,Microsoft Corporation,Kernel Mode Cryptographic Primitives Library,No PQC Mechanisms Detected,FIPS 140-3 L1,deprecated,2024-08-19,https://csrc.nist.gov/projects/cryptographic-module-validation-program/certificate/4766,2026-06-06,not in regen,,,,,
Microsoft Entra ID,FIPS 140-3,4825,Microsoft Corporation,Cryptographic Primitives Library,No PQC Mechanisms Detected,FIPS 140-3 L1,deprecated,2024-10-07,https://csrc.nist.gov/projects/cryptographic-module-validation-program/certificate/4825,2026-06-06,not in regen,,,,,
Microsoft Entra Verified ID,FIPS 140-3,4766,Microsoft Corporation,Kernel Mode Cryptographic Primitives Library,No PQC Mechanisms Detected,FIPS 140-3 L1,deprecated,2024-08-19,https://csrc.nist.gov/projects/cryptographic-module-validation-program/certificate/4766,2026-06-06,not in regen,,,,,
Microsoft Entra Verified ID,FIPS 140-3,4825,Microsoft Corporation,Cryptographic Primitives Library,No PQC Mechanisms Detected,FIPS 140-3 L1,deprecated,2024-10-07,https://csrc.nist.gov/projects/cryptographic-module-validation-program/certificate/4825,2026-06-06,not in regen,,,,,
Microsoft Hyper-V,FIPS 140-3,4766,Microsoft Corporation,Kernel Mode Cryptographic Primitives Library,No PQC Mechanisms Detected,FIPS 140-3 L1,deprecated,2024-08-19,https://csrc.nist.gov/projects/cryptographic-module-validation-program/certificate/4766,2026-06-06,not in regen,,,,,
Microsoft Hyper-V,FIPS 140-3,4825,Microsoft Corporation,Cryptographic Primitives Library,No PQC Mechanisms Detected,FIPS 140-3 L1,deprecated,2024-10-07,https://csrc.nist.gov/projects/cryptographic-module-validation-program/certificate/4825,2026-06-06,not in regen,,,,,
Microsoft IIS 11,FIPS 140-3,4766,Microsoft Corporation,Kernel Mode Cryptographic Primitives Library,No PQC Mechanisms Detected,FIPS 140-3 L1,deprecated,2024-08-19,https://csrc.nist.gov/projects/cryptographic-module-validation-program/certificate/4766,2026-06-02,not in regen,,,,,
Microsoft IIS 11,FIPS 140-3,4825,Microsoft Corporation,Cryptographic Primitives Library,No PQC Mechanisms Detected,FIPS 140-3 L1,deprecated,2024-10-07,https://csrc.nist.gov/projects/cryptographic-module-validation-program/certificate/4825,2026-06-02,not in regen,,,,,
Microsoft Intune,FIPS 140-3,4766,Microsoft Corporation,Kernel Mode Cryptographic Primitives Library,No PQC Mechanisms Detected,FIPS 140-3 L1,deprecated,2024-08-19,https://csrc.nist.gov/projects/cryptographic-module-validation-program/certificate/4766,2026-06-06,not in regen,,,,,
Microsoft Intune,FIPS 140-3,4825,Microsoft Corporation,Cryptographic Primitives Library,No PQC Mechanisms Detected,FIPS 140-3 L1,deprecated,2024-10-07,https://csrc.nist.gov/projects/cryptographic-module-validation-program/certificate/4825,2026-06-06,not in regen,,,,,
Microsoft Outlook S/MIME,FIPS 140-3,4766,Microsoft Corporation,Kernel Mode Cryptographic Primitives Library,No PQC Mechanisms Detected,FIPS 140-3 L1,deprecated,2024-08-19,https://csrc.nist.gov/projects/cryptographic-module-validation-program/certificate/4766,2026-06-02,not in regen,,,,,
Microsoft Outlook S/MIME,FIPS 140-3,4825,Microsoft Corporation,Cryptographic Primitives Library,No PQC Mechanisms Detected,FIPS 140-3 L1,deprecated,2024-10-07,https://csrc.nist.gov/projects/cryptographic-module-validation-program/certificate/4825,2026-06-02,not in regen,,,,,
Microsoft PQCrypto-LWEKE,FIPS 140-3,4766,Microsoft Corporation,Kernel Mode Cryptographic Primitives Library,No PQC Mechanisms Detected,FIPS 140-3 L1,deprecated,2024-08-19,https://csrc.nist.gov/projects/cryptographic-module-validation-program/certificate/4766,2026-06-06,not in regen,,,,,
Microsoft PQCrypto-LWEKE,FIPS 140-3,4825,Microsoft Corporation,Cryptographic Primitives Library,No PQC Mechanisms Detected,FIPS 140-3 L1,deprecated,2024-10-07,https://csrc.nist.gov/projects/cryptographic-module-validation-program/certificate/4825,2026-06-06,not in regen,,,,,
Microsoft RDS,FIPS 140-3,4766,Microsoft Corporation,Kernel Mode Cryptographic Primitives Library,No PQC Mechanisms Detected,FIPS 140-3 L1,deprecated,2024-08-19,https://csrc.nist.gov/projects/cryptographic-module-validation-program/certificate/4766,2026-06-06,not in regen,,,,,
Microsoft RDS,FIPS 140-3,4825,Microsoft Corporation,Cryptographic Primitives Library,No PQC Mechanisms Detected,FIPS 140-3 L1,deprecated,2024-10-07,https://csrc.nist.gov/projects/cryptographic-module-validation-program/certificate/4825,2026-06-06,not in regen,,,,,
Microsoft Remote Desktop Services (RDS),FIPS 140-3,4766,Microsoft Corporation,Kernel Mode Cryptographic Primitives Library,No PQC Mechanisms Detected,FIPS 140-3 L1,deprecated,2024-08-19,https://csrc.nist.gov/projects/cryptographic-module-validation-program/certificate/4766,2026-06-06,not in regen,,,,,
Microsoft Remote Desktop Services (RDS),FIPS 140-3,4825,Microsoft Corporation,Cryptographic Primitives Library,No PQC Mechanisms Detected,FIPS 140-3 L1,deprecated,2024-10-07,https://csrc.nist.gov/projects/cryptographic-module-validation-program/certificate/4825,2026-06-06,not in regen,,,,,
Microsoft SignTool,FIPS 140-3,4457,Microsoft Corporation,TCB Launcher,No PQC Mechanisms Detected,FIPS 140-3 L1,deprecated,2023-03-22,https://csrc.nist.gov/projects/cryptographic-module-validation-program/certificate/4457,2026-06-06,not in regen,,,,,
Microsoft SignTool,FIPS 140-3,4546,Microsoft Corporation,Boot Manager,No PQC Mechanisms Detected,FIPS 140-3 L1,deprecated,2023-06-30,https://csrc.nist.gov/projects/cryptographic-module-validation-program/certificate/4546,2026-06-06,not in regen,,,,,
Microsoft SignTool,FIPS 140-3,4545,Microsoft Corporation,Windows OS Loader,No PQC Mechanisms Detected,FIPS 140-3 L1,deprecated,2023-06-30,https://csrc.nist.gov/projects/cryptographic-module-validation-program/certificate/4545,2026-06-06,not in regen,,,,,
Microsoft SignTool,FIPS 140-3,4602,Microsoft Corporation,Code Integrity,No PQC Mechanisms Detected,FIPS 140-3 L1,deprecated,2023-09-20,https://csrc.nist.gov/projects/cryptographic-module-validation-program/certificate/4602,2026-06-06,not in regen,,,,,
Microsoft SignTool,FIPS 140-3,4640,Microsoft Corporation,Secure Kernel Code Integrity,No PQC Mechanisms Detected,FIPS 140-3 L1,deprecated,2023-10-23,https://csrc.nist.gov/projects/cryptographic-module-validation-program/certificate/4640,2026-06-06,not in regen,,,,,
Microsoft SymCrypt,FIPS 140-3,4766,Microsoft Corporation,Kernel Mode Cryptographic Primitives Library,No PQC Mechanisms Detected,FIPS 140-3 L1,deprecated,2024-08-19,https://csrc.nist.gov/projects/cryptographic-module-validation-program/certificate/4766,2026-06-06,not in regen,,,,,
Microsoft SymCrypt,FIPS 140-3,4825,Microsoft Corporation,Cryptographic Primitives Library,No PQC Mechanisms Detected,FIPS 140-3 L1,deprecated,2024-10-07,https://csrc.nist.gov/projects/cryptographic-module-validation-program/certificate/4825,2026-06-06,not in regen,,,,,
Microsoft SymCrypt,FIPS 140-3,5313,Microsoft Corporation,Microsoft SymCrypt Cryptographic Library,"LMS, ML-DSA, ML-KEM, XMSS",FIPS 140-3 L1,Active,2026-06-05,https://csrc.nist.gov/projects/cryptographic-module-validation-program/certificate/5313,,,,,,,
Microsoft Teams / Premium,FIPS 140-3,4766,Microsoft Corporation,Kernel Mode Cryptographic Primitives Library,No PQC Mechanisms Detected,FIPS 140-3 L1,deprecated,2024-08-19,https://csrc.nist.gov/projects/cryptographic-module-validation-program/certificate/4766,2026-06-02,not in regen,,,,,
Microsoft Teams / Premium,FIPS 140-3,4825,Microsoft Corporation,Cryptographic Primitives Library,No PQC Mechanisms Detected,FIPS 140-3 L1,deprecated,2024-10-07,https://csrc.nist.gov/projects/cryptographic-module-validation-program/certificate/4825,2026-06-02,not in regen,,,,,
NEC 5G Core,FIPS 140-3,4236,NEC Corporation,NEC Storage Encryption Board for SAS,No PQC Mechanisms Detected,FIPS 140-3 L2,deprecated,2022-05-25,https://csrc.nist.gov/projects/cryptographic-module-validation-program/certificate/4236,2026-06-06,not in regen,,,,,
NXP EdgeLock SE051H,FIPS 140-3,4679,"NXP Semiconductors, Inc.",JCOP 4.5 on P71D600,No PQC Mechanisms Detected,FIPS 140-3 L3,deprecated,2024-03-11,https://csrc.nist.gov/projects/cryptographic-module-validation-program/certificate/4679,2026-06-06,not in regen,,,,,
NXP EdgeLock SE051H,FIPS 140-3,4839,"NXP Semiconductors, Inc.",i.MX8 DXL V2X,No PQC Mechanisms Detected,FIPS 140-3 L3,deprecated,2024-10-16,https://csrc.nist.gov/projects/cryptographic-module-validation-program/certificate/4839,2026-06-06,not in regen,,,,,
NXP EdgeLock SE051H,FIPS 140-3,5139,"NXP Semiconductors, Inc.",SE052F,No PQC Mechanisms Detected,FIPS 140-3 L3,deprecated,2026-01-16,https://csrc.nist.gov/projects/cryptographic-module-validation-program/certificate/5139,2026-06-06,not in regen,,,,,
NXP JCOP 4.5 P71D600,FIPS 140-3,4679,"NXP Semiconductors, Inc.",JCOP 4.5 on P71D600,No PQC Mechanisms Detected,FIPS 140-3 L3,Active,2024-03-11,https://csrc.nist.gov/projects/cryptographic-module-validation-program/certificate/4679,,,,,,,
NXP JCOP 4.5 P71D600,FIPS 140-3,5139,"NXP Semiconductors, Inc.",SE052F,No PQC Mechanisms Detected,FIPS 140-3 L3,deprecated,2026-01-16,https://csrc.nist.gov/projects/cryptographic-module-validation-program/certificate/5139,2026-06-06,not in regen,,,,,
NXP OrangeBox 2.0 PQC,FIPS 140-3,4839,"NXP Semiconductors, Inc.",i.MX8 DXL V2X,No PQC Mechanisms Detected,FIPS 140-3 L3,deprecated,2024-10-16,https://csrc.nist.gov/projects/cryptographic-module-validation-program/certificate/4839,2026-06-06,not in regen,,,,,
NXP S32K5 Automotive PQC MCU,FIPS 140-3,4839,"NXP Semiconductors, Inc.",i.MX8 DXL V2X,No PQC Mechanisms Detected,FIPS 140-3 L3,deprecated,2024-10-16,https://csrc.nist.gov/projects/cryptographic-module-validation-program/certificate/4839,2026-06-06,not in regen,,,,,
NXP SE050 Secure Element,FIPS 140-3,4679,"NXP Semiconductors, Inc.",JCOP 4.5 on P71D600,No PQC Mechanisms Detected,FIPS 140-3 L3,deprecated,2024-03-11,https://csrc.nist.gov/projects/cryptographic-module-validation-program/certificate/4679,2026-06-02,not in regen,,,,,
NXP SE050 Secure Element,FIPS 140-3,5139,"NXP Semiconductors, Inc.",SE052F,No PQC Mechanisms Detected,FIPS 140-3 L3,deprecated,2026-01-16,https://csrc.nist.gov/projects/cryptographic-module-validation-program/certificate/5139,2026-06-02,not in regen,,,,,
NXP SE051 Secure Element,FIPS 140-3,4679,"NXP Semiconductors, Inc.",JCOP 4.5 on P71D600,No PQC Mechanisms Detected,FIPS 140-3 L3,deprecated,2024-03-11,https://csrc.nist.gov/projects/cryptographic-module-validation-program/certificate/4679,2026-06-06,not in regen,,,,,
NXP SE051 Secure Element,FIPS 140-3,4839,"NXP Semiconductors, Inc.",i.MX8 DXL V2X,No PQC Mechanisms Detected,FIPS 140-3 L3,deprecated,2024-10-16,https://csrc.nist.gov/projects/cryptographic-module-validation-program/certificate/4839,2026-06-06,not in regen,,,,,
NXP SE051 Secure Element,FIPS 140-3,5139,"NXP Semiconductors, Inc.",SE052F,No PQC Mechanisms Detected,FIPS 140-3 L3,deprecated,2026-01-16,https://csrc.nist.gov/projects/cryptographic-module-validation-program/certificate/5139,2026-06-06,not in regen,,,,,
NXP i.MX 94 PQC Processor,FIPS 140-3,4839,"NXP Semiconductors, Inc.",i.MX8 DXL V2X,No PQC Mechanisms Detected,FIPS 140-3 L3,deprecated,2024-10-16,https://csrc.nist.gov/projects/cryptographic-module-validation-program/certificate/4839,2026-06-06,not in regen,,,,,
NetApp ONTAP 9.16,FIPS 140-3,4731,"NetApp, Inc.",NetApp CryptoMod,No PQC Mechanisms Detected,FIPS 140-3 L1,deprecated,2024-07-19,https://csrc.nist.gov/projects/cryptographic-module-validation-program/certificate/4731,2026-05-16,not in regen,,,,,
NetApp ONTAP 9.16,FIPS 140-3,4838,"NetApp, Inc.",NetApp Cryptographic Security Module,No PQC Mechanisms Detected,FIPS 140-3 L1,deprecated,2024-10-16,https://csrc.nist.gov/projects/cryptographic-module-validation-program/certificate/4838,2026-06-06,not in regen,,,,,
NetApp ONTAP 9.16,FIPS 140-3,5271,"NetApp, Inc.",NetApp CryptoMod,No PQC Mechanisms Detected,FIPS 140-3 L1,deprecated,2026-05-15,https://csrc.nist.gov/projects/cryptographic-module-validation-program/certificate/5271,2026-06-06,not in regen,,,,,
Nokia NetGuard,FIPS 140-3,4552,Nokia Corporation,Nokia 1830 Photonic Service Switch (PSS),No PQC Mechanisms Detected,FIPS 140-3 L2,deprecated,2023-07-19,https://csrc.nist.gov/projects/cryptographic-module-validation-program/certificate/4552,2026-06-02,not in regen,,,,,
Nokia NetGuard,FIPS 140-3,4673,Nokia Corporation,SR-OS Cryptographic Module,No PQC Mechanisms Detected,FIPS 140-3 L1,deprecated,2024-01-18,https://csrc.nist.gov/projects/cryptographic-module-validation-program/certificate/4673,2026-06-02,not in regen,,,,,
Nokia NetGuard,FIPS 140-3,4751,Nokia of America Corporation (Nokia),Nokia 1830 Photonic Service Switch (PSS) R23.3 Nokia 1830 Photonic Service Interconnect – Modular (PSI-M) R23.3,No PQC Mechanisms Detected,FIPS 140-3 L2,deprecated,2024-08-05,https://csrc.nist.gov/projects/cryptographic-module-validation-program/certificate/4751,2026-06-02,not in regen,,,,,
Nokia NetGuard,FIPS 140-3,4860,Nokia of America Corporation (Nokia),Nokia 1830 Photonic Service Switch (PSS) & Nokia 1830 Photonic Service Interconnect- Line (PSI-L),No PQC Mechanisms Detected,FIPS 140-3 L1,deprecated,2024-10-31,https://csrc.nist.gov/projects/cryptographic-module-validation-program/certificate/4860,2026-06-02,not in regen,,,,,
Nokia NetGuard,FIPS 140-3,5064,Nokia Corporation,Infinera G42,No PQC Mechanisms Detected,FIPS 140-3 L1,deprecated,2025-09-22,https://csrc.nist.gov/projects/cryptographic-module-validation-program/certificate/5064,2026-06-02,not in regen,,,,,
Nokia Quantum-Safe Networks,FIPS 140-3,4449,Nokia XHAUL,Wavence Microwave radio cryptoModule,No PQC Mechanisms Detected,FIPS 140-3 L2,deprecated,2023-03-14,https://csrc.nist.gov/projects/cryptographic-module-validation-program/certificate/4449,2026-06-06,not in regen,,,,,
Nokia Quantum-Safe Networks,FIPS 140-3,4672,Nokia Corporation,7705 SAR-OS SAR-18/8/X/Ax/Wx/W/H/Hc Control Plane Cryptographic Module (SARCM),No PQC Mechanisms Detected,FIPS 140-3 L1,deprecated,2023-12-14,https://csrc.nist.gov/projects/cryptographic-module-validation-program/certificate/4672,2026-06-06,not in regen,,,,,
Nokia Quantum-Safe Networks,FIPS 140-3,4671,Nokia Corporation,7705 SAR-OS SAR-A/M Cryptographic Module (SARCM),No PQC Mechanisms Detected,FIPS 140-3 L1,deprecated,2023-12-14,https://csrc.nist.gov/projects/cryptographic-module-validation-program/certificate/4671,2026-06-06,not in regen,,,,,
Nokia Quantum-Safe Networks,FIPS 140-3,4673,Nokia Corporation,SR-OS Cryptographic Module,No PQC Mechanisms Detected,FIPS 140-3 L1,deprecated,2024-01-18,https://csrc.nist.gov/projects/cryptographic-module-validation-program/certificate/4673,2026-06-06,not in regen,,,,,
Nokia Quantum-Safe Networks,FIPS 140-3,5064,Nokia Corporation,Infinera G42,No PQC Mechanisms Detected,FIPS 140-3 L1,deprecated,2025-09-22,https://csrc.nist.gov/projects/cryptographic-module-validation-program/certificate/5064,2026-06-06,not in regen,,,,,
Nokia Quantum-Safe Railways,FIPS 140-3,4672,Nokia Corporation,7705 SAR-OS SAR-18/8/X/Ax/Wx/W/H/Hc Control Plane Cryptographic Module (SARCM),No PQC Mechanisms Detected,FIPS 140-3 L1,deprecated,2023-12-14,https://csrc.nist.gov/projects/cryptographic-module-validation-program/certificate/4672,2026-06-06,not in regen,,,,,
Nokia Quantum-Safe Railways,FIPS 140-3,4673,Nokia Corporation,SR-OS Cryptographic Module,No PQC Mechanisms Detected,FIPS 140-3 L1,deprecated,2024-01-18,https://csrc.nist.gov/projects/cryptographic-module-validation-program/certificate/4673,2026-06-06,not in regen,,,,,
Nokia Quantum-Safe Railways,FIPS 140-3,5064,Nokia Corporation,Infinera G42,No PQC Mechanisms Detected,FIPS 140-3 L1,deprecated,2025-09-22,https://csrc.nist.gov/projects/cryptographic-module-validation-program/certificate/5064,2026-06-06,not in regen,,,,,
Nutanix AHV,FIPS 140-3,4249,"Nutanix, Inc.",Nutanix Cryptographic Module for OpenSSL,No PQC Mechanisms Detected,FIPS 140-3 L1,deprecated,2022-06-13,https://csrc.nist.gov/projects/cryptographic-module-validation-program/certificate/4249,2026-06-06,not in regen,,,,,
OQS-OpenSSL Provider (liboqs-provider),ACVP,A7481,The OpenSSL Corporation,OpenSSL FIPS Provider,"ML-DSA, ML-KEM, SLH-DSA",,deprecated,2025-10-06,https://csrc.nist.gov/projects/cryptographic-algorithm-validation-program/details?product=20272,2026-05-16,not in regen,,,,,
OVHcloud QRNG SSL,FIPS 140-3,5042,OVHcloud,OVHcloud KMS,No PQC Mechanisms Detected,FIPS 140-3 L1,deprecated,2025-07-22,https://csrc.nist.gov/projects/cryptographic-module-validation-program/certificate/5042,2026-06-06,not in regen,,,,,
OpenSSL,ACVP,A7481,The OpenSSL Corporation,OpenSSL FIPS Provider,"ML-DSA, ML-KEM, SLH-DSA",,deprecated,2025-10-06,https://csrc.nist.gov/projects/cryptographic-algorithm-validation-program/details?product=20272,2026-06-06,not in regen,,,,,
OpenSSL,FIPS 140-3,4985,The OpenSSL Project,OpenSSL FIPS Provider,No PQC Mechanisms Detected,FIPS 140-3 L1,deprecated,2025-03-11,https://csrc.nist.gov/projects/cryptographic-module-validation-program/certificate/4985,2026-06-06,not in regen,,,,,
OpenSSL 3.5.0,ACVP,A7481,The OpenSSL Corporation,OpenSSL FIPS Provider,"ML-DSA, ML-KEM, SLH-DSA",,deprecated,2025-10-06,https://csrc.nist.gov/projects/cryptographic-algorithm-validation-program/details?product=20272,2026-06-06,not in regen,,,,,
OpenSSL 3.5.0,FIPS 140-3,4985,The OpenSSL Project,OpenSSL FIPS Provider,No PQC Mechanisms Detected,FIPS 140-3 L1,deprecated,2025-03-11,https://csrc.nist.gov/projects/cryptographic-module-validation-program/certificate/4985,2026-06-06,not in regen,,,,,
Oracle AI Database 26ai,ACVP,A7758,Oracle Corporation,Oracle OpenSSL FIPS Provider,"ML-DSA, ML-KEM, SLH-DSA",,deprecated,2025-12-11,https://csrc.nist.gov/projects/cryptographic-algorithm-validation-program/details?product=20549,2026-06-06,not in regen,,,,,
Oracle AI Database 26ai,FIPS 140-3,4506,Oracle Corporation,Oracle OpenSSL FIPS Provider,No PQC Mechanisms Detected,FIPS 140-3 L1,deprecated,2023-05-03,https://csrc.nist.gov/projects/cryptographic-module-validation-program/certificate/4506,2026-06-06,not in regen,,,,,
Oracle Cloud Infrastructure (OCI),FIPS 140-3,4493,Oracle Corporation,Oracle Cloud Infrastructure for BoringCrypto,No PQC Mechanisms Detected,FIPS 140-3 L1,deprecated,2023-04-27,https://csrc.nist.gov/projects/cryptographic-module-validation-program/certificate/4493,2026-06-02,not in regen,,,,,
Oracle Cloud Infrastructure (OCI),FIPS 140-3,4506,Oracle Corporation,Oracle OpenSSL FIPS Provider,No PQC Mechanisms Detected,FIPS 140-3 L1,deprecated,2023-05-03,https://csrc.nist.gov/projects/cryptographic-module-validation-program/certificate/4506,2026-06-02,not in regen,,,,,
Oracle Key Vault,ACVP,A7758,Oracle Corporation,Oracle OpenSSL FIPS Provider,"ML-DSA, ML-KEM, SLH-DSA",,deprecated,2025-12-11,https://csrc.nist.gov/projects/cryptographic-algorithm-validation-program/details?product=20549,2026-06-06,not in regen,,,,,
Oracle Key Vault,FIPS 140-3,4506,Oracle Corporation,Oracle OpenSSL FIPS Provider,No PQC Mechanisms Detected,FIPS 140-3 L1,deprecated,2023-05-03,https://csrc.nist.gov/projects/cryptographic-module-validation-program/certificate/4506,2026-06-06,not in regen,,,,,
Oracle Linux 9.7,FIPS 140-3,4215,Oracle Corporation,Oracle Linux 8 OpenSSL Cryptographic Module,No PQC Mechanisms Detected,FIPS 140-3 L1,Active,2022-05-09,https://csrc.nist.gov/projects/cryptographic-module-validation-program/certificate/4215,,,,,,,
Oracle Linux 9.7,FIPS 140-3,4506,Oracle Corporation,Oracle OpenSSL FIPS Provider,No PQC Mechanisms Detected,FIPS 140-3 L1,deprecated,2023-05-03,https://csrc.nist.gov/projects/cryptographic-module-validation-program/certificate/4506,2026-06-06,not in regen,,,,,
Oracle Linux 9.7,FIPS 140-3,4779,Oracle Corporation,Oracle Linux 9 OpenSSL FIPS Provider,No PQC Mechanisms Detected,FIPS 140-3 L1,deprecated,2024-08-25,https://csrc.nist.gov/projects/cryptographic-module-validation-program/certificate/4779,2026-06-04,not in regen,,,,,
Oracle Linux 9.7,FIPS 140-3,5294,Oracle Corporation,Oracle Linux 9 OpenSSL FIPS Provider,No PQC Mechanisms Detected,FIPS 140-3 L1,Active,2026-06-01,https://csrc.nist.gov/projects/cryptographic-module-validation-program/certificate/5294,,,,,,,
Oracle TDE,ACVP,A7758,Oracle Corporation,Oracle OpenSSL FIPS Provider,"ML-DSA, ML-KEM, SLH-DSA",,deprecated,2025-12-11,https://csrc.nist.gov/projects/cryptographic-algorithm-validation-program/details?product=20549,2026-06-02,not in regen,,,,,
Oracle TDE,FIPS 140-3,4506,Oracle Corporation,Oracle OpenSSL FIPS Provider,No PQC Mechanisms Detected,FIPS 140-3 L1,deprecated,2023-05-03,https://csrc.nist.gov/projects/cryptographic-module-validation-program/certificate/4506,2026-06-02,not in regen,,,,,
PQCryptoLib-Core,ACVP,A6553,PQShield LTD,PQCryptoLib,"ML-DSA, ML-KEM",,Active,2025-01-31,https://csrc.nist.gov/projects/cryptographic-algorithm-validation-program/details?product=19263,,,,,,,
PQCryptoLib-Core,ACVP,A6920,PQShield LTD,PQPerform-Lattice,"ML-DSA, ML-KEM",,deprecated,2025-05-09,https://csrc.nist.gov/projects/cryptographic-algorithm-validation-program/details?product=19632,2026-06-06,not in regen,,,,,
PQCryptoLib-Core,ACVP,A7693,PQShield LTD,PQCryptoLib-Core,"ML-DSA, ML-KEM",,Active,2025-11-18,https://csrc.nist.gov/projects/cryptographic-algorithm-validation-program/details?product=20478,,,,,,,
PQCryptoLib-Core,FIPS 140-3,4800,PQShield LTD,PQCryptoLib,Potentially PQC (Name Match),FIPS 140-3 L1,Active,2024-09-16,https://csrc.nist.gov/projects/cryptographic-module-validation-program/certificate/4800,,,,,,,
PQMicroLib-Core,ACVP,A6553,PQShield LTD,PQCryptoLib,"ML-DSA, ML-KEM",,deprecated,2025-01-31,https://csrc.nist.gov/projects/cryptographic-algorithm-validation-program/details?product=19263,2026-06-06,not in regen,,,,,
PQMicroLib-Core,ACVP,A6920,PQShield LTD,PQPerform-Lattice,"ML-DSA, ML-KEM",,deprecated,2025-05-09,https://csrc.nist.gov/projects/cryptographic-algorithm-validation-program/details?product=19632,2026-06-06,not in regen,,,,,
PQMicroLib-Core,ACVP,A7693,PQShield LTD,PQCryptoLib-Core,"ML-DSA, ML-KEM",,deprecated,2025-11-18,https://csrc.nist.gov/projects/cryptographic-algorithm-validation-program/details?product=20478,2026-06-06,not in regen,,,,,
PQMicroLib-Core,FIPS 140-3,4800,PQShield LTD,PQCryptoLib,Potentially PQC (Name Match),FIPS 140-3 L1,deprecated,2024-09-16,https://csrc.nist.gov/projects/cryptographic-module-validation-program/certificate/4800,2026-06-06,not in regen,,,,,
PQShield Core,FIPS 140-3,4800,PQShield LTD,PQCryptoLib,Potentially PQC (Name Match),FIPS 140-3 L1,deprecated,2024-09-16,https://csrc.nist.gov/projects/cryptographic-module-validation-program/certificate/4800,2026-06-06,not in regen,,,,,
PQShield PQE2E Messaging SDK,FIPS 140-3,4800,PQShield LTD,PQCryptoLib,Potentially PQC (Name Match),FIPS 140-3 L1,deprecated,2024-09-16,https://csrc.nist.gov/projects/cryptographic-module-validation-program/certificate/4800,2026-06-06,not in regen,,,,,
PQShield PQSDK,ACVP,A6553,PQShield LTD,PQCryptoLib,"ML-DSA, ML-KEM",,deprecated,2025-01-31,https://csrc.nist.gov/projects/cryptographic-algorithm-validation-program/details?product=19263,2026-06-06,not in regen,,,,,
PQShield PQSDK,ACVP,A6920,PQShield LTD,PQPerform-Lattice,"ML-DSA, ML-KEM",,deprecated,2025-05-09,https://csrc.nist.gov/projects/cryptographic-algorithm-validation-program/details?product=19632,2026-06-06,not in regen,,,,,
PQShield PQSDK,ACVP,A7693,PQShield LTD,PQCryptoLib-Core,"ML-DSA, ML-KEM",,deprecated,2025-11-18,https://csrc.nist.gov/projects/cryptographic-algorithm-validation-program/details?product=20478,2026-06-06,not in regen,,,,,
PQShield PQSDK,FIPS 140-3,4800,PQShield LTD,PQCryptoLib,Potentially PQC (Name Match),FIPS 140-3 L1,deprecated,2024-09-16,https://csrc.nist.gov/projects/cryptographic-module-validation-program/certificate/4800,2026-06-06,not in regen,,,,,
Palo Alto Cortex XDR,FIPS 140-3,4917,"Palo Alto Networks, Inc.",WildFire 11.0 WF-500 and WF-500-B,No PQC Mechanisms Detected,FIPS 140-3 L2,deprecated,2024-12-13,https://csrc.nist.gov/projects/cryptographic-module-validation-program/certificate/4917,2026-06-06,not in regen,,,,,
Palo Alto Cortex XDR,FIPS 140-3,4927,"Palo Alto Networks, Inc.","Panorama 11.0 M-200, M-300, M-600 and M-700",No PQC Mechanisms Detected,FIPS 140-3 L2,deprecated,2024-12-19,https://csrc.nist.gov/projects/cryptographic-module-validation-program/certificate/4927,2026-06-06,not in regen,,,,,
Palo Alto Cortex XDR,FIPS 140-3,4935,"Palo Alto Networks, Inc.",Panorama Virtual Appliance 11.0,No PQC Mechanisms Detected,FIPS 140-3 L1,deprecated,2025-01-02,https://csrc.nist.gov/projects/cryptographic-module-validation-program/certificate/4935,2026-06-06,not in regen,,,,,
Palo Alto GlobalProtect,FIPS 140-3,4704,"Palo Alto Networks, Inc.",Palo Alto Networks SD-WAN Instant-On Network (ION) Devices ION 1200 and ION 9000,No PQC Mechanisms Detected,FIPS 140-3 L2,deprecated,2024-06-07,https://csrc.nist.gov/projects/cryptographic-module-validation-program/certificate/4704,2026-06-06,not in regen,,,,,
Palo Alto GlobalProtect,FIPS 140-3,4715,"Palo Alto Networks, Inc.",Palo Alto Networks SD-WAN ION Core Crypto Module,No PQC Mechanisms Detected,FIPS 140-3 L1,deprecated,2024-07-08,https://csrc.nist.gov/projects/cryptographic-module-validation-program/certificate/4715,2026-06-06,not in regen,,,,,
Palo Alto GlobalProtect,FIPS 140-3,4719,"Palo Alto Networks, Inc.","Palo Alto Networks SD-WAN Instant-On Network (ION) Devices ION 1200, ION 1200-S, ION 3200, ION 5200, and ION 9200",No PQC Mechanisms Detected,FIPS 140-3 L2,deprecated,2024-07-11,https://csrc.nist.gov/projects/cryptographic-module-validation-program/certificate/4719,2026-06-06,not in regen,,,,,
Palo Alto GlobalProtect,FIPS 140-3,4768,"Palo Alto Networks, Inc.",Palo Alto Networks SD-WAN  Virtual Instant-On Network (vION),No PQC Mechanisms Detected,FIPS 140-3 L1,deprecated,2024-08-19,https://csrc.nist.gov/projects/cryptographic-module-validation-program/certificate/4768,2026-06-06,not in regen,,,,,
Palo Alto GlobalProtect,FIPS 140-3,4828,"Palo Alto Networks, Inc.",GlobalProtect App,No PQC Mechanisms Detected,FIPS 140-3 L1,Active,2024-10-11,https://csrc.nist.gov/projects/cryptographic-module-validation-program/certificate/4828,,,,,,,
Palo Alto Orion,FIPS 140-3,4704,"Palo Alto Networks, Inc.",Palo Alto Networks SD-WAN Instant-On Network (ION) Devices ION 1200 and ION 9000,No PQC Mechanisms Detected,FIPS 140-3 L2,deprecated,2024-06-07,https://csrc.nist.gov/projects/cryptographic-module-validation-program/certificate/4704,2026-06-02,not in regen,,,,,
Palo Alto Orion,FIPS 140-3,4715,"Palo Alto Networks, Inc.",Palo Alto Networks SD-WAN ION Core Crypto Module,No PQC Mechanisms Detected,FIPS 140-3 L1,deprecated,2024-07-08,https://csrc.nist.gov/projects/cryptographic-module-validation-program/certificate/4715,2026-06-02,not in regen,,,,,
Palo Alto Orion,FIPS 140-3,4719,"Palo Alto Networks, Inc.","Palo Alto Networks SD-WAN Instant-On Network (ION) Devices ION 1200, ION 1200-S, ION 3200, ION 5200, and ION 9200",No PQC Mechanisms Detected,FIPS 140-3 L2,deprecated,2024-07-11,https://csrc.nist.gov/projects/cryptographic-module-validation-program/certificate/4719,2026-06-02,not in regen,,,,,
Palo Alto Orion,FIPS 140-3,4768,"Palo Alto Networks, Inc.",Palo Alto Networks SD-WAN  Virtual Instant-On Network (vION),No PQC Mechanisms Detected,FIPS 140-3 L1,deprecated,2024-08-19,https://csrc.nist.gov/projects/cryptographic-module-validation-program/certificate/4768,2026-06-02,not in regen,,,,,
Palo Alto Orion,FIPS 140-3,4828,"Palo Alto Networks, Inc.",GlobalProtect App,No PQC Mechanisms Detected,FIPS 140-3 L1,deprecated,2024-10-11,https://csrc.nist.gov/projects/cryptographic-module-validation-program/certificate/4828,2026-06-02,not in regen,,,,,
Palo Alto PAN-OS,FIPS 140-3,4760,"Palo Alto Networks, Inc.","PAN-OS 10.2 running on PA-220, PA-220R, PA-400 Series, PA-800 Series, PA-3200 Series, PA-3400 Series, PA-5200 Series, PA-5400 Series, PA-5450, and PA-7000 Series NGFWs",No PQC Mechanisms Detected,FIPS 140-3 L2,Active,2024-08-14,https://csrc.nist.gov/projects/cryptographic-module-validation-program/certificate/4760,,,,,,,
Palo Alto PAN-OS,FIPS 140-3,4762,"Palo Alto Networks, Inc.",PAN-OS 10.2 VM-Series,No PQC Mechanisms Detected,FIPS 140-3 L1,Active,2024-08-15,https://csrc.nist.gov/projects/cryptographic-module-validation-program/certificate/4762,,,,,,,
Palo Alto PAN-OS,FIPS 140-3,4773,"Palo Alto Networks, Inc.",PAN-OS 11.0 VM-Series,No PQC Mechanisms Detected,FIPS 140-3 L1,Active,2024-08-21,https://csrc.nist.gov/projects/cryptographic-module-validation-program/certificate/4773,,,,,,,
Palo Alto PAN-OS,FIPS 140-3,4829,"Palo Alto Networks, Inc.","PAN-OS 11.0 running on PA-400 Series, PA-800 Series, PA-1400 Series, PA-3200 Series, PA-3400 Series, PA-5200 Series, PA-5400 Series, PA-5450, and PA-7000 Series NGFWs",No PQC Mechanisms Detected,FIPS 140-3 L2,Active,2024-10-11,https://csrc.nist.gov/projects/cryptographic-module-validation-program/certificate/4829,,,,,,,
Palo Alto PAN-OS,FIPS 140-3,4841,"Palo Alto Networks, Inc.",PAN-OS 10.1 Next-Generation Hardware Firewalls,No PQC Mechanisms Detected,FIPS 140-3 L2,Active,2024-10-16,https://csrc.nist.gov/projects/cryptographic-module-validation-program/certificate/4841,,,,,,,
Palo Alto Prisma SASE,FIPS 140-3,4760,"Palo Alto Networks, Inc.","PAN-OS 10.2 running on PA-220, PA-220R, PA-400 Series, PA-800 Series, PA-3200 Series, PA-3400 Series, PA-5200 Series, PA-5400 Series, PA-5450, and PA-7000 Series NGFWs",No PQC Mechanisms Detected,FIPS 140-3 L2,deprecated,2024-08-14,https://csrc.nist.gov/projects/cryptographic-module-validation-program/certificate/4760,2026-06-06,not in regen,,,,,
Palo Alto Prisma SASE,FIPS 140-3,4762,"Palo Alto Networks, Inc.",PAN-OS 10.2 VM-Series,No PQC Mechanisms Detected,FIPS 140-3 L1,deprecated,2024-08-15,https://csrc.nist.gov/projects/cryptographic-module-validation-program/certificate/4762,2026-06-06,not in regen,,,,,
Palo Alto Prisma SASE,FIPS 140-3,4773,"Palo Alto Networks, Inc.",PAN-OS 11.0 VM-Series,No PQC Mechanisms Detected,FIPS 140-3 L1,deprecated,2024-08-21,https://csrc.nist.gov/projects/cryptographic-module-validation-program/certificate/4773,2026-06-06,not in regen,,,,,
Palo Alto Prisma SASE,FIPS 140-3,4829,"Palo Alto Networks, Inc.","PAN-OS 11.0 running on PA-400 Series, PA-800 Series, PA-1400 Series, PA-3200 Series, PA-3400 Series, PA-5200 Series, PA-5400 Series, PA-5450, and PA-7000 Series NGFWs",No PQC Mechanisms Detected,FIPS 140-3 L2,deprecated,2024-10-11,https://csrc.nist.gov/projects/cryptographic-module-validation-program/certificate/4829,2026-06-06,not in regen,,,,,
Palo Alto Prisma SASE,FIPS 140-3,4841,"Palo Alto Networks, Inc.",PAN-OS 10.1 Next-Generation Hardware Firewalls,No PQC Mechanisms Detected,FIPS 140-3 L2,deprecated,2024-10-16,https://csrc.nist.gov/projects/cryptographic-module-validation-program/certificate/4841,2026-06-06,not in regen,,,,,
Palo Alto Quantum-Safe Security,FIPS 140-3,4917,"Palo Alto Networks, Inc.",WildFire 11.0 WF-500 and WF-500-B,No PQC Mechanisms Detected,FIPS 140-3 L2,deprecated,2024-12-13,https://csrc.nist.gov/projects/cryptographic-module-validation-program/certificate/4917,2026-06-06,not in regen,,,,,
Palo Alto Quantum-Safe Security,FIPS 140-3,4927,"Palo Alto Networks, Inc.","Panorama 11.0 M-200, M-300, M-600 and M-700",No PQC Mechanisms Detected,FIPS 140-3 L2,deprecated,2024-12-19,https://csrc.nist.gov/projects/cryptographic-module-validation-program/certificate/4927,2026-06-06,not in regen,,,,,
Palo Alto Quantum-Safe Security,FIPS 140-3,4935,"Palo Alto Networks, Inc.",Panorama Virtual Appliance 11.0,No PQC Mechanisms Detected,FIPS 140-3 L1,deprecated,2025-01-02,https://csrc.nist.gov/projects/cryptographic-module-validation-program/certificate/4935,2026-06-06,not in regen,,,,,
Proofpoint Aegis,FIPS 140-3,5125,Proofpoint Inc.,Proofpoint Cryptographic Module for Java,No PQC Mechanisms Detected,FIPS 140-3 L1,deprecated,2026-01-13,https://csrc.nist.gov/projects/cryptographic-module-validation-program/certificate/5125,2026-06-06,not in regen,,,,,
Qualcomm Snapdragon SPU,FIPS 140-3,3911,"Qualcomm Technologies, Inc.",Qualcomm® Secure Processing Unit (SPU) Random Number Generator (RNG),No PQC Mechanisms Detected,FIPS 140-3 L1,deprecated,2021-05-03,https://csrc.nist.gov/projects/cryptographic-module-validation-program/certificate/3911,2026-05-16,not in regen,,,,,
Qualcomm Snapdragon SPU,FIPS 140-3,4293,"Qualcomm Technologies, Inc.",Qualcomm® Secure Processing Unit,No PQC Mechanisms Detected,FIPS 140-3 L2,deprecated,2022-09-06,https://csrc.nist.gov/projects/cryptographic-module-validation-program/certificate/4293,2026-05-16,not in regen,,,,,
Qualcomm Snapdragon SPU,FIPS 140-3,4778,"Qualcomm Technologies, Inc.",Qualcomm® Pseudo Random Number Generator,No PQC Mechanisms Detected,FIPS 140-3 L1,deprecated,2024-08-25,https://csrc.nist.gov/projects/cryptographic-module-validation-program/certificate/4778,2026-05-16,not in regen,,,,,
Qualcomm Snapdragon SPU,FIPS 140-3,4896,"Qualcomm Technologies, Inc.",Qualcomm® Trusted Execution Environment (TEE) Software Cryptographic Library,No PQC Mechanisms Detected,FIPS 140-3 L1,deprecated,2024-11-21,https://csrc.nist.gov/projects/cryptographic-module-validation-program/certificate/4896,2026-06-06,not in regen,,,,,
Qualcomm Snapdragon SPU,FIPS 140-3,5077,"Qualcomm Technologies, Inc.",Qualcomm® Crypto Engine Core,No PQC Mechanisms Detected,FIPS 140-3 L1,deprecated,2025-10-03,https://csrc.nist.gov/projects/cryptographic-module-validation-program/certificate/5077,2026-06-06,not in regen,,,,,
Qualcomm Snapdragon SPU,FIPS 140-3,5249,"Qualcomm Technologies, Inc.",Qualcomm® Pseudo Random Number Generator,No PQC Mechanisms Detected,FIPS 140-3 L1,deprecated,2026-04-27,https://csrc.nist.gov/projects/cryptographic-module-validation-program/certificate/5249,2026-06-04,not in regen,,,,,
Qualcomm Snapdragon SPU,FIPS 140-3,5290,"Qualcomm Technologies, Inc.",Qualcomm® Pseudo Random Number Generator,No PQC Mechanisms Detected,FIPS 140-3 L1,deprecated,2026-05-22,https://csrc.nist.gov/projects/cryptographic-module-validation-program/certificate/5290,2026-06-06,not in regen,,,,,
Qualcomm Snapdragon Trusted Execution Environment,FIPS 140-3,3911,"Qualcomm Technologies, Inc.",Qualcomm® Secure Processing Unit (SPU) Random Number Generator (RNG),No PQC Mechanisms Detected,FIPS 140-3 L1,deprecated,2021-05-03,https://csrc.nist.gov/projects/cryptographic-module-validation-program/certificate/3911,2026-05-16,not in regen,,,,,
Qualcomm Snapdragon Trusted Execution Environment,FIPS 140-3,4293,"Qualcomm Technologies, Inc.",Qualcomm® Secure Processing Unit,No PQC Mechanisms Detected,FIPS 140-3 L2,deprecated,2022-09-06,https://csrc.nist.gov/projects/cryptographic-module-validation-program/certificate/4293,2026-05-16,not in regen,,,,,
Qualcomm Snapdragon Trusted Execution Environment,FIPS 140-3,4778,"Qualcomm Technologies, Inc.",Qualcomm® Pseudo Random Number Generator,No PQC Mechanisms Detected,FIPS 140-3 L1,deprecated,2024-08-25,https://csrc.nist.gov/projects/cryptographic-module-validation-program/certificate/4778,2026-05-16,not in regen,,,,,
Qualcomm Snapdragon Trusted Execution Environment,FIPS 140-3,4896,"Qualcomm Technologies, Inc.",Qualcomm® Trusted Execution Environment (TEE) Software Cryptographic Library,No PQC Mechanisms Detected,FIPS 140-3 L1,Active,2024-11-21,https://csrc.nist.gov/projects/cryptographic-module-validation-program/certificate/4896,,,,,,,
Qualcomm Snapdragon Trusted Execution Environment,FIPS 140-3,5077,"Qualcomm Technologies, Inc.",Qualcomm® Crypto Engine Core,No PQC Mechanisms Detected,FIPS 140-3 L1,deprecated,2025-10-03,https://csrc.nist.gov/projects/cryptographic-module-validation-program/certificate/5077,2026-06-06,not in regen,,,,,
Qualcomm Snapdragon Trusted Execution Environment,FIPS 140-3,5249,"Qualcomm Technologies, Inc.",Qualcomm® Pseudo Random Number Generator,No PQC Mechanisms Detected,FIPS 140-3 L1,deprecated,2026-04-27,https://csrc.nist.gov/projects/cryptographic-module-validation-program/certificate/5249,2026-06-04,not in regen,,,,,
Qualcomm Snapdragon Trusted Execution Environment,FIPS 140-3,5290,"Qualcomm Technologies, Inc.",Qualcomm® Pseudo Random Number Generator,No PQC Mechanisms Detected,FIPS 140-3 L1,deprecated,2026-05-22,https://csrc.nist.gov/projects/cryptographic-module-validation-program/certificate/5290,2026-06-06,not in regen,,,,,
Rambus QSE IP,FIPS 140-3,4758,Rambus Inc.,CryptoManager Root of Trust RT-660,No PQC Mechanisms Detected,FIPS 140-3 L2,deprecated,2024-08-12,https://csrc.nist.gov/projects/cryptographic-module-validation-program/certificate/4758,2026-06-06,not in regen,,,,,
Rambus QSE IP,FIPS 140-3,4898,Rambus Inc.,SafeZone FIPS SW Cryptographic Module,No PQC Mechanisms Detected,FIPS 140-3 L1,deprecated,2024-11-22,https://csrc.nist.gov/projects/cryptographic-module-validation-program/certificate/4898,2026-06-06,not in regen,,,,,
Rambus QSE IP,FIPS 140-3,5100,Rambus Inc.,VaultIP RT-130,No PQC Mechanisms Detected,FIPS 140-3 L2,deprecated,2025-12-02,https://csrc.nist.gov/projects/cryptographic-module-validation-program/certificate/5100,2026-06-06,not in regen,,,,,
Red Hat Enterprise Linux 10 PQC,FIPS 140-3,4746,"Red Hat®, Inc.",Red Hat Enterprise Linux 9 OpenSSL FIPS Provider,No PQC Mechanisms Detected,FIPS 140-3 L1,Active,2024-07-31,https://csrc.nist.gov/projects/cryptographic-module-validation-program/certificate/4746,,,,,,,
Red Hat Enterprise Linux 10 PQC,FIPS 140-3,4846,"Red Hat, Inc.",Red Hat Enterprise Linux 9 gnutls,No PQC Mechanisms Detected,FIPS 140-3 L1,Active,2024-10-21,https://csrc.nist.gov/projects/cryptographic-module-validation-program/certificate/4846,,,,,,,
Red Hat Enterprise Linux 10 PQC,FIPS 140-3,4857,"Red Hat(R), Inc.",Red Hat Enterprise Linux 9 - OpenSSL FIPS Provider,No PQC Mechanisms Detected,FIPS 140-3 L1,Active,2024-10-29,https://csrc.nist.gov/projects/cryptographic-module-validation-program/certificate/4857,,,,,,,
Red Hat Enterprise Linux 10.2,ACVP,A8392,"Red Hat, LLC",Red Hat Enterprise Linux 9 NSS Cryptographic Module (Generic C),"ML-DSA, ML-KEM",,Active,2026-05-28,https://csrc.nist.gov/projects/cryptographic-algorithm-validation-program/details?product=21233,,,,,,,
Red Hat Enterprise Linux 10.2,FIPS 140-3,3939,"Red Hat®, Inc.",Red Hat Enterprise Linux 7 Kernel Crypto API Cryptographic Module,No PQC Mechanisms Detected,FIPS 140-3 L1,deprecated,2021-06-01,https://csrc.nist.gov/projects/cryptographic-module-validation-program/certificate/3939,2026-06-04,not in regen,,,,,
Red Hat Enterprise Linux 10.2,FIPS 140-3,4434,"Red Hat®, Inc.",Red Hat Enterprise Linux 8 Kernel Crypto API Cryptographic Module,No PQC Mechanisms Detected,FIPS 140-3 L1,Active,2023-02-15,https://csrc.nist.gov/projects/cryptographic-module-validation-program/certificate/4434,,,,,,,
Red Hat Enterprise Linux 10.2,FIPS 140-3,4857,"Red Hat(R), Inc.",Red Hat Enterprise Linux 9 - OpenSSL FIPS Provider,No PQC Mechanisms Detected,FIPS 140-3 L1,Active,2024-10-29,https://csrc.nist.gov/projects/cryptographic-module-validation-program/certificate/4857,,,,,,,
Red Hat Enterprise Linux 10.2,FIPS 140-3,5022,"Red Hat, Inc",Red Hat Enterprise Linux 9 NSS Cryptographic Module,No PQC Mechanisms Detected,FIPS 140-3 L1,Active,2025-05-30,https://csrc.nist.gov/projects/cryptographic-module-validation-program/certificate/5022,,,,,,,
Red Hat Enterprise Linux 10.2,FIPS 140-3,5034,"Red Hat, Inc.",Red Hat Enterprise Linux 9 Kernel Cryptographic API,No PQC Mechanisms Detected,FIPS 140-3 L1,Active,2025-06-30,https://csrc.nist.gov/projects/cryptographic-module-validation-program/certificate/5034,,,,,,,
Red Hat Enterprise Linux 10.2,FIPS 140-3,5089,"Red Hat, Inc.",Red Hat Enterprise Linux 8 Kernel Cryptographic API,No PQC Mechanisms Detected,FIPS 140-3 L1,Active,2025-11-04,https://csrc.nist.gov/projects/cryptographic-module-validation-program/certificate/5089,,,,,,,
Red Hat Enterprise Linux 9,ACVP,A8392,"Red Hat, LLC",Red Hat Enterprise Linux 9 NSS Cryptographic Module (Generic C),"ML-DSA, ML-KEM",,Active,2026-05-28,https://csrc.nist.gov/projects/cryptographic-algorithm-validation-program/details?product=21233,,,,,,,
Red Hat Enterprise Linux 9,FIPS 140-3,3939,"Red Hat®, Inc.",Red Hat Enterprise Linux 7 Kernel Crypto API Cryptographic Module,No PQC Mechanisms Detected,FIPS 140-3 L1,deprecated,2021-06-01,https://csrc.nist.gov/projects/cryptographic-module-validation-program/certificate/3939,2026-06-04,not in regen,,,,,
Red Hat Enterprise Linux 9,FIPS 140-3,4434,"Red Hat®, Inc.",Red Hat Enterprise Linux 8 Kernel Crypto API Cryptographic Module,No PQC Mechanisms Detected,FIPS 140-3 L1,Active,2023-02-15,https://csrc.nist.gov/projects/cryptographic-module-validation-program/certificate/4434,,,,,,,
Red Hat Enterprise Linux 9,FIPS 140-3,4857,"Red Hat(R), Inc.",Red Hat Enterprise Linux 9 - OpenSSL FIPS Provider,No PQC Mechanisms Detected,FIPS 140-3 L1,Active,2024-10-29,https://csrc.nist.gov/projects/cryptographic-module-validation-program/certificate/4857,,,,,,,
Red Hat Enterprise Linux 9,FIPS 140-3,5022,"Red Hat, Inc",Red Hat Enterprise Linux 9 NSS Cryptographic Module,No PQC Mechanisms Detected,FIPS 140-3 L1,Active,2025-05-30,https://csrc.nist.gov/projects/cryptographic-module-validation-program/certificate/5022,,,,,,,
Red Hat Enterprise Linux 9,FIPS 140-3,5034,"Red Hat, Inc.",Red Hat Enterprise Linux 9 Kernel Cryptographic API,No PQC Mechanisms Detected,FIPS 140-3 L1,Active,2025-06-30,https://csrc.nist.gov/projects/cryptographic-module-validation-program/certificate/5034,,,,,,,
Red Hat Enterprise Linux 9,FIPS 140-3,5089,"Red Hat, Inc.",Red Hat Enterprise Linux 8 Kernel Cryptographic API,No PQC Mechanisms Detected,FIPS 140-3 L1,Active,2025-11-04,https://csrc.nist.gov/projects/cryptographic-module-validation-program/certificate/5089,,,,,,,
Red Hat Enterprise Linux 9.8,ACVP,A8392,"Red Hat, LLC",Red Hat Enterprise Linux 9 NSS Cryptographic Module (Generic C),"ML-DSA, ML-KEM",,Active,2026-05-28,https://csrc.nist.gov/projects/cryptographic-algorithm-validation-program/details?product=21233,,,,,,,
Red Hat Enterprise Linux 9.8,FIPS 140-3,3939,"Red Hat®, Inc.",Red Hat Enterprise Linux 7 Kernel Crypto API Cryptographic Module,No PQC Mechanisms Detected,FIPS 140-3 L1,deprecated,2021-06-01,https://csrc.nist.gov/projects/cryptographic-module-validation-program/certificate/3939,2026-06-04,not in regen,,,,,
Red Hat Enterprise Linux 9.8,FIPS 140-3,4434,"Red Hat®, Inc.",Red Hat Enterprise Linux 8 Kernel Crypto API Cryptographic Module,No PQC Mechanisms Detected,FIPS 140-3 L1,Active,2023-02-15,https://csrc.nist.gov/projects/cryptographic-module-validation-program/certificate/4434,,,,,,,
Red Hat Enterprise Linux 9.8,FIPS 140-3,4857,"Red Hat(R), Inc.",Red Hat Enterprise Linux 9 - OpenSSL FIPS Provider,No PQC Mechanisms Detected,FIPS 140-3 L1,Active,2024-10-29,https://csrc.nist.gov/projects/cryptographic-module-validation-program/certificate/4857,,,,,,,
Red Hat Enterprise Linux 9.8,FIPS 140-3,5022,"Red Hat, Inc",Red Hat Enterprise Linux 9 NSS Cryptographic Module,No PQC Mechanisms Detected,FIPS 140-3 L1,Active,2025-05-30,https://csrc.nist.gov/projects/cryptographic-module-validation-program/certificate/5022,,,,,,,
Red Hat Enterprise Linux 9.8,FIPS 140-3,5034,"Red Hat, Inc.",Red Hat Enterprise Linux 9 Kernel Cryptographic API,No PQC Mechanisms Detected,FIPS 140-3 L1,Active,2025-06-30,https://csrc.nist.gov/projects/cryptographic-module-validation-program/certificate/5034,,,,,,,
Red Hat Enterprise Linux 9.8,FIPS 140-3,5089,"Red Hat, Inc.",Red Hat Enterprise Linux 8 Kernel Cryptographic API,No PQC Mechanisms Detected,FIPS 140-3 L1,Active,2025-11-04,https://csrc.nist.gov/projects/cryptographic-module-validation-program/certificate/5089,,,,,,,
Red Hat OpenShift,FIPS 140-3,4846,"Red Hat, Inc.",Red Hat Enterprise Linux 9 gnutls,No PQC Mechanisms Detected,FIPS 140-3 L3,deprecated,2024-10-21,https://csrc.nist.gov/projects/cryptographic-module-validation-program/certificate/4846,2026-05-16,not in regen,,,,,
Rocky Linux,FIPS 140-3,5095,"Ctrl IQ, Inc.",Rocky Linux 8 Kernel Cryptographic API,No PQC Mechanisms Detected,FIPS 140-3 L1,Active,2025-11-24,https://csrc.nist.gov/projects/cryptographic-module-validation-program/certificate/5095,,,,,,,
Rocky Linux,FIPS 140-3,5113,"Ctrl IQ, Inc.",Rocky Linux 9 Kernel Cryptographic API,No PQC Mechanisms Detected,FIPS 140-3 L1,Active,2025-12-18,https://csrc.nist.gov/projects/cryptographic-module-validation-program/certificate/5113,,,,,,,
Rocky Linux,FIPS 140-3,5117,"Ctrl IQ, Inc.",Rocky Linux 8 and 9 libgcrypt Cryptographic Module,No PQC Mechanisms Detected,FIPS 140-3 L1,Active,2026-01-06,https://csrc.nist.gov/projects/cryptographic-module-validation-program/certificate/5117,,,,,,,
Rocky Linux,FIPS 140-3,5116,"Ctrl IQ, Inc.",Rocky Linux 9 OpenSSL FIPS Provider,No PQC Mechanisms Detected,FIPS 140-3 L1,Active,2026-01-06,https://csrc.nist.gov/projects/cryptographic-module-validation-program/certificate/5116,,,,,,,
Rocky Linux,FIPS 140-3,5200,"Ctrl IQ, Inc.",Rocky Linux 8 OpenSSL Cryptographic Module,No PQC Mechanisms Detected,FIPS 140-3 L1,Active,2026-03-18,https://csrc.nist.gov/projects/cryptographic-module-validation-program/certificate/5200,,,,,,,
SAP Cryptographic Library,FIPS 140-3,5093,SAP SE,SAP CommonCryptoLib Crypto Kernel,No PQC Mechanisms Detected,FIPS 140-3 L1,deprecated,2025-11-14,https://csrc.nist.gov/projects/cryptographic-module-validation-program/certificate/5093,2026-06-06,not in regen,,,,,
SAP Cryptographic Library 8.6 PQC,FIPS 140-3,5093,SAP SE,SAP CommonCryptoLib Crypto Kernel,No PQC Mechanisms Detected,FIPS 140-3 L1,deprecated,2025-11-14,https://csrc.nist.gov/projects/cryptographic-module-validation-program/certificate/5093,2026-06-06,not in regen,,,,,
SQL Server TDE/Always Encrypted,FIPS 140-3,4766,Microsoft Corporation,Kernel Mode Cryptographic Primitives Library,No PQC Mechanisms Detected,FIPS 140-3 L1,deprecated,2024-08-19,https://csrc.nist.gov/projects/cryptographic-module-validation-program/certificate/4766,2026-06-06,not in regen,,,,,
SQL Server TDE/Always Encrypted,FIPS 140-3,4825,Microsoft Corporation,Cryptographic Primitives Library,No PQC Mechanisms Detected,FIPS 140-3 L1,deprecated,2024-10-07,https://csrc.nist.gov/projects/cryptographic-module-validation-program/certificate/4825,2026-06-06,not in regen,,,,,
STMicroelectronics ST33G1M2 TPM,ACVP,A7125,STMicroelectronics,STM32 PQC_CM33 / Size,"ML-DSA, ML-KEM",,deprecated,2025-07-08,https://csrc.nist.gov/projects/cryptographic-algorithm-validation-program/details?product=19884,2026-05-16,not in regen,,,,,
STMicroelectronics ST33KTPM,ACVP,A7125,STMicroelectronics,STM32 PQC_CM33 / Size,"ML-DSA, ML-KEM",,deprecated,2025-07-08,https://csrc.nist.gov/projects/cryptographic-algorithm-validation-program/details?product=19884,2026-06-06,not in regen,,,,,
STMicroelectronics ST33KTPM,Common Criteria,cc-stsafe-v100-tpm---st33ktpm2i--tpm-firmware-10-512---anssi-cc-2024-38--61p1,STMicroelectronics (Scheme: FR),STSAFE-V100-TPM & ST33KTPM2I (TPM FIRMWARE 10.512) (ANSSI-CC-2024/38),LMS,"EAL4+,ALC_DVS.2,ALC_FLR.1,AVA_VAN.5",deprecated,2025-01-10,https://commoncriteriaportal.org/files/epfiles/ANSSI-cible-CC-2024_38en.pdf,2026-06-06,not in regen,,,,,
STMicroelectronics ST33KTPM,Common Criteria,cc-stsafe-v100-tpm---st33ktpm2i--tpm-firmware-10-512---anssi-cc-2024-38--rdev,STMicroelectronics (Scheme: FR),STSAFE-V100-TPM & ST33KTPM2I (TPM FIRMWARE 10.512) (ANSSI-CC-2024/38),LMS,"EAL4+,ALC_DVS.2,ALC_FLR.1,AVA_VAN.5",deprecated,2025-01-10,https://www.commoncriteriaportal.org/files/epfiles/ANSSI-cible-CC-2024_38en.pdf,2026-06-04,not in regen,,,,,
STMicroelectronics ST33KTPM,Common Criteria,cc-stsafe-v100-tpm---st33ktpm2i--tpm-firmware-10-512---anssi-cc-2024-38--z98c,STMicroelectronics (Scheme: FR),STSAFE-V100-TPM & ST33KTPM2I (TPM FIRMWARE 10.512) (ANSSI-CC-2024/38),LMS,"EAL4+,ALC_DVS.2,ALC_FLR.1,AVA_VAN.5",deprecated,2025-01-10,https://www.commoncriteriaportal.org/files/epfiles/ANSSI-cible-CC-2024_38en.pdf,2026-05-16,not in regen,,,,,
STMicroelectronics ST33KTPM,Common Criteria,cc-stsafe-v100-tpm---st33ktpm2i--tpm-firmware-10-512---anssi-cc-2024-38--h0lw,STMicroelectronics (Scheme: FR),STSAFE-V100-TPM & ST33KTPM2I (TPM FIRMWARE 10.512) (ANSSI-CC-2024/38),LMS,"EAL4+,ALC_DVS.2,ALC_FLR.1,AVA_VAN.5",deprecated,2025-01-10,https://www.commoncriteriaportal.org/files/epfiles/ANSSI-cible-CC-2024_38en.pdf,2026-05-10,not in regen,stmicroelectronics-st33ktpm,pqc_cert_present,url_needs_review,CMVP #cc-stsafe-v100-tpm---st33ktpm2i--tpm-firmware-10-512---anssi-cc-2024-38--h0lw: PQC mechanisms detected. Verify algorithms at https://csrc.nist.gov/projects/cryptographic-module-validation-program/certificate/cc-stsafe-v100-tpm---st33ktpm2i--tpm-firmware-10-512---anssi-cc-2024-38--h0lw,2026-05-06
STMicroelectronics ST33KTPM,Common Criteria,cc-st33ktpm2xspi---st33ktpm2x--tpm-firmware-9-512---anssi-cc-2025-10--5gju,STMicroelectronics (Scheme: FR),ST33KTPM2XSPI & ST33KTPM2X (TPM FIRMWARE 9.512) (ANSSI-CC-2025/10),LMS,"EAL4+,ALC_DVS.2,ALC_FLR.1,AVA_VAN.5",deprecated,2025-03-07,https://commoncriteriaportal.org/files/epfiles/Cible-ANSSI-CC-2025_10en.pdf,2026-06-06,not in regen,,,,,
STMicroelectronics ST33KTPM,Common Criteria,cc-st33ktpm2xspi---st33ktpm2x--tpm-firmware-9-512---anssi-cc-2025-10--030b,STMicroelectronics (Scheme: FR),ST33KTPM2XSPI & ST33KTPM2X (TPM FIRMWARE 9.512) (ANSSI-CC-2025/10),LMS,"EAL4+,ALC_DVS.2,ALC_FLR.1,AVA_VAN.5",deprecated,2025-03-07,https://www.commoncriteriaportal.org/files/epfiles/Cible-ANSSI-CC-2025_10en.pdf,2026-06-04,not in regen,,,,,
STMicroelectronics ST33KTPM,Common Criteria,cc-st33ktpm2xspi---st33ktpm2x--tpm-firmware-9-512---anssi-cc-2025-10--tkwf,STMicroelectronics (Scheme: FR),ST33KTPM2XSPI & ST33KTPM2X (TPM FIRMWARE 9.512) (ANSSI-CC-2025/10),LMS,"EAL4+,ALC_DVS.2,ALC_FLR.1,AVA_VAN.5",deprecated,2025-03-07,https://www.commoncriteriaportal.org/files/epfiles/Cible-ANSSI-CC-2025_10en.pdf,2026-05-16,not in regen,,,,,
STMicroelectronics ST33KTPM,Common Criteria,cc-st33ktpm2xspi---st33ktpm2x--tpm-firmware-9-512---anssi-cc-2025-10--qi0n,STMicroelectronics (Scheme: FR),ST33KTPM2XSPI & ST33KTPM2X (TPM FIRMWARE 9.512) (ANSSI-CC-2025/10),LMS,"EAL4+,ALC_DVS.2,ALC_FLR.1,AVA_VAN.5",deprecated,2025-03-07,https://www.commoncriteriaportal.org/files/epfiles/Cible-ANSSI-CC-2025_10en.pdf,2026-05-10,not in regen,stmicroelectronics-st33ktpm,pqc_cert_present,url_needs_review,CMVP #cc-st33ktpm2xspi---st33ktpm2x--tpm-firmware-9-512---anssi-cc-2025-10--qi0n: PQC mechanisms detected. Verify algorithms at https://csrc.nist.gov/projects/cryptographic-module-validation-program/certificate/cc-st33ktpm2xspi---st33ktpm2x--tpm-firmware-9-512---anssi-cc-2025-10--qi0n,2026-05-06
STMicroelectronics ST33KTPM,Common Criteria,cc-cryptographic-library-neslib-6-11-3-on-st31r480-a01--version-6-11-3--anssi-cc-2025-26--a746,STMicroelectronics (Scheme: FR),Cryptographic library NESLIB 6.11.3 on ST31R480 A01 (version 6.11.3)(ANSSI-CC-2025/26),LMS,"EAL5+,ALC_DVS.2,ALC_FLR.2,AVA_VAN.5",deprecated,2025-07-10,https://commoncriteriaportal.org/files/epfiles/cible-ANSSI-CC-2025_26en.pdf,2026-06-06,not in regen,,,,,
STMicroelectronics ST33KTPM,Common Criteria,cc-cryptographic-library-neslib-6-11-3-on-st31r480-b01--version-6-11-3---anssi-cc-2025-27--6unr,STMicroelectronics (Scheme: FR),Cryptographic library NESLIB 6.11.3 on ST31R480 B01 (version 6.11.3) (ANSSI-CC-2025/27),LMS,"EAL5+,ALC_DVS.2,ALC_FLR.2,AVA_VAN.5",deprecated,2025-07-10,https://commoncriteriaportal.org/files/epfiles/cible-ANSSI-CC-2025_27en.pdf,2026-06-06,not in regen,,,,,
STMicroelectronics ST33KTPM,Common Criteria,cc-cryptographic-library-neslib-6-11-3-on-st31r480-a01--version-6-11-3--anssi-cc-2025-26--easb,STMicroelectronics (Scheme: FR),Cryptographic library NESLIB 6.11.3 on ST31R480 A01 (version 6.11.3)(ANSSI-CC-2025/26),LMS,"EAL5+,ALC_DVS.2,ALC_FLR.2,AVA_VAN.5",deprecated,2025-07-10,https://www.commoncriteriaportal.org/files/epfiles/cible-ANSSI-CC-2025_26en.pdf,2026-06-04,not in regen,,,,,
STMicroelectronics ST33KTPM,Common Criteria,cc-cryptographic-library-neslib-6-11-3-on-st31r480-b01--version-6-11-3---anssi-cc-2025-27--uwb9,STMicroelectronics (Scheme: FR),Cryptographic library NESLIB 6.11.3 on ST31R480 B01 (version 6.11.3) (ANSSI-CC-2025/27),LMS,"EAL5+,ALC_DVS.2,ALC_FLR.2,AVA_VAN.5",deprecated,2025-07-10,https://www.commoncriteriaportal.org/files/epfiles/cible-ANSSI-CC-2025_27en.pdf,2026-06-04,not in regen,,,,,
STMicroelectronics ST33KTPM,Common Criteria,cc-cryptographic-library-neslib-6-11-3-on-st31r480-a01--version-6-11-3--anssi-cc-2025-26--4trk,STMicroelectronics (Scheme: FR),Cryptographic library NESLIB 6.11.3 on ST31R480 A01 (version 6.11.3)(ANSSI-CC-2025/26),LMS,"EAL5+,ALC_DVS.2,ALC_FLR.2,AVA_VAN.5",deprecated,2025-07-10,https://www.commoncriteriaportal.org/files/epfiles/cible-ANSSI-CC-2025_26en.pdf,2026-05-16,not in regen,,,,,
STMicroelectronics ST33KTPM,Common Criteria,cc-cryptographic-library-neslib-6-11-3-on-st31r480-b01--version-6-11-3---anssi-cc-2025-27--qt4y,STMicroelectronics (Scheme: FR),Cryptographic library NESLIB 6.11.3 on ST31R480 B01 (version 6.11.3) (ANSSI-CC-2025/27),LMS,"EAL5+,ALC_DVS.2,ALC_FLR.2,AVA_VAN.5",deprecated,2025-07-10,https://www.commoncriteriaportal.org/files/epfiles/cible-ANSSI-CC-2025_27en.pdf,2026-05-16,not in regen,,,,,
STMicroelectronics ST33KTPM,Common Criteria,cc-cryptographic-library-neslib-6-11-3-on-st31r480-a01--version-6-11-3--anssi-cc-2025-26--mv5d,STMicroelectronics (Scheme: FR),Cryptographic library NESLIB 6.11.3 on ST31R480 A01 (version 6.11.3)(ANSSI-CC-2025/26),LMS,"EAL5+,ALC_DVS.2,ALC_FLR.2,AVA_VAN.5",deprecated,2025-07-10,https://www.commoncriteriaportal.org/files/epfiles/cible-ANSSI-CC-2025_26en.pdf,2026-05-10,not in regen,stmicroelectronics-st33ktpm,pqc_cert_present,url_needs_review,CMVP #cc-cryptographic-library-neslib-6-11-3-on-st31r480-a01--version-6-11-3--anssi-cc-2025-26--mv5d: PQC mechanisms detected. Verify algorithms at https://csrc.nist.gov/projects/cryptographic-module-validation-program/certificate/cc-cryptographic-library-neslib-6-11-3-on-st31r480-a01--version-6-11-3--anssi-cc-2025-26--mv5d,2026-05-06
STMicroelectronics ST33KTPM,Common Criteria,cc-cryptographic-library-neslib-6-11-3-on-st31r480-b01--version-6-11-3---anssi-cc-2025-27--scno,STMicroelectronics (Scheme: FR),Cryptographic library NESLIB 6.11.3 on ST31R480 B01 (version 6.11.3) (ANSSI-CC-2025/27),LMS,"EAL5+,ALC_DVS.2,ALC_FLR.2,AVA_VAN.5",deprecated,2025-07-10,https://www.commoncriteriaportal.org/files/epfiles/cible-ANSSI-CC-2025_27en.pdf,2026-05-10,not in regen,stmicroelectronics-st33ktpm,pqc_cert_present,url_needs_review,CMVP #cc-cryptographic-library-neslib-6-11-3-on-st31r480-b01--version-6-11-3---anssi-cc-2025-27--scno: PQC mechanisms detected. Verify algorithms at https://csrc.nist.gov/projects/cryptographic-module-validation-program/certificate/cc-cryptographic-library-neslib-6-11-3-on-st31r480-b01--version-6-11-3---anssi-cc-2025-27--scno,2026-05-06
STMicroelectronics ST33KTPM,Common Criteria,cc-cryptographic-library-neslib-6-11-6-and-neslib-pqml-1-0-3-on-st33k1m5a-and-st33k1m5m-b04version---6-11-6---1-0-3---b04--eucc-3090-2026-19--hvv5,STMicroelectronics (Scheme: FR),Cryptographic library NesLib 6.11.6 and NesLib_PQML 1.0.3 on ST33K1M5A and ST33K1M5M B04Version : 6.11.6 & 1.0.3 / B04 (EUCC-3090-2026-19),"ML-KEM, LMS","EAL5+,ALC_DVS.2,ALC_FLR.2,AVA_VAN.5",deprecated,2026-04-26,https://commoncriteriaportal.org/files/epfiles/EUCC-3090-2026-19-cible.pdf,2026-06-06,not in regen,,,,,
STMicroelectronics ST33KTPM,Common Criteria,cc-cryptographic-library-neslib-6-11-6-and-neslib-pqml-1-0-3-on-st33k1m5c-and-st33k1m5t-c03-version---6-11-6---1-0-3---c03--eucc-3090-2026-18--ep3i,STMicroelectronics (Scheme: FR),Cryptographic library NesLib 6.11.6 and NesLib_PQML 1.0.3 on ST33K1M5C and ST33K1M5T C03 Version : 6.11.6 & 1.0.3 / C03 (EUCC-3090-2026-18),"ML-KEM, LMS","EAL5+,ALC_DVS.2,ALC_FLR.2,AVA_VAN.5",deprecated,2026-04-26,https://commoncriteriaportal.org/files/epfiles/EUCC-3090-2026-18-cible.pdf,2026-06-06,not in regen,,,,,
STMicroelectronics ST33KTPM,Common Criteria,cc-cryptographic-library-neslib-6-11-6-on-st33k1m5a-and-st33k1m5m-b04-version---6-11-6---b04--eucc-3090-2026-17--iiuf,STMicroelectronics (Scheme: FR),Cryptographic library NesLib 6.11.6 on ST33K1M5A and ST33K1M5M B04 Version : 6.11.6 / B04 (EUCC-3090-2026-17),LMS,"EAL5+,ALC_DVS.2,ALC_FLR.2,AVA_VAN.5",deprecated,2026-04-26,https://commoncriteriaportal.org/files/epfiles/EUCC-3090-2026-17-cible.pdf,2026-06-06,not in regen,,,,,
STMicroelectronics ST33KTPM,Common Criteria,cc-cryptographic-library-neslib-6-11-6-on-st33k1m5c-and-st33k1m5t-c03-version---6-11-6---c03--eucc-3090-2026-16--sctp,STMicroelectronics (Scheme: FR),Cryptographic library NesLib 6.11.6 on ST33K1M5C and ST33K1M5T C03 Version : 6.11.6 / C03 (EUCC-3090-2026-16),"ML-KEM, LMS","EAL5+,ALC_DVS.2,ALC_FLR.2,AVA_VAN.5",deprecated,2026-04-26,https://commoncriteriaportal.org/files/epfiles/EUCC-3090-2026-16-cible.pdf,2026-06-06,not in regen,,,,,
STMicroelectronics ST33KTPM,Common Criteria,cc-cryptographic-library-neslib-6-11-6-and-neslib-pqml-1-0-3-on-st33k1m5a-and-st33k1m5m-b04version---6-11-6---1-0-3---b04--eucc-3090-2026-19--l4v8,STMicroelectronics (Scheme: FR),Cryptographic library NesLib 6.11.6 and NesLib_PQML 1.0.3 on ST33K1M5A and ST33K1M5M B04Version : 6.11.6 & 1.0.3 / B04 (EUCC-3090-2026-19),"ML-KEM, LMS","EAL5+,ALC_DVS.2,ALC_FLR.2,AVA_VAN.5",deprecated,2026-04-26,https://www.commoncriteriaportal.org/files/epfiles/EUCC-3090-2026-19-cible.pdf,2026-06-04,not in regen,,,,,
STMicroelectronics ST33KTPM,Common Criteria,cc-cryptographic-library-neslib-6-11-6-and-neslib-pqml-1-0-3-on-st33k1m5c-and-st33k1m5t-c03-version---6-11-6---1-0-3---c03--eucc-3090-2026-18--bt3m,STMicroelectronics (Scheme: FR),Cryptographic library NesLib 6.11.6 and NesLib_PQML 1.0.3 on ST33K1M5C and ST33K1M5T C03 Version : 6.11.6 & 1.0.3 / C03 (EUCC-3090-2026-18),"ML-KEM, LMS","EAL5+,ALC_DVS.2,ALC_FLR.2,AVA_VAN.5",deprecated,2026-04-26,https://www.commoncriteriaportal.org/files/epfiles/EUCC-3090-2026-18-cible.pdf,2026-06-04,not in regen,,,,,
STMicroelectronics ST33KTPM,Common Criteria,cc-cryptographic-library-neslib-6-11-6-on-st33k1m5a-and-st33k1m5m-b04-version---6-11-6---b04--eucc-3090-2026-17--tleq,STMicroelectronics (Scheme: FR),Cryptographic library NesLib 6.11.6 on ST33K1M5A and ST33K1M5M B04 Version : 6.11.6 / B04 (EUCC-3090-2026-17),LMS,"EAL5+,ALC_DVS.2,ALC_FLR.2,AVA_VAN.5",deprecated,2026-04-26,https://www.commoncriteriaportal.org/files/epfiles/EUCC-3090-2026-17-cible.pdf,2026-06-04,not in regen,,,,,
STMicroelectronics ST33KTPM,Common Criteria,cc-cryptographic-library-neslib-6-11-6-on-st33k1m5c-and-st33k1m5t-c03-version---6-11-6---c03--eucc-3090-2026-16--r0s0,STMicroelectronics (Scheme: FR),Cryptographic library NesLib 6.11.6 on ST33K1M5C and ST33K1M5T C03 Version : 6.11.6 / C03 (EUCC-3090-2026-16),"ML-KEM, LMS","EAL5+,ALC_DVS.2,ALC_FLR.2,AVA_VAN.5",deprecated,2026-04-26,https://www.commoncriteriaportal.org/files/epfiles/EUCC-3090-2026-16-cible.pdf,2026-06-04,not in regen,,,,,
STMicroelectronics ST33KTPM,Common Criteria,cc-cryptographic-library-neslib-6-11-3-on-st31n600-a04-version-6-11-3--eucc-3090-2026-25--kwil,STMicroelectronics (Scheme: FR),Cryptographic Library NesLib 6.11.3 on ST31N600 A04 Version 6.11.3 (EUCC-3090-2026-25),LMS,"EAL5+,ALC_DVS.2,ALC_FLR.2,AVA_VAN.5",deprecated,2026-05-06,https://commoncriteriaportal.org/files/epfiles/EUCC-3090-2026-25-cible.pdf,2026-06-06,not in regen,,,,,
STMicroelectronics ST33KTPM,Common Criteria,cc-cryptographic-library-neslib-6-11-3-on-st31n600-a04-version-6-11-3--eucc-3090-2026-25--33rx,STMicroelectronics (Scheme: FR),Cryptographic Library NesLib 6.11.3 on ST31N600 A04 Version 6.11.3 (EUCC-3090-2026-25),LMS,"EAL5+,ALC_DVS.2,ALC_FLR.2,AVA_VAN.5",deprecated,2026-05-06,https://www.commoncriteriaportal.org/files/epfiles/EUCC-3090-2026-25-cible.pdf,2026-06-04,not in regen,,,,,
STMicroelectronics ST33KTPM,FIPS 140-3,4304,STMicroelectronics,"Trusted Platform Module ST33TPHF2XSPI [A], ST33TPHF2XI2C [B], ST33GTPMASPI [C], ST33GTPMAI2C [D], ST33GTPMISPI [E] & ST33GTPMII2C [F]",No PQC Mechanisms Detected,FIPS 140-3 L2,deprecated,2022-09-19,https://csrc.nist.gov/projects/cryptographic-module-validation-program/certificate/4304,2026-06-06,not in regen,,,,,
STMicroelectronics ST33KTPM,FIPS 140-3,4702,STMicroelectronics,Trusted Platform Module ST33KTPM2XSPI / ST33KTPM2XI2C,No PQC Mechanisms Detected,FIPS 140-3 L1,deprecated,2024-06-04,https://csrc.nist.gov/projects/cryptographic-module-validation-program/certificate/4702,2026-06-06,not in regen,,,,,
STMicroelectronics ST33KTPM,FIPS 140-3,4737,STMicroelectronics,Trusted Platform Module ST33KTPM2XSPI / ST33KTPM2X / ST33KTPM2A / ST33KTPM2I,No PQC Mechanisms Detected,FIPS 140-3 L1,deprecated,2024-07-25,https://csrc.nist.gov/projects/cryptographic-module-validation-program/certificate/4737,2026-06-06,not in regen,,,,,
STMicroelectronics ST33KTPM,FIPS 140-3,5103,STMicroelectronics,Trusted Platform Module ST33KTPM2A / ST33KTPM2I,No PQC Mechanisms Detected,FIPS 140-3 L2,deprecated,2025-12-08,https://csrc.nist.gov/projects/cryptographic-module-validation-program/certificate/5103,2026-06-06,not in regen,,,,,
STMicroelectronics ST33KTPM,FIPS 140-3,5109,STMicroelectronics,Trusted Platform Module ST33KTPM2X / ST33KTPM2XSPI,No PQC Mechanisms Detected,FIPS 140-3 L2,deprecated,2025-12-15,https://csrc.nist.gov/projects/cryptographic-module-validation-program/certificate/5109,2026-06-06,not in regen,,,,,
SUSE Linux Enterprise Server (SLES),FIPS 140-3,4742,"SUSE, LLC",SUSE Linux Enterprise GnuTLS Cryptographic Module,No PQC Mechanisms Detected,FIPS 140-3 L3,deprecated,2024-07-26,https://csrc.nist.gov/projects/cryptographic-module-validation-program/certificate/4742,2026-05-10,not in regen,suse-linux-enterprise-server-sles,no_pqc_cert_classical_only,url_authoritative,CMVP #4742: Classical cryptography only. PQC (ML-KEM/ML-DSA/SLH-DSA) not yet validated under this certificate. CMVP PQC module validation anticipated 2026-2027 per NIST CMVP roadmap.,2026-05-06
SUSE Linux Enterprise Server (SLES),FIPS 140-3,4822,"SUSE, LLC",SUSE Linux Enterprise Libica Cryptographic Module,No PQC Mechanisms Detected,FIPS 140-3 L1,deprecated,2024-10-07,https://csrc.nist.gov/projects/cryptographic-module-validation-program/certificate/4822,2026-05-16,not in regen,,,,,
SUSE Linux Enterprise Server (SLES),FIPS 140-3,4968,SUSE LLC,SUSE Rancher Kubernetes Cryptographic Library,No PQC Mechanisms Detected,FIPS 140-3 L1,deprecated,2025-02-20,https://csrc.nist.gov/projects/cryptographic-module-validation-program/certificate/4968,2026-06-06,not in regen,,,,,
SUSE Linux Enterprise Server (SLES),FIPS 140-3,5096,SUSE LLC,SUSE Linux Enterprise OpenSSL 3 Cryptographic Module,No PQC Mechanisms Detected,FIPS 140-3 L1,Active,2025-11-26,https://csrc.nist.gov/projects/cryptographic-module-validation-program/certificate/5096,,,,,,,
SUSE Linux Enterprise Server (SLES),FIPS 140-3,5112,SUSE LLC,SUSE Linux Enterprise Kernel Crypto API Cryptographic Module,No PQC Mechanisms Detected,FIPS 140-3 L1,Active,2025-12-18,https://csrc.nist.gov/projects/cryptographic-module-validation-program/certificate/5112,,,,,,,
SUSE Linux Enterprise Server (SLES),FIPS 140-3,5238,SUSE LLC,SUSE Linux Enterprise OpenSSL 1 Cryptographic Module,No PQC Mechanisms Detected,FIPS 140-3 L1,Active,2026-04-10,https://csrc.nist.gov/projects/cryptographic-module-validation-program/certificate/5238,,,,,,,
SUSE Linux Enterprise Server (SLES),FIPS 140-3,5248,SUSE LLC,SUSE Linux Enterprise Libgcrypt Cryptographic Module,No PQC Mechanisms Detected,FIPS 140-3 L1,Active,2026-04-27,https://csrc.nist.gov/projects/cryptographic-module-validation-program/certificate/5248,,,,,,,
SafeLogic CryptoComply,ACVP,A6563,"SafeLogic, Inc.",CryptoComply PQ TLS,ML-KEM,,Active,2025-02-04,https://csrc.nist.gov/projects/cryptographic-algorithm-validation-program/details?product=19278,,,,,,,
SafeLogic CryptoComply,ACVP,A8228,"SafeLogic, Inc.",CryptoComply 140-3 FIPS Provider with PQC,"ML-DSA, ML-KEM, SLH-DSA",,Active,2026-04-08,https://csrc.nist.gov/projects/cryptographic-algorithm-validation-program/details?product=21042,,,,,,,
SafeLogic CryptoComply,FIPS 140-3,4678,SafeLogic Inc.,CryptoComply for .NET,No PQC Mechanisms Detected,FIPS 140-3 L1,deprecated,2024-02-26,https://csrc.nist.gov/projects/cryptographic-module-validation-program/certificate/4678,2026-05-16,not in regen,,,,,
SafeLogic CryptoComply,FIPS 140-3,4912,SafeLogic Inc.,CryptoComply for Java 140-3,No PQC Mechanisms Detected,FIPS 140-3 L1,Active,2024-12-05,https://csrc.nist.gov/projects/cryptographic-module-validation-program/certificate/4912,,,,,,,
SafeLogic CryptoComply,FIPS 140-3,5040,SafeLogic Inc.,CryptoComply 140-3 FIPS Provider,No PQC Mechanisms Detected,FIPS 140-3 L1,Active,2025-07-17,https://csrc.nist.gov/projects/cryptographic-module-validation-program/certificate/5040,,,,,,,
SafeLogic CryptoComply,FIPS 140-3,5264,"SafeLogic, Inc.",CryptoComply BoringCrypto Module,No PQC Mechanisms Detected,FIPS 140-3 L1,Active,2026-05-13,https://csrc.nist.gov/projects/cryptographic-module-validation-program/certificate/5264,,,,,,,
Samsung Knox Quantum-Safe,ACVP,A7759,"Samsung Electronics Co., Ltd.",Samsung BoringCrypto Android,"ML-DSA, ML-KEM, SLH-DSA",,deprecated,2025-12-12,https://csrc.nist.gov/projects/cryptographic-algorithm-validation-program/details?product=20545,2026-05-16,not in regen,,,,,
Samsung Knox Quantum-Safe,ACVP,A8348,"Samsung Electronics Co., Ltd.",Samsung BoringCrypto Android,"ML-DSA, ML-KEM, SLH-DSA",,deprecated,2026-05-15,https://csrc.nist.gov/projects/cryptographic-algorithm-validation-program/details?product=21175,2026-06-06,not in regen,,,,,
Samsung Knox Quantum-Safe,Common Criteria,cc-samsung-strongv4p00-of-s5e9945-with-specific-ic-dedicated-software--revision-1-2-mh5x,"Samsung Electronics Co., Ltd. (Scheme: NL)","Samsung STRONGV4P00 of S5E9945 with Specific IC Dedicated Software, Revision 1.2",ML-DSA,"EAL5+,ALC_DVS.2,ALC_FLR.2,AVA_VAN.5",deprecated,2024-11-28,https://commoncriteriaportal.org/files/epfiles/NSCIB-CC-2300085-02-ST-LITE_v2.2.pdf,2026-06-06,not in regen,,,,,
Samsung Knox Quantum-Safe,Common Criteria,cc-samsung-strongv4p00-of-s5e9945-with-specific-ic-dedicated-software--revision-1-2-520a,"Samsung Electronics Co., Ltd. (Scheme: NL)","Samsung STRONGV4P00 of S5E9945 with Specific IC Dedicated Software, Revision 1.2",ML-DSA,"EAL5+,ALC_DVS.2,ALC_FLR.2,AVA_VAN.5",deprecated,2024-11-28,https://www.commoncriteriaportal.org/files/epfiles/NSCIB-CC-2300085-02-ST-LITE_v2.2.pdf,2026-06-04,not in regen,,,,,
Samsung Knox Quantum-Safe,Common Criteria,cc-samsung-strongv4p00-of-s5e9945-with-specific-ic-dedicated-software--revision-1-2-831y,"Samsung Electronics Co., Ltd. (Scheme: NL)","Samsung STRONGV4P00 of S5E9945 with Specific IC Dedicated Software, Revision 1.2",ML-DSA,"EAL5+,ALC_DVS.2,ALC_FLR.2,AVA_VAN.5",deprecated,2024-11-28,https://www.commoncriteriaportal.org/files/epfiles/NSCIB-CC-2300085-02-ST-LITE_v2.2.pdf,2026-05-16,not in regen,,,,,
Samsung Knox Quantum-Safe,Common Criteria,cc-samsung-strongv4p00-of-s5e9945-with-specific-ic-dedicated-software--revision-1-2-vm2e,"Samsung Electronics Co., Ltd. (Scheme: NL)","Samsung STRONGV4P00 of S5E9945 with Specific IC Dedicated Software, Revision 1.2",ML-DSA,"EAL5+,ALC_DVS.2,ALC_FLR.2,AVA_VAN.5",deprecated,2024-11-28,https://www.commoncriteriaportal.org/files/epfiles/NSCIB-CC-2300085-02-ST-LITE_v2.2.pdf,2026-05-10,not in regen,samsung-knox-quantum-safe,pqc_cert_present,url_needs_review,CMVP #cc-samsung-strongv4p00-of-s5e9945-with-specific-ic-dedicated-software--revision-1-2-vm2e: PQC mechanisms detected. Verify algorithms at https://csrc.nist.gov/projects/cryptographic-module-validation-program/certificate/cc-samsung-strongv4p00-of-s5e9945-with-specific-ic-dedicated-software--revision-1-2-vm2e,2026-05-06
Samsung Knox Quantum-Safe,Common Criteria,cc-s3sse2a--s3sse2a-20250522--anssi-cc-2024-26-r01--9lhc,"Samsung Electronics Co., Ltd. (Scheme: FR)",S3SSE2A (S3SSE2A_20250522)(ANSSI-CC-2024/26-R01),ML-DSA,"EAL5+,ADV_IMP.2,ADV_INT.3,ADV_TDS.5,ALC_CMC.5,ALC_DVS.2,ALC_TAT.3,ASE_TSS.2,ATE_COV.3,ATE_FUN.2,AVA_VAN.5",deprecated,2025-10-01,https://commoncriteriaportal.org/files/epfiles/ANSSI-CC-cible-2024_26-R01en.pdf,2026-06-06,not in regen,,,,,
Samsung Knox Quantum-Safe,Common Criteria,cc-s3sse2a--s3sse2a-20250522--anssi-cc-2024-26-r01--1cy9,"Samsung Electronics Co., Ltd. (Scheme: FR)",S3SSE2A (S3SSE2A_20250522)(ANSSI-CC-2024/26-R01),ML-DSA,"EAL5+,ADV_IMP.2,ADV_INT.3,ADV_TDS.5,ALC_CMC.5,ALC_DVS.2,ALC_TAT.3,ASE_TSS.2,ATE_COV.3,ATE_FUN.2,AVA_VAN.5",deprecated,2025-10-01,https://www.commoncriteriaportal.org/files/epfiles/ANSSI-CC-cible-2024_26-R01en.pdf,2026-06-04,not in regen,,,,,
Samsung Knox Quantum-Safe,Common Criteria,cc-s3sse2a--s3sse2a-20250522--anssi-cc-2024-26-r01--mmx7,"Samsung Electronics Co., Ltd. (Scheme: FR)",S3SSE2A (S3SSE2A_20250522)(ANSSI-CC-2024/26-R01),ML-DSA,"EAL5+,ADV_IMP.2,ADV_INT.3,ADV_TDS.5,ALC_CMC.5,ALC_DVS.2,ALC_TAT.3,ASE_TSS.2,ATE_COV.3,ATE_FUN.2,AVA_VAN.5",deprecated,2025-10-01,https://www.commoncriteriaportal.org/files/epfiles/ANSSI-CC-cible-2024_26-R01en.pdf,2026-05-16,not in regen,,,,,
Samsung Knox Quantum-Safe,Common Criteria,cc-s3sse2a--s3sse2a-20250522--anssi-cc-2024-26-r01--4bvy,"Samsung Electronics Co., Ltd. (Scheme: FR)",S3SSE2A (S3SSE2A_20250522)(ANSSI-CC-2024/26-R01),ML-DSA,"EAL5+,ADV_IMP.2,ADV_INT.3,ADV_TDS.5,ALC_CMC.5,ALC_DVS.2,ALC_TAT.3,ASE_TSS.2,ATE_COV.3,ATE_FUN.2,AVA_VAN.5",deprecated,2025-10-01,https://www.commoncriteriaportal.org/files/epfiles/ANSSI-CC-cible-2024_26-R01en.pdf,2026-05-10,not in regen,samsung-knox-quantum-safe,pqc_cert_present,url_needs_review,CMVP #cc-s3sse2a--s3sse2a-20250522--anssi-cc-2024-26-r01--4bvy: PQC mechanisms detected. Verify algorithms at https://csrc.nist.gov/projects/cryptographic-module-validation-program/certificate/cc-s3sse2a--s3sse2a-20250522--anssi-cc-2024-26-r01--4bvy,2026-05-06
Samsung Knox Quantum-Safe,FIPS 140-3,4787,"Samsung Electronics Co., Ltd.",Samsung CryptoCore Cryptographic Module,No PQC Mechanisms Detected,FIPS 140-3 L1,deprecated,2024-09-03,https://csrc.nist.gov/projects/cryptographic-module-validation-program/certificate/4787,2026-06-06,not in regen,,,,,
Samsung Knox Quantum-Safe,FIPS 140-3,4792,"Samsung Electronics Co., Ltd.",Samsung SCrypto Cryptographic Module,No PQC Mechanisms Detected,FIPS 140-3 L1,deprecated,2024-09-10,https://csrc.nist.gov/projects/cryptographic-module-validation-program/certificate/4792,2026-06-06,not in regen,,,,,
Samsung Knox Quantum-Safe,FIPS 140-3,4965,"Samsung Electronics Co., Ltd.",Samsung TCG Opal SSC Cryptographic Sub-Chip,No PQC Mechanisms Detected,FIPS 140-3 L3,deprecated,2025-02-13,https://csrc.nist.gov/projects/cryptographic-module-validation-program/certificate/4965,2026-05-10,not in regen,samsung-knox-quantum-safe,no_pqc_cert_classical_only,url_authoritative,CMVP #4965: Classical cryptography only. PQC (ML-KEM/ML-DSA/SLH-DSA) not yet validated under this certificate. CMVP PQC module validation anticipated 2026-2027 per NIST CMVP roadmap.,2026-05-06
Samsung Knox Quantum-Safe,FIPS 140-3,5012,"Samsung Electronics Co., Ltd.",Samsung BoringCrypto Android,No PQC Mechanisms Detected,FIPS 140-3 L1,deprecated,2025-04-29,https://csrc.nist.gov/projects/cryptographic-module-validation-program/certificate/5012,2026-06-06,not in regen,,,,,
Samsung Knox Quantum-Safe,FIPS 140-3,5047,"Samsung Electronics Co., Ltd.",Samsung TCG Opal SSC Cryptographic Sub-Chip Deneb,No PQC Mechanisms Detected,FIPS 140-3 L2,deprecated,2025-07-25,https://csrc.nist.gov/projects/cryptographic-module-validation-program/certificate/5047,2026-06-06,not in regen,,,,,
Samsung Knox Quantum-Safe,FIPS 140-3,5222,"Samsung Electronics Co., Ltd.",Samsung TCG Opal SSC Cryptographic Sub-Chip,No PQC Mechanisms Detected,FIPS 140-3 L2,deprecated,2026-04-01,https://csrc.nist.gov/projects/cryptographic-module-validation-program/certificate/5222,2026-06-06,not in regen,,,,,
Samsung Networks 5G Core,ACVP,A7759,"Samsung Electronics Co., Ltd.",Samsung BoringCrypto Android,"ML-DSA, ML-KEM, SLH-DSA",,deprecated,2025-12-12,https://csrc.nist.gov/projects/cryptographic-algorithm-validation-program/details?product=20545,2026-05-16,not in regen,,,,,
Samsung Networks 5G Core,ACVP,A8348,"Samsung Electronics Co., Ltd.",Samsung BoringCrypto Android,"ML-DSA, ML-KEM, SLH-DSA",,deprecated,2026-05-15,https://csrc.nist.gov/projects/cryptographic-algorithm-validation-program/details?product=21175,2026-06-06,not in regen,,,,,
Samsung Networks 5G Core,Common Criteria,cc-samsung-strongv4p00-of-s5e9945-with-specific-ic-dedicated-software--revision-1-2-mh5x,"Samsung Electronics Co., Ltd. (Scheme: NL)","Samsung STRONGV4P00 of S5E9945 with Specific IC Dedicated Software, Revision 1.2",ML-DSA,"EAL5+,ALC_DVS.2,ALC_FLR.2,AVA_VAN.5",deprecated,2024-11-28,https://commoncriteriaportal.org/files/epfiles/NSCIB-CC-2300085-02-ST-LITE_v2.2.pdf,2026-06-06,not in regen,,,,,
Samsung Networks 5G Core,Common Criteria,cc-samsung-strongv4p00-of-s5e9945-with-specific-ic-dedicated-software--revision-1-2-520a,"Samsung Electronics Co., Ltd. (Scheme: NL)","Samsung STRONGV4P00 of S5E9945 with Specific IC Dedicated Software, Revision 1.2",ML-DSA,"EAL5+,ALC_DVS.2,ALC_FLR.2,AVA_VAN.5",deprecated,2024-11-28,https://www.commoncriteriaportal.org/files/epfiles/NSCIB-CC-2300085-02-ST-LITE_v2.2.pdf,2026-06-04,not in regen,,,,,
Samsung Networks 5G Core,Common Criteria,cc-samsung-strongv4p00-of-s5e9945-with-specific-ic-dedicated-software--revision-1-2-831y,"Samsung Electronics Co., Ltd. (Scheme: NL)","Samsung STRONGV4P00 of S5E9945 with Specific IC Dedicated Software, Revision 1.2",ML-DSA,"EAL5+,ALC_DVS.2,ALC_FLR.2,AVA_VAN.5",deprecated,2024-11-28,https://www.commoncriteriaportal.org/files/epfiles/NSCIB-CC-2300085-02-ST-LITE_v2.2.pdf,2026-05-16,not in regen,,,,,
Samsung Networks 5G Core,Common Criteria,cc-samsung-strongv4p00-of-s5e9945-with-specific-ic-dedicated-software--revision-1-2-vm2e,"Samsung Electronics Co., Ltd. (Scheme: NL)","Samsung STRONGV4P00 of S5E9945 with Specific IC Dedicated Software, Revision 1.2",ML-DSA,"EAL5+,ALC_DVS.2,ALC_FLR.2,AVA_VAN.5",deprecated,2024-11-28,https://www.commoncriteriaportal.org/files/epfiles/NSCIB-CC-2300085-02-ST-LITE_v2.2.pdf,2026-05-10,not in regen,samsung-networks-5g-core,pqc_cert_present,url_needs_review,CMVP #cc-samsung-strongv4p00-of-s5e9945-with-specific-ic-dedicated-software--revision-1-2-vm2e: PQC mechanisms detected. Verify algorithms at https://csrc.nist.gov/projects/cryptographic-module-validation-program/certificate/cc-samsung-strongv4p00-of-s5e9945-with-specific-ic-dedicated-software--revision-1-2-vm2e,2026-05-06
Samsung Networks 5G Core,Common Criteria,cc-s3sse2a--s3sse2a-20250522--anssi-cc-2024-26-r01--9lhc,"Samsung Electronics Co., Ltd. (Scheme: FR)",S3SSE2A (S3SSE2A_20250522)(ANSSI-CC-2024/26-R01),ML-DSA,"EAL5+,ADV_IMP.2,ADV_INT.3,ADV_TDS.5,ALC_CMC.5,ALC_DVS.2,ALC_TAT.3,ASE_TSS.2,ATE_COV.3,ATE_FUN.2,AVA_VAN.5",deprecated,2025-10-01,https://commoncriteriaportal.org/files/epfiles/ANSSI-CC-cible-2024_26-R01en.pdf,2026-06-06,not in regen,,,,,
Samsung Networks 5G Core,Common Criteria,cc-s3sse2a--s3sse2a-20250522--anssi-cc-2024-26-r01--1cy9,"Samsung Electronics Co., Ltd. (Scheme: FR)",S3SSE2A (S3SSE2A_20250522)(ANSSI-CC-2024/26-R01),ML-DSA,"EAL5+,ADV_IMP.2,ADV_INT.3,ADV_TDS.5,ALC_CMC.5,ALC_DVS.2,ALC_TAT.3,ASE_TSS.2,ATE_COV.3,ATE_FUN.2,AVA_VAN.5",deprecated,2025-10-01,https://www.commoncriteriaportal.org/files/epfiles/ANSSI-CC-cible-2024_26-R01en.pdf,2026-06-04,not in regen,,,,,
Samsung Networks 5G Core,Common Criteria,cc-s3sse2a--s3sse2a-20250522--anssi-cc-2024-26-r01--mmx7,"Samsung Electronics Co., Ltd. (Scheme: FR)",S3SSE2A (S3SSE2A_20250522)(ANSSI-CC-2024/26-R01),ML-DSA,"EAL5+,ADV_IMP.2,ADV_INT.3,ADV_TDS.5,ALC_CMC.5,ALC_DVS.2,ALC_TAT.3,ASE_TSS.2,ATE_COV.3,ATE_FUN.2,AVA_VAN.5",deprecated,2025-10-01,https://www.commoncriteriaportal.org/files/epfiles/ANSSI-CC-cible-2024_26-R01en.pdf,2026-05-16,not in regen,,,,,
Samsung Networks 5G Core,Common Criteria,cc-s3sse2a--s3sse2a-20250522--anssi-cc-2024-26-r01--4bvy,"Samsung Electronics Co., Ltd. (Scheme: FR)",S3SSE2A (S3SSE2A_20250522)(ANSSI-CC-2024/26-R01),ML-DSA,"EAL5+,ADV_IMP.2,ADV_INT.3,ADV_TDS.5,ALC_CMC.5,ALC_DVS.2,ALC_TAT.3,ASE_TSS.2,ATE_COV.3,ATE_FUN.2,AVA_VAN.5",deprecated,2025-10-01,https://www.commoncriteriaportal.org/files/epfiles/ANSSI-CC-cible-2024_26-R01en.pdf,2026-05-10,not in regen,samsung-networks-5g-core,pqc_cert_present,url_needs_review,CMVP #cc-s3sse2a--s3sse2a-20250522--anssi-cc-2024-26-r01--4bvy: PQC mechanisms detected. Verify algorithms at https://csrc.nist.gov/projects/cryptographic-module-validation-program/certificate/cc-s3sse2a--s3sse2a-20250522--anssi-cc-2024-26-r01--4bvy,2026-05-06
Samsung Networks 5G Core,FIPS 140-3,4787,"Samsung Electronics Co., Ltd.",Samsung CryptoCore Cryptographic Module,No PQC Mechanisms Detected,FIPS 140-3 L1,deprecated,2024-09-03,https://csrc.nist.gov/projects/cryptographic-module-validation-program/certificate/4787,2026-06-06,not in regen,,,,,
Samsung Networks 5G Core,FIPS 140-3,4792,"Samsung Electronics Co., Ltd.",Samsung SCrypto Cryptographic Module,No PQC Mechanisms Detected,FIPS 140-3 L1,deprecated,2024-09-10,https://csrc.nist.gov/projects/cryptographic-module-validation-program/certificate/4792,2026-06-06,not in regen,,,,,
Samsung Networks 5G Core,FIPS 140-3,4965,"Samsung Electronics Co., Ltd.",Samsung TCG Opal SSC Cryptographic Sub-Chip,No PQC Mechanisms Detected,FIPS 140-3 L3,deprecated,2025-02-13,https://csrc.nist.gov/projects/cryptographic-module-validation-program/certificate/4965,2026-05-10,not in regen,samsung-networks-5g-core,no_pqc_cert_classical_only,url_authoritative,CMVP #4965: Classical cryptography only. PQC (ML-KEM/ML-DSA/SLH-DSA) not yet validated under this certificate. CMVP PQC module validation anticipated 2026-2027 per NIST CMVP roadmap.,2026-05-06
Samsung Networks 5G Core,FIPS 140-3,5012,"Samsung Electronics Co., Ltd.",Samsung BoringCrypto Android,No PQC Mechanisms Detected,FIPS 140-3 L1,deprecated,2025-04-29,https://csrc.nist.gov/projects/cryptographic-module-validation-program/certificate/5012,2026-06-06,not in regen,,,,,
Samsung Networks 5G Core,FIPS 140-3,5047,"Samsung Electronics Co., Ltd.",Samsung TCG Opal SSC Cryptographic Sub-Chip Deneb,No PQC Mechanisms Detected,FIPS 140-3 L2,deprecated,2025-07-25,https://csrc.nist.gov/projects/cryptographic-module-validation-program/certificate/5047,2026-06-06,not in regen,,,,,
Samsung Networks 5G Core,FIPS 140-3,5222,"Samsung Electronics Co., Ltd.",Samsung TCG Opal SSC Cryptographic Sub-Chip,No PQC Mechanisms Detected,FIPS 140-3 L2,deprecated,2026-04-01,https://csrc.nist.gov/projects/cryptographic-module-validation-program/certificate/5222,2026-06-06,not in regen,,,,,
Samsung S3SSE2A eSE,ACVP,A7759,"Samsung Electronics Co., Ltd.",Samsung BoringCrypto Android,"ML-DSA, ML-KEM, SLH-DSA",,deprecated,2025-12-12,https://csrc.nist.gov/projects/cryptographic-algorithm-validation-program/details?product=20545,2026-05-16,not in regen,,,,,
Samsung S3SSE2A eSE,ACVP,A8348,"Samsung Electronics Co., Ltd.",Samsung BoringCrypto Android,"ML-DSA, ML-KEM, SLH-DSA",,deprecated,2026-05-15,https://csrc.nist.gov/projects/cryptographic-algorithm-validation-program/details?product=21175,2026-06-06,not in regen,,,,,
Samsung S3SSE2A eSE,Common Criteria,cc-s3sse2a--s3sse2a-20250522--anssi-cc-2024-26-r01--d23c,"Samsung Electronics Co., Ltd. (Scheme: FR)",S3SSE2A (S3SSE2A_20250522)(ANSSI-CC-2024/26-R01),ML-DSA,"EAL5+,ADV_IMP.2,ADV_INT.3,ADV_TDS.5,ALC_CMC.5,ALC_DVS.2,ALC_TAT.3,ASE_TSS.2,ATE_COV.3,ATE_FUN.2,AVA_VAN.5",Active,2025-10-01,https://commoncriteriaportal.org/files/epfiles/ANSSI-CC-cible-2024_26-R01en.pdf,,,,,,,
Samsung S3SSE2A eSE,Common Criteria,cc-s3sse2a--s3sse2a-20250522--anssi-cc-2024-26-r01--9lhc,"Samsung Electronics Co., Ltd. (Scheme: FR)",S3SSE2A (S3SSE2A_20250522)(ANSSI-CC-2024/26-R01),ML-DSA,"EAL5+,ADV_IMP.2,ADV_INT.3,ADV_TDS.5,ALC_CMC.5,ALC_DVS.2,ALC_TAT.3,ASE_TSS.2,ATE_COV.3,ATE_FUN.2,AVA_VAN.5",deprecated,2025-10-01,https://commoncriteriaportal.org/files/epfiles/ANSSI-CC-cible-2024_26-R01en.pdf,2026-06-06,not in regen,,,,,
Samsung S3SSE2A eSE,Common Criteria,cc-s3sse2a--s3sse2a-20250522--anssi-cc-2024-26-r01--1cy9,"Samsung Electronics Co., Ltd. (Scheme: FR)",S3SSE2A (S3SSE2A_20250522)(ANSSI-CC-2024/26-R01),ML-DSA,"EAL5+,ADV_IMP.2,ADV_INT.3,ADV_TDS.5,ALC_CMC.5,ALC_DVS.2,ALC_TAT.3,ASE_TSS.2,ATE_COV.3,ATE_FUN.2,AVA_VAN.5",deprecated,2025-10-01,https://www.commoncriteriaportal.org/files/epfiles/ANSSI-CC-cible-2024_26-R01en.pdf,2026-06-04,not in regen,,,,,
Samsung S3SSE2A eSE,Common Criteria,cc-s3sse2a--s3sse2a-20250522--anssi-cc-2024-26-r01--mmx7,"Samsung Electronics Co., Ltd. (Scheme: FR)",S3SSE2A (S3SSE2A_20250522)(ANSSI-CC-2024/26-R01),ML-DSA,"EAL5+,ADV_IMP.2,ADV_INT.3,ADV_TDS.5,ALC_CMC.5,ALC_DVS.2,ALC_TAT.3,ASE_TSS.2,ATE_COV.3,ATE_FUN.2,AVA_VAN.5",deprecated,2025-10-01,https://www.commoncriteriaportal.org/files/epfiles/ANSSI-CC-cible-2024_26-R01en.pdf,2026-05-16,not in regen,,,,,
Samsung S3SSE2A eSE,Common Criteria,cc-s3sse2a--s3sse2a-20250522--anssi-cc-2024-26-r01--4bvy,"Samsung Electronics Co., Ltd. (Scheme: FR)",S3SSE2A (S3SSE2A_20250522)(ANSSI-CC-2024/26-R01),ML-DSA,"EAL5+,ADV_IMP.2,ADV_INT.3,ADV_TDS.5,ALC_CMC.5,ALC_DVS.2,ALC_TAT.3,ASE_TSS.2,ATE_COV.3,ATE_FUN.2,AVA_VAN.5",deprecated,2025-10-01,https://www.commoncriteriaportal.org/files/epfiles/ANSSI-CC-cible-2024_26-R01en.pdf,2026-05-10,not in regen,samsung-s3sse2a-ese,pqc_cert_present,url_needs_review,CMVP #cc-s3sse2a--s3sse2a-20250522--anssi-cc-2024-26-r01--4bvy: PQC mechanisms detected. Verify algorithms at https://csrc.nist.gov/projects/cryptographic-module-validation-program/certificate/cc-s3sse2a--s3sse2a-20250522--anssi-cc-2024-26-r01--4bvy,2026-05-06
Samsung S3SSE2A eSE,FIPS 140-3,4787,"Samsung Electronics Co., Ltd.",Samsung CryptoCore Cryptographic Module,No PQC Mechanisms Detected,FIPS 140-3 L1,deprecated,2024-09-03,https://csrc.nist.gov/projects/cryptographic-module-validation-program/certificate/4787,2026-06-06,not in regen,,,,,
Samsung S3SSE2A eSE,FIPS 140-3,4792,"Samsung Electronics Co., Ltd.",Samsung SCrypto Cryptographic Module,No PQC Mechanisms Detected,FIPS 140-3 L1,deprecated,2024-09-10,https://csrc.nist.gov/projects/cryptographic-module-validation-program/certificate/4792,2026-06-06,not in regen,,,,,
Samsung S3SSE2A eSE,FIPS 140-3,4965,"Samsung Electronics Co., Ltd.",Samsung TCG Opal SSC Cryptographic Sub-Chip,No PQC Mechanisms Detected,FIPS 140-3 L3,deprecated,2025-02-13,https://csrc.nist.gov/projects/cryptographic-module-validation-program/certificate/4965,2026-05-10,not in regen,samsung-s3sse2a-ese,no_pqc_cert_classical_only,url_authoritative,CMVP #4965: Classical cryptography only. PQC (ML-KEM/ML-DSA/SLH-DSA) not yet validated under this certificate. CMVP PQC module validation anticipated 2026-2027 per NIST CMVP roadmap.,2026-05-06
Samsung S3SSE2A eSE,FIPS 140-3,5012,"Samsung Electronics Co., Ltd.",Samsung BoringCrypto Android,No PQC Mechanisms Detected,FIPS 140-3 L1,deprecated,2025-04-29,https://csrc.nist.gov/projects/cryptographic-module-validation-program/certificate/5012,2026-06-06,not in regen,,,,,
Samsung S3SSE2A eSE,FIPS 140-3,5047,"Samsung Electronics Co., Ltd.",Samsung TCG Opal SSC Cryptographic Sub-Chip Deneb,No PQC Mechanisms Detected,FIPS 140-3 L2,deprecated,2025-07-25,https://csrc.nist.gov/projects/cryptographic-module-validation-program/certificate/5047,2026-06-06,not in regen,,,,,
Samsung S3SSE2A eSE,FIPS 140-3,5222,"Samsung Electronics Co., Ltd.",Samsung TCG Opal SSC Cryptographic Sub-Chip,No PQC Mechanisms Detected,FIPS 140-3 L2,deprecated,2026-04-01,https://csrc.nist.gov/projects/cryptographic-module-validation-program/certificate/5222,2026-06-06,not in regen,,,,,
Samsung SDS S-CAPE PQC Platform,FIPS 140-3,4965,"Samsung Electronics Co., Ltd.",Samsung TCG Opal SSC Cryptographic Sub-Chip,No PQC Mechanisms Detected,FIPS 140-3 L3,deprecated,2025-02-13,https://csrc.nist.gov/projects/cryptographic-module-validation-program/certificate/4965,2026-05-10,not in regen,samsung-sds-s-cape-pqc-platform,no_pqc_cert_classical_only,url_authoritative,CMVP #4965: Classical cryptography only. PQC (ML-KEM/ML-DSA/SLH-DSA) not yet validated under this certificate. CMVP PQC module validation anticipated 2026-2027 per NIST CMVP roadmap.,2026-05-06
Samsung SDS S-CAPE PQC Platform,FIPS 140-3,5012,"Samsung Electronics Co., Ltd.",Samsung BoringCrypto Android,No PQC Mechanisms Detected,FIPS 140-3 L1,deprecated,2025-04-29,https://csrc.nist.gov/projects/cryptographic-module-validation-program/certificate/5012,2026-06-06,not in regen,,,,,
Samsung SDS S-CAPE PQC Platform,FIPS 140-3,5047,"Samsung Electronics Co., Ltd.",Samsung TCG Opal SSC Cryptographic Sub-Chip Deneb,No PQC Mechanisms Detected,FIPS 140-3 L2,deprecated,2025-07-25,https://csrc.nist.gov/projects/cryptographic-module-validation-program/certificate/5047,2026-06-06,not in regen,,,,,
Samsung SDS S-CAPE PQC Platform,FIPS 140-3,5222,"Samsung Electronics Co., Ltd.",Samsung TCG Opal SSC Cryptographic Sub-Chip,No PQC Mechanisms Detected,FIPS 140-3 L2,deprecated,2026-04-01,https://csrc.nist.gov/projects/cryptographic-module-validation-program/certificate/5222,2026-06-06,not in regen,,,,,
Secure-IC Securyzr,ACVP,A6046,Secure-IC,Secure-IC PQC Solutions,"ML-DSA, ML-KEM",,deprecated,2024-10-30,https://csrc.nist.gov/projects/cryptographic-algorithm-validation-program/details?product=18755,2026-06-06,not in regen,,,,,
Securosys CloudHSM,ACVP,A5703,Securosys SA,Primus HSM LMS aarch32 firmware implementation,LMS,,deprecated,2024-09-04,https://csrc.nist.gov/projects/cryptographic-algorithm-validation-program/details?product=18329,2026-06-06,not in regen,,,,,
Securosys CloudHSM,ACVP,A5702,Securosys SA,Primus HSM LMS aarch64 firmware implementation,LMS,,deprecated,2024-09-04,https://csrc.nist.gov/projects/cryptographic-algorithm-validation-program/details?product=18328,2026-06-06,not in regen,,,,,
Securosys CloudHSM,ACVP,A6129,Securosys SA,Primus HSM ML-KEM firmware implementation,ML-KEM,,deprecated,2024-11-07,https://csrc.nist.gov/projects/cryptographic-algorithm-validation-program/details?product=18823,2026-06-06,not in regen,,,,,
Securosys CloudHSM,ACVP,A6130,Securosys SA,Primus HSM ML-DSA firmware implementation,ML-DSA,,deprecated,2024-11-07,https://csrc.nist.gov/projects/cryptographic-algorithm-validation-program/details?product=18824,2026-06-06,not in regen,,,,,
Securosys CloudHSM,ACVP,A6131,Securosys SA,Primus HSM SLH-DSA firmware implementation,SLH-DSA,,deprecated,2024-11-07,https://csrc.nist.gov/projects/cryptographic-algorithm-validation-program/details?product=18825,2026-06-06,not in regen,,,,,
Securosys CloudHSM,ACVP,A7792,Securosys SA,Primus HSM firmware implementation,"LMS, ML-DSA, ML-KEM, SLH-DSA",,deprecated,2025-12-15,https://csrc.nist.gov/projects/cryptographic-algorithm-validation-program/details?product=20546,2026-06-06,not in regen,,,,,
Securosys CloudHSM,Common Criteria,cc-primus-hsm-fw-3-1-0-series-e--series-e2--series-x--series-x2-3m5q,Securosys SA (Scheme: IT),"Primus HSM FW 3.1.0 Series E, Series E2, Series X, Series X2","ML-KEM, ML-DSA, SLH-DSA, LMS, XMSS, HSS","EAL4+,AVA_VAN.5",deprecated,2026-02-23,https://commoncriteriaportal.org/files/epfiles/st_primus_hsm_fw310_v3.1.pdf,2026-06-06,not in regen,,,,,
Securosys CloudHSM,Common Criteria,cc-primus-hsm-fw-3-1-0-series-e--series-e2--series-x--series-x2-v2si,Securosys SA (Scheme: IT),"Primus HSM FW 3.1.0 Series E, Series E2, Series X, Series X2","ML-KEM, ML-DSA, SLH-DSA, LMS, XMSS, HSS","EAL4+,AVA_VAN.5",deprecated,2026-02-23,https://www.commoncriteriaportal.org/files/epfiles/st_primus_hsm_fw310_v3.1.pdf,2026-06-04,not in regen,,,,,
Securosys CloudHSM,Common Criteria,cc-primus-hsm-fw-3-1-0-series-e--series-e2--series-x--series-x2-d39v,Securosys SA (Scheme: IT),"Primus HSM FW 3.1.0 Series E, Series E2, Series X, Series X2","ML-KEM, ML-DSA, SLH-DSA, LMS, XMSS, HSS","EAL4+,AVA_VAN.5",deprecated,2026-02-23,https://www.commoncriteriaportal.org/files/epfiles/st_primus_hsm_fw310_v3.1.pdf,2026-05-16,not in regen,,,,,
Securosys CloudHSM,Common Criteria,cc-primus-hsm-fw-3-1-0-series-e--series-e2--series-x--series-x2-x6cj,Securosys SA (Scheme: IT),"Primus HSM FW 3.1.0 Series E, Series E2, Series X, Series X2","ML-KEM, ML-DSA, SLH-DSA, LMS, XMSS, HSS","EAL4+,AVA_VAN.5",deprecated,2026-02-23,https://www.commoncriteriaportal.org/files/epfiles/st_primus_hsm_fw310_v3.1.pdf,2026-05-10,not in regen,securosys-cloudhsm,pqc_cert_present,url_needs_review,CMVP #cc-primus-hsm-fw-3-1-0-series-e--series-e2--series-x--series-x2-x6cj: PQC mechanisms detected. Verify algorithms at https://csrc.nist.gov/projects/cryptographic-module-validation-program/certificate/cc-primus-hsm-fw-3-1-0-series-e--series-e2--series-x--series-x2-x6cj,2026-05-06
Securosys Primus HSM,ACVP,A5703,Securosys SA,Primus HSM LMS aarch32 firmware implementation,LMS,,Active,2024-09-04,https://csrc.nist.gov/projects/cryptographic-algorithm-validation-program/details?product=18329,,,,,,,
Securosys Primus HSM,ACVP,A5702,Securosys SA,Primus HSM LMS aarch64 firmware implementation,LMS,,deprecated,2024-09-04,https://csrc.nist.gov/projects/cryptographic-algorithm-validation-program/details?product=18328,2026-06-06,not in regen,,,,,
Securosys Primus HSM,ACVP,A6129,Securosys SA,Primus HSM ML-KEM firmware implementation,ML-KEM,,Active,2024-11-07,https://csrc.nist.gov/projects/cryptographic-algorithm-validation-program/details?product=18823,,,,,,,
Securosys Primus HSM,ACVP,A6130,Securosys SA,Primus HSM ML-DSA firmware implementation,ML-DSA,,Active,2024-11-07,https://csrc.nist.gov/projects/cryptographic-algorithm-validation-program/details?product=18824,,,,,,,
Securosys Primus HSM,ACVP,A6131,Securosys SA,Primus HSM SLH-DSA firmware implementation,SLH-DSA,,Active,2024-11-07,https://csrc.nist.gov/projects/cryptographic-algorithm-validation-program/details?product=18825,,,,,,,
Securosys Primus HSM,ACVP,A7792,Securosys SA,Primus HSM firmware implementation,"LMS, ML-DSA, ML-KEM, SLH-DSA",,Active,2025-12-15,https://csrc.nist.gov/projects/cryptographic-algorithm-validation-program/details?product=20546,,,,,,,
Securosys Primus HSM,Common Criteria,cc-primus-hsm-fw-3-1-0-series-e--series-e2--series-x--series-x2-r742,Securosys SA (Scheme: IT),"Primus HSM FW 3.1.0 Series E, Series E2, Series X, Series X2","ML-KEM, ML-DSA, SLH-DSA, LMS, XMSS, HSS","EAL4+,AVA_VAN.5",Active,2026-02-23,https://commoncriteriaportal.org/files/epfiles/st_primus_hsm_fw310_v3.1.pdf,,,,,,,
Securosys Primus HSM,Common Criteria,cc-primus-hsm-fw-3-1-0-series-e--series-e2--series-x--series-x2-3m5q,Securosys SA (Scheme: IT),"Primus HSM FW 3.1.0 Series E, Series E2, Series X, Series X2","ML-KEM, ML-DSA, SLH-DSA, LMS, XMSS, HSS","EAL4+,AVA_VAN.5",deprecated,2026-02-23,https://commoncriteriaportal.org/files/epfiles/st_primus_hsm_fw310_v3.1.pdf,2026-06-06,not in regen,,,,,
Securosys Primus HSM,Common Criteria,cc-primus-hsm-fw-3-1-0-series-e--series-e2--series-x--series-x2-v2si,Securosys SA (Scheme: IT),"Primus HSM FW 3.1.0 Series E, Series E2, Series X, Series X2","ML-KEM, ML-DSA, SLH-DSA, LMS, XMSS, HSS","EAL4+,AVA_VAN.5",deprecated,2026-02-23,https://www.commoncriteriaportal.org/files/epfiles/st_primus_hsm_fw310_v3.1.pdf,2026-06-04,not in regen,,,,,
Securosys Primus HSM,Common Criteria,cc-primus-hsm-fw-3-1-0-series-e--series-e2--series-x--series-x2-d39v,Securosys SA (Scheme: IT),"Primus HSM FW 3.1.0 Series E, Series E2, Series X, Series X2","ML-KEM, ML-DSA, SLH-DSA, LMS, XMSS, HSS","EAL4+,AVA_VAN.5",deprecated,2026-02-23,https://www.commoncriteriaportal.org/files/epfiles/st_primus_hsm_fw310_v3.1.pdf,2026-05-16,not in regen,,,,,
Securosys Primus HSM,Common Criteria,cc-primus-hsm-fw-3-1-0-series-e--series-e2--series-x--series-x2-x6cj,Securosys SA (Scheme: IT),"Primus HSM FW 3.1.0 Series E, Series E2, Series X, Series X2","ML-KEM, ML-DSA, SLH-DSA, LMS, XMSS, HSS","EAL4+,AVA_VAN.5",deprecated,2026-02-23,https://www.commoncriteriaportal.org/files/epfiles/st_primus_hsm_fw310_v3.1.pdf,2026-05-10,not in regen,securosys-primus-hsm,pqc_cert_present,url_needs_review,CMVP #cc-primus-hsm-fw-3-1-0-series-e--series-e2--series-x--series-x2-x6cj: PQC mechanisms detected. Verify algorithms at https://csrc.nist.gov/projects/cryptographic-module-validation-program/certificate/cc-primus-hsm-fw-3-1-0-series-e--series-e2--series-x--series-x2-x6cj,2026-05-06
Senetas CN7000 Series,FIPS 140-3,4209,"Senetas Corporation Ltd., distributed by Thales SA (SafeNet)",CN6000 Series Encryptors,No PQC Mechanisms Detected,FIPS 140-3 L3,Active,2022-04-29,https://csrc.nist.gov/projects/cryptographic-module-validation-program/certificate/4209,,,,,,,
Senetas CN7000 Series,FIPS 140-3,4429,Thales,Thales CipherTrust Cryptographic Provider (CCP),No PQC Mechanisms Detected,FIPS 140-3 L1,deprecated,2023-01-27,https://csrc.nist.gov/projects/cryptographic-module-validation-program/certificate/4429,2026-05-16,not in regen,,,,,
Senetas CN7000 Series,FIPS 140-3,4869,"Senetas Corporation Ltd, distributed by Thales SA (SafeNet)",CN Series Encryptors,No PQC Mechanisms Detected,FIPS 140-3 L3,Active,2024-11-06,https://csrc.nist.gov/projects/cryptographic-module-validation-program/certificate/4869,,,,,,,
Senetas CN7000 Series,FIPS 140-3,4874,"Senetas Corporation Ltd., distributed by Thales SA",CE Crypto Module,No PQC Mechanisms Detected,FIPS 140-3 L1,deprecated,2024-11-12,https://csrc.nist.gov/projects/cryptographic-module-validation-program/certificate/4874,2026-06-06,not in regen,,,,,
Senetas CN7000 Series,FIPS 140-3,5172,Thales Alenia Space,Thales Alenia Space Cryptographic Module for Microsemi RTG4 FPGA,No PQC Mechanisms Detected,FIPS 140-3 L1,deprecated,2026-03-06,https://csrc.nist.gov/projects/cryptographic-module-validation-program/certificate/5172,2026-06-06,not in regen,,,,,
Senetas CN7000 Series,FIPS 140-3,5250,THALES ALENIA SPACE,ESPRIT/COMHUB FPGA,No PQC Mechanisms Detected,FIPS 140-3 L1,deprecated,2026-04-28,https://csrc.nist.gov/projects/cryptographic-module-validation-program/certificate/5250,2026-06-06,not in regen,,,,,
Splunk Enterprise,FIPS 140-3,5044,Splunk LLC,Splunk OpenSSL FIPS Provider,No PQC Mechanisms Detected,FIPS 140-3 L1,deprecated,2025-07-22,https://csrc.nist.gov/projects/cryptographic-module-validation-program/certificate/5044,2026-06-06,not in regen,,,,,
Splunk Enterprise,FIPS 140-3,5187,Splunk LLC,Splunk Cryptographic Module,No PQC Mechanisms Detected,FIPS 140-3 L1,deprecated,2026-03-12,https://csrc.nist.gov/projects/cryptographic-module-validation-program/certificate/5187,2026-06-06,not in regen,,,,,
Thales 5G Quantum-Safe SIM,ACVP,A7358,Thales,Thales Luna K7 Cryptographic Library,"LMS, ML-DSA, ML-KEM",,deprecated,2025-09-02,https://csrc.nist.gov/projects/cryptographic-algorithm-validation-program/details?product=20110,2026-06-06,not in regen,,,,,
Thales 5G Quantum-Safe SIM,ACVP,A8273,Thales,Thales Luna G7 Cryptographic Library,"ML-DSA, ML-KEM",,deprecated,2026-04-17,https://csrc.nist.gov/projects/cryptographic-algorithm-validation-program/details?product=21087,2026-06-06,not in regen,,,,,
Thales 5G Quantum-Safe SIM,Common Criteria,cc-quantum-ias-v1-0-0-a-and-moc-server-v3-1-1-on-multiapp-v5-2-premium-pqcversions-1-0-0-a--q-ias--et-3-1-1--moc-server---anssi-cc-2026-03--ain8,THALES DIS FRANCE SA (Scheme: FR),Quantum IAS v1.0.0.A and MOC Server v3.1.1 on MultiApp V5.2 Premium PQCVersions 1.0.0.A (Q-IAS) et 3.1.1 (MOC server) (ANSSI-CC-2026/03),"ML-KEM, ML-DSA","EAL5+,ALC_DVS.2,AVA_VAN.5",deprecated,2026-02-05,https://commoncriteriaportal.org/files/epfiles/ANSSI-CC-2026-03-cible.pdf,2026-06-06,not in regen,,,,,
Thales 5G Quantum-Safe SIM,Common Criteria,cc-quantum-ias-v1-0-0-a-and-moc-server-v3-1-1-on-multiapp-v5-2-premium-pqcversions-1-0-0-a--q-ias--et-3-1-1--moc-server---anssi-cc-2026-03--ejuc,THALES DIS FRANCE SA (Scheme: FR),Quantum IAS v1.0.0.A and MOC Server v3.1.1 on MultiApp V5.2 Premium PQCVersions 1.0.0.A (Q-IAS) et 3.1.1 (MOC server) (ANSSI-CC-2026/03),"ML-KEM, ML-DSA","EAL5+,ALC_DVS.2,AVA_VAN.5",deprecated,2026-02-05,https://www.commoncriteriaportal.org/files/epfiles/ANSSI-CC-2026-03-cible.pdf,2026-06-04,not in regen,,,,,
Thales 5G Quantum-Safe SIM,Common Criteria,cc-quantum-ias-v1-0-0-a-and-moc-server-v3-1-1-on-multiapp-v5-2-premium-pqcversions-1-0-0-a--q-ias--et-3-1-1--moc-server---anssi-cc-2026-03--qvcd,THALES DIS FRANCE SA (Scheme: FR),Quantum IAS v1.0.0.A and MOC Server v3.1.1 on MultiApp V5.2 Premium PQCVersions 1.0.0.A (Q-IAS) et 3.1.1 (MOC server) (ANSSI-CC-2026/03),"ML-KEM, ML-DSA","EAL5+,ALC_DVS.2,AVA_VAN.5",deprecated,2026-02-05,https://www.commoncriteriaportal.org/files/epfiles/ANSSI-CC-2026-03-cible.pdf,2026-05-16,not in regen,,,,,
Thales 5G Quantum-Safe SIM,Common Criteria,cc-quantum-ias-v1-0-0-a-and-moc-server-v3-1-1-on-multiapp-v5-2-premium-pqcversions-1-0-0-a--q-ias--et-3-1-1--moc-server---anssi-cc-2026-03--kmz3,THALES DIS FRANCE SA (Scheme: FR),Quantum IAS v1.0.0.A and MOC Server v3.1.1 on MultiApp V5.2 Premium PQCVersions 1.0.0.A (Q-IAS) et 3.1.1 (MOC server) (ANSSI-CC-2026/03),"ML-KEM, ML-DSA","EAL5+,ALC_DVS.2,AVA_VAN.5",deprecated,2026-02-05,https://www.commoncriteriaportal.org/files/epfiles/ANSSI-CC-2026-03-cible.pdf,2026-05-10,not in regen,thales-5g-quantum-safe-sim,pqc_cert_present,url_needs_review,CMVP #cc-quantum-ias-v1-0-0-a-and-moc-server-v3-1-1-on-multiapp-v5-2-premium-pqcversions-1-0-0-a--q-ias--et-3-1-1--moc-server---anssi-cc-2026-03--kmz3: PQC mechanisms detected. Verify algorithms at https://csrc.nist.gov/projects/cryptographic-module-validation-program/certificate/cc-quantum-ias-v1-0-0-a-and-moc-server-v3-1-1-on-multiapp-v5-2-premium-pqcversions-1-0-0-a--q-ias--et-3-1-1--moc-server---anssi-cc-2026-03--kmz3,2026-05-06
Thales 5G Quantum-Safe SIM,FIPS 140-3,4480,Thales,eToken 5110+ FIPS,No PQC Mechanisms Detected,FIPS 140-3 L3,deprecated,2023-04-17,https://csrc.nist.gov/projects/cryptographic-module-validation-program/certificate/4480,2026-06-06,not in regen,,,,,
Thales 5G Quantum-Safe SIM,FIPS 140-3,4517,Thales,IDPrime 3930 FIDO,No PQC Mechanisms Detected,FIPS 140-3 L2,deprecated,2023-05-09,https://csrc.nist.gov/projects/cryptographic-module-validation-program/certificate/4517,2026-06-06,not in regen,,,,,
Thales 5G Quantum-Safe SIM,FIPS 140-3,4772,Thales,IDCore 3230 / 230 Platform,No PQC Mechanisms Detected,FIPS 140-3 L3,deprecated,2024-08-21,https://csrc.nist.gov/projects/cryptographic-module-validation-program/certificate/4772,2026-06-06,not in regen,,,,,
Thales 5G Quantum-Safe SIM,FIPS 140-3,4852,THALES,Safeword3300 Platinum V2F,No PQC Mechanisms Detected,FIPS 140-3 L1,deprecated,2024-10-24,https://csrc.nist.gov/projects/cryptographic-module-validation-program/certificate/4852,2026-06-06,not in regen,,,,,
Thales 5G Quantum-Safe SIM,FIPS 140-3,5172,Thales Alenia Space,Thales Alenia Space Cryptographic Module for Microsemi RTG4 FPGA,No PQC Mechanisms Detected,FIPS 140-3 L1,deprecated,2026-03-06,https://csrc.nist.gov/projects/cryptographic-module-validation-program/certificate/5172,2026-05-16,not in regen,,,,,
Thales 5G Quantum-Safe SIM,FIPS 140-3,5250,THALES ALENIA SPACE,ESPRIT/COMHUB FPGA,No PQC Mechanisms Detected,FIPS 140-3 L1,deprecated,2026-04-28,https://csrc.nist.gov/projects/cryptographic-module-validation-program/certificate/5250,2026-06-06,not in regen,,,,,
Thales CipherTrust Cloud Key Manager,ACVP,A7358,Thales,Thales Luna K7 Cryptographic Library,"LMS, ML-DSA, ML-KEM",,deprecated,2025-09-02,https://csrc.nist.gov/projects/cryptographic-algorithm-validation-program/details?product=20110,2026-06-06,not in regen,,,,,
Thales CipherTrust Cloud Key Manager,ACVP,A8273,Thales,Thales Luna G7 Cryptographic Library,"ML-DSA, ML-KEM",,deprecated,2026-04-17,https://csrc.nist.gov/projects/cryptographic-algorithm-validation-program/details?product=21087,2026-06-06,not in regen,,,,,
Thales CipherTrust Cloud Key Manager,FIPS 140-3,4110,Thales,ProtectServer PCIe HSM 3,No PQC Mechanisms Detected,FIPS 140-3 L3,deprecated,2021-12-20,https://csrc.nist.gov/projects/cryptographic-module-validation-program/certificate/4110,2026-06-06,not in regen,,,,,
Thales CipherTrust Cloud Key Manager,FIPS 140-3,4195,Thales,Thales Luna Backup HSM Cryptographic Module,No PQC Mechanisms Detected,FIPS 140-3 L3,deprecated,2022-04-14,https://csrc.nist.gov/projects/cryptographic-module-validation-program/certificate/4195,2026-06-06,not in regen,,,,,
Thales CipherTrust Cloud Key Manager,FIPS 140-3,4430,Thales,Thales CipherTrust Manager Core Security Module,No PQC Mechanisms Detected,FIPS 140-3 L1,Active,2023-01-27,https://csrc.nist.gov/projects/cryptographic-module-validation-program/certificate/4430,,,,,,,
Thales CipherTrust Cloud Key Manager,FIPS 140-3,4684,Thales,Thales Luna K7 Cryptographic Module,No PQC Mechanisms Detected,FIPS 140-3 L3,deprecated,2024-04-02,https://csrc.nist.gov/projects/cryptographic-module-validation-program/certificate/4684,2026-06-06,not in regen,,,,,
Thales CipherTrust Cloud Key Manager,FIPS 140-3,4962,Thales,Thales Luna G7 Cryptographic Module,No PQC Mechanisms Detected,FIPS 140-3 L3,deprecated,2025-02-07,https://csrc.nist.gov/projects/cryptographic-module-validation-program/certificate/4962,2026-06-06,not in regen,,,,,
Thales CipherTrust Data Discovery and Classification,FIPS 140-3,4328,Thales,Thales Cryptovisor K7+ Cryptographic Module,No PQC Mechanisms Detected,FIPS 140-3 L3,deprecated,2022-10-12,https://csrc.nist.gov/projects/cryptographic-module-validation-program/certificate/4328,2026-05-16,not in regen,,,,,
Thales CipherTrust Data Discovery and Classification,FIPS 140-3,4429,Thales,Thales CipherTrust Cryptographic Provider (CCP),No PQC Mechanisms Detected,FIPS 140-3 L1,deprecated,2023-01-27,https://csrc.nist.gov/projects/cryptographic-module-validation-program/certificate/4429,2026-06-02,not in regen,,,,,
Thales CipherTrust Data Discovery and Classification,FIPS 140-3,5172,Thales Alenia Space,Thales Alenia Space Cryptographic Module for Microsemi RTG4 FPGA,No PQC Mechanisms Detected,FIPS 140-3 L1,deprecated,2026-03-06,https://csrc.nist.gov/projects/cryptographic-module-validation-program/certificate/5172,2026-06-02,not in regen,,,,,
Thales CipherTrust Data Discovery and Classification,FIPS 140-3,5250,THALES ALENIA SPACE,ESPRIT/COMHUB FPGA,No PQC Mechanisms Detected,FIPS 140-3 L1,deprecated,2026-04-28,https://csrc.nist.gov/projects/cryptographic-module-validation-program/certificate/5250,2026-06-02,not in regen,,,,,
Thales CipherTrust Data Security Platform,ACVP,A7358,Thales,Thales Luna K7 Cryptographic Library,"LMS, ML-DSA, ML-KEM",,deprecated,2025-09-02,https://csrc.nist.gov/projects/cryptographic-algorithm-validation-program/details?product=20110,2026-06-06,not in regen,,,,,
Thales CipherTrust Data Security Platform,ACVP,A8273,Thales,Thales Luna G7 Cryptographic Library,"ML-DSA, ML-KEM",,deprecated,2026-04-17,https://csrc.nist.gov/projects/cryptographic-algorithm-validation-program/details?product=21087,2026-06-06,not in regen,,,,,
Thales CipherTrust Data Security Platform,FIPS 140-3,4328,Thales,Thales Cryptovisor K7+ Cryptographic Module,No PQC Mechanisms Detected,FIPS 140-3 L3,deprecated,2022-10-12,https://csrc.nist.gov/projects/cryptographic-module-validation-program/certificate/4328,2026-05-16,not in regen,,,,,
Thales CipherTrust Data Security Platform,FIPS 140-3,4429,Thales,Thales CipherTrust Cryptographic Provider (CCP),No PQC Mechanisms Detected,FIPS 140-3 L1,Active,2023-01-27,https://csrc.nist.gov/projects/cryptographic-module-validation-program/certificate/4429,,,,,,,
Thales CipherTrust Data Security Platform,FIPS 140-3,5172,Thales Alenia Space,Thales Alenia Space Cryptographic Module for Microsemi RTG4 FPGA,No PQC Mechanisms Detected,FIPS 140-3 L1,deprecated,2026-03-06,https://csrc.nist.gov/projects/cryptographic-module-validation-program/certificate/5172,2026-06-06,not in regen,,,,,
Thales CipherTrust Data Security Platform,FIPS 140-3,5250,THALES ALENIA SPACE,ESPRIT/COMHUB FPGA,No PQC Mechanisms Detected,FIPS 140-3 L1,deprecated,2026-04-28,https://csrc.nist.gov/projects/cryptographic-module-validation-program/certificate/5250,2026-06-06,not in regen,,,,,
Thales CipherTrust Manager,ACVP,A7358,Thales,Thales Luna K7 Cryptographic Library,"LMS, ML-DSA, ML-KEM",,deprecated,2025-09-02,https://csrc.nist.gov/projects/cryptographic-algorithm-validation-program/details?product=20110,2026-06-06,not in regen,,,,,
Thales CipherTrust Manager,ACVP,A8273,Thales,Thales Luna G7 Cryptographic Library,"ML-DSA, ML-KEM",,deprecated,2026-04-17,https://csrc.nist.gov/projects/cryptographic-algorithm-validation-program/details?product=21087,2026-06-06,not in regen,,,,,
Thales CipherTrust Manager,FIPS 140-3,4328,Thales,Thales Cryptovisor K7+ Cryptographic Module,No PQC Mechanisms Detected,FIPS 140-3 L3,deprecated,2022-10-12,https://csrc.nist.gov/projects/cryptographic-module-validation-program/certificate/4328,2026-05-16,not in regen,,,,,
Thales CipherTrust Manager,FIPS 140-3,4429,Thales,Thales CipherTrust Cryptographic Provider (CCP),No PQC Mechanisms Detected,FIPS 140-3 L1,Active,2023-01-27,https://csrc.nist.gov/projects/cryptographic-module-validation-program/certificate/4429,,,,,,,
Thales CipherTrust Manager,FIPS 140-3,5172,Thales Alenia Space,Thales Alenia Space Cryptographic Module for Microsemi RTG4 FPGA,No PQC Mechanisms Detected,FIPS 140-3 L1,deprecated,2026-03-06,https://csrc.nist.gov/projects/cryptographic-module-validation-program/certificate/5172,2026-06-06,not in regen,,,,,
Thales CipherTrust Manager,FIPS 140-3,5250,THALES ALENIA SPACE,ESPRIT/COMHUB FPGA,No PQC Mechanisms Detected,FIPS 140-3 L1,deprecated,2026-04-28,https://csrc.nist.gov/projects/cryptographic-module-validation-program/certificate/5250,2026-06-06,not in regen,,,,,
Thales High Speed Encryptor (HSE),ACVP,A7358,Thales,Thales Luna K7 Cryptographic Library,"LMS, ML-DSA, ML-KEM",,deprecated,2025-09-02,https://csrc.nist.gov/projects/cryptographic-algorithm-validation-program/details?product=20110,2026-06-06,not in regen,,,,,
Thales High Speed Encryptor (HSE),ACVP,A8273,Thales,Thales Luna G7 Cryptographic Library,"ML-DSA, ML-KEM",,deprecated,2026-04-17,https://csrc.nist.gov/projects/cryptographic-algorithm-validation-program/details?product=21087,2026-06-06,not in regen,,,,,
Thales High Speed Encryptor (HSE),Common Criteria,cc-trusted-security-filter--tsf--401-huou,Thales Norway AS (Scheme: NO),Trusted Security Filter (TSF) 401,SPHINCS+,"EAL5+,ALC_FLR.3",deprecated,2025-12-16,https://www.commoncriteriaportal.org/files/epfiles/3AQ 33330 AAAB 938 Security Target Lite TSF 401 Ed. 001.pdf,2026-05-10,not in regen,thales-high-speed-encryptor-hse,pqc_cert_present,url_needs_review,CMVP #cc-trusted-security-filter--tsf--401-huou: PQC mechanisms detected. Verify algorithms at https://csrc.nist.gov/projects/cryptographic-module-validation-program/certificate/cc-trusted-security-filter--tsf--401-huou,2026-05-06
Thales High Speed Encryptor (HSE),FIPS 140-3,4065,Thales Alenia Space,Thales Alenia Space cryptographic module for Microsemi RTAX FPGA,No PQC Mechanisms Detected,FIPS 140-3 L1,deprecated,2021-11-02,https://csrc.nist.gov/projects/cryptographic-module-validation-program/certificate/4065,2026-05-16,not in regen,,,,,
Thales High Speed Encryptor (HSE),FIPS 140-3,4328,Thales,Thales Cryptovisor K7+ Cryptographic Module,No PQC Mechanisms Detected,FIPS 140-3 L3,deprecated,2022-10-12,https://csrc.nist.gov/projects/cryptographic-module-validation-program/certificate/4328,2026-06-06,not in regen,,,,,
Thales High Speed Encryptor (HSE),FIPS 140-3,4327,Thales,Thales Cryptovisor K7 Cryptographic Module,No PQC Mechanisms Detected,FIPS 140-3 L3,deprecated,2022-10-12,https://csrc.nist.gov/projects/cryptographic-module-validation-program/certificate/4327,2026-06-06,not in regen,,,,,
Thales High Speed Encryptor (HSE),FIPS 140-3,4429,Thales,Thales CipherTrust Cryptographic Provider (CCP),No PQC Mechanisms Detected,FIPS 140-3 L1,deprecated,2023-01-27,https://csrc.nist.gov/projects/cryptographic-module-validation-program/certificate/4429,2026-06-06,not in regen,,,,,
Thales High Speed Encryptor (HSE),FIPS 140-3,5172,Thales Alenia Space,Thales Alenia Space Cryptographic Module for Microsemi RTG4 FPGA,No PQC Mechanisms Detected,FIPS 140-3 L1,deprecated,2026-03-06,https://csrc.nist.gov/projects/cryptographic-module-validation-program/certificate/5172,2026-06-06,not in regen,,,,,
Thales High Speed Encryptor (HSE),FIPS 140-3,5250,THALES ALENIA SPACE,ESPRIT/COMHUB FPGA,No PQC Mechanisms Detected,FIPS 140-3 L1,deprecated,2026-04-28,https://csrc.nist.gov/projects/cryptographic-module-validation-program/certificate/5250,2026-06-06,not in regen,,,,,
Thales Luna Cloud HSM (DPoD),ACVP,A7358,Thales,Thales Luna K7 Cryptographic Library,"LMS, ML-DSA, ML-KEM",,Active,2025-09-02,https://csrc.nist.gov/projects/cryptographic-algorithm-validation-program/details?product=20110,,,,,,,
Thales Luna Cloud HSM (DPoD),ACVP,A8273,Thales,Thales Luna G7 Cryptographic Library,"ML-DSA, ML-KEM",,Active,2026-04-17,https://csrc.nist.gov/projects/cryptographic-algorithm-validation-program/details?product=21087,,,,,,,
Thales Luna Cloud HSM (DPoD),FIPS 140-3,4110,Thales,ProtectServer PCIe HSM 3,No PQC Mechanisms Detected,FIPS 140-3 L3,Active,2021-12-20,https://csrc.nist.gov/projects/cryptographic-module-validation-program/certificate/4110,,,,,,,
Thales Luna Cloud HSM (DPoD),FIPS 140-3,4195,Thales,Thales Luna Backup HSM Cryptographic Module,No PQC Mechanisms Detected,FIPS 140-3 L3,Active,2022-04-14,https://csrc.nist.gov/projects/cryptographic-module-validation-program/certificate/4195,,,,,,,
Thales Luna Cloud HSM (DPoD),FIPS 140-3,4684,Thales,Thales Luna K7 Cryptographic Module,No PQC Mechanisms Detected,FIPS 140-3 L3,Active,2024-04-02,https://csrc.nist.gov/projects/cryptographic-module-validation-program/certificate/4684,,,,,,,
Thales Luna Cloud HSM (DPoD),FIPS 140-3,4962,Thales,Thales Luna G7 Cryptographic Module,No PQC Mechanisms Detected,FIPS 140-3 L3,Active,2025-02-07,https://csrc.nist.gov/projects/cryptographic-module-validation-program/certificate/4962,,,,,,,
Thales Luna Cloud HSM (DPoD),FIPS 140-3,5172,Thales Alenia Space,Thales Alenia Space Cryptographic Module for Microsemi RTG4 FPGA,No PQC Mechanisms Detected,FIPS 140-3 L1,deprecated,2026-03-06,https://csrc.nist.gov/projects/cryptographic-module-validation-program/certificate/5172,2026-05-16,not in regen,,,,,
Thales Luna Cloud HSM (DPoD),FIPS 140-3,5250,THALES ALENIA SPACE,ESPRIT/COMHUB FPGA,No PQC Mechanisms Detected,FIPS 140-3 L1,deprecated,2026-04-28,https://csrc.nist.gov/projects/cryptographic-module-validation-program/certificate/5250,2026-06-06,not in regen,,,,,
Thales Luna HSM,ACVP,A7358,Thales,Thales Luna K7 Cryptographic Library,"LMS, ML-DSA, ML-KEM",,Active,2025-09-02,https://csrc.nist.gov/projects/cryptographic-algorithm-validation-program/details?product=20110,,,,,,,
Thales Luna HSM,ACVP,A8273,Thales,Thales Luna G7 Cryptographic Library,"ML-DSA, ML-KEM",,Active,2026-04-17,https://csrc.nist.gov/projects/cryptographic-algorithm-validation-program/details?product=21087,,,,,,,
Thales Luna HSM,FIPS 140-3,4110,Thales,ProtectServer PCIe HSM 3,No PQC Mechanisms Detected,FIPS 140-3 L3,Active,2021-12-20,https://csrc.nist.gov/projects/cryptographic-module-validation-program/certificate/4110,,,,,,,
Thales Luna HSM,FIPS 140-3,4195,Thales,Thales Luna Backup HSM Cryptographic Module,No PQC Mechanisms Detected,FIPS 140-3 L3,Active,2022-04-14,https://csrc.nist.gov/projects/cryptographic-module-validation-program/certificate/4195,,,,,,,
Thales Luna HSM,FIPS 140-3,4684,Thales,Thales Luna K7 Cryptographic Module,No PQC Mechanisms Detected,FIPS 140-3 L3,Active,2024-04-02,https://csrc.nist.gov/projects/cryptographic-module-validation-program/certificate/4684,,,,,,,
Thales Luna HSM,FIPS 140-3,4962,Thales,Thales Luna G7 Cryptographic Module,No PQC Mechanisms Detected,FIPS 140-3 L3,Active,2025-02-07,https://csrc.nist.gov/projects/cryptographic-module-validation-program/certificate/4962,,,,,,,
Thales Luna HSM,FIPS 140-3,5172,Thales Alenia Space,Thales Alenia Space Cryptographic Module for Microsemi RTG4 FPGA,No PQC Mechanisms Detected,FIPS 140-3 L1,deprecated,2026-03-06,https://csrc.nist.gov/projects/cryptographic-module-validation-program/certificate/5172,2026-05-16,not in regen,,,,,
Thales Luna HSM,FIPS 140-3,5250,THALES ALENIA SPACE,ESPRIT/COMHUB FPGA,No PQC Mechanisms Detected,FIPS 140-3 L1,deprecated,2026-04-28,https://csrc.nist.gov/projects/cryptographic-module-validation-program/certificate/5250,2026-06-06,not in regen,,,,,
Thales Luna T-Series HSM,ACVP,A7457,Thales Trusted Cyber Technologies,Luna T7 Firmware Cryptographic Library,LMS,,Active,2025-09-29,https://csrc.nist.gov/projects/cryptographic-algorithm-validation-program/details?product=20235,,,,,,,
Thales Luna T-Series HSM,ACVP,A7458,Thales Trusted Cyber Technologies,Luna T7 Hybrid (HW/FW) Cryptographic Library,LMS,,Active,2025-09-29,https://csrc.nist.gov/projects/cryptographic-algorithm-validation-program/details?product=20236,,,,,,,
Thales Luna T-Series HSM,ACVP,A7879,Thales Trusted Cyber Technologies,Luna T7 Firmware Cryptographic Library,"LMS, ML-DSA, ML-KEM",,Active,2026-01-16,https://csrc.nist.gov/projects/cryptographic-algorithm-validation-program/details?product=20680,,,,,,,
Thales Luna T-Series HSM,ACVP,A7880,Thales Trusted Cyber Technologies,Luna T7 Hybrid (HW/FW) Cryptographic Library,"LMS, ML-DSA, ML-KEM",,Active,2026-01-16,https://csrc.nist.gov/projects/cryptographic-algorithm-validation-program/details?product=20679,,,,,,,
Thales Luna T-Series HSM,FIPS 140-3,3898,Thales Trusted Cyber Technologies,Luna T7 Cryptographic Module,No PQC Mechanisms Detected,FIPS 140-3 L3,deprecated,2021-04-17,https://csrc.nist.gov/projects/cryptographic-module-validation-program/certificate/3898,2026-05-10,not in regen,thales-luna-t-series-hsm,no_pqc_cert_classical_only,url_authoritative,CMVP #3898: Classical cryptography only. PQC (ML-KEM/ML-DSA/SLH-DSA) not yet validated under this certificate. CMVP PQC module validation anticipated 2026-2027 per NIST CMVP roadmap.,2026-05-06
Thales Luna T-Series HSM,FIPS 140-3,5300,Thales Trusted Cyber Technologies,Luna M7 Cryptographic Module,"Falcon, LMS, ML-DSA, ML-KEM",FIPS 140-3 L3,Active,2026-06-03,https://csrc.nist.gov/projects/cryptographic-module-validation-program/certificate/5300,,,,,,,
Thales MISTRAL Encryptor,ACVP,A7358,Thales,Thales Luna K7 Cryptographic Library,"LMS, ML-DSA, ML-KEM",,deprecated,2025-09-02,https://csrc.nist.gov/projects/cryptographic-algorithm-validation-program/details?product=20110,2026-06-06,not in regen,,,,,
Thales MISTRAL Encryptor,ACVP,A8273,Thales,Thales Luna G7 Cryptographic Library,"ML-DSA, ML-KEM",,deprecated,2026-04-17,https://csrc.nist.gov/projects/cryptographic-algorithm-validation-program/details?product=21087,2026-06-06,not in regen,,,,,
Thales MISTRAL Encryptor,FIPS 140-3,4065,Thales Alenia Space,Thales Alenia Space cryptographic module for Microsemi RTAX FPGA,No PQC Mechanisms Detected,FIPS 140-3 L1,deprecated,2021-11-02,https://csrc.nist.gov/projects/cryptographic-module-validation-program/certificate/4065,2026-05-16,not in regen,,,,,
Thales MISTRAL Encryptor,FIPS 140-3,4328,Thales,Thales Cryptovisor K7+ Cryptographic Module,No PQC Mechanisms Detected,FIPS 140-3 L3,deprecated,2022-10-12,https://csrc.nist.gov/projects/cryptographic-module-validation-program/certificate/4328,2026-06-06,not in regen,,,,,
Thales MISTRAL Encryptor,FIPS 140-3,4327,Thales,Thales Cryptovisor K7 Cryptographic Module,No PQC Mechanisms Detected,FIPS 140-3 L3,deprecated,2022-10-12,https://csrc.nist.gov/projects/cryptographic-module-validation-program/certificate/4327,2026-06-06,not in regen,,,,,
Thales MISTRAL Encryptor,FIPS 140-3,4429,Thales,Thales CipherTrust Cryptographic Provider (CCP),No PQC Mechanisms Detected,FIPS 140-3 L1,deprecated,2023-01-27,https://csrc.nist.gov/projects/cryptographic-module-validation-program/certificate/4429,2026-06-06,not in regen,,,,,
Thales MISTRAL Encryptor,FIPS 140-3,5172,Thales Alenia Space,Thales Alenia Space Cryptographic Module for Microsemi RTG4 FPGA,No PQC Mechanisms Detected,FIPS 140-3 L1,deprecated,2026-03-06,https://csrc.nist.gov/projects/cryptographic-module-validation-program/certificate/5172,2026-06-06,not in regen,,,,,
Thales MISTRAL Encryptor,FIPS 140-3,5250,THALES ALENIA SPACE,ESPRIT/COMHUB FPGA,No PQC Mechanisms Detected,FIPS 140-3 L1,deprecated,2026-04-28,https://csrc.nist.gov/projects/cryptographic-module-validation-program/certificate/5250,2026-06-06,not in regen,,,,,
Thales MultiApp 5.2 Premium PQC,ACVP,A7358,Thales,Thales Luna K7 Cryptographic Library,"LMS, ML-DSA, ML-KEM",,deprecated,2025-09-02,https://csrc.nist.gov/projects/cryptographic-algorithm-validation-program/details?product=20110,2026-06-06,not in regen,,,,,
Thales MultiApp 5.2 Premium PQC,ACVP,A8273,Thales,Thales Luna G7 Cryptographic Library,"ML-DSA, ML-KEM",,deprecated,2026-04-17,https://csrc.nist.gov/projects/cryptographic-algorithm-validation-program/details?product=21087,2026-06-06,not in regen,,,,,
Thales MultiApp 5.2 Premium PQC,Common Criteria,cc-multiapp-5-2-premium-pqc--version-5-2--anssi-cc-2025-32--4x37,THALES DIS FRANCE SA (Scheme: FR),MultiApp 5.2 Premium PQC (version 5.2)(ANSSI-CC-2025/32),"ML-KEM, ML-DSA","EAL6+,ALC_FLR.1",Active,2025-09-29,https://commoncriteriaportal.org/files/epfiles/ANSSI-cible-CC-2025_32en.pdf,,,,,,,
Thales MultiApp 5.2 Premium PQC,Common Criteria,cc-multiapp-5-2-premium-pqc-gp-se-version-5-2---anssi-cc-2025-30--1oyp,THALES DIS FRANCE SA (Scheme: FR),MultiApp 5.2 Premium PQC GP-SE(version 5.2) (ANSSI-CC-2025/30),"ML-KEM, ML-DSA","EAL6+,ALC_FLR.1",Active,2025-09-29,https://commoncriteriaportal.org/files/epfiles/ANSSI-cible-CC-2025_30en.pdf,,,,,,,
Thales MultiApp 5.2 Premium PQC,Common Criteria,cc-multiapp-5-2-premium-pqc--version-5-2--anssi-cc-2025-32--5v48,THALES DIS FRANCE SA (Scheme: FR),MultiApp 5.2 Premium PQC (version 5.2)(ANSSI-CC-2025/32),"ML-KEM, ML-DSA","EAL6+,ALC_FLR.1",deprecated,2025-09-29,https://commoncriteriaportal.org/files/epfiles/ANSSI-cible-CC-2025_32en.pdf,2026-06-06,not in regen,,,,,
Thales MultiApp 5.2 Premium PQC,Common Criteria,cc-multiapp-5-2-premium-pqc-gp-se-version-5-2---anssi-cc-2025-30--jhs2,THALES DIS FRANCE SA (Scheme: FR),MultiApp 5.2 Premium PQC GP-SE(version 5.2) (ANSSI-CC-2025/30),"ML-KEM, ML-DSA","EAL6+,ALC_FLR.1",deprecated,2025-09-29,https://commoncriteriaportal.org/files/epfiles/ANSSI-cible-CC-2025_30en.pdf,2026-06-06,not in regen,,,,,
Thales MultiApp 5.2 Premium PQC,Common Criteria,cc-multiapp-5-2-premium-pqc--version-5-2--anssi-cc-2025-32--gy0c,THALES DIS FRANCE SA (Scheme: FR),MultiApp 5.2 Premium PQC (version 5.2)(ANSSI-CC-2025/32),"ML-KEM, ML-DSA","EAL6+,ALC_FLR.1",deprecated,2025-09-29,https://www.commoncriteriaportal.org/files/epfiles/ANSSI-cible-CC-2025_32en.pdf,2026-06-04,not in regen,,,,,
Thales MultiApp 5.2 Premium PQC,Common Criteria,cc-multiapp-5-2-premium-pqc-gp-se-version-5-2---anssi-cc-2025-30--kito,THALES DIS FRANCE SA (Scheme: FR),MultiApp 5.2 Premium PQC GP-SE(version 5.2) (ANSSI-CC-2025/30),"ML-KEM, ML-DSA","EAL6+,ALC_FLR.1",deprecated,2025-09-29,https://www.commoncriteriaportal.org/files/epfiles/ANSSI-cible-CC-2025_30en.pdf,2026-06-04,not in regen,,,,,
Thales MultiApp 5.2 Premium PQC,Common Criteria,cc-multiapp-5-2-premium-pqc--version-5-2--anssi-cc-2025-32--fzpv,THALES DIS FRANCE SA (Scheme: FR),MultiApp 5.2 Premium PQC (version 5.2)(ANSSI-CC-2025/32),"ML-KEM, ML-DSA","EAL6+,ALC_FLR.1",deprecated,2025-09-29,https://www.commoncriteriaportal.org/files/epfiles/ANSSI-cible-CC-2025_32en.pdf,2026-05-16,not in regen,,,,,
Thales MultiApp 5.2 Premium PQC,Common Criteria,cc-multiapp-5-2-premium-pqc-gp-se-version-5-2---anssi-cc-2025-30--yjr3,THALES DIS FRANCE SA (Scheme: FR),MultiApp 5.2 Premium PQC GP-SE(version 5.2) (ANSSI-CC-2025/30),"ML-KEM, ML-DSA","EAL6+,ALC_FLR.1",deprecated,2025-09-29,https://www.commoncriteriaportal.org/files/epfiles/ANSSI-cible-CC-2025_30en.pdf,2026-05-16,not in regen,,,,,
Thales MultiApp 5.2 Premium PQC,Common Criteria,cc-multiapp-5-2-premium-pqc--version-5-2--anssi-cc-2025-32--p5wh,THALES DIS FRANCE SA (Scheme: FR),MultiApp 5.2 Premium PQC (version 5.2)(ANSSI-CC-2025/32),"ML-KEM, ML-DSA","EAL6+,ALC_FLR.1",deprecated,2025-09-29,https://www.commoncriteriaportal.org/files/epfiles/ANSSI-cible-CC-2025_32en.pdf,2026-05-10,not in regen,thales-multiapp-5-2-premium-pqc,pqc_cert_present,url_needs_review,CMVP #cc-multiapp-5-2-premium-pqc--version-5-2--anssi-cc-2025-32--p5wh: PQC mechanisms detected. Verify algorithms at https://csrc.nist.gov/projects/cryptographic-module-validation-program/certificate/cc-multiapp-5-2-premium-pqc--version-5-2--anssi-cc-2025-32--p5wh,2026-05-06
Thales MultiApp 5.2 Premium PQC,Common Criteria,cc-multiapp-5-2-premium-pqc-gp-se-version-5-2---anssi-cc-2025-30--zkpf,THALES DIS FRANCE SA (Scheme: FR),MultiApp 5.2 Premium PQC GP-SE(version 5.2) (ANSSI-CC-2025/30),"ML-KEM, ML-DSA","EAL6+,ALC_FLR.1",deprecated,2025-09-29,https://www.commoncriteriaportal.org/files/epfiles/ANSSI-cible-CC-2025_30en.pdf,2026-05-10,not in regen,thales-multiapp-5-2-premium-pqc,pqc_cert_present,url_needs_review,CMVP #cc-multiapp-5-2-premium-pqc-gp-se-version-5-2---anssi-cc-2025-30--zkpf: PQC mechanisms detected. Verify algorithms at https://csrc.nist.gov/projects/cryptographic-module-validation-program/certificate/cc-multiapp-5-2-premium-pqc-gp-se-version-5-2---anssi-cc-2025-30--zkpf,2026-05-06
Thales MultiApp 5.2 Premium PQC,Common Criteria,cc-quantum-ias-v1-0-0-a-and-moc-server-v3-1-1-on-multiapp-v5-2-premium-pqcversions-1-0-0-a--q-ias--et-3-1-1--moc-server---anssi-cc-2026-03--12s1,THALES DIS FRANCE SA (Scheme: FR),Quantum IAS v1.0.0.A and MOC Server v3.1.1 on MultiApp V5.2 Premium PQCVersions 1.0.0.A (Q-IAS) et 3.1.1 (MOC server) (ANSSI-CC-2026/03),"ML-KEM, ML-DSA","EAL5+,ALC_DVS.2,AVA_VAN.5",Active,2026-02-05,https://commoncriteriaportal.org/files/epfiles/ANSSI-CC-2026-03-cible.pdf,,,,,,,
Thales MultiApp 5.2 Premium PQC,Common Criteria,cc-quantum-ias-v1-0-0-a-and-moc-server-v3-1-1-on-multiapp-v5-2-premium-pqcversions-1-0-0-a--q-ias--et-3-1-1--moc-server---anssi-cc-2026-03--ain8,THALES DIS FRANCE SA (Scheme: FR),Quantum IAS v1.0.0.A and MOC Server v3.1.1 on MultiApp V5.2 Premium PQCVersions 1.0.0.A (Q-IAS) et 3.1.1 (MOC server) (ANSSI-CC-2026/03),"ML-KEM, ML-DSA","EAL5+,ALC_DVS.2,AVA_VAN.5",deprecated,2026-02-05,https://commoncriteriaportal.org/files/epfiles/ANSSI-CC-2026-03-cible.pdf,2026-06-06,not in regen,,,,,
Thales MultiApp 5.2 Premium PQC,Common Criteria,cc-quantum-ias-v1-0-0-a-and-moc-server-v3-1-1-on-multiapp-v5-2-premium-pqcversions-1-0-0-a--q-ias--et-3-1-1--moc-server---anssi-cc-2026-03--ejuc,THALES DIS FRANCE SA (Scheme: FR),Quantum IAS v1.0.0.A and MOC Server v3.1.1 on MultiApp V5.2 Premium PQCVersions 1.0.0.A (Q-IAS) et 3.1.1 (MOC server) (ANSSI-CC-2026/03),"ML-KEM, ML-DSA","EAL5+,ALC_DVS.2,AVA_VAN.5",deprecated,2026-02-05,https://www.commoncriteriaportal.org/files/epfiles/ANSSI-CC-2026-03-cible.pdf,2026-06-04,not in regen,,,,,
Thales MultiApp 5.2 Premium PQC,Common Criteria,cc-quantum-ias-v1-0-0-a-and-moc-server-v3-1-1-on-multiapp-v5-2-premium-pqcversions-1-0-0-a--q-ias--et-3-1-1--moc-server---anssi-cc-2026-03--qvcd,THALES DIS FRANCE SA (Scheme: FR),Quantum IAS v1.0.0.A and MOC Server v3.1.1 on MultiApp V5.2 Premium PQCVersions 1.0.0.A (Q-IAS) et 3.1.1 (MOC server) (ANSSI-CC-2026/03),"ML-KEM, ML-DSA","EAL5+,ALC_DVS.2,AVA_VAN.5",deprecated,2026-02-05,https://www.commoncriteriaportal.org/files/epfiles/ANSSI-CC-2026-03-cible.pdf,2026-05-16,not in regen,,,,,
Thales MultiApp 5.2 Premium PQC,Common Criteria,cc-quantum-ias-v1-0-0-a-and-moc-server-v3-1-1-on-multiapp-v5-2-premium-pqcversions-1-0-0-a--q-ias--et-3-1-1--moc-server---anssi-cc-2026-03--kmz3,THALES DIS FRANCE SA (Scheme: FR),Quantum IAS v1.0.0.A and MOC Server v3.1.1 on MultiApp V5.2 Premium PQCVersions 1.0.0.A (Q-IAS) et 3.1.1 (MOC server) (ANSSI-CC-2026/03),"ML-KEM, ML-DSA","EAL5+,ALC_DVS.2,AVA_VAN.5",deprecated,2026-02-05,https://www.commoncriteriaportal.org/files/epfiles/ANSSI-CC-2026-03-cible.pdf,2026-05-10,not in regen,thales-multiapp-5-2-premium-pqc,pqc_cert_present,url_needs_review,CMVP #cc-quantum-ias-v1-0-0-a-and-moc-server-v3-1-1-on-multiapp-v5-2-premium-pqcversions-1-0-0-a--q-ias--et-3-1-1--moc-server---anssi-cc-2026-03--kmz3: PQC mechanisms detected. Verify algorithms at https://csrc.nist.gov/projects/cryptographic-module-validation-program/certificate/cc-quantum-ias-v1-0-0-a-and-moc-server-v3-1-1-on-multiapp-v5-2-premium-pqcversions-1-0-0-a--q-ias--et-3-1-1--moc-server---anssi-cc-2026-03--kmz3,2026-05-06
Thales MultiApp 5.2 Premium PQC,FIPS 140-3,4480,Thales,eToken 5110+ FIPS,No PQC Mechanisms Detected,FIPS 140-3 L3,deprecated,2023-04-17,https://csrc.nist.gov/projects/cryptographic-module-validation-program/certificate/4480,2026-06-06,not in regen,,,,,
Thales MultiApp 5.2 Premium PQC,FIPS 140-3,4517,Thales,IDPrime 3930 FIDO,No PQC Mechanisms Detected,FIPS 140-3 L2,deprecated,2023-05-09,https://csrc.nist.gov/projects/cryptographic-module-validation-program/certificate/4517,2026-06-06,not in regen,,,,,
Thales MultiApp 5.2 Premium PQC,FIPS 140-3,4772,Thales,IDCore 3230 / 230 Platform,No PQC Mechanisms Detected,FIPS 140-3 L3,deprecated,2024-08-21,https://csrc.nist.gov/projects/cryptographic-module-validation-program/certificate/4772,2026-06-06,not in regen,,,,,
Thales MultiApp 5.2 Premium PQC,FIPS 140-3,4852,THALES,Safeword3300 Platinum V2F,No PQC Mechanisms Detected,FIPS 140-3 L1,deprecated,2024-10-24,https://csrc.nist.gov/projects/cryptographic-module-validation-program/certificate/4852,2026-06-06,not in regen,,,,,
Thales payShield 10K,ACVP,A7358,Thales,Thales Luna K7 Cryptographic Library,"LMS, ML-DSA, ML-KEM",,deprecated,2025-09-02,https://csrc.nist.gov/projects/cryptographic-algorithm-validation-program/details?product=20110,2026-06-06,not in regen,,,,,
Thales payShield 10K,ACVP,A8273,Thales,Thales Luna G7 Cryptographic Library,"ML-DSA, ML-KEM",,deprecated,2026-04-17,https://csrc.nist.gov/projects/cryptographic-algorithm-validation-program/details?product=21087,2026-06-06,not in regen,,,,,
Thales payShield 10K,FIPS 140-3,4110,Thales,ProtectServer PCIe HSM 3,No PQC Mechanisms Detected,FIPS 140-3 L3,deprecated,2021-12-20,https://csrc.nist.gov/projects/cryptographic-module-validation-program/certificate/4110,2026-06-06,not in regen,,,,,
Thales payShield 10K,FIPS 140-3,4195,Thales,Thales Luna Backup HSM Cryptographic Module,No PQC Mechanisms Detected,FIPS 140-3 L3,deprecated,2022-04-14,https://csrc.nist.gov/projects/cryptographic-module-validation-program/certificate/4195,2026-06-06,not in regen,,,,,
Thales payShield 10K,FIPS 140-3,4684,Thales,Thales Luna K7 Cryptographic Module,No PQC Mechanisms Detected,FIPS 140-3 L3,deprecated,2024-04-02,https://csrc.nist.gov/projects/cryptographic-module-validation-program/certificate/4684,2026-06-06,not in regen,,,,,
Thales payShield 10K,FIPS 140-3,4962,Thales,Thales Luna G7 Cryptographic Module,No PQC Mechanisms Detected,FIPS 140-3 L3,deprecated,2025-02-07,https://csrc.nist.gov/projects/cryptographic-module-validation-program/certificate/4962,2026-06-06,not in regen,,,,,
Ubuntu 24.04 LTS,FIPS 140-3,4018,Canonical Ltd.,Ubuntu 18.04 Kernel Crypto API Cryptographic Module,No PQC Mechanisms Detected,FIPS 140-3 L1,Active,2021-08-30,https://csrc.nist.gov/projects/cryptographic-module-validation-program/certificate/4018,,,,,,,
Ubuntu 24.04 LTS,FIPS 140-3,4127,Canonical Ltd.,Ubuntu 20.04 GCP Kernel Crypto API Cryptographic Module,No PQC Mechanisms Detected,FIPS 140-3 L1,deprecated,2022-01-10,https://csrc.nist.gov/projects/cryptographic-module-validation-program/certificate/4127,2026-06-04,not in regen,,,,,
Ubuntu 24.04 LTS,FIPS 140-3,4126,Canonical Ltd.,Ubuntu 20.04 Azure Kernel Crypto API Cryptographic Module,No PQC Mechanisms Detected,FIPS 140-3 L3,deprecated,2022-01-10,https://csrc.nist.gov/projects/cryptographic-module-validation-program/certificate/4126,2026-05-10,not in regen,ubuntu-24-04-lts,no_pqc_cert_classical_only,url_authoritative,CMVP #4126: Classical cryptography only. PQC (ML-KEM/ML-DSA/SLH-DSA) not yet validated under this certificate. CMVP PQC module validation anticipated 2026-2027 per NIST CMVP roadmap.,2026-05-06
Ubuntu 24.04 LTS,FIPS 140-3,4132,Canonical Ltd.,Ubuntu 20.04 AWS Kernel Crypto API Cryptographic Module,No PQC Mechanisms Detected,FIPS 140-3 L1,deprecated,2022-01-13,https://csrc.nist.gov/projects/cryptographic-module-validation-program/certificate/4132,2026-06-04,not in regen,,,,,
Ubuntu 24.04 LTS,FIPS 140-3,4366,Canonical Ltd.,Ubuntu 20.04 Kernel Crypto API Cryptographic Module,No PQC Mechanisms Detected,FIPS 140-3 L1,Active,2022-11-14,https://csrc.nist.gov/projects/cryptographic-module-validation-program/certificate/4366,,,,,,,
Ubuntu 24.04 LTS,FIPS 140-3,4894,Canonical Ltd.,Canonical Ltd. Ubuntu 22.04 Kernel Crypto API Cryptographic Module,No PQC Mechanisms Detected,FIPS 140-3 L1,Active,2024-11-21,https://csrc.nist.gov/projects/cryptographic-module-validation-program/certificate/4894,,,,,,,
Ubuntu 24.04 LTS,FIPS 140-3,5163,Canonical Ltd.,Canonical Ltd. Ubuntu 24.04 GnuTLS Cryptographic Module,No PQC Mechanisms Detected,FIPS 140-3 L1,Active,2026-02-20,https://csrc.nist.gov/projects/cryptographic-module-validation-program/certificate/5163,,,,,,,
Ubuntu 24.04 LTS,FIPS 140-3,5215,Canonical Ltd.,Canonical Ltd. Ubuntu 24.04 Kernel Crypto API Cryptographic Module,No PQC Mechanisms Detected,FIPS 140-3 L1,Active,2026-03-27,https://csrc.nist.gov/projects/cryptographic-module-validation-program/certificate/5215,,,,,,,
Unisys ClearPath Forward,FIPS 140-3,3959,Unisys Corporation,Unisys Linux OpenSSL FIPS Object Module,No PQC Mechanisms Detected,FIPS 140-3 L1,deprecated,2021-06-22,https://csrc.nist.gov/projects/cryptographic-module-validation-program/certificate/3959,2026-06-06,not in regen,,,,,
Utimaco Athos,FIPS 140-3,3925,Utimaco IS GmbH,CryptoServer Se-Series Gen2,No PQC Mechanisms Detected,FIPS 140-3 L3,deprecated,2021-05-10,https://csrc.nist.gov/projects/cryptographic-module-validation-program/certificate/3925,2026-05-16,not in regen,,,,,
Utimaco ESKM,ACVP,A7400,Utimaco IS GmbH,Lattice Module - ML,"ML-DSA, ML-KEM",,deprecated,2025-09-17,https://csrc.nist.gov/projects/cryptographic-algorithm-validation-program/details?product=20181,2026-06-06,not in regen,,,,,
Utimaco ESKM,ACVP,A7401,Utimaco IS GmbH,Stateful hash based Module - HBS,LMS,,deprecated,2025-09-17,https://csrc.nist.gov/projects/cryptographic-algorithm-validation-program/details?product=20182,2026-06-06,not in regen,,,,,
Utimaco ESKM,FIPS 140-3,3886,Utimaco IS GmbH,CryptoServer CSe-Series,No PQC Mechanisms Detected,FIPS 140-3 L3,deprecated,2021-04-07,https://csrc.nist.gov/projects/cryptographic-module-validation-program/certificate/3886,2026-05-10,not in regen,utimaco-eskm,no_pqc_cert_classical_only,url_authoritative,CMVP #3886: Classical cryptography only. PQC (ML-KEM/ML-DSA/SLH-DSA) not yet validated under this certificate. CMVP PQC module validation anticipated 2026-2027 per NIST CMVP roadmap.,2026-05-06
Utimaco ESKM,FIPS 140-3,3925,Utimaco IS GmbH,CryptoServer Se-Series Gen2,No PQC Mechanisms Detected,FIPS 140-3 L3,deprecated,2021-05-10,https://csrc.nist.gov/projects/cryptographic-module-validation-program/certificate/3925,2026-05-16,not in regen,,,,,
Utimaco ESKM,FIPS 140-3,4151,Utimaco IS GmbH,u.trust Anchor,No PQC Mechanisms Detected,FIPS 140-3 L3,deprecated,2022-02-10,https://csrc.nist.gov/projects/cryptographic-module-validation-program/certificate/4151,2026-05-10,not in regen,utimaco-eskm,no_pqc_cert_classical_only,url_authoritative,CMVP #4151: Classical cryptography only. PQC (ML-KEM/ML-DSA/SLH-DSA) not yet validated under this certificate. CMVP PQC module validation anticipated 2026-2027 per NIST CMVP roadmap.,2026-05-06
Utimaco ESKM,FIPS 140-3,4992,Utimaco Inc.,Atalla Cryptographic Subsystem (ACS),No PQC Mechanisms Detected,FIPS 140-3 L3,deprecated,2025-03-25,https://csrc.nist.gov/projects/cryptographic-module-validation-program/certificate/4992,2026-06-06,not in regen,,,,,
Utimaco ESKM,FIPS 140-3,5223,Utimaco IS GmbH,u.trust Anchor,No PQC Mechanisms Detected,FIPS 140-3 L3,deprecated,2026-04-01,https://csrc.nist.gov/projects/cryptographic-module-validation-program/certificate/5223,2026-06-06,not in regen,,,,,
Utimaco Quantum Protect (Stateful Hash-Based Signature Module),ACVP,A7401,Utimaco IS GmbH,Stateful hash based Module - HBS,LMS,,Active,2025-09-17,https://csrc.nist.gov/projects/cryptographic-algorithm-validation-program/details?product=20182,,,,,,,
Utimaco Quantum Protect Suite,FIPS 140-3,4151,Utimaco IS GmbH,u.trust Anchor,No PQC Mechanisms Detected,FIPS 140-3 L3,deprecated,2022-02-10,https://csrc.nist.gov/projects/cryptographic-module-validation-program/certificate/4151,2026-05-10,not in regen,utimaco-quantum-protect-suite,no_pqc_cert_classical_only,url_authoritative,CMVP #4151: Classical cryptography only. PQC (ML-KEM/ML-DSA/SLH-DSA) not yet validated under this certificate. CMVP PQC module validation anticipated 2026-2027 per NIST CMVP roadmap.,2026-05-06
Utimaco Quantum Protect Suite,FIPS 140-3,4992,Utimaco Inc.,Atalla Cryptographic Subsystem (ACS),No PQC Mechanisms Detected,FIPS 140-3 L3,deprecated,2025-03-25,https://csrc.nist.gov/projects/cryptographic-module-validation-program/certificate/4992,2026-06-06,not in regen,,,,,
Utimaco Quantum Protect Suite,FIPS 140-3,5223,Utimaco IS GmbH,u.trust Anchor,No PQC Mechanisms Detected,FIPS 140-3 L3,deprecated,2026-04-01,https://csrc.nist.gov/projects/cryptographic-module-validation-program/certificate/5223,2026-06-06,not in regen,,,,,
Utimaco SecurityServer,ACVP,A7400,Utimaco IS GmbH,Lattice Module - ML,"ML-DSA, ML-KEM",,deprecated,2025-09-17,https://csrc.nist.gov/projects/cryptographic-algorithm-validation-program/details?product=20181,2026-06-06,not in regen,,,,,
Utimaco SecurityServer,ACVP,A7401,Utimaco IS GmbH,Stateful hash based Module - HBS,LMS,,deprecated,2025-09-17,https://csrc.nist.gov/projects/cryptographic-algorithm-validation-program/details?product=20182,2026-06-06,not in regen,,,,,
Utimaco SecurityServer,FIPS 140-3,3886,Utimaco IS GmbH,CryptoServer CSe-Series,No PQC Mechanisms Detected,FIPS 140-3 L3,deprecated,2021-04-07,https://csrc.nist.gov/projects/cryptographic-module-validation-program/certificate/3886,2026-05-10,not in regen,utimaco-securityserver,no_pqc_cert_classical_only,url_authoritative,CMVP #3886: Classical cryptography only. PQC (ML-KEM/ML-DSA/SLH-DSA) not yet validated under this certificate. CMVP PQC module validation anticipated 2026-2027 per NIST CMVP roadmap.,2026-05-06
Utimaco SecurityServer,FIPS 140-3,3925,Utimaco IS GmbH,CryptoServer Se-Series Gen2,No PQC Mechanisms Detected,FIPS 140-3 L3,deprecated,2021-05-10,https://csrc.nist.gov/projects/cryptographic-module-validation-program/certificate/3925,2026-05-16,not in regen,,,,,
Utimaco SecurityServer,FIPS 140-3,4151,Utimaco IS GmbH,u.trust Anchor,No PQC Mechanisms Detected,FIPS 140-3 L3,deprecated,2022-02-10,https://csrc.nist.gov/projects/cryptographic-module-validation-program/certificate/4151,2026-05-10,not in regen,utimaco-securityserver,no_pqc_cert_classical_only,url_authoritative,CMVP #4151: Classical cryptography only. PQC (ML-KEM/ML-DSA/SLH-DSA) not yet validated under this certificate. CMVP PQC module validation anticipated 2026-2027 per NIST CMVP roadmap.,2026-05-06
Utimaco SecurityServer,FIPS 140-3,4992,Utimaco Inc.,Atalla Cryptographic Subsystem (ACS),No PQC Mechanisms Detected,FIPS 140-3 L3,deprecated,2025-03-25,https://csrc.nist.gov/projects/cryptographic-module-validation-program/certificate/4992,2026-06-06,not in regen,,,,,
Utimaco SecurityServer,FIPS 140-3,5223,Utimaco IS GmbH,u.trust Anchor,No PQC Mechanisms Detected,FIPS 140-3 L3,deprecated,2026-04-01,https://csrc.nist.gov/projects/cryptographic-module-validation-program/certificate/5223,2026-06-06,not in regen,,,,,
Utimaco uTrust HSM,ACVP,A7400,Utimaco IS GmbH,Lattice Module - ML,"ML-DSA, ML-KEM",,deprecated,2025-09-17,https://csrc.nist.gov/projects/cryptographic-algorithm-validation-program/details?product=20181,2026-06-06,not in regen,,,,,
Utimaco uTrust HSM,ACVP,A7401,Utimaco IS GmbH,Stateful hash based Module - HBS,LMS,,deprecated,2025-09-17,https://csrc.nist.gov/projects/cryptographic-algorithm-validation-program/details?product=20182,2026-06-06,not in regen,,,,,
Utimaco uTrust HSM,FIPS 140-3,3886,Utimaco IS GmbH,CryptoServer CSe-Series,No PQC Mechanisms Detected,FIPS 140-3 L3,deprecated,2021-04-07,https://csrc.nist.gov/projects/cryptographic-module-validation-program/certificate/3886,2026-05-10,not in regen,utimaco-utrust-hsm,no_pqc_cert_classical_only,url_authoritative,CMVP #3886: Classical cryptography only. PQC (ML-KEM/ML-DSA/SLH-DSA) not yet validated under this certificate. CMVP PQC module validation anticipated 2026-2027 per NIST CMVP roadmap.,2026-05-06
Utimaco uTrust HSM,FIPS 140-3,3925,Utimaco IS GmbH,CryptoServer Se-Series Gen2,No PQC Mechanisms Detected,FIPS 140-3 L3,deprecated,2021-05-10,https://csrc.nist.gov/projects/cryptographic-module-validation-program/certificate/3925,2026-05-16,not in regen,,,,,
Utimaco uTrust HSM,FIPS 140-3,4151,Utimaco IS GmbH,u.trust Anchor,No PQC Mechanisms Detected,FIPS 140-3 L3,deprecated,2022-02-10,https://csrc.nist.gov/projects/cryptographic-module-validation-program/certificate/4151,2026-05-10,not in regen,utimaco-utrust-hsm,no_pqc_cert_classical_only,url_authoritative,CMVP #4151: Classical cryptography only. PQC (ML-KEM/ML-DSA/SLH-DSA) not yet validated under this certificate. CMVP PQC module validation anticipated 2026-2027 per NIST CMVP roadmap.,2026-05-06
Utimaco uTrust HSM,FIPS 140-3,4992,Utimaco Inc.,Atalla Cryptographic Subsystem (ACS),No PQC Mechanisms Detected,FIPS 140-3 L3,deprecated,2025-03-25,https://csrc.nist.gov/projects/cryptographic-module-validation-program/certificate/4992,2026-06-06,not in regen,,,,,
Utimaco uTrust HSM,FIPS 140-3,5223,Utimaco IS GmbH,u.trust Anchor,No PQC Mechanisms Detected,FIPS 140-3 L3,deprecated,2026-04-01,https://csrc.nist.gov/projects/cryptographic-module-validation-program/certificate/5223,2026-06-06,not in regen,,,,,
VMware Avi Load Balancer PQC,FIPS 140-3,4233,"VMware, Inc.",VMware’s Linux Cryptographic Module,No PQC Mechanisms Detected,FIPS 140-3 L1,deprecated,2022-05-24,https://csrc.nist.gov/projects/cryptographic-module-validation-program/certificate/4233,2026-06-06,not in regen,,,,,
VMware Avi Load Balancer PQC,FIPS 140-3,4442,"VMware, Inc.",VMware's ESXboot Cryptographic Module,No PQC Mechanisms Detected,FIPS 140-3 L1,deprecated,2023-02-23,https://csrc.nist.gov/projects/cryptographic-module-validation-program/certificate/4442,2026-06-06,not in regen,,,,,
VMware ESXi 9.0,FIPS 140-3,4233,"VMware, Inc.",VMware’s Linux Cryptographic Module,No PQC Mechanisms Detected,FIPS 140-3 L1,deprecated,2022-05-24,https://csrc.nist.gov/projects/cryptographic-module-validation-program/certificate/4233,2026-06-06,not in regen,,,,,
VMware ESXi 9.0,FIPS 140-3,4442,"VMware, Inc.",VMware's ESXboot Cryptographic Module,No PQC Mechanisms Detected,FIPS 140-3 L1,deprecated,2023-02-23,https://csrc.nist.gov/projects/cryptographic-module-validation-program/certificate/4442,2026-06-06,not in regen,,,,,
VMware Horizon,FIPS 140-3,4233,"VMware, Inc.",VMware’s Linux Cryptographic Module,No PQC Mechanisms Detected,FIPS 140-3 L1,deprecated,2022-05-24,https://csrc.nist.gov/projects/cryptographic-module-validation-program/certificate/4233,2026-06-06,not in regen,,,,,
VMware Horizon,FIPS 140-3,4442,"VMware, Inc.",VMware's ESXboot Cryptographic Module,No PQC Mechanisms Detected,FIPS 140-3 L1,deprecated,2023-02-23,https://csrc.nist.gov/projects/cryptographic-module-validation-program/certificate/4442,2026-06-06,not in regen,,,,,
VMware Workspace ONE,FIPS 140-3,4233,"VMware, Inc.",VMware’s Linux Cryptographic Module,No PQC Mechanisms Detected,FIPS 140-3 L1,deprecated,2022-05-24,https://csrc.nist.gov/projects/cryptographic-module-validation-program/certificate/4233,2026-06-06,not in regen,,,,,
VMware Workspace ONE,FIPS 140-3,4442,"VMware, Inc.",VMware's ESXboot Cryptographic Module,No PQC Mechanisms Detected,FIPS 140-3 L1,deprecated,2023-02-23,https://csrc.nist.gov/projects/cryptographic-module-validation-program/certificate/4442,2026-06-06,not in regen,,,,,
Virtru Data Protection,FIPS 140-3,4440,Virtru Corporation,VirtruCrypto - FIPS JavaScript Module,No PQC Mechanisms Detected,FIPS 140-3 L1,deprecated,2023-02-21,https://csrc.nist.gov/projects/cryptographic-module-validation-program/certificate/4440,2026-06-06,not in regen,,,,,
Wind River VxWorks,FIPS 140-3,4858,"Wind River Systems, Inc.",Wind River FIPS Provider,No PQC Mechanisms Detected,FIPS 140-3 L1,deprecated,2024-10-30,https://csrc.nist.gov/projects/cryptographic-module-validation-program/certificate/4858,2026-06-06,not in regen,,,,,
Windows 11,FIPS 140-3,4766,Microsoft Corporation,Kernel Mode Cryptographic Primitives Library,No PQC Mechanisms Detected,FIPS 140-3 L1,deprecated,2024-08-19,https://csrc.nist.gov/projects/cryptographic-module-validation-program/certificate/4766,2026-06-06,not in regen,,,,,
Windows 11,FIPS 140-3,4825,Microsoft Corporation,Cryptographic Primitives Library,No PQC Mechanisms Detected,FIPS 140-3 L1,deprecated,2024-10-07,https://csrc.nist.gov/projects/cryptographic-module-validation-program/certificate/4825,2026-06-06,not in regen,,,,,
Windows Secure Boot,FIPS 140-3,4546,Microsoft Corporation,Boot Manager,ML-DSA; ML-KEM,FIPS 140-3 L3,deprecated,2023-06-30,https://csrc.nist.gov/projects/cryptographic-module-validation-program/certificate/4546,2026-05-16,not in regen,,,,,
Windows Server 2025,FIPS 140-3,4766,Microsoft Corporation,Kernel Mode Cryptographic Primitives Library,No PQC Mechanisms Detected,FIPS 140-3 L1,deprecated,2024-08-19,https://csrc.nist.gov/projects/cryptographic-module-validation-program/certificate/4766,2026-06-06,not in regen,,,,,
Windows Server 2025,FIPS 140-3,4825,Microsoft Corporation,Cryptographic Primitives Library,No PQC Mechanisms Detected,FIPS 140-3 L1,deprecated,2024-10-07,https://csrc.nist.gov/projects/cryptographic-module-validation-program/certificate/4825,2026-06-06,not in regen,,,,,
Xiphera PQC IP Cores,ACVP,A7478,Xiphera Ltd.,Xiphera XIP6220B,ML-DSA,,deprecated,2025-10-06,https://csrc.nist.gov/projects/cryptographic-algorithm-validation-program/details?product=20269,2026-06-06,not in regen,,,,,
Xiphera PQC IP Cores,ACVP,A7679,Xiphera Ltd.,Xiphera XIP6110B,ML-KEM,,deprecated,2025-11-12,https://csrc.nist.gov/projects/cryptographic-algorithm-validation-program/details?product=20457,2026-06-06,not in regen,,,,,
Xiphera XIP6110B,ACVP,A7478,Xiphera Ltd.,Xiphera XIP6220B,ML-DSA,,deprecated,2025-10-06,https://csrc.nist.gov/projects/cryptographic-algorithm-validation-program/details?product=20269,2026-06-06,not in regen,,,,,
Xiphera XIP6110B,ACVP,A7679,Xiphera Ltd.,Xiphera XIP6110B,ML-KEM,,Active,2025-11-12,https://csrc.nist.gov/projects/cryptographic-algorithm-validation-program/details?product=20457,,,,,,,
Yubico YubiHSM 2,FIPS 140-3,3914,"Yubico, Inc.",YubiKey 5 Cryptographic Module,No PQC Mechanisms Detected,FIPS 140-3 L2,deprecated,2021-05-03,https://csrc.nist.gov/projects/cryptographic-module-validation-program/certificate/3914,2026-05-16,not in regen,,,,,
Yubico YubiHSM 2,FIPS 140-3,3916,"Yubico, Inc.",YubiHSM 2 Cryptographic Module,No PQC Mechanisms Detected,FIPS 140-3 L3,deprecated,2021-05-03,https://csrc.nist.gov/projects/cryptographic-module-validation-program/certificate/3916,2026-05-16,not in regen,,,,,
Yubico YubiHSM 2,FIPS 140-3,5291,"Yubico, Inc.",YubiKey 5 Cryptographic Module,No PQC Mechanisms Detected,FIPS 140-3 L2,deprecated,2026-05-22,https://csrc.nist.gov/projects/cryptographic-module-validation-program/certificate/5291,2026-06-06,not in regen,,,,,
Yubico YubiHSM 2,FIPS 140-3,5302,"Yubico, Inc.",YubiHSM 2 Cryptographic Module,No PQC Mechanisms Detected,FIPS 140-3 L3,Active,2026-06-03,https://csrc.nist.gov/projects/cryptographic-module-validation-program/certificate/5302,,,,,,,
Zscaler ZTE,FIPS 140-3,3154,Zscaler Inc.,Zscaler Mobile Cryptographic Module,No PQC Mechanisms Detected,FIPS 140-3 L1,deprecated,2018-03-19,https://csrc.nist.gov/projects/cryptographic-module-validation-program/certificate/3154,2026-06-06,not in regen,,,,,
Zscaler ZTE,FIPS 140-3,3159,Zscaler Inc.,Zscaler Crypto Module,No PQC Mechanisms Detected,FIPS 140-3 L1,deprecated,2018-03-26,https://csrc.nist.gov/projects/cryptographic-module-validation-program/certificate/3159,2026-06-06,not in regen,,,,,
Zscaler ZTE,FIPS 140-3,5080,Zscaler Inc.,Zscaler Java Crypto Module,No PQC Mechanisms Detected,FIPS 140-3 L1,deprecated,2025-10-14,https://csrc.nist.gov/projects/cryptographic-module-validation-program/certificate/5080,2026-06-06,not in regen,,,,,
Zscaler Zero Trust Exchange,FIPS 140-3,3154,Zscaler Inc.,Zscaler Mobile Cryptographic Module,No PQC Mechanisms Detected,FIPS 140-3 L1,deprecated,2018-03-19,https://csrc.nist.gov/projects/cryptographic-module-validation-program/certificate/3154,2026-06-06,not in regen,,,,,
Zscaler Zero Trust Exchange,FIPS 140-3,3159,Zscaler Inc.,Zscaler Crypto Module,No PQC Mechanisms Detected,FIPS 140-3 L1,deprecated,2018-03-26,https://csrc.nist.gov/projects/cryptographic-module-validation-program/certificate/3159,2026-06-06,not in regen,,,,,
Zscaler Zero Trust Exchange,FIPS 140-3,5080,Zscaler Inc.,Zscaler Java Crypto Module,No PQC Mechanisms Detected,FIPS 140-3 L1,deprecated,2025-10-14,https://csrc.nist.gov/projects/cryptographic-module-validation-program/certificate/5080,2026-06-06,not in regen,,,,,
evolutionQ BasejumpQDN,ACVP,A6281,Quantum Bridge Technologies Inc.,Quantum Bridge cryptolibrary for i7 on Ubuntu,ML-KEM,,deprecated,2024-11-22,https://csrc.nist.gov/projects/cryptographic-algorithm-validation-program/details?product=18983,2026-06-06,not in regen,,,,,
evolutionQ BasejumpQDN,FIPS 140-3,4657,Quantum Corporation,Quantum Cryptographic Module,Potentially PQC (Name Match),FIPS 140-3 L1,deprecated,2023-11-27,https://csrc.nist.gov/projects/cryptographic-module-validation-program/certificate/4657,2026-06-06,not in regen,,,,,
evolutionQ BasejumpQDN,FIPS 140-3,5181,Quantum Corporation,Quantum Corporation Cryptographic Module,Potentially PQC (Name Match),FIPS 140-3 L1,deprecated,2026-03-11,https://csrc.nist.gov/projects/cryptographic-module-validation-program/certificate/5181,2026-06-06,not in regen,,,,,
evolutionQ BasejumpSKI,ACVP,A6281,Quantum Bridge Technologies Inc.,Quantum Bridge cryptolibrary for i7 on Ubuntu,ML-KEM,,deprecated,2024-11-22,https://csrc.nist.gov/projects/cryptographic-algorithm-validation-program/details?product=18983,2026-06-06,not in regen,,,,,
evolutionQ BasejumpSKI,FIPS 140-3,4657,Quantum Corporation,Quantum Cryptographic Module,Potentially PQC (Name Match),FIPS 140-3 L1,deprecated,2023-11-27,https://csrc.nist.gov/projects/cryptographic-module-validation-program/certificate/4657,2026-06-06,not in regen,,,,,
evolutionQ BasejumpSKI,FIPS 140-3,5181,Quantum Corporation,Quantum Corporation Cryptographic Module,Potentially PQC (Name Match),FIPS 140-3 L1,deprecated,2026-03-11,https://csrc.nist.gov/projects/cryptographic-module-validation-program/certificate/5181,2026-06-06,not in regen,,,,,
iOS 26 / macOS 26,ACVP,A7637,Apple Inc.,"Apple corecrypto Module [Apple silicon, Kernel, Software, SL1] (vng_hwassist)","ML-DSA, ML-KEM",,deprecated,2025-10-31,https://csrc.nist.gov/projects/cryptographic-algorithm-validation-program/details?product=20368,2026-06-06,not in regen,,,,,
iOS 26 / macOS 26,ACVP,A7649,Apple Inc.,"Apple corecrypto Module [Apple silicon, Secure Key Store, Hardware, SL2] (c_ltc)","ML-DSA, ML-KEM",,deprecated,2025-10-31,https://csrc.nist.gov/projects/cryptographic-algorithm-validation-program/details?product=20372,2026-06-06,not in regen,,,,,
iOS 26 / macOS 26,ACVP,A7645,Apple Inc.,"Apple corecrypto Module [Apple silicon, User, Software, SL1] (vng_hwassist)","ML-DSA, ML-KEM",,deprecated,2025-10-31,https://csrc.nist.gov/projects/cryptographic-algorithm-validation-program/details?product=20361,2026-06-06,not in regen,,,,,
iOS 26 / macOS 26,Common Criteria,anssi-cc-2024-39,APPLE,Apple Pay on iPhone SE (3rd generation ) with A15 Bionic reference iPhone SE (3rd generation) version iOS 17.4,BIKE,EAL2+,Active,2025-01-08,https://messervices.cyber.gouv.fr/visas/ANSSI-CC-2024-39-rapport.pdf,,,,,,,
iOS 26 / macOS 26,Common Criteria,anssi-cc-2024-40,APPLE,Apple Pay on iPhone 15 Pro with A17 Pro reference iPhone 15 Pro version iOs 17.4,BIKE,EAL2+,Active,2025-01-08,https://messervices.cyber.gouv.fr/visas/ANSSI-CC-2024-40-rapport.pdf,,,,,,,
iOS 26 / macOS 26,Common Criteria,anssi-cc-2024-42,APPLE,"Apple Pay on Mac Mini with M2 Pro and Magic Keyboard with Touch ID, reference Mac mini with M2 Pro and Magic keyboard with Touch ID versiion macOS Son",BIKE,EAL2+,Active,2025-01-10,https://messervices.cyber.gouv.fr/visas/ANSSI-CC-2024-42-rapport.pdf,,,,,,,
iOS 26 / macOS 26,Common Criteria,anssi-cc-2025-34,APPLE,Apple Pay on iPhone 16 Pro with A18 Pro référence iPhone 16 Pro version iOS 18.4,BIKE,EAL2+,Active,2025-10-23,https://messervices.cyber.gouv.fr/visas/ANSSI-CC-2025-34-rapport.pdf,,,,,,,
iOS 26 / macOS 26,Common Criteria,anssi-cc-2025-36,APPLE,Apple Pay on Mac mini with M4 and Magic keyboard with Touch ID référence Mac mini with M4 and Magic keyboard with Touch ID version macOS Sequoia 15.4,BIKE,EAL2+,Active,2025-10-23,https://messervices.cyber.gouv.fr/visas/ANSSI-CC-2025-36-rapport.pdf,,,,,,,
iOS 26 / macOS 26,FIPS 140-3,5101,Apple Inc.,"Apple corecrypto Module v14.1 [Apple silicon, Kernel, Software, SL1]",No PQC Mechanisms Detected,FIPS 140-3 L3,deprecated,2025-12-02,https://csrc.nist.gov/projects/cryptographic-module-validation-program/certificate/5101,2026-05-10,not in regen,ios-26-macos-26,no_pqc_cert_classical_only,url_authoritative,CMVP #5101: Classical cryptography only. PQC (ML-KEM/ML-DSA/SLH-DSA) not yet validated under this certificate. CMVP PQC module validation anticipated 2026-2027 per NIST CMVP roadmap.,2026-05-06
iOS 26 / macOS 26,FIPS 140-3,5108,Apple Inc.,"Apple corecrypto Module v14.1 [Apple silicon, User, Software, SL1]",No PQC Mechanisms Detected,FIPS 140-3 L3,deprecated,2025-12-14,https://csrc.nist.gov/projects/cryptographic-module-validation-program/certificate/5108,2026-05-10,not in regen,ios-26-macos-26,no_pqc_cert_classical_only,url_authoritative,CMVP #5108: Classical cryptography only. PQC (ML-KEM/ML-DSA/SLH-DSA) not yet validated under this certificate. CMVP PQC module validation anticipated 2026-2027 per NIST CMVP roadmap.,2026-05-06
iOS 26 / macOS 26,FIPS 140-3,5184,Apple Inc.,"Apple corecrypto Module 18.3 [Apple silicon, User, Software, SL1]",No PQC Mechanisms Detected,FIPS 140-3 L3,deprecated,2026-03-11,https://csrc.nist.gov/projects/cryptographic-module-validation-program/certificate/5184,2026-05-10,not in regen,ios-26-macos-26,no_pqc_cert_classical_only,url_authoritative,CMVP #5184: Classical cryptography only. PQC (ML-KEM/ML-DSA/SLH-DSA) not yet validated under this certificate. CMVP PQC module validation anticipated 2026-2027 per NIST CMVP roadmap.,2026-05-06
iOS 26 / macOS 26,FIPS 140-3,5202,Apple Inc.,"Apple corecrypto Module v14.0 [Intel, Kernel, Software, SL1]",No PQC Mechanisms Detected,FIPS 140-3 L1,deprecated,2026-03-19,https://csrc.nist.gov/projects/cryptographic-module-validation-program/certificate/5202,2026-06-04,not in regen,,,,,
iOS 26 / macOS 26,FIPS 140-3,5201,Apple Inc.,"Apple corecrypto Module v14.0 [Intel, User, Software, SL1]",No PQC Mechanisms Detected,FIPS 140-3 L1,deprecated,2026-03-19,https://csrc.nist.gov/projects/cryptographic-module-validation-program/certificate/5201,2026-05-16,not in regen,,,,,
iOS 26 / macOS 26,FIPS 140-3,5218,Apple Inc.,"Apple corecrypto Module v18.3 [Intel, Kernel, Software, SL1]",No PQC Mechanisms Detected,FIPS 140-3 L1,deprecated,2026-03-30,https://csrc.nist.gov/projects/cryptographic-module-validation-program/certificate/5218,2026-06-04,not in regen,,,,,
iOS 26 / macOS 26,FIPS 140-3,5217,Apple Inc.,"Apple corecrypto Module v18.3 [Intel, User, Software, SL1]",No PQC Mechanisms Detected,FIPS 140-3 L1,deprecated,2026-03-30,https://csrc.nist.gov/projects/cryptographic-module-validation-program/certificate/5217,2026-06-04,not in regen,,,,,
iOS 26 / macOS 26,FIPS 140-3,5216,Apple Inc.,"Apple corecrypto Module v14.0 [Apple silicon, User, Software, SL1]",No PQC Mechanisms Detected,FIPS 140-3 L1,deprecated,2026-03-30,https://csrc.nist.gov/projects/cryptographic-module-validation-program/certificate/5216,2026-06-04,not in regen,,,,,
iOS 26 / macOS 26,FIPS 140-3,5263,Apple Inc.,"Apple corecrypto Module v14.0 [Apple silicon, Kernel, Software, SL1]",No PQC Mechanisms Detected,FIPS 140-3 L1,deprecated,2026-05-12,https://csrc.nist.gov/projects/cryptographic-module-validation-program/certificate/5263,2026-06-04,not in regen,,,,,
iOS 26 / macOS 26,FIPS 140-3,5289,Apple Inc.,"Apple corecrypto Module v13.0 [Apple silicon, Secure Key Store, Hardware SL2/PHY3]",No PQC Mechanisms Detected,FIPS 140-3 L2,deprecated,2026-05-22,https://csrc.nist.gov/projects/cryptographic-module-validation-program/certificate/5289,2026-06-06,not in regen,,,,,
iOS 26 / macOS 26,FIPS 140-3,5307,Apple Inc.,"Apple corecrypto Module v13.0 [Apple silicon, Secure Key Store, Hardware SL2]",No PQC Mechanisms Detected,FIPS 140-3 L2,deprecated,2026-06-03,https://csrc.nist.gov/projects/cryptographic-module-validation-program/certificate/5307,2026-06-06,not in regen,,,,,
iOS 26 / macOS 26,FIPS 140-3,5306,Apple Inc.,"Apple corecrypto Module 18.3 [Apple silicon, Secure Key Store, Hardware, SL2/PHY3]",No PQC Mechanisms Detected,FIPS 140-3 L2,deprecated,2026-06-03,https://csrc.nist.gov/projects/cryptographic-module-validation-program/certificate/5306,2026-06-06,not in regen,,,,,
iOS 26 / macOS 26,FIPS 140-3,5304,Apple Inc.,"Apple corecrypto Module v14.0 [Apple silicon, Secure Key Store, Hardware, SL2/PHY3]",No PQC Mechanisms Detected,FIPS 140-3 L2,deprecated,2026-06-03,https://csrc.nist.gov/projects/cryptographic-module-validation-program/certificate/5304,2026-06-06,not in regen,,,,,
iOS 26 / macOS 26,FIPS 140-3,5303,Apple Inc.,"Apple corecrypto Module v14.0 [Apple silicon, Secure Key Store, Hardware, SL2]",No PQC Mechanisms Detected,FIPS 140-3 L2,deprecated,2026-06-03,https://csrc.nist.gov/projects/cryptographic-module-validation-program/certificate/5303,2026-06-06,not in regen,,,,,
wolfBoot,ACVP,A8437,wolfSSL Inc.,wolfCrypt Post Quantum,"ML-DSA, ML-KEM, SLH-DSA",,deprecated,2026-05-29,https://csrc.nist.gov/projects/cryptographic-algorithm-validation-program/details?product=21279,2026-06-06,not in regen,,,,,
wolfBoot,FIPS 140-3,5041,wolfSSL Inc.,wolfCrypt,No PQC Mechanisms Detected,FIPS 140-3 L1,deprecated,2025-07-18,https://csrc.nist.gov/projects/cryptographic-module-validation-program/certificate/5041,2026-06-06,not in regen,,,,,
wolfSSL,ACVP,A8437,wolfSSL Inc.,wolfCrypt Post Quantum,"ML-DSA, ML-KEM, SLH-DSA",,deprecated,2026-05-29,https://csrc.nist.gov/projects/cryptographic-algorithm-validation-program/details?product=21279,2026-06-06,not in regen,,,,,
wolfSSL,FIPS 140-3,5041,wolfSSL Inc.,wolfCrypt,No PQC Mechanisms Detected,FIPS 140-3 L1,deprecated,2025-07-18,https://csrc.nist.gov/projects/cryptographic-module-validation-program/certificate/5041,2026-06-06,not in regen,,,,,
