software_name,cpe_uri,cpe_vendor,cpe_product,match_confidence,status,nvd_url,last_verified_date,deprecated_at,deprecated_reason,product_id,cpe_coverage_flag,data_quality_notes
.NET 10 PQC,,,,,not_found,,2026-04-01,2026-07-11,not in regen,net-10-pqc,cpe_not_found_pending_nvd,'.NET 10 PQC' not yet indexed in NVD CPE dictionary. PQC-specific products are emerging; re-verify when NVD CPE 2.3 coverage expands. Consider submitting CPE request via https://nvd.nist.gov/products/cpe/request-cpe
.NET System.Security.Cryptography,,,,,not_found,,2026-04-01,2026-07-11,not in regen,net-system-security-cryptography,cpe_not_found_pending_nvd,'.NET System.Security.Cryptography' not yet indexed in NVD CPE dictionary. PQC-specific products are emerging; re-verify when NVD CPE 2.3 coverage expands. Consider submitting CPE request via https://nvd.nist.gov/products/cpe/request-cpe
01 Quantum IronCAP,,,,,not_found,,2026-07-14,2026-07-14,not in regen,,,
1Password,,,,,not_found,,2026-04-01,2026-07-11,not in regen,1password,cpe_not_found_pending_nvd,'1Password' not yet indexed in NVD CPE dictionary. PQC-specific products are emerging; re-verify when NVD CPE 2.3 coverage expands. Consider submitting CPE request via https://nvd.nist.gov/products/cpe/request-cpe
A10 Networks Thunder ADC,,,,,not_found,,2026-04-01,2026-07-11,not in regen,a10-networks-thunder-adc,cpe_not_found_pending_nvd,'A10 Networks Thunder ADC' not yet indexed in NVD CPE dictionary. PQC-specific products are emerging; re-verify when NVD CPE 2.3 coverage expands. Consider submitting CPE request via https://nvd.nist.gov/products/cpe/request-cpe
AdGuard DNS,,,,,not_found,,2026-04-01,2026-07-11,not in regen,adguard-dns,cpe_not_found_pending_nvd,'AdGuard DNS' not yet indexed in NVD CPE dictionary. PQC-specific products are emerging; re-verify when NVD CPE 2.3 coverage expands. Consider submitting CPE request via https://nvd.nist.gov/products/cpe/request-cpe
Adobe Acrobat Sign,,,,,not_found,,2026-04-01,2026-07-11,not in regen,adobe-acrobat-sign,cpe_not_found_pending_nvd,'Adobe Acrobat Sign' not yet indexed in NVD CPE dictionary. PQC-specific products are emerging; re-verify when NVD CPE 2.3 coverage expands. Consider submitting CPE request via https://nvd.nist.gov/products/cpe/request-cpe
Adva FSP 3000 S-Flex,,,,,not_found,,2026-04-01,2026-07-11,not in regen,adva-fsp-3000-s-flex,cpe_not_found_pending_nvd,'Adva FSP 3000 S-Flex' not yet indexed in NVD CPE dictionary. PQC-specific products are emerging; re-verify when NVD CPE 2.3 coverage expands. Consider submitting CPE request via https://nvd.nist.gov/products/cpe/request-cpe
Adva Network Security FSP 3000 S-Flex,,,,,not_found,,2026-04-01,2026-07-11,not in regen,adva-network-security-fsp-3000-s-flex,cpe_not_found_pending_nvd,'Adva Network Security FSP 3000 S-Flex' not yet indexed in NVD CPE dictionary. PQC-specific products are emerging; re-verify when NVD CPE 2.3 coverage expands. Consider submitting CPE request via https://nvd.nist.gov/products/cpe/request-cpe
Africa Quantum Consortium PQC,,,,,not_found,,2026-04-01,2026-07-11,not in regen,africa-quantum-consortium-pqc,cpe_not_found_pending_nvd,'Africa Quantum Consortium PQC' not yet indexed in NVD CPE dictionary. PQC-specific products are emerging; re-verify when NVD CPE 2.3 coverage expands. Consider submitting CPE request via https://nvd.nist.gov/products/cpe/request-cpe
Akamai Connected Cloud,,,,,not_found,,2026-04-01,2026-07-11,not in regen,akamai-connected-cloud,cpe_not_found_pending_nvd,'Akamai Connected Cloud' not yet indexed in NVD CPE dictionary. PQC-specific products are emerging; re-verify when NVD CPE 2.3 coverage expands. Consider submitting CPE request via https://nvd.nist.gov/products/cpe/request-cpe
Akamai Edge,,,,,not_found,,2026-04-01,2026-07-11,not in regen,akamai-edge,cpe_not_found_pending_nvd,'Akamai Edge' not yet indexed in NVD CPE dictionary. PQC-specific products are emerging; re-verify when NVD CPE 2.3 coverage expands. Consider submitting CPE request via https://nvd.nist.gov/products/cpe/request-cpe
Akamai PQC Edge,,,,,not_found,,2026-04-01,2026-07-11,not in regen,akamai-pqc-edge,cpe_not_found_pending_nvd,'Akamai PQC Edge' not yet indexed in NVD CPE dictionary. PQC-specific products are emerging; re-verify when NVD CPE 2.3 coverage expands. Consider submitting CPE request via https://nvd.nist.gov/products/cpe/request-cpe
Algorand,,,,,not_found,,2026-04-01,2026-07-11,not in regen,algorand,cpe_not_found_pending_nvd,'Algorand' not yet indexed in NVD CPE dictionary. PQC-specific products are emerging; re-verify when NVD CPE 2.3 coverage expands. Consider submitting CPE request via https://nvd.nist.gov/products/cpe/request-cpe
Algorand FALCON Mainnet,,,,,not_found,,2026-04-01,2026-07-11,not in regen,algorand-falcon-mainnet,cpe_not_found_pending_nvd,'Algorand FALCON Mainnet' not yet indexed in NVD CPE dictionary. PQC-specific products are emerging; re-verify when NVD CPE 2.3 coverage expands. Consider submitting CPE request via https://nvd.nist.gov/products/cpe/request-cpe
Alibaba Cloud GVSM,,,,,not_found,,2026-04-01,2026-07-11,not in regen,alibaba-cloud-gvsm,cpe_not_found_pending_nvd,'Alibaba Cloud GVSM' not yet indexed in NVD CPE dictionary. PQC-specific products are emerging; re-verify when NVD CPE 2.3 coverage expands. Consider submitting CPE request via https://nvd.nist.gov/products/cpe/request-cpe
Alpine Linux,cpe:2.3:o:alpinelinux:alpine_linux:-:*:*:*:*:*:*:*,alpinelinux,alpine_linux,exact,matched,https://nvd.nist.gov/products/cpe/search#results?namingFormat=2.3&keyword=alpine%20linux,2026-04-01,2026-07-11,not in regen,alpine-linux,cpe_matched,"CPE verified. Source: NVD, 2026-05-06."
Amazon CloudFront,cpe:2.3:a:amazon:amazon_cloudfront:-:*:*:*:*:*:*:*,amazon,amazon_cloudfront,exact,matched,https://nvd.nist.gov/products/cpe/search#results?namingFormat=2.3&keyword=amazon%20cloudfront,2026-04-01,2026-07-11,not in regen,amazon-cloudfront,cpe_matched,"CPE verified. Source: NVD, 2026-05-06."
Amazon Cognito,,,,,not_found,,2026-04-01,2026-07-11,not in regen,amazon-cognito,cpe_not_found_pending_nvd,'Amazon Cognito' not yet indexed in NVD CPE dictionary. PQC-specific products are emerging; re-verify when NVD CPE 2.3 coverage expands. Consider submitting CPE request via https://nvd.nist.gov/products/cpe/request-cpe
Amazon EKS,,,,,not_found,,2026-04-01,2026-07-11,not in regen,amazon-eks,cpe_not_found_pending_nvd,'Amazon EKS' not yet indexed in NVD CPE dictionary. PQC-specific products are emerging; re-verify when NVD CPE 2.3 coverage expands. Consider submitting CPE request via https://nvd.nist.gov/products/cpe/request-cpe
Amazon Web Services (AWS),,,,,not_found,,2026-04-01,2026-07-11,not in regen,amazon-web-services-aws,cpe_not_found_pending_nvd,'Amazon Web Services (AWS)' not yet indexed in NVD CPE dictionary. PQC-specific products are emerging; re-verify when NVD CPE 2.3 coverage expands. Consider submitting CPE request via https://nvd.nist.gov/products/cpe/request-cpe
AMD SEV-SNP (Secure Encrypted Virtualization),,,,,not_found,,2026-04-01,2026-07-11,not in regen,amd-sev-snp-secure-encrypted-virtualization,cpe_not_found_pending_nvd,'AMD SEV-SNP (Secure Encrypted Virtualization)' not yet indexed in NVD CPE dictionary. PQC-specific products are emerging; re-verify when NVD CPE 2.3 coverage expands. Consider submitting CPE request via https://nvd.nist.gov/products/cpe/request-cpe
AMD Versal Adaptive SoC,,,,,not_found,,2026-04-01,2026-07-11,not in regen,amd-versal-adaptive-soc,cpe_not_found_pending_nvd,'AMD Versal Adaptive SoC' not yet indexed in NVD CPE dictionary. PQC-specific products are emerging; re-verify when NVD CPE 2.3 coverage expands. Consider submitting CPE request via https://nvd.nist.gov/products/cpe/request-cpe
American Binary Ambit Client,,,,,not_found,,2026-04-01,2026-07-11,not in regen,american-binary-ambit-client,cpe_not_found_pending_nvd,'American Binary Ambit Client' not yet indexed in NVD CPE dictionary. PQC-specific products are emerging; re-verify when NVD CPE 2.3 coverage expands. Consider submitting CPE request via https://nvd.nist.gov/products/cpe/request-cpe
Anchorage Digital,,,,,not_found,,2026-04-01,2026-07-11,not in regen,anchorage-digital,cpe_not_found_pending_nvd,'Anchorage Digital' not yet indexed in NVD CPE dictionary. PQC-specific products are emerging; re-verify when NVD CPE 2.3 coverage expands. Consider submitting CPE request via https://nvd.nist.gov/products/cpe/request-cpe
Android 16,,,,,not_found,,2026-04-01,2026-07-11,not in regen,android-16,cpe_not_found_pending_nvd,'Android 16' not yet indexed in NVD CPE dictionary. PQC-specific products are emerging; re-verify when NVD CPE 2.3 coverage expands. Consider submitting CPE request via https://nvd.nist.gov/products/cpe/request-cpe
Android 17 PQC,,,,,not_found,,2026-04-01,2026-07-11,not in regen,android-17-pqc,cpe_not_found_pending_nvd,'Android 17 PQC' not yet indexed in NVD CPE dictionary. PQC-specific products are emerging; re-verify when NVD CPE 2.3 coverage expands. Consider submitting CPE request via https://nvd.nist.gov/products/cpe/request-cpe
ANKATech ANKASecure,,,,,not_found,,2026-04-01,2026-07-11,not in regen,ankatech-ankasecure,cpe_not_found_pending_nvd,'ANKATech ANKASecure' not yet indexed in NVD CPE dictionary. PQC-specific products are emerging; re-verify when NVD CPE 2.3 coverage expands. Consider submitting CPE request via https://nvd.nist.gov/products/cpe/request-cpe
Apache Guacamole,cpe:2.3:a:apache:guacamole:0.8.3:*:*:*:*:*:*:*,apache,guacamole,exact,matched,https://nvd.nist.gov/products/cpe/search#results?namingFormat=2.3&keyword=apache%20guacamole,2026-04-01,2026-07-11,not in regen,apache-guacamole,cpe_matched,"CPE verified. Source: NVD, 2026-05-06."
Apache HTTP Server,cpe:2.3:a:apache:http_server:1.2:*:*:*:*:*:*:*,apache,http_server,exact,matched,https://nvd.nist.gov/products/cpe/search#results?namingFormat=2.3&keyword=apache%20http_server,2026-04-01,2026-07-11,not in regen,apache-http-server,cpe_matched,"CPE verified. Source: NVD, 2026-05-06."
Apache Tomcat,cpe:2.3:a:apache:tomcat:-:*:*:*:*:*:*:*,apache,tomcat,exact,matched,https://nvd.nist.gov/products/cpe/search#results?namingFormat=2.3&keyword=apache%20tomcat,2026-04-01,2026-07-11,not in regen,apache-tomcat,cpe_matched,"CPE verified. Source: NVD, 2026-05-06."
Apache Traffic Server,cpe:2.3:a:apache:traffic_server:2.0.0:*:*:*:*:*:*:*,apache,traffic_server,exact,matched,https://nvd.nist.gov/products/cpe/search#results?namingFormat=2.3&keyword=apache%20traffic%20server,2026-04-01,2026-07-11,not in regen,apache-traffic-server,cpe_matched,"CPE verified. Source: NVD, 2026-05-06."
Apple codesign,,,,,not_found,,2026-04-01,2026-07-11,not in regen,apple-codesign,cpe_not_found_pending_nvd,'Apple codesign' not yet indexed in NVD CPE dictionary. PQC-specific products are emerging; re-verify when NVD CPE 2.3 coverage expands. Consider submitting CPE request via https://nvd.nist.gov/products/cpe/request-cpe
Apple PQ3 / CoreCrypto,,,,,not_found,,2026-07-14,2026-07-14,not in regen,,,
Apple Safari,cpe:2.3:a:apple:safari:-:*:*:*:*:*:*:*,apple,safari,exact,matched,https://nvd.nist.gov/products/cpe/search#results?namingFormat=2.3&keyword=apple%20safari,2026-04-01,2026-07-11,not in regen,apple-safari,cpe_matched,"CPE verified. Source: NVD, 2026-05-06."
Applivery UEM PQC,,,,,not_found,,2026-04-01,2026-07-11,not in regen,applivery-uem-pqc,cpe_not_found_pending_nvd,'Applivery UEM PQC' not yet indexed in NVD CPE dictionary. PQC-specific products are emerging; re-verify when NVD CPE 2.3 coverage expands. Consider submitting CPE request via https://nvd.nist.gov/products/cpe/request-cpe
AppViewX CERT+,,,,,not_found,,2026-04-01,2026-07-11,not in regen,appviewx-cert,cpe_not_found_pending_nvd,'AppViewX CERT+' not yet indexed in NVD CPE dictionary. PQC-specific products are emerging; re-verify when NVD CPE 2.3 coverage expands. Consider submitting CPE request via https://nvd.nist.gov/products/cpe/request-cpe
AppViewX Spring 2026,,,,,not_found,,2026-04-01,2026-07-11,not in regen,appviewx-spring-2026,cpe_not_found_pending_nvd,'AppViewX Spring 2026' not yet indexed in NVD CPE dictionary. PQC-specific products are emerging; re-verify when NVD CPE 2.3 coverage expands. Consider submitting CPE request via https://nvd.nist.gov/products/cpe/request-cpe
Aptos,cpe:2.3:a:aptosfoundation:aptos:1.4.3:*:*:*:*:*:*:*,aptosfoundation,aptos,exact,matched,https://nvd.nist.gov/products/cpe/search#results?namingFormat=2.3&keyword=aptos%20aptos,2026-04-01,2026-07-11,not in regen,aptos,cpe_matched,"CPE verified. Source: NVD, 2026-05-06."
Arch Linux,,,,,not_found,,2026-04-01,2026-07-11,not in regen,arch-linux,cpe_not_found_pending_nvd,'Arch Linux' not yet indexed in NVD CPE dictionary. PQC-specific products are emerging; re-verify when NVD CPE 2.3 coverage expands. Consider submitting CPE request via https://nvd.nist.gov/products/cpe/request-cpe
Arista EOS (Extensible Operating System),,,,,not_found,,2026-04-01,2026-07-11,not in regen,arista-eos-extensible-operating-system,cpe_not_found_pending_nvd,'Arista EOS (Extensible Operating System)' not yet indexed in NVD CPE dictionary. PQC-specific products are emerging; re-verify when NVD CPE 2.3 coverage expands. Consider submitting CPE request via https://nvd.nist.gov/products/cpe/request-cpe
ARM Confidential Compute Architecture (CCA),,,,,not_found,,2026-04-01,2026-07-11,not in regen,arm-confidential-compute-architecture-cca,cpe_not_found_pending_nvd,'ARM Confidential Compute Architecture (CCA)' not yet indexed in NVD CPE dictionary. PQC-specific products are emerging; re-verify when NVD CPE 2.3 coverage expands. Consider submitting CPE request via https://nvd.nist.gov/products/cpe/request-cpe
ARM Trusted Firmware (TF-A),cpe:2.3:a:arm:trusted_firmware-a:-:*:*:*:*:*:*:*,arm,trusted_firmware-a,partial,partial,https://nvd.nist.gov/products/cpe/search#results?namingFormat=2.3&keyword=arm%20trusted%20firmware%20%28tf-a%29,2026-04-01,2026-07-11,not in regen,arm-trusted-firmware-tf-a,cpe_partial_match,Partial CPE match for 'ARM Trusted Firmware (TF-A)'; version qualifier absent. Verify against NVD: https://nvd.nist.gov/products/cpe/search#results?namingFormat=2.3&keyword=arm%20trusted%20firmware%20%28tf-a%29.
ARM TrustZone,,,,,not_found,,2026-04-01,2026-07-11,not in regen,arm-trustzone,cpe_not_found_pending_nvd,'ARM TrustZone' not yet indexed in NVD CPE dictionary. PQC-specific products are emerging; re-verify when NVD CPE 2.3 coverage expands. Consider submitting CPE request via https://nvd.nist.gov/products/cpe/request-cpe
Arqit 6WIND Telco PQC,,,,,not_found,,2026-04-01,2026-07-11,not in regen,arqit-6wind-telco-pqc,cpe_not_found_pending_nvd,'Arqit 6WIND Telco PQC' not yet indexed in NVD CPE dictionary. PQC-specific products are emerging; re-verify when NVD CPE 2.3 coverage expands. Consider submitting CPE request via https://nvd.nist.gov/products/cpe/request-cpe
Arqit Encryption Intelligence,,,,,not_found,,2026-04-01,2026-07-11,not in regen,arqit-encryption-intelligence,cpe_not_found_pending_nvd,'Arqit Encryption Intelligence' not yet indexed in NVD CPE dictionary. PQC-specific products are emerging; re-verify when NVD CPE 2.3 coverage expands. Consider submitting CPE request via https://nvd.nist.gov/products/cpe/request-cpe
Arqit QuantumCloud,,,,,not_found,,2026-04-01,2026-07-11,not in regen,arqit-quantumcloud,cpe_not_found_pending_nvd,'Arqit QuantumCloud' not yet indexed in NVD CPE dictionary. PQC-specific products are emerging; re-verify when NVD CPE 2.3 coverage expands. Consider submitting CPE request via https://nvd.nist.gov/products/cpe/request-cpe
Ascertia ADSS PKI Server,,,,,not_found,,2026-04-01,2026-07-11,not in regen,ascertia-adss-pki-server,cpe_not_found_pending_nvd,'Ascertia ADSS PKI Server' not yet indexed in NVD CPE dictionary. PQC-specific products are emerging; re-verify when NVD CPE 2.3 coverage expands. Consider submitting CPE request via https://nvd.nist.gov/products/cpe/request-cpe
Ascertia ADSS Server/SAM,,,,,not_found,,2026-04-01,2026-07-11,not in regen,ascertia-adss-server-sam,cpe_not_found_pending_nvd,'Ascertia ADSS Server/SAM' not yet indexed in NVD CPE dictionary. PQC-specific products are emerging; re-verify when NVD CPE 2.3 coverage expands. Consider submitting CPE request via https://nvd.nist.gov/products/cpe/request-cpe
Ascertia ADSS Signing Server,,,,,not_found,,2026-04-01,2026-07-11,not in regen,ascertia-adss-signing-server,cpe_not_found_pending_nvd,'Ascertia ADSS Signing Server' not yet indexed in NVD CPE dictionary. PQC-specific products are emerging; re-verify when NVD CPE 2.3 coverage expands. Consider submitting CPE request via https://nvd.nist.gov/products/cpe/request-cpe
ASUSTOR ADM 5.1 PQC,,,,,not_found,,2026-04-01,2026-07-11,not in regen,asustor-adm-5-1-pqc,cpe_not_found_pending_nvd,'ASUSTOR ADM 5.1 PQC' not yet indexed in NVD CPE dictionary. PQC-specific products are emerging; re-verify when NVD CPE 2.3 coverage expands. Consider submitting CPE request via https://nvd.nist.gov/products/cpe/request-cpe
AsyncSSH,,,,,not_found,,2026-04-01,2026-07-11,not in regen,asyncssh,cpe_not_found_pending_nvd,'AsyncSSH' not yet indexed in NVD CPE dictionary. PQC-specific products are emerging; re-verify when NVD CPE 2.3 coverage expands. Consider submitting CPE request via https://nvd.nist.gov/products/cpe/request-cpe
Auth0 (Okta Customer Identity),,,,,not_found,,2026-04-01,2026-07-11,not in regen,auth0-okta-customer-identity,cpe_not_found_pending_nvd,'Auth0 (Okta Customer Identity)' not yet indexed in NVD CPE dictionary. PQC-specific products are emerging; re-verify when NVD CPE 2.3 coverage expands. Consider submitting CPE request via https://nvd.nist.gov/products/cpe/request-cpe
AUTOCRYPT PKI-Vehicles,,,,,not_found,,2026-04-01,2026-07-11,not in regen,autocrypt-pki-vehicles,cpe_not_found_pending_nvd,'AUTOCRYPT PKI-Vehicles' not yet indexed in NVD CPE dictionary. PQC-specific products are emerging; re-verify when NVD CPE 2.3 coverage expands. Consider submitting CPE request via https://nvd.nist.gov/products/cpe/request-cpe
Avalanche,,,,,not_found,,2026-04-01,2026-07-11,not in regen,avalanche,cpe_not_found_pending_nvd,'Avalanche' not yet indexed in NVD CPE dictionary. PQC-specific products are emerging; re-verify when NVD CPE 2.3 coverage expands. Consider submitting CPE request via https://nvd.nist.gov/products/cpe/request-cpe
AWS API Gateway PQC,,,,,not_found,,2026-04-01,2026-07-11,not in regen,aws-api-gateway-pqc,cpe_not_found_pending_nvd,'AWS API Gateway PQC' not yet indexed in NVD CPE dictionary. PQC-specific products are emerging; re-verify when NVD CPE 2.3 coverage expands. Consider submitting CPE request via https://nvd.nist.gov/products/cpe/request-cpe
AWS Application Load Balancer (ALB),,,,,not_found,,2026-04-01,2026-07-11,not in regen,aws-application-load-balancer-alb,cpe_not_found_pending_nvd,'AWS Application Load Balancer (ALB)' not yet indexed in NVD CPE dictionary. PQC-specific products are emerging; re-verify when NVD CPE 2.3 coverage expands. Consider submitting CPE request via https://nvd.nist.gov/products/cpe/request-cpe
AWS CloudHSM,,,,,not_found,,2026-04-01,2026-07-11,not in regen,aws-cloudhsm,cpe_not_found_pending_nvd,'AWS CloudHSM' not yet indexed in NVD CPE dictionary. PQC-specific products are emerging; re-verify when NVD CPE 2.3 coverage expands. Consider submitting CPE request via https://nvd.nist.gov/products/cpe/request-cpe
AWS Identity and Access Management (IAM),,,,,not_found,,2026-04-01,2026-07-11,not in regen,aws-identity-and-access-management-iam,cpe_not_found_pending_nvd,'AWS Identity and Access Management (IAM)' not yet indexed in NVD CPE dictionary. PQC-specific products are emerging; re-verify when NVD CPE 2.3 coverage expands. Consider submitting CPE request via https://nvd.nist.gov/products/cpe/request-cpe
AWS KMS,,,,,not_found,,2026-04-01,2026-07-11,not in regen,aws-kms,cpe_not_found_pending_nvd,'AWS KMS' not yet indexed in NVD CPE dictionary. PQC-specific products are emerging; re-verify when NVD CPE 2.3 coverage expands. Consider submitting CPE request via https://nvd.nist.gov/products/cpe/request-cpe
AWS KMS (Cloud Gateway),,,,,not_found,,2026-04-01,2026-07-11,not in regen,aws-kms-cloud-gateway,cpe_not_found_pending_nvd,'AWS KMS (Cloud Gateway)' not yet indexed in NVD CPE dictionary. PQC-specific products are emerging; re-verify when NVD CPE 2.3 coverage expands. Consider submitting CPE request via https://nvd.nist.gov/products/cpe/request-cpe
AWS Payments Cryptography PQC,,,,,not_found,,2026-04-01,2026-07-11,not in regen,aws-payments-cryptography-pqc,cpe_not_found_pending_nvd,'AWS Payments Cryptography PQC' not yet indexed in NVD CPE dictionary. PQC-specific products are emerging; re-verify when NVD CPE 2.3 coverage expands. Consider submitting CPE request via https://nvd.nist.gov/products/cpe/request-cpe
AWS Private CA PQC,,,,,not_found,,2026-04-01,2026-07-11,not in regen,aws-private-ca-pqc,cpe_not_found_pending_nvd,'AWS Private CA PQC' not yet indexed in NVD CPE dictionary. PQC-specific products are emerging; re-verify when NVD CPE 2.3 coverage expands. Consider submitting CPE request via https://nvd.nist.gov/products/cpe/request-cpe
AWS s2n-tls,,,,,not_found,,2026-07-14,2026-07-14,not in regen,,,
AWS Transfer Family,,,,,not_found,,2026-04-01,2026-07-11,not in regen,aws-transfer-family,cpe_not_found_pending_nvd,'AWS Transfer Family' not yet indexed in NVD CPE dictionary. PQC-specific products are emerging; re-verify when NVD CPE 2.3 coverage expands. Consider submitting CPE request via https://nvd.nist.gov/products/cpe/request-cpe
AWS-LC,cpe:2.3:a:amazon:aws-lc-sys:-:*:*:*:*:rust:*:*,amazon,aws-lc-sys,exact,matched,https://nvd.nist.gov/products/cpe/search#results?namingFormat=2.3&keyword=amazon%20aws-lc,2026-07-14,2026-07-14,not in regen,,,
Azure AKS,,,,,not_found,,2026-04-01,2026-07-11,not in regen,azure-aks,cpe_not_found_pending_nvd,'Azure AKS' not yet indexed in NVD CPE dictionary. PQC-specific products are emerging; re-verify when NVD CPE 2.3 coverage expands. Consider submitting CPE request via https://nvd.nist.gov/products/cpe/request-cpe
Azure Dedicated HSM (Marvell LiquidSecurity),,,,,not_found,,2026-04-01,2026-07-11,not in regen,azure-dedicated-hsm-marvell-liquidsecurity,cpe_not_found_pending_nvd,'Azure Dedicated HSM (Marvell LiquidSecurity)' not yet indexed in NVD CPE dictionary. PQC-specific products are emerging; re-verify when NVD CPE 2.3 coverage expands. Consider submitting CPE request via https://nvd.nist.gov/products/cpe/request-cpe
Azure DevOps,,,,,not_found,,2026-04-01,2026-07-11,not in regen,azure-devops,cpe_not_found_pending_nvd,'Azure DevOps' not yet indexed in NVD CPE dictionary. PQC-specific products are emerging; re-verify when NVD CPE 2.3 coverage expands. Consider submitting CPE request via https://nvd.nist.gov/products/cpe/request-cpe
Azure Key Vault,,,,,not_found,,2026-04-01,2026-07-11,not in regen,azure-key-vault,cpe_not_found_pending_nvd,'Azure Key Vault' not yet indexed in NVD CPE dictionary. PQC-specific products are emerging; re-verify when NVD CPE 2.3 coverage expands. Consider submitting CPE request via https://nvd.nist.gov/products/cpe/request-cpe
Barracuda Email Protection,,,,,not_found,,2026-04-01,2026-07-11,not in regen,barracuda-email-protection,cpe_not_found_pending_nvd,'Barracuda Email Protection' not yet indexed in NVD CPE dictionary. PQC-specific products are emerging; re-verify when NVD CPE 2.3 coverage expands. Consider submitting CPE request via https://nvd.nist.gov/products/cpe/request-cpe
BERTEN MLDS-B235,,,,,not_found,,2026-04-01,2026-07-11,not in regen,berten-mlds-b235,cpe_not_found_pending_nvd,'BERTEN MLDS-B235' not yet indexed in NVD CPE dictionary. PQC-specific products are emerging; re-verify when NVD CPE 2.3 coverage expands. Consider submitting CPE request via https://nvd.nist.gov/products/cpe/request-cpe
BERTEN MLKE-B135,,,,,not_found,,2026-04-01,2026-07-11,not in regen,berten-mlke-b135,cpe_not_found_pending_nvd,'BERTEN MLKE-B135' not yet indexed in NVD CPE dictionary. PQC-specific products are emerging; re-verify when NVD CPE 2.3 coverage expands. Consider submitting CPE request via https://nvd.nist.gov/products/cpe/request-cpe
Bitcoin Core,cpe:2.3:a:bitcoincore:bitcoin_core:0.16.2:*:*:*:*:*:*:*,bitcoincore,bitcoin_core,exact,matched,https://nvd.nist.gov/products/cpe/search#results?namingFormat=2.3&keyword=bitcoin%20core,2026-04-01,2026-07-11,not in regen,bitcoin-core,cpe_matched,"CPE verified. Source: NVD, 2026-05-06."
BitGo,,,,,not_found,,2026-04-01,2026-07-11,not in regen,bitgo,cpe_not_found_pending_nvd,'BitGo' not yet indexed in NVD CPE dictionary. PQC-specific products are emerging; re-verify when NVD CPE 2.3 coverage expands. Consider submitting CPE request via https://nvd.nist.gov/products/cpe/request-cpe
BitLocker (Windows),,,,,not_found,,2026-04-01,2026-07-11,not in regen,bitlocker-windows,cpe_not_found_pending_nvd,'BitLocker (Windows)' not yet indexed in NVD CPE dictionary. PQC-specific products are emerging; re-verify when NVD CPE 2.3 coverage expands. Consider submitting CPE request via https://nvd.nist.gov/products/cpe/request-cpe
Bitvise SSH Server,,,,,not_found,,2026-04-01,2026-07-11,not in regen,bitvise-ssh-server,cpe_not_found_pending_nvd,'Bitvise SSH Server' not yet indexed in NVD CPE dictionary. PQC-specific products are emerging; re-verify when NVD CPE 2.3 coverage expands. Consider submitting CPE request via https://nvd.nist.gov/products/cpe/request-cpe
Bitwarden,cpe:2.3:a:bitwarden:server:1.0.0:*:*:*:*:*:*:*,bitwarden,server,partial,partial,https://nvd.nist.gov/products/cpe/search#results?namingFormat=2.3&keyword=bitwarden%20bitwarden,2026-04-01,2026-07-11,not in regen,bitwarden,cpe_partial_match,Partial CPE match for 'Bitwarden'; version qualifier absent. Verify against NVD: https://nvd.nist.gov/products/cpe/search#results?namingFormat=2.3&keyword=bitwarden%20bitwarden.
BoringSSL,cpe:2.3:a:google:chrome:0.2.149.29:*:*:*:*:*:*:*,google,chrome,exact,matched,https://nvd.nist.gov/products/cpe/search#results?namingFormat=2.3&keyword=google%20chrome,2026-07-14,2026-07-14,not in regen,,,
Botan,cpe:2.3:a:botan_project:botan:1.10.0:*:*:*:*:*:*:*,botan_project,botan,exact,matched,https://nvd.nist.gov/products/cpe/search#results?namingFormat=2.3&keyword=botan%20botan,2026-07-14,2026-07-14,not in regen,,,
Bouncy Castle C# .NET,,,,,not_found,,2026-07-14,2026-07-14,not in regen,,,
Bouncy Castle C\# / Java,,,,,not_found,,2026-04-01,2026-07-11,not in regen,bouncy-castle-c-java,cpe_not_found_pending_nvd,'Bouncy Castle C\# / Java' not yet indexed in NVD CPE dictionary. PQC-specific products are emerging; re-verify when NVD CPE 2.3 coverage expands. Consider submitting CPE request via https://nvd.nist.gov/products/cpe/request-cpe
Bouncy Castle Java,cpe:2.3:a:bouncycastle:legion-of-the-bouncy-castle-java-crytography-api:1.36:*:*:*:*:*:*:*,bouncycastle,legion-of-the-bouncy-castle-java-crytography-api,exact,matched,https://nvd.nist.gov/products/cpe/search#results?namingFormat=2.3&keyword=bouncy%20castle%20java,2026-07-14,2026-07-14,not in regen,,,
Bouncy Castle Java LTS,,,,,not_found,,2026-07-14,2026-07-14,not in regen,,,
Bradesco IBM Quantum Safe,,,,,not_found,,2026-04-01,2026-07-11,not in regen,bradesco-ibm-quantum-safe,cpe_not_found_pending_nvd,'Bradesco IBM Quantum Safe' not yet indexed in NVD CPE dictionary. PQC-specific products are emerging; re-verify when NVD CPE 2.3 coverage expands. Consider submitting CPE request via https://nvd.nist.gov/products/cpe/request-cpe
Brave Browser,cpe:2.3:a:brave:browser:1.9.56:*:*:*:*:android:*:*,brave,browser,exact,matched,https://nvd.nist.gov/products/cpe/search#results?namingFormat=2.3&keyword=brave%20browser,2026-04-01,2026-07-11,not in regen,brave-browser,cpe_matched,"CPE verified. Source: NVD, 2026-05-06."
Broadcom Avi (NSX ALB),,,,,not_found,,2026-04-01,2026-07-11,not in regen,broadcom-avi-nsx-alb,cpe_not_found_pending_nvd,'Broadcom Avi (NSX ALB)' not yet indexed in NVD CPE dictionary. PQC-specific products are emerging; re-verify when NVD CPE 2.3 coverage expands. Consider submitting CPE request via https://nvd.nist.gov/products/cpe/request-cpe
Broadcom Emulex SecureHBA,,,,,not_found,,2026-04-01,2026-07-11,not in regen,broadcom-emulex-securehba,cpe_not_found_pending_nvd,'Broadcom Emulex SecureHBA' not yet indexed in NVD CPE dictionary. PQC-specific products are emerging; re-verify when NVD CPE 2.3 coverage expands. Consider submitting CPE request via https://nvd.nist.gov/products/cpe/request-cpe
Broadcom Symantec DLP,,,,,not_found,,2026-04-01,2026-07-11,not in regen,broadcom-symantec-dlp,cpe_not_found_pending_nvd,'Broadcom Symantec DLP' not yet indexed in NVD CPE dictionary. PQC-specific products are emerging; re-verify when NVD CPE 2.3 coverage expands. Consider submitting CPE request via https://nvd.nist.gov/products/cpe/request-cpe
Broadcom Symantec SES,,,,,not_found,,2026-04-01,2026-07-11,not in regen,broadcom-symantec-ses,cpe_not_found_pending_nvd,'Broadcom Symantec SES' not yet indexed in NVD CPE dictionary. PQC-specific products are emerging; re-verify when NVD CPE 2.3 coverage expands. Consider submitting CPE request via https://nvd.nist.gov/products/cpe/request-cpe
BTQ Bitcoin Quantum,,,,,not_found,,2026-07-14,,,,,
BTQ Bitcoin Quantum Testnet,,,,,not_found,,2026-04-01,2026-07-11,not in regen,btq-bitcoin-quantum-testnet,cpe_not_found_pending_nvd,'BTQ Bitcoin Quantum Testnet' not yet indexed in NVD CPE dictionary. PQC-specific products are emerging; re-verify when NVD CPE 2.3 coverage expands. Consider submitting CPE request via https://nvd.nist.gov/products/cpe/request-cpe
C-DOT Quantum CEM Encryptor,,,,,not_found,,2026-04-01,2026-07-11,not in regen,c-dot-quantum-cem-encryptor,cpe_not_found_pending_nvd,'C-DOT Quantum CEM Encryptor' not yet indexed in NVD CPE dictionary. PQC-specific products are emerging; re-verify when NVD CPE 2.3 coverage expands. Consider submitting CPE request via https://nvd.nist.gov/products/cpe/request-cpe
Caddy Server,,,,,not_found,,2026-04-01,2026-07-11,not in regen,caddy-server,cpe_not_found_pending_nvd,'Caddy Server' not yet indexed in NVD CPE dictionary. PQC-specific products are emerging; re-verify when NVD CPE 2.3 coverage expands. Consider submitting CPE request via https://nvd.nist.gov/products/cpe/request-cpe
Cardano,,,,,not_found,,2026-04-01,2026-07-11,not in regen,cardano,cpe_not_found_pending_nvd,'Cardano' not yet indexed in NVD CPE dictionary. PQC-specific products are emerging; re-verify when NVD CPE 2.3 coverage expands. Consider submitting CPE request via https://nvd.nist.gov/products/cpe/request-cpe
CAST KiviPQC-KEM,,,,,not_found,,2026-04-01,2026-07-11,not in regen,cast-kivipqc-kem,cpe_not_found_pending_nvd,'CAST KiviPQC-KEM' not yet indexed in NVD CPE dictionary. PQC-specific products are emerging; re-verify when NVD CPE 2.3 coverage expands. Consider submitting CPE request via https://nvd.nist.gov/products/cpe/request-cpe
CATO Networks SASE,,,,,not_found,,2026-04-01,2026-07-11,not in regen,cato-networks-sase,cpe_not_found_pending_nvd,'CATO Networks SASE' not yet indexed in NVD CPE dictionary. PQC-specific products are emerging; re-verify when NVD CPE 2.3 coverage expands. Consider submitting CPE request via https://nvd.nist.gov/products/cpe/request-cpe
Cellcrypt PQC Communications,,,,,not_found,,2026-04-01,2026-07-11,not in regen,cellcrypt-pqc-communications,cpe_not_found_pending_nvd,'Cellcrypt PQC Communications' not yet indexed in NVD CPE dictionary. PQC-specific products are emerging; re-verify when NVD CPE 2.3 coverage expands. Consider submitting CPE request via https://nvd.nist.gov/products/cpe/request-cpe
CentOS Stream,cpe:2.3:o:centos:stream:8:*:*:*:*:*:*:*,centos,stream,exact,matched,https://nvd.nist.gov/products/cpe/search#results?namingFormat=2.3&keyword=centos%20stream,2026-04-01,2026-07-11,not in regen,centos-stream,cpe_matched,"CPE verified. Source: NVD, 2026-05-06."
Check Point Quantum,cpe:2.3:h:checkpoint:quantum_security_management:-:*:*:*:*:*:*:*,checkpoint,quantum_security_management,partial,partial,https://nvd.nist.gov/products/cpe/search#results?namingFormat=2.3&keyword=check%20point%20quantum,2026-04-01,2026-07-11,not in regen,check-point-quantum,cpe_partial_match,Partial CPE match for 'Check Point Quantum'; version qualifier absent. Verify against NVD: https://nvd.nist.gov/products/cpe/search#results?namingFormat=2.3&keyword=check%20point%20quantum.
Checkmarx One,,,,,not_found,,2026-04-01,2026-07-11,not in regen,checkmarx-one,cpe_not_found_pending_nvd,'Checkmarx One' not yet indexed in NVD CPE dictionary. PQC-specific products are emerging; re-verify when NVD CPE 2.3 coverage expands. Consider submitting CPE request via https://nvd.nist.gov/products/cpe/request-cpe
Chelpis Quantum PQC (Taiwan),,,,,not_found,,2026-04-01,2026-07-11,not in regen,chelpis-quantum-pqc-taiwan,cpe_not_found_pending_nvd,'Chelpis Quantum PQC (Taiwan)' not yet indexed in NVD CPE dictionary. PQC-specific products are emerging; re-verify when NVD CPE 2.3 coverage expands. Consider submitting CPE request via https://nvd.nist.gov/products/cpe/request-cpe
China Telecom Quantum Group,,,,,not_found,,2026-04-01,2026-07-11,not in regen,china-telecom-quantum-group,cpe_not_found_pending_nvd,'China Telecom Quantum Group' not yet indexed in NVD CPE dictionary. PQC-specific products are emerging; re-verify when NVD CPE 2.3 coverage expands. Consider submitting CPE request via https://nvd.nist.gov/products/cpe/request-cpe
ChromeOS,,,,,not_found,,2026-04-01,2026-07-11,not in regen,chromeos,cpe_not_found_pending_nvd,'ChromeOS' not yet indexed in NVD CPE dictionary. PQC-specific products are emerging; re-verify when NVD CPE 2.3 coverage expands. Consider submitting CPE request via https://nvd.nist.gov/products/cpe/request-cpe
Ciena WaveLogic 6 Extreme,,,,,not_found,,2026-04-01,2026-07-11,not in regen,ciena-wavelogic-6-extreme,cpe_not_found_pending_nvd,'Ciena WaveLogic 6 Extreme' not yet indexed in NVD CPE dictionary. PQC-specific products are emerging; re-verify when NVD CPE 2.3 coverage expands. Consider submitting CPE request via https://nvd.nist.gov/products/cpe/request-cpe
Cilium Service Mesh PQC,,,,,not_found,,2026-04-01,2026-07-11,not in regen,cilium-service-mesh-pqc,cpe_not_found_pending_nvd,'Cilium Service Mesh PQC' not yet indexed in NVD CPE dictionary. PQC-specific products are emerging; re-verify when NVD CPE 2.3 coverage expands. Consider submitting CPE request via https://nvd.nist.gov/products/cpe/request-cpe
CIQ Rocky Linux CAVP PQC,,,,,not_found,,2026-04-01,2026-07-11,not in regen,ciq-rocky-linux-cavp-pqc,cpe_not_found_pending_nvd,'CIQ Rocky Linux CAVP PQC' not yet indexed in NVD CPE dictionary. PQC-specific products are emerging; re-verify when NVD CPE 2.3 coverage expands. Consider submitting CPE request via https://nvd.nist.gov/products/cpe/request-cpe
CircleCI,,,,,not_found,,2026-04-01,2026-07-11,not in regen,circleci,cpe_not_found_pending_nvd,'CircleCI' not yet indexed in NVD CPE dictionary. PQC-specific products are emerging; re-verify when NVD CPE 2.3 coverage expands. Consider submitting CPE request via https://nvd.nist.gov/products/cpe/request-cpe
CISA PQC Migration Framework,,,,,not_found,,2026-04-01,2026-07-11,not in regen,cisa-pqc-migration-framework,cpe_not_found_pending_nvd,'CISA PQC Migration Framework' not yet indexed in NVD CPE dictionary. PQC-specific products are emerging; re-verify when NVD CPE 2.3 coverage expands. Consider submitting CPE request via https://nvd.nist.gov/products/cpe/request-cpe
Cisco ASA (Adaptive Security Appliance),,,,,not_found,,2026-04-01,2026-07-11,not in regen,cisco-asa-adaptive-security-appliance,cpe_not_found_pending_nvd,'Cisco ASA (Adaptive Security Appliance)' not yet indexed in NVD CPE dictionary. PQC-specific products are emerging; re-verify when NVD CPE 2.3 coverage expands. Consider submitting CPE request via https://nvd.nist.gov/products/cpe/request-cpe
Cisco Catalyst 9500 PQC,,,,,not_found,,2026-04-01,2026-07-11,not in regen,cisco-catalyst-9500-pqc,cpe_not_found_pending_nvd,'Cisco Catalyst 9500 PQC' not yet indexed in NVD CPE dictionary. PQC-specific products are emerging; re-verify when NVD CPE 2.3 coverage expands. Consider submitting CPE request via https://nvd.nist.gov/products/cpe/request-cpe
Cisco Catalyst Center,,,,,not_found,,2026-04-01,2026-07-11,not in regen,cisco-catalyst-center,cpe_not_found_pending_nvd,'Cisco Catalyst Center' not yet indexed in NVD CPE dictionary. PQC-specific products are emerging; re-verify when NVD CPE 2.3 coverage expands. Consider submitting CPE request via https://nvd.nist.gov/products/cpe/request-cpe
Cisco Identity Services Engine (ISE),cpe:2.3:h:cisco:identity_services_engine:-:*:*:*:*:*:*:*,cisco,identity_services_engine,exact,matched,https://nvd.nist.gov/products/cpe/search#results?namingFormat=2.3&keyword=cisco%20identity%20services%20engine%20%28ise%29,2026-04-01,2026-07-11,not in regen,cisco-identity-services-engine-ise,cpe_matched,"CPE verified. Source: NVD, 2026-05-06."
Cisco IOS XE PQC,,,,,not_found,,2026-07-14,2026-07-14,not in regen,,,
Cisco IOS XR,cpe:2.3:o:cisco:ios_xr_for_crs-1:-:*:*:*:*:*:*:*,cisco,ios_xr_for_crs-1,exact,matched,https://nvd.nist.gov/products/cpe/search#results?namingFormat=2.3&keyword=cisco%20ios%20xr,2026-04-01,2026-07-11,not in regen,cisco-ios-xr,cpe_matched,"CPE verified. Source: NVD, 2026-05-06."
Cisco Meraki MX (Cloud-Managed Firewall),,,,,not_found,,2026-04-01,2026-07-11,not in regen,cisco-meraki-mx-cloud-managed-firewall,cpe_not_found_pending_nvd,'Cisco Meraki MX (Cloud-Managed Firewall)' not yet indexed in NVD CPE dictionary. PQC-specific products are emerging; re-verify when NVD CPE 2.3 coverage expands. Consider submitting CPE request via https://nvd.nist.gov/products/cpe/request-cpe
Cisco Secure Client (AnyConnect),,,,,not_found,,2026-04-01,2026-07-11,not in regen,cisco-secure-client-anyconnect,cpe_not_found_pending_nvd,'Cisco Secure Client (AnyConnect)' not yet indexed in NVD CPE dictionary. PQC-specific products are emerging; re-verify when NVD CPE 2.3 coverage expands. Consider submitting CPE request via https://nvd.nist.gov/products/cpe/request-cpe
Cisco Webex,cpe:2.3:a:cisco:webex_recording_format_player:27.21.10:*:*:*:*:*:*:*,cisco,webex_recording_format_player,exact,matched,https://nvd.nist.gov/products/cpe/search#results?namingFormat=2.3&keyword=cisco%20webex,2026-04-01,2026-07-11,not in regen,cisco-webex,cpe_matched,"CPE verified. Source: NVD, 2026-05-06."
citadel_pqcrypto,,,,,not_found,,2026-07-14,2026-07-14,not in regen,,,
Citrix ADC (NetScaler),,,,,not_found,,2026-04-01,2026-07-11,not in regen,citrix-adc-netscaler,cpe_not_found_pending_nvd,'Citrix ADC (NetScaler)' not yet indexed in NVD CPE dictionary. PQC-specific products are emerging; re-verify when NVD CPE 2.3 coverage expands. Consider submitting CPE request via https://nvd.nist.gov/products/cpe/request-cpe
Citrix CVAD,,,,,not_found,,2026-04-01,2026-07-11,not in regen,citrix-cvad,cpe_not_found_pending_nvd,'Citrix CVAD' not yet indexed in NVD CPE dictionary. PQC-specific products are emerging; re-verify when NVD CPE 2.3 coverage expands. Consider submitting CPE request via https://nvd.nist.gov/products/cpe/request-cpe
Citrix Virtual Apps and Desktops,cpe:2.3:a:citrix:virtual_apps_and_desktops:1903:*:*:*:ltsr:*:*:*,citrix,virtual_apps_and_desktops,exact,matched,https://nvd.nist.gov/products/cpe/search#results?namingFormat=2.3&keyword=citrix%20virtual%20apps%20and%20desktops,2026-04-01,2026-07-11,not in regen,citrix-virtual-apps-and-desktops,cpe_matched,"CPE verified. Source: NVD, 2026-05-06."
Claroty Platform,,,,,not_found,,2026-04-01,2026-07-11,not in regen,claroty-platform,cpe_not_found_pending_nvd,'Claroty Platform' not yet indexed in NVD CPE dictionary. PQC-specific products are emerging; re-verify when NVD CPE 2.3 coverage expands. Consider submitting CPE request via https://nvd.nist.gov/products/cpe/request-cpe
Cloudflare CIRCL,cpe:2.3:a:cloudflare:circl:1.3.3:*:*:*:*:go:*:*,cloudflare,circl,exact,matched,https://nvd.nist.gov/products/cpe/search#results?namingFormat=2.3&keyword=cloudflare%20circl,2026-04-01,2026-07-11,not in regen,cloudflare-circl,cpe_matched,"CPE verified. Source: NVD, 2026-05-06."
Cloudflare Edge Network,,,,,not_found,,2026-04-01,2026-07-11,not in regen,cloudflare-edge-network,cpe_not_found_pending_nvd,'Cloudflare Edge Network' not yet indexed in NVD CPE dictionary. PQC-specific products are emerging; re-verify when NVD CPE 2.3 coverage expands. Consider submitting CPE request via https://nvd.nist.gov/products/cpe/request-cpe
Cloudflare Zero Trust,,,,,not_found,,2026-04-01,2026-07-11,not in regen,cloudflare-zero-trust,cpe_not_found_pending_nvd,'Cloudflare Zero Trust' not yet indexed in NVD CPE dictionary. PQC-specific products are emerging; re-verify when NVD CPE 2.3 coverage expands. Consider submitting CPE request via https://nvd.nist.gov/products/cpe/request-cpe
CockroachDB Encryption,,,,,not_found,,2026-04-01,2026-07-11,not in regen,cockroachdb-encryption,cpe_not_found_pending_nvd,'CockroachDB Encryption' not yet indexed in NVD CPE dictionary. PQC-specific products are emerging; re-verify when NVD CPE 2.3 coverage expands. Consider submitting CPE request via https://nvd.nist.gov/products/cpe/request-cpe
Codegic Khatim PKI Server,,,,,not_found,,2026-04-01,2026-07-11,not in regen,codegic-khatim-pki-server,cpe_not_found_pending_nvd,'Codegic Khatim PKI Server' not yet indexed in NVD CPE dictionary. PQC-specific products are emerging; re-verify when NVD CPE 2.3 coverage expands. Consider submitting CPE request via https://nvd.nist.gov/products/cpe/request-cpe
Codegic Khatim Sign Server,,,,,not_found,,2026-04-01,2026-07-11,not in regen,codegic-khatim-sign-server,cpe_not_found_pending_nvd,'Codegic Khatim Sign Server' not yet indexed in NVD CPE dictionary. PQC-specific products are emerging; re-verify when NVD CPE 2.3 coverage expands. Consider submitting CPE request via https://nvd.nist.gov/products/cpe/request-cpe
Cohesity DataCloud,,,,,not_found,,2026-04-01,2026-07-11,not in regen,cohesity-datacloud,cpe_not_found_pending_nvd,'Cohesity DataCloud' not yet indexed in NVD CPE dictionary. PQC-specific products are emerging; re-verify when NVD CPE 2.3 coverage expands. Consider submitting CPE request via https://nvd.nist.gov/products/cpe/request-cpe
Coinbase Custody,,,,,not_found,,2026-04-01,2026-07-11,not in regen,coinbase-custody,cpe_not_found_pending_nvd,'Coinbase Custody' not yet indexed in NVD CPE dictionary. PQC-specific products are emerging; re-verify when NVD CPE 2.3 coverage expands. Consider submitting CPE request via https://nvd.nist.gov/products/cpe/request-cpe
Commvault Cloud,,,,,not_found,,2026-04-01,2026-07-11,not in regen,commvault-cloud,cpe_not_found_pending_nvd,'Commvault Cloud' not yet indexed in NVD CPE dictionary. PQC-specific products are emerging; re-verify when NVD CPE 2.3 coverage expands. Consider submitting CPE request via https://nvd.nist.gov/products/cpe/request-cpe
Confluent Cloud Kafka PQC,,,,,not_found,,2026-04-01,2026-07-11,not in regen,confluent-cloud-kafka-pqc,cpe_not_found_pending_nvd,'Confluent Cloud Kafka PQC' not yet indexed in NVD CPE dictionary. PQC-specific products are emerging; re-verify when NVD CPE 2.3 coverage expands. Consider submitting CPE request via https://nvd.nist.gov/products/cpe/request-cpe
Copper.co,,,,,not_found,,2026-04-01,2026-07-11,not in regen,copper-co,cpe_not_found_pending_nvd,'Copper.co' not yet indexed in NVD CPE dictionary. PQC-specific products are emerging; re-verify when NVD CPE 2.3 coverage expands. Consider submitting CPE request via https://nvd.nist.gov/products/cpe/request-cpe
coreboot,cpe:2.3:o:coreboot:coreboot:4.13:*:*:*:*:*:*:*,coreboot,coreboot,exact,matched,https://nvd.nist.gov/products/cpe/search#results?namingFormat=2.3&keyword=coreboot%20coreboot,2026-04-01,2026-07-11,not in regen,coreboot,cpe_matched,"CPE verified. Source: NVD, 2026-05-06."
CoreDNS PQC DNSSEC,,,,,not_found,,2026-04-01,2026-07-11,not in regen,coredns-pqc-dnssec,cpe_not_found_pending_nvd,'CoreDNS PQC DNSSEC' not yet indexed in NVD CPE dictionary. PQC-specific products are emerging; re-verify when NVD CPE 2.3 coverage expands. Consider submitting CPE request via https://nvd.nist.gov/products/cpe/request-cpe
Cosmian covercrypt,,,,,not_found,,2026-07-14,2026-07-14,not in regen,,,
Cosmos/Tendermint,,,,,not_found,,2026-04-01,2026-07-11,not in regen,cosmos-tendermint,cpe_not_found_pending_nvd,'Cosmos/Tendermint' not yet indexed in NVD CPE dictionary. PQC-specific products are emerging; re-verify when NVD CPE 2.3 coverage expands. Consider submitting CPE request via https://nvd.nist.gov/products/cpe/request-cpe
Cranium AI Security Platform,,,,,not_found,,2026-04-01,2026-07-11,not in regen,cranium-ai-security-platform,cpe_not_found_pending_nvd,'Cranium AI Security Platform' not yet indexed in NVD CPE dictionary. PQC-specific products are emerging; re-verify when NVD CPE 2.3 coverage expands. Consider submitting CPE request via https://nvd.nist.gov/products/cpe/request-cpe
CREDEBL,,,,,not_found,,2026-04-01,2026-07-11,not in regen,credebl,cpe_not_found_pending_nvd,'CREDEBL' not yet indexed in NVD CPE dictionary. PQC-specific products are emerging; re-verify when NVD CPE 2.3 coverage expands. Consider submitting CPE request via https://nvd.nist.gov/products/cpe/request-cpe
CrowdStrike Falcon,cpe:2.3:a:crowdstrike:falcon:6.31.14505.0:*:*:*:*:*:*:*,crowdstrike,falcon,exact,matched,https://nvd.nist.gov/products/cpe/search#results?namingFormat=2.3&keyword=crowdstrike%20falcon,2026-04-01,2026-07-11,not in regen,crowdstrike-falcon,cpe_matched,"CPE verified. Source: NVD, 2026-05-06."
Crucible,,,,,not_found,,2026-04-01,2026-07-11,not in regen,crucible,cpe_not_found_pending_nvd,'Crucible' not yet indexed in NVD CPE dictionary. PQC-specific products are emerging; re-verify when NVD CPE 2.3 coverage expands. Consider submitting CPE request via https://nvd.nist.gov/products/cpe/request-cpe
Crypto Quantique QDID Platform,,,,,not_found,,2026-04-01,2026-07-11,not in regen,crypto-quantique-qdid-platform,cpe_not_found_pending_nvd,'Crypto Quantique QDID Platform' not yet indexed in NVD CPE dictionary. PQC-specific products are emerging; re-verify when NVD CPE 2.3 coverage expands. Consider submitting CPE request via https://nvd.nist.gov/products/cpe/request-cpe
Crypto++ (cryptopp),,,,,not_found,,2026-04-01,2026-07-11,not in regen,crypto-cryptopp,cpe_not_found_pending_nvd,'Crypto++ (cryptopp)' not yet indexed in NVD CPE dictionary. PQC-specific products are emerging; re-verify when NVD CPE 2.3 coverage expands. Consider submitting CPE request via https://nvd.nist.gov/products/cpe/request-cpe
Crypto4A QxEDGE,,,,,not_found,,2026-04-01,2026-07-11,not in regen,crypto4a-qxedge,cpe_not_found_pending_nvd,'Crypto4A QxEDGE' not yet indexed in NVD CPE dictionary. PQC-specific products are emerging; re-verify when NVD CPE 2.3 coverage expands. Consider submitting CPE request via https://nvd.nist.gov/products/cpe/request-cpe
Crypto4A QxHSM,,,,,not_found,,2026-04-01,2026-07-11,not in regen,crypto4a-qxhsm,cpe_not_found_pending_nvd,'Crypto4A QxHSM' not yet indexed in NVD CPE dictionary. PQC-specific products are emerging; re-verify when NVD CPE 2.3 coverage expands. Consider submitting CPE request via https://nvd.nist.gov/products/cpe/request-cpe
Crypto4A QxVault,,,,,not_found,,2026-04-01,2026-07-11,not in regen,crypto4a-qxvault,cpe_not_found_pending_nvd,'Crypto4A QxVault' not yet indexed in NVD CPE dictionary. PQC-specific products are emerging; re-verify when NVD CPE 2.3 coverage expands. Consider submitting CPE request via https://nvd.nist.gov/products/cpe/request-cpe
Cryptomathic CKMS,,,,,not_found,,2026-04-01,2026-07-11,not in regen,cryptomathic-ckms,cpe_not_found_pending_nvd,'Cryptomathic CKMS' not yet indexed in NVD CPE dictionary. PQC-specific products are emerging; re-verify when NVD CPE 2.3 coverage expands. Consider submitting CPE request via https://nvd.nist.gov/products/cpe/request-cpe
Cryptomathic CrystalKey 360,,,,,not_found,,2026-04-01,2026-07-11,not in regen,cryptomathic-crystalkey-360,cpe_not_found_pending_nvd,'Cryptomathic CrystalKey 360' not yet indexed in NVD CPE dictionary. PQC-specific products are emerging; re-verify when NVD CPE 2.3 coverage expands. Consider submitting CPE request via https://nvd.nist.gov/products/cpe/request-cpe
CryptoNext COMPASS Network Probe,,,,,not_found,,2026-04-01,2026-07-11,not in regen,cryptonext-compass-network-probe,cpe_not_found_pending_nvd,'CryptoNext COMPASS Network Probe' not yet indexed in NVD CPE dictionary. PQC-specific products are emerging; re-verify when NVD CPE 2.3 coverage expands. Consider submitting CPE request via https://nvd.nist.gov/products/cpe/request-cpe
CryptoNext COMPASS Probe,,,,,not_found,,2026-04-01,2026-07-11,not in regen,cryptonext-compass-probe,cpe_not_found_pending_nvd,'CryptoNext COMPASS Probe' not yet indexed in NVD CPE dictionary. PQC-specific products are emerging; re-verify when NVD CPE 2.3 coverage expands. Consider submitting CPE request via https://nvd.nist.gov/products/cpe/request-cpe
CryptoNext Quantum-Safe Library,,,,,not_found,,2026-04-01,2026-07-11,not in regen,cryptonext-quantum-safe-library,cpe_not_found_pending_nvd,'CryptoNext Quantum-Safe Library' not yet indexed in NVD CPE dictionary. PQC-specific products are emerging; re-verify when NVD CPE 2.3 coverage expands. Consider submitting CPE request via https://nvd.nist.gov/products/cpe/request-cpe
Cryptosense Analyzer,,,,,not_found,,2026-07-14,2026-07-14,not in regen,,,
CryptPad PQC Collaboration,,,,,not_found,,2026-04-01,2026-07-11,not in regen,cryptpad-pqc-collaboration,cpe_not_found_pending_nvd,'CryptPad PQC Collaboration' not yet indexed in NVD CPE dictionary. PQC-specific products are emerging; re-verify when NVD CPE 2.3 coverage expands. Consider submitting CPE request via https://nvd.nist.gov/products/cpe/request-cpe
CRYSTALS Reference Implementations,,,,,not_found,,2026-04-01,2026-07-11,not in regen,crystals-reference-implementations,cpe_not_found_pending_nvd,'CRYSTALS Reference Implementations' not yet indexed in NVD CPE dictionary. PQC-specific products are emerging; re-verify when NVD CPE 2.3 coverage expands. Consider submitting CPE request via https://nvd.nist.gov/products/cpe/request-cpe
curl PQC,,,,,not_found,,2026-04-01,2026-07-11,not in regen,curl-pqc,cpe_not_found_pending_nvd,'curl PQC' not yet indexed in NVD CPE dictionary. PQC-specific products are emerging; re-verify when NVD CPE 2.3 coverage expands. Consider submitting CPE request via https://nvd.nist.gov/products/cpe/request-cpe
CyberArk Conjur,cpe:2.3:a:cyberark:conjur_service_broker:-:*:*:*:*:pivotal_cloud_foundry:*:*,cyberark,conjur_service_broker,exact,matched,https://nvd.nist.gov/products/cpe/search#results?namingFormat=2.3&keyword=cyberark%20conjur,2026-04-01,2026-07-11,not in regen,cyberark-conjur,cpe_matched,"CPE verified. Source: NVD, 2026-05-06."
Cyberint (Check Point),,,,,not_found,,2026-04-01,2026-07-11,not in regen,cyberint-check-point,cpe_not_found_pending_nvd,'Cyberint (Check Point)' not yet indexed in NVD CPE dictionary. PQC-specific products are emerging; re-verify when NVD CPE 2.3 coverage expands. Consider submitting CPE request via https://nvd.nist.gov/products/cpe/request-cpe
CZERTAINLY,,,,,not_found,,2026-04-01,2026-07-11,not in regen,czertainly,cpe_not_found_pending_nvd,'CZERTAINLY' not yet indexed in NVD CPE dictionary. PQC-specific products are emerging; re-verify when NVD CPE 2.3 coverage expands. Consider submitting CPE request via https://nvd.nist.gov/products/cpe/request-cpe
Dashlane,cpe:2.3:a:dashlane:dashlane:-:*:*:*:*:windows:*:*,dashlane,dashlane,exact,matched,https://nvd.nist.gov/products/cpe/search#results?namingFormat=2.3&keyword=dashlane%20dashlane,2026-04-01,2026-07-11,not in regen,dashlane,cpe_matched,"CPE verified. Source: NVD, 2026-05-06."
Debian 12 (Bookworm),,,,,not_found,,2026-04-01,2026-07-11,not in regen,debian-12-bookworm,cpe_not_found_pending_nvd,'Debian 12 (Bookworm)' not yet indexed in NVD CPE dictionary. PQC-specific products are emerging; re-verify when NVD CPE 2.3 coverage expands. Consider submitting CPE request via https://nvd.nist.gov/products/cpe/request-cpe
Delinea Secret Server,cpe:2.3:a:delinea:secret_server:10.9.000002:*:*:*:*:*:*:*,delinea,secret_server,exact,matched,https://nvd.nist.gov/products/cpe/search#results?namingFormat=2.3&keyword=delinea%20secret%20server,2026-04-01,2026-07-11,not in regen,delinea-secret-server,cpe_matched,"CPE verified. Source: NVD, 2026-05-06."
Dell BSAFE Crypto Module for C,,,,,not_found,,2026-04-01,2026-07-11,not in regen,dell-bsafe-crypto-module-for-c,cpe_not_found_pending_nvd,'Dell BSAFE Crypto Module for C' not yet indexed in NVD CPE dictionary. PQC-specific products are emerging; re-verify when NVD CPE 2.3 coverage expands. Consider submitting CPE request via https://nvd.nist.gov/products/cpe/request-cpe
Dell BSAFE Crypto-J,cpe:2.3:a:dell:bsafe_crypto-j:-:*:*:*:*:*:*:*,dell,bsafe_crypto-j,exact,matched,https://nvd.nist.gov/products/cpe/search#results?namingFormat=2.3&keyword=dell%20bsafe%20crypto-j,2026-04-01,2026-07-11,not in regen,dell-bsafe-crypto-j,cpe_matched,"CPE verified. Source: NVD, 2026-05-06."
Dell PowerStore OS 4.0,,,,,not_found,,2026-04-01,2026-07-11,not in regen,dell-powerstore-os-4-0,cpe_not_found_pending_nvd,'Dell PowerStore OS 4.0' not yet indexed in NVD CPE dictionary. PQC-specific products are emerging; re-verify when NVD CPE 2.3 coverage expands. Consider submitting CPE request via https://nvd.nist.gov/products/cpe/request-cpe
DFNS,,,,,not_found,,2026-04-01,2026-07-11,not in regen,dfns,cpe_not_found_pending_nvd,'DFNS' not yet indexed in NVD CPE dictionary. PQC-specific products are emerging; re-verify when NVD CPE 2.3 coverage expands. Consider submitting CPE request via https://nvd.nist.gov/products/cpe/request-cpe
DigiCert CertCentral,,,,,not_found,,2026-04-01,2026-07-11,not in regen,digicert-certcentral,cpe_not_found_pending_nvd,'DigiCert CertCentral' not yet indexed in NVD CPE dictionary. PQC-specific products are emerging; re-verify when NVD CPE 2.3 coverage expands. Consider submitting CPE request via https://nvd.nist.gov/products/cpe/request-cpe
DigiCert Device Trust Manager,,,,,not_found,,2026-04-01,2026-07-11,not in regen,digicert-device-trust-manager,cpe_not_found_pending_nvd,'DigiCert Device Trust Manager' not yet indexed in NVD CPE dictionary. PQC-specific products are emerging; re-verify when NVD CPE 2.3 coverage expands. Consider submitting CPE request via https://nvd.nist.gov/products/cpe/request-cpe
DigiCert ONE,,,,,not_found,,2026-04-01,2026-07-11,not in regen,digicert-one,cpe_not_found_pending_nvd,'DigiCert ONE' not yet indexed in NVD CPE dictionary. PQC-specific products are emerging; re-verify when NVD CPE 2.3 coverage expands. Consider submitting CPE request via https://nvd.nist.gov/products/cpe/request-cpe
DigiCert SigningHub,,,,,not_found,,2026-04-01,2026-07-11,not in regen,digicert-signinghub,cpe_not_found_pending_nvd,'DigiCert SigningHub' not yet indexed in NVD CPE dictionary. PQC-specific products are emerging; re-verify when NVD CPE 2.3 coverage expands. Consider submitting CPE request via https://nvd.nist.gov/products/cpe/request-cpe
DigiCert Software Trust Manager,,,,,not_found,,2026-04-01,2026-07-11,not in regen,digicert-software-trust-manager,cpe_not_found_pending_nvd,'DigiCert Software Trust Manager' not yet indexed in NVD CPE dictionary. PQC-specific products are emerging; re-verify when NVD CPE 2.3 coverage expands. Consider submitting CPE request via https://nvd.nist.gov/products/cpe/request-cpe
DigiCert Trust Lifecycle Manager,,,,,not_found,,2026-04-01,2026-07-11,not in regen,digicert-trust-lifecycle-manager,cpe_not_found_pending_nvd,'DigiCert Trust Lifecycle Manager' not yet indexed in NVD CPE dictionary. PQC-specific products are emerging; re-verify when NVD CPE 2.3 coverage expands. Consider submitting CPE request via https://nvd.nist.gov/products/cpe/request-cpe
DigiCert TrustCore SDK,,,,,not_found,,2026-04-01,2026-07-11,not in regen,digicert-trustcore-sdk,cpe_not_found_pending_nvd,'DigiCert TrustCore SDK' not yet indexed in NVD CPE dictionary. PQC-specific products are emerging; re-verify when NVD CPE 2.3 coverage expands. Consider submitting CPE request via https://nvd.nist.gov/products/cpe/request-cpe
Docker Engine 28.0,,,,,not_found,,2026-04-01,2026-07-11,not in regen,docker-engine-28-0,cpe_not_found_pending_nvd,'Docker Engine 28.0' not yet indexed in NVD CPE dictionary. PQC-specific products are emerging; re-verify when NVD CPE 2.3 coverage expands. Consider submitting CPE request via https://nvd.nist.gov/products/cpe/request-cpe
Dogtag Certificate System,,,,,not_found,,2026-04-01,2026-07-11,not in regen,dogtag-certificate-system,cpe_not_found_pending_nvd,'Dogtag Certificate System' not yet indexed in NVD CPE dictionary. PQC-specific products are emerging; re-verify when NVD CPE 2.3 coverage expands. Consider submitting CPE request via https://nvd.nist.gov/products/cpe/request-cpe
Dragos Platform,cpe:2.3:a:dragos:dragos_platform:2.2.1:*:*:*:*:*:*:*,dragos,dragos_platform,exact,matched,https://nvd.nist.gov/products/cpe/search#results?namingFormat=2.3&keyword=dragos%20platform,2026-04-01,2026-07-11,not in regen,dragos-platform,cpe_matched,"CPE verified. Source: NVD, 2026-05-06."
Druva Data Resiliency Cloud,,,,,not_found,,2026-04-01,2026-07-11,not in regen,druva-data-resiliency-cloud,cpe_not_found_pending_nvd,'Druva Data Resiliency Cloud' not yet indexed in NVD CPE dictionary. PQC-specific products are emerging; re-verify when NVD CPE 2.3 coverage expands. Consider submitting CPE request via https://nvd.nist.gov/products/cpe/request-cpe
DuckDuckGo Browser,,,,,not_found,,2026-04-01,2026-07-11,not in regen,duckduckgo-browser,cpe_not_found_pending_nvd,'DuckDuckGo Browser' not yet indexed in NVD CPE dictionary. PQC-specific products are emerging; re-verify when NVD CPE 2.3 coverage expands. Consider submitting CPE request via https://nvd.nist.gov/products/cpe/request-cpe
Dyber QuantaTPM,,,,,not_found,,2026-04-01,2026-07-11,not in regen,dyber-quantatpm,cpe_not_found_pending_nvd,'Dyber QuantaTPM' not yet indexed in NVD CPE dictionary. PQC-specific products are emerging; re-verify when NVD CPE 2.3 coverage expands. Consider submitting CPE request via https://nvd.nist.gov/products/cpe/request-cpe
E& Nokia Quantum-Safe Network,,,,,not_found,,2026-04-01,2026-07-11,not in regen,e-nokia-quantum-safe-network,cpe_not_found_pending_nvd,'E& Nokia Quantum-Safe Network' not yet indexed in NVD CPE dictionary. PQC-specific products are emerging; re-verify when NVD CPE 2.3 coverage expands. Consider submitting CPE request via https://nvd.nist.gov/products/cpe/request-cpe
Eclipse Jetty,,,,,not_found,,2026-04-01,2026-07-11,not in regen,eclipse-jetty,cpe_not_found_pending_nvd,'Eclipse Jetty' not yet indexed in NVD CPE dictionary. PQC-specific products are emerging; re-verify when NVD CPE 2.3 coverage expands. Consider submitting CPE request via https://nvd.nist.gov/products/cpe/request-cpe
EJBCA,,,,,not_found,,2026-04-01,2026-07-11,not in regen,ejbca,cpe_not_found_pending_nvd,'EJBCA' not yet indexed in NVD CPE dictionary. PQC-specific products are emerging; re-verify when NVD CPE 2.3 coverage expands. Consider submitting CPE request via https://nvd.nist.gov/products/cpe/request-cpe
Elastic Stack (ELK),,,,,not_found,,2026-04-01,2026-07-11,not in regen,elastic-stack-elk,cpe_not_found_pending_nvd,'Elastic Stack (ELK)' not yet indexed in NVD CPE dictionary. PQC-specific products are emerging; re-verify when NVD CPE 2.3 coverage expands. Consider submitting CPE request via https://nvd.nist.gov/products/cpe/request-cpe
Element (Matrix Protocol),,,,,not_found,,2026-04-01,2026-07-11,not in regen,element-matrix-protocol,cpe_not_found_pending_nvd,'Element (Matrix Protocol)' not yet indexed in NVD CPE dictionary. PQC-specific products are emerging; re-verify when NVD CPE 2.3 coverage expands. Consider submitting CPE request via https://nvd.nist.gov/products/cpe/request-cpe
Enquantum PQC Accelerator,,,,,not_found,,2026-04-01,2026-07-11,not in regen,enquantum-pqc-accelerator,cpe_not_found_pending_nvd,'Enquantum PQC Accelerator' not yet indexed in NVD CPE dictionary. PQC-specific products are emerging; re-verify when NVD CPE 2.3 coverage expands. Consider submitting CPE request via https://nvd.nist.gov/products/cpe/request-cpe
Entrust Cryptographic Platform,,,,,not_found,,2026-04-01,2026-07-11,not in regen,entrust-cryptographic-platform,cpe_not_found_pending_nvd,'Entrust Cryptographic Platform' not yet indexed in NVD CPE dictionary. PQC-specific products are emerging; re-verify when NVD CPE 2.3 coverage expands. Consider submitting CPE request via https://nvd.nist.gov/products/cpe/request-cpe
Entrust Cryptographic Security Platform,,,,,not_found,,2026-04-01,2026-07-11,not in regen,entrust-cryptographic-security-platform,cpe_not_found_pending_nvd,'Entrust Cryptographic Security Platform' not yet indexed in NVD CPE dictionary. PQC-specific products are emerging; re-verify when NVD CPE 2.3 coverage expands. Consider submitting CPE request via https://nvd.nist.gov/products/cpe/request-cpe
Entrust Identity as a Service (IDaaS),,,,,not_found,,2026-04-01,2026-07-11,not in regen,entrust-identity-as-a-service-idaas,cpe_not_found_pending_nvd,'Entrust Identity as a Service (IDaaS)' not yet indexed in NVD CPE dictionary. PQC-specific products are emerging; re-verify when NVD CPE 2.3 coverage expands. Consider submitting CPE request via https://nvd.nist.gov/products/cpe/request-cpe
Entrust KeyControl,,,,,not_found,,2026-07-14,2026-07-14,not in regen,,,
Entrust nShield,cpe:2.3:h:entrust:nshield_5c:-:*:*:*:*:*:*:*,entrust,nshield_5c,exact,matched,https://nvd.nist.gov/products/cpe/search#results?namingFormat=2.3&keyword=entrust%20nshield,2026-07-14,2026-07-14,not in regen,,,
Entrust PKI,,,,,not_found,,2026-04-01,2026-07-11,not in regen,entrust-pki,cpe_not_found_pending_nvd,'Entrust PKI' not yet indexed in NVD CPE dictionary. PQC-specific products are emerging; re-verify when NVD CPE 2.3 coverage expands. Consider submitting CPE request via https://nvd.nist.gov/products/cpe/request-cpe
Envoy Proxy,cpe:2.3:a:envoyproxy:envoy:1.13.6:*:*:*:*:*:*:*,envoyproxy,envoy,partial,partial,https://nvd.nist.gov/products/cpe/search#results?namingFormat=2.3&keyword=envoy%20proxy,2026-04-01,2026-07-11,not in regen,envoy-proxy,cpe_partial_match,Partial CPE match for 'Envoy Proxy'; version qualifier absent. Verify against NVD: https://nvd.nist.gov/products/cpe/search#results?namingFormat=2.3&keyword=envoy%20proxy.
Ericsson Quantum-Safe 5G,,,,,not_found,,2026-04-01,2026-07-11,not in regen,ericsson-quantum-safe-5g,cpe_not_found_pending_nvd,'Ericsson Quantum-Safe 5G' not yet indexed in NVD CPE dictionary. PQC-specific products are emerging; re-verify when NVD CPE 2.3 coverage expands. Consider submitting CPE request via https://nvd.nist.gov/products/cpe/request-cpe
ESCRYPT Automotive PQC Solutions,,,,,not_found,,2026-04-01,2026-07-11,not in regen,escrypt-automotive-pqc-solutions,cpe_not_found_pending_nvd,'ESCRYPT Automotive PQC Solutions' not yet indexed in NVD CPE dictionary. PQC-specific products are emerging; re-verify when NVD CPE 2.3 coverage expands. Consider submitting CPE request via https://nvd.nist.gov/products/cpe/request-cpe
essendi xc,,,,,not_found,,2026-04-01,2026-07-11,not in regen,essendi-xc,cpe_not_found_pending_nvd,'essendi xc' not yet indexed in NVD CPE dictionary. PQC-specific products are emerging; re-verify when NVD CPE 2.3 coverage expands. Consider submitting CPE request via https://nvd.nist.gov/products/cpe/request-cpe
Ethereum (Geth),,,,,not_found,,2026-04-01,2026-07-11,not in regen,ethereum-geth,cpe_not_found_pending_nvd,'Ethereum (Geth)' not yet indexed in NVD CPE dictionary. PQC-specific products are emerging; re-verify when NVD CPE 2.3 coverage expands. Consider submitting CPE request via https://nvd.nist.gov/products/cpe/request-cpe
EUDI Reference Wallet,,,,,not_found,,2026-04-01,2026-07-11,not in regen,eudi-reference-wallet,cpe_not_found_pending_nvd,'EUDI Reference Wallet' not yet indexed in NVD CPE dictionary. PQC-specific products are emerging; re-verify when NVD CPE 2.3 coverage expands. Consider submitting CPE request via https://nvd.nist.gov/products/cpe/request-cpe
EVERTRUST HORIZON,,,,,not_found,,2026-04-01,2026-07-11,not in regen,evertrust-horizon,cpe_not_found_pending_nvd,'EVERTRUST HORIZON' not yet indexed in NVD CPE dictionary. PQC-specific products are emerging; re-verify when NVD CPE 2.3 coverage expands. Consider submitting CPE request via https://nvd.nist.gov/products/cpe/request-cpe
EVERTRUST STREAM,,,,,not_found,,2026-04-01,2026-07-11,not in regen,evertrust-stream,cpe_not_found_pending_nvd,'EVERTRUST STREAM' not yet indexed in NVD CPE dictionary. PQC-specific products are emerging; re-verify when NVD CPE 2.3 coverage expands. Consider submitting CPE request via https://nvd.nist.gov/products/cpe/request-cpe
Eviden IDnomic PKI,,,,,not_found,,2026-04-01,2026-07-11,not in regen,eviden-idnomic-pki,cpe_not_found_pending_nvd,'Eviden IDnomic PKI' not yet indexed in NVD CPE dictionary. PQC-specific products are emerging; re-verify when NVD CPE 2.3 coverage expands. Consider submitting CPE request via https://nvd.nist.gov/products/cpe/request-cpe
Eviden PQC HSMaaS,,,,,not_found,,2026-04-01,2026-07-11,not in regen,eviden-pqc-hsmaas,cpe_not_found_pending_nvd,'Eviden PQC HSMaaS' not yet indexed in NVD CPE dictionary. PQC-specific products are emerging; re-verify when NVD CPE 2.3 coverage expands. Consider submitting CPE request via https://nvd.nist.gov/products/cpe/request-cpe
Eviden Trustway Proteccio NetHSM,,,,,not_found,,2026-04-01,2026-07-11,not in regen,eviden-trustway-proteccio-nethsm,cpe_not_found_pending_nvd,'Eviden Trustway Proteccio NetHSM' not yet indexed in NVD CPE dictionary. PQC-specific products are emerging; re-verify when NVD CPE 2.3 coverage expands. Consider submitting CPE request via https://nvd.nist.gov/products/cpe/request-cpe
evolutionQ BasejumpQDN,,,,,not_found,,2026-04-01,2026-07-11,not in regen,evolutionq-basejumpqdn,cpe_not_found_pending_nvd,'evolutionQ BasejumpQDN' not yet indexed in NVD CPE dictionary. PQC-specific products are emerging; re-verify when NVD CPE 2.3 coverage expands. Consider submitting CPE request via https://nvd.nist.gov/products/cpe/request-cpe
evolutionQ BasejumpSKI,,,,,not_found,,2026-04-01,2026-07-11,not in regen,evolutionq-basejumpski,cpe_not_found_pending_nvd,'evolutionQ BasejumpSKI' not yet indexed in NVD CPE dictionary. PQC-specific products are emerging; re-verify when NVD CPE 2.3 coverage expands. Consider submitting CPE request via https://nvd.nist.gov/products/cpe/request-cpe
ExeQuantum,,,,,not_found,,2026-04-01,2026-07-11,not in regen,exequantum,cpe_not_found_pending_nvd,'ExeQuantum' not yet indexed in NVD CPE dictionary. PQC-specific products are emerging; re-verify when NVD CPE 2.3 coverage expands. Consider submitting CPE request via https://nvd.nist.gov/products/cpe/request-cpe
ExpressVPN Lightway,,,,,not_found,,2026-04-01,2026-07-11,not in regen,expressvpn-lightway,cpe_not_found_pending_nvd,'ExpressVPN Lightway' not yet indexed in NVD CPE dictionary. PQC-specific products are emerging; re-verify when NVD CPE 2.3 coverage expands. Consider submitting CPE request via https://nvd.nist.gov/products/cpe/request-cpe
F5 ADSP PQC,,,,,not_found,,2026-04-01,2026-07-11,not in regen,f5-adsp-pqc,cpe_not_found_pending_nvd,'F5 ADSP PQC' not yet indexed in NVD CPE dictionary. PQC-specific products are emerging; re-verify when NVD CPE 2.3 coverage expands. Consider submitting CPE request via https://nvd.nist.gov/products/cpe/request-cpe
F5 BIG-IP,cpe:2.3:h:f5:big-ip:-:*:*:*:*:*:*:*,f5,big-ip,exact,matched,https://nvd.nist.gov/products/cpe/search#results?namingFormat=2.3&keyword=f5%20big-ip,2026-04-01,2026-07-11,not in regen,f5-big-ip,cpe_matched,"CPE verified. Source: NVD, 2026-05-06."
Fastly Edge Cloud,,,,,not_found,,2026-04-01,2026-07-11,not in regen,fastly-edge-cloud,cpe_not_found_pending_nvd,'Fastly Edge Cloud' not yet indexed in NVD CPE dictionary. PQC-specific products are emerging; re-verify when NVD CPE 2.3 coverage expands. Consider submitting CPE request via https://nvd.nist.gov/products/cpe/request-cpe
Fastly PQC CDN,,,,,not_found,,2026-04-01,2026-07-11,not in regen,fastly-pqc-cdn,cpe_not_found_pending_nvd,'Fastly PQC CDN' not yet indexed in NVD CPE dictionary. PQC-specific products are emerging; re-verify when NVD CPE 2.3 coverage expands. Consider submitting CPE request via https://nvd.nist.gov/products/cpe/request-cpe
Fedora Linux,,,,,not_found,,2026-04-01,2026-07-11,not in regen,fedora-linux,cpe_not_found_pending_nvd,'Fedora Linux' not yet indexed in NVD CPE dictionary. PQC-specific products are emerging; re-verify when NVD CPE 2.3 coverage expands. Consider submitting CPE request via https://nvd.nist.gov/products/cpe/request-cpe
FENASBAC Pix PQC Research,,,,,not_found,,2026-04-01,2026-07-11,not in regen,fenasbac-pix-pqc-research,cpe_not_found_pending_nvd,'FENASBAC Pix PQC Research' not yet indexed in NVD CPE dictionary. PQC-specific products are emerging; re-verify when NVD CPE 2.3 coverage expands. Consider submitting CPE request via https://nvd.nist.gov/products/cpe/request-cpe
FileVault (macOS),,,,,not_found,,2026-04-01,2026-07-11,not in regen,filevault-macos,cpe_not_found_pending_nvd,'FileVault (macOS)' not yet indexed in NVD CPE dictionary. PQC-specific products are emerging; re-verify when NVD CPE 2.3 coverage expands. Consider submitting CPE request via https://nvd.nist.gov/products/cpe/request-cpe
Fireblocks,,,,,not_found,,2026-04-01,2026-07-11,not in regen,fireblocks,cpe_not_found_pending_nvd,'Fireblocks' not yet indexed in NVD CPE dictionary. PQC-specific products are emerging; re-verify when NVD CPE 2.3 coverage expands. Consider submitting CPE request via https://nvd.nist.gov/products/cpe/request-cpe
FIS Modern Banking,,,,,not_found,,2026-04-01,2026-07-11,not in regen,fis-modern-banking,cpe_not_found_pending_nvd,'FIS Modern Banking' not yet indexed in NVD CPE dictionary. PQC-specific products are emerging; re-verify when NVD CPE 2.3 coverage expands. Consider submitting CPE request via https://nvd.nist.gov/products/cpe/request-cpe
Forcepoint DLP,,,,,not_found,,2026-04-01,2026-07-11,not in regen,forcepoint-dlp,cpe_not_found_pending_nvd,'Forcepoint DLP' not yet indexed in NVD CPE dictionary. PQC-specific products are emerging; re-verify when NVD CPE 2.3 coverage expands. Consider submitting CPE request via https://nvd.nist.gov/products/cpe/request-cpe
Fortanix Data Security Manager,,,,,not_found,,2026-04-01,2026-07-11,not in regen,fortanix-data-security-manager,cpe_not_found_pending_nvd,'Fortanix Data Security Manager' not yet indexed in NVD CPE dictionary. PQC-specific products are emerging; re-verify when NVD CPE 2.3 coverage expands. Consider submitting CPE request via https://nvd.nist.gov/products/cpe/request-cpe
Fortanix PQC Central,,,,,not_found,,2026-04-01,2026-07-11,not in regen,fortanix-pqc-central,cpe_not_found_pending_nvd,'Fortanix PQC Central' not yet indexed in NVD CPE dictionary. PQC-specific products are emerging; re-verify when NVD CPE 2.3 coverage expands. Consider submitting CPE request via https://nvd.nist.gov/products/cpe/request-cpe
Fortinet FortiAuthenticator,cpe:2.3:a:fortinet:fortiauthenticator:3.0.0:*:*:*:*:*:*:*,fortinet,fortiauthenticator,exact,matched,https://nvd.nist.gov/products/cpe/search#results?namingFormat=2.3&keyword=fortinet%20fortiauthenticator,2026-04-01,2026-07-11,not in regen,fortinet-fortiauthenticator,cpe_matched,"CPE verified. Source: NVD, 2026-05-06."
Fortinet FortiGate (FortiOS),,,,,not_found,,2026-04-01,2026-07-11,not in regen,fortinet-fortigate-fortios,cpe_not_found_pending_nvd,'Fortinet FortiGate (FortiOS)' not yet indexed in NVD CPE dictionary. PQC-specific products are emerging; re-verify when NVD CPE 2.3 coverage expands. Consider submitting CPE request via https://nvd.nist.gov/products/cpe/request-cpe
Fortinet FortiGate-Rugged,,,,,not_found,,2026-04-01,2026-07-11,not in regen,fortinet-fortigate-rugged,cpe_not_found_pending_nvd,'Fortinet FortiGate-Rugged' not yet indexed in NVD CPE dictionary. PQC-specific products are emerging; re-verify when NVD CPE 2.3 coverage expands. Consider submitting CPE request via https://nvd.nist.gov/products/cpe/request-cpe
Fortinet FortiManager,,,,,not_found,,2026-04-01,2026-07-11,not in regen,fortinet-fortimanager,cpe_not_found_pending_nvd,'Fortinet FortiManager' not yet indexed in NVD CPE dictionary. PQC-specific products are emerging; re-verify when NVD CPE 2.3 coverage expands. Consider submitting CPE request via https://nvd.nist.gov/products/cpe/request-cpe
Fortinet FortiOS,cpe:2.3:o:fortinet:fortios:4.3.10:*:*:*:*:*:*:*,fortinet,fortios,exact,matched,https://nvd.nist.gov/products/cpe/search#results?namingFormat=2.3&keyword=fortinet%20fortios,2026-04-01,2026-07-11,not in regen,fortinet-fortios,cpe_matched,"CPE verified. Source: NVD, 2026-05-06."
Fortinet FortiWeb,,,,,not_found,,2026-04-01,2026-07-11,not in regen,fortinet-fortiweb,cpe_not_found_pending_nvd,'Fortinet FortiWeb' not yet indexed in NVD CPE dictionary. PQC-specific products are emerging; re-verify when NVD CPE 2.3 coverage expands. Consider submitting CPE request via https://nvd.nist.gov/products/cpe/request-cpe
Forward Edge-AI Isidore Quantum,,,,,not_found,,2026-07-14,,,,,
Forward Edge-AI Space Router,,,,,not_found,,2026-04-01,2026-07-11,not in regen,forward-edge-ai-space-router,cpe_not_found_pending_nvd,'Forward Edge-AI Space Router' not yet indexed in NVD CPE dictionary. PQC-specific products are emerging; re-verify when NVD CPE 2.3 coverage expands. Consider submitting CPE request via https://nvd.nist.gov/products/cpe/request-cpe
FreeBSD,,,,,not_found,,2026-04-01,2026-07-11,not in regen,freebsd,cpe_not_found_pending_nvd,'FreeBSD' not yet indexed in NVD CPE dictionary. PQC-specific products are emerging; re-verify when NVD CPE 2.3 coverage expands. Consider submitting CPE request via https://nvd.nist.gov/products/cpe/request-cpe
FreeRTOS,,,,,not_found,,2026-04-01,2026-07-11,not in regen,freertos,cpe_not_found_pending_nvd,'FreeRTOS' not yet indexed in NVD CPE dictionary. PQC-specific products are emerging; re-verify when NVD CPE 2.3 coverage expands. Consider submitting CPE request via https://nvd.nist.gov/products/cpe/request-cpe
Fujitsu PQC Networks,,,,,not_found,,2026-04-01,2026-07-11,not in regen,fujitsu-pqc-networks,cpe_not_found_pending_nvd,'Fujitsu PQC Networks' not yet indexed in NVD CPE dictionary. PQC-specific products are emerging; re-verify when NVD CPE 2.3 coverage expands. Consider submitting CPE request via https://nvd.nist.gov/products/cpe/request-cpe
FusionAuth,cpe:2.3:a:fusionauth:fusionauth:1.0.13:*:*:*:*:*:*:*,fusionauth,fusionauth,exact,matched,https://nvd.nist.gov/products/cpe/search#results?namingFormat=2.3&keyword=fusionauth%20fusionauth,2026-04-01,2026-07-11,not in regen,fusionauth,cpe_matched,"CPE verified. Source: NVD, 2026-05-06."
Futurex Cloud,,,,,not_found,,2026-04-01,2026-07-11,not in regen,futurex-cloud,cpe_not_found_pending_nvd,'Futurex Cloud' not yet indexed in NVD CPE dictionary. PQC-specific products are emerging; re-verify when NVD CPE 2.3 coverage expands. Consider submitting CPE request via https://nvd.nist.gov/products/cpe/request-cpe
Futurex CryptoHub,,,,,not_found,,2026-04-01,2026-07-11,not in regen,futurex-cryptohub,cpe_not_found_pending_nvd,'Futurex CryptoHub' not yet indexed in NVD CPE dictionary. PQC-specific products are emerging; re-verify when NVD CPE 2.3 coverage expands. Consider submitting CPE request via https://nvd.nist.gov/products/cpe/request-cpe
Futurex Vectera Plus,,,,,not_found,,2026-04-01,2026-07-11,not in regen,futurex-vectera-plus,cpe_not_found_pending_nvd,'Futurex Vectera Plus' not yet indexed in NVD CPE dictionary. PQC-specific products are emerging; re-verify when NVD CPE 2.3 coverage expands. Consider submitting CPE request via https://nvd.nist.gov/products/cpe/request-cpe
G+D Quantum-Safe SIM Platform,,,,,not_found,,2026-04-01,2026-07-11,not in regen,g-d-quantum-safe-sim-platform,cpe_not_found_pending_nvd,'G+D Quantum-Safe SIM Platform' not yet indexed in NVD CPE dictionary. PQC-specific products are emerging; re-verify when NVD CPE 2.3 coverage expands. Consider submitting CPE request via https://nvd.nist.gov/products/cpe/request-cpe
Garantir GaraTrust,,,,,not_found,,2026-04-01,2026-07-11,not in regen,garantir-garatrust,cpe_not_found_pending_nvd,'Garantir GaraTrust' not yet indexed in NVD CPE dictionary. PQC-specific products are emerging; re-verify when NVD CPE 2.3 coverage expands. Consider submitting CPE request via https://nvd.nist.gov/products/cpe/request-cpe
General Dynamics Mission,,,,,not_found,,2026-04-01,2026-07-11,not in regen,general-dynamics-mission,cpe_not_found_pending_nvd,'General Dynamics Mission' not yet indexed in NVD CPE dictionary. PQC-specific products are emerging; re-verify when NVD CPE 2.3 coverage expands. Consider submitting CPE request via https://nvd.nist.gov/products/cpe/request-cpe
Genua Quantum-Resistant VPN,,,,,not_found,,2026-04-01,2026-07-11,not in regen,genua-quantum-resistant-vpn,cpe_not_found_pending_nvd,'Genua Quantum-Resistant VPN' not yet indexed in NVD CPE dictionary. PQC-specific products are emerging; re-verify when NVD CPE 2.3 coverage expands. Consider submitting CPE request via https://nvd.nist.gov/products/cpe/request-cpe
Giesecke+Devrient PQC ID Card,,,,,not_found,,2026-04-01,2026-07-11,not in regen,giesecke-devrient-pqc-id-card,cpe_not_found_pending_nvd,'Giesecke+Devrient PQC ID Card' not yet indexed in NVD CPE dictionary. PQC-specific products are emerging; re-verify when NVD CPE 2.3 coverage expands. Consider submitting CPE request via https://nvd.nist.gov/products/cpe/request-cpe
GitHub Actions,cpe:2.3:a:github:runner:2.298.2:*:*:*:*:*:*:*,github,runner,partial,partial,https://nvd.nist.gov/products/cpe/search#results?namingFormat=2.3&keyword=github%20actions,2026-04-01,2026-07-11,not in regen,github-actions,cpe_partial_match,Partial CPE match for 'GitHub Actions'; version qualifier absent. Verify against NVD: https://nvd.nist.gov/products/cpe/search#results?namingFormat=2.3&keyword=github%20actions.
GitHub Copilot Security,,,,,not_found,,2026-04-01,2026-07-11,not in regen,github-copilot-security,cpe_not_found_pending_nvd,'GitHub Copilot Security' not yet indexed in NVD CPE dictionary. PQC-specific products are emerging; re-verify when NVD CPE 2.3 coverage expands. Consider submitting CPE request via https://nvd.nist.gov/products/cpe/request-cpe
GitHub SSH PQC,,,,,not_found,,2026-04-01,2026-07-11,not in regen,github-ssh-pqc,cpe_not_found_pending_nvd,'GitHub SSH PQC' not yet indexed in NVD CPE dictionary. PQC-specific products are emerging; re-verify when NVD CPE 2.3 coverage expands. Consider submitting CPE request via https://nvd.nist.gov/products/cpe/request-cpe
GitLab CI/CD,,,,,not_found,,2026-04-01,2026-07-11,not in regen,gitlab-ci-cd,cpe_not_found_pending_nvd,'GitLab CI/CD' not yet indexed in NVD CPE dictionary. PQC-specific products are emerging; re-verify when NVD CPE 2.3 coverage expands. Consider submitting CPE request via https://nvd.nist.gov/products/cpe/request-cpe
GlobalSign Atlas CLM,,,,,not_found,,2026-04-01,2026-07-11,not in regen,globalsign-atlas-clm,cpe_not_found_pending_nvd,'GlobalSign Atlas CLM' not yet indexed in NVD CPE dictionary. PQC-specific products are emerging; re-verify when NVD CPE 2.3 coverage expands. Consider submitting CPE request via https://nvd.nist.gov/products/cpe/request-cpe
GlobalSign Digital Signing Service,,,,,not_found,,2026-04-01,2026-07-11,not in regen,globalsign-digital-signing-service,cpe_not_found_pending_nvd,'GlobalSign Digital Signing Service' not yet indexed in NVD CPE dictionary. PQC-specific products are emerging; re-verify when NVD CPE 2.3 coverage expands. Consider submitting CPE request via https://nvd.nist.gov/products/cpe/request-cpe
Gmail / Google Workspace,,,,,not_found,,2026-04-01,2026-07-11,not in regen,gmail-google-workspace,cpe_not_found_pending_nvd,'Gmail / Google Workspace' not yet indexed in NVD CPE dictionary. PQC-specific products are emerging; re-verify when NVD CPE 2.3 coverage expands. Consider submitting CPE request via https://nvd.nist.gov/products/cpe/request-cpe
GnuPG,,,,,not_found,,2026-04-01,2026-07-11,not in regen,gnupg,cpe_not_found_pending_nvd,'GnuPG' not yet indexed in NVD CPE dictionary. PQC-specific products are emerging; re-verify when NVD CPE 2.3 coverage expands. Consider submitting CPE request via https://nvd.nist.gov/products/cpe/request-cpe
GnuTLS,cpe:2.3:a:gnu:gnutls:-:*:*:*:*:*:*:*,gnu,gnutls,exact,matched,https://nvd.nist.gov/products/cpe/search#results?namingFormat=2.3&keyword=gnu%20gnutls,2026-07-14,2026-07-14,not in regen,,,
Go stdlib crypto/mlkem,,,,,not_found,,2026-07-14,2026-07-14,not in regen,,,
go-jose v4,,,,,not_found,,2026-04-01,2026-07-11,not in regen,go-jose-v4,cpe_not_found_pending_nvd,'go-jose v4' not yet indexed in NVD CPE dictionary. PQC-specific products are emerging; re-verify when NVD CPE 2.3 coverage expands. Consider submitting CPE request via https://nvd.nist.gov/products/cpe/request-cpe
Google ALTS,,,,,not_found,,2026-07-14,2026-07-14,not in regen,,,
Google Chrome,cpe:2.3:a:google:chrome:0.2.149.29:*:*:*:*:*:*:*,google,chrome,exact,matched,https://nvd.nist.gov/products/cpe/search#results?namingFormat=2.3&keyword=google%20chrome,2026-04-01,2026-07-11,not in regen,google-chrome,cpe_matched,"CPE verified. Source: NVD, 2026-05-06."
Google Cloud CDN,,,,,not_found,,2026-04-01,2026-07-11,not in regen,google-cloud-cdn,cpe_not_found_pending_nvd,'Google Cloud CDN' not yet indexed in NVD CPE dictionary. PQC-specific products are emerging; re-verify when NVD CPE 2.3 coverage expands. Consider submitting CPE request via https://nvd.nist.gov/products/cpe/request-cpe
Google Cloud HSM,,,,,not_found,,2026-04-01,2026-07-11,not in regen,google-cloud-hsm,cpe_not_found_pending_nvd,'Google Cloud HSM' not yet indexed in NVD CPE dictionary. PQC-specific products are emerging; re-verify when NVD CPE 2.3 coverage expands. Consider submitting CPE request via https://nvd.nist.gov/products/cpe/request-cpe
Google Cloud KMS,,,,,not_found,,2026-04-01,2026-07-11,not in regen,google-cloud-kms,cpe_not_found_pending_nvd,'Google Cloud KMS' not yet indexed in NVD CPE dictionary. PQC-specific products are emerging; re-verify when NVD CPE 2.3 coverage expands. Consider submitting CPE request via https://nvd.nist.gov/products/cpe/request-cpe
Google Cloud KMS (Cloud Gateway),,,,,not_found,,2026-04-01,2026-07-11,not in regen,google-cloud-kms-cloud-gateway,cpe_not_found_pending_nvd,'Google Cloud KMS (Cloud Gateway)' not yet indexed in NVD CPE dictionary. PQC-specific products are emerging; re-verify when NVD CPE 2.3 coverage expands. Consider submitting CPE request via https://nvd.nist.gov/products/cpe/request-cpe
Google Cloud Platform (GCP),,,,,not_found,,2026-04-01,2026-07-11,not in regen,google-cloud-platform-gcp,cpe_not_found_pending_nvd,'Google Cloud Platform (GCP)' not yet indexed in NVD CPE dictionary. PQC-specific products are emerging; re-verify when NVD CPE 2.3 coverage expands. Consider submitting CPE request via https://nvd.nist.gov/products/cpe/request-cpe
Google GKE,,,,,not_found,,2026-04-01,2026-07-11,not in regen,google-gke,cpe_not_found_pending_nvd,'Google GKE' not yet indexed in NVD CPE dictionary. PQC-specific products are emerging; re-verify when NVD CPE 2.3 coverage expands. Consider submitting CPE request via https://nvd.nist.gov/products/cpe/request-cpe
Google OpenTitan,,,,,not_found,,2026-04-01,2026-07-11,not in regen,google-opentitan,cpe_not_found_pending_nvd,'Google OpenTitan' not yet indexed in NVD CPE dictionary. PQC-specific products are emerging; re-verify when NVD CPE 2.3 coverage expands. Consider submitting CPE request via https://nvd.nist.gov/products/cpe/request-cpe
Google Tink,cpe:2.3:a:google:tink:1.0.0:*:*:*:*:*:*:*,google,tink,exact,matched,https://nvd.nist.gov/products/cpe/search#results?namingFormat=2.3&keyword=google%20tink,2026-07-14,2026-07-14,not in regen,,,
GPG Code Signing,,,,,not_found,,2026-04-01,2026-07-11,not in regen,gpg-code-signing,cpe_not_found_pending_nvd,'GPG Code Signing' not yet indexed in NVD CPE dictionary. PQC-specific products are emerging; re-verify when NVD CPE 2.3 coverage expands. Consider submitting CPE request via https://nvd.nist.gov/products/cpe/request-cpe
HAProxy,,,,,not_found,,2026-04-01,2026-07-11,not in regen,haproxy,cpe_not_found_pending_nvd,'HAProxy' not yet indexed in NVD CPE dictionary. PQC-specific products are emerging; re-verify when NVD CPE 2.3 coverage expands. Consider submitting CPE request via https://nvd.nist.gov/products/cpe/request-cpe
hash-sigs,,,,,not_found,,2026-04-01,2026-07-11,not in regen,hash-sigs,cpe_not_found_pending_nvd,'hash-sigs' not yet indexed in NVD CPE dictionary. PQC-specific products are emerging; re-verify when NVD CPE 2.3 coverage expands. Consider submitting CPE request via https://nvd.nist.gov/products/cpe/request-cpe
HashiCorp Boundary,cpe:2.3:a:hashicorp:boundary:0.1.8:*:*:*:*:*:*:*,hashicorp,boundary,exact,matched,https://nvd.nist.gov/products/cpe/search#results?namingFormat=2.3&keyword=hashicorp%20boundary,2026-04-01,2026-07-11,not in regen,hashicorp-boundary,cpe_matched,"CPE verified. Source: NVD, 2026-05-06."
HashiCorp Consul Connect (Service Mesh),,,,,not_found,,2026-04-01,2026-07-11,not in regen,hashicorp-consul-connect-service-mesh,cpe_not_found_pending_nvd,'HashiCorp Consul Connect (Service Mesh)' not yet indexed in NVD CPE dictionary. PQC-specific products are emerging; re-verify when NVD CPE 2.3 coverage expands. Consider submitting CPE request via https://nvd.nist.gov/products/cpe/request-cpe
HashiCorp Vault,cpe:2.3:a:hashicorp:vault:0.1.0:*:*:*:*:*:*:*,hashicorp,vault,exact,matched,https://nvd.nist.gov/products/cpe/search#results?namingFormat=2.3&keyword=hashicorp%20vault,2026-07-14,2026-07-14,not in regen,,,
HashiCorp Vault Transit,,,,,not_found,,2026-04-01,2026-07-11,not in regen,hashicorp-vault-transit,cpe_not_found_pending_nvd,'HashiCorp Vault Transit' not yet indexed in NVD CPE dictionary. PQC-specific products are emerging; re-verify when NVD CPE 2.3 coverage expands. Consider submitting CPE request via https://nvd.nist.gov/products/cpe/request-cpe
HiddenLayer Model Scanner,,,,,not_found,,2026-04-01,2026-07-11,not in regen,hiddenlayer-model-scanner,cpe_not_found_pending_nvd,'HiddenLayer Model Scanner' not yet indexed in NVD CPE dictionary. PQC-specific products are emerging; re-verify when NVD CPE 2.3 coverage expands. Consider submitting CPE request via https://nvd.nist.gov/products/cpe/request-cpe
HIPAA (Quantum Security Rule),,,,,not_found,,2026-04-01,2026-07-11,not in regen,hipaa-quantum-security-rule,cpe_not_found_pending_nvd,'HIPAA (Quantum Security Rule)' not yet indexed in NVD CPE dictionary. PQC-specific products are emerging; re-verify when NVD CPE 2.3 coverage expands. Consider submitting CPE request via https://nvd.nist.gov/products/cpe/request-cpe
Hitachi DoMobile,,,,,not_found,,2026-07-14,,,,,
HP Enterprise Printers PQC,,,,,not_found,,2026-04-01,2026-07-11,not in regen,hp-enterprise-printers-pqc,cpe_not_found_pending_nvd,'HP Enterprise Printers PQC' not yet indexed in NVD CPE dictionary. PQC-specific products are emerging; re-verify when NVD CPE 2.3 coverage expands. Consider submitting CPE request via https://nvd.nist.gov/products/cpe/request-cpe
HPE Alletra MP,,,,,not_found,,2026-04-01,2026-07-11,not in regen,hpe-alletra-mp,cpe_not_found_pending_nvd,'HPE Alletra MP' not yet indexed in NVD CPE dictionary. PQC-specific products are emerging; re-verify when NVD CPE 2.3 coverage expands. Consider submitting CPE request via https://nvd.nist.gov/products/cpe/request-cpe
HPE ProLiant Gen12,,,,,not_found,,2026-04-01,2026-07-11,not in regen,hpe-proliant-gen12,cpe_not_found_pending_nvd,'HPE ProLiant Gen12' not yet indexed in NVD CPE dictionary. PQC-specific products are emerging; re-verify when NVD CPE 2.3 coverage expands. Consider submitting CPE request via https://nvd.nist.gov/products/cpe/request-cpe
HQC Algorithm,,,,,not_found,,2026-07-14,2026-07-14,not in regen,,,
Huawei PQC Network Security,,,,,not_found,,2026-04-01,2026-07-11,not in regen,huawei-pqc-network-security,cpe_not_found_pending_nvd,'Huawei PQC Network Security' not yet indexed in NVD CPE dictionary. PQC-specific products are emerging; re-verify when NVD CPE 2.3 coverage expands. Consider submitting CPE request via https://nvd.nist.gov/products/cpe/request-cpe
Hyland OnBase,cpe:2.3:a:hyland:onbase:18.0.0.0:*:*:*:*:*:*:*,hyland,onbase,exact,matched,https://nvd.nist.gov/products/cpe/search#results?namingFormat=2.3&keyword=hyland%20onbase,2026-04-01,2026-07-11,not in regen,hyland-onbase,cpe_matched,"CPE verified. Source: NVD, 2026-05-06."
Hyperledger Aries (ACA-Py),,,,,not_found,,2026-04-01,2026-07-11,not in regen,hyperledger-aries-aca-py,cpe_not_found_pending_nvd,'Hyperledger Aries (ACA-Py)' not yet indexed in NVD CPE dictionary. PQC-specific products are emerging; re-verify when NVD CPE 2.3 coverage expands. Consider submitting CPE request via https://nvd.nist.gov/products/cpe/request-cpe
Hyperledger Besu,,,,,not_found,,2026-04-01,2026-07-11,not in regen,hyperledger-besu,cpe_not_found_pending_nvd,'Hyperledger Besu' not yet indexed in NVD CPE dictionary. PQC-specific products are emerging; re-verify when NVD CPE 2.3 coverage expands. Consider submitting CPE request via https://nvd.nist.gov/products/cpe/request-cpe
Hyperledger Fabric,cpe:2.3:a:hyperledger:fabric:1.4.0:*:*:*:*:*:*:*,hyperledger,fabric,exact,matched,https://nvd.nist.gov/products/cpe/search#results?namingFormat=2.3&keyword=hyperledger%20fabric,2026-04-01,2026-07-11,not in regen,hyperledger-fabric,cpe_matched,"CPE verified. Source: NVD, 2026-05-06."
Hyperledger Fabric 3.0 PQC,,,,,not_found,,2026-04-01,2026-07-11,not in regen,hyperledger-fabric-3-0-pqc,cpe_not_found_pending_nvd,'Hyperledger Fabric 3.0 PQC' not yet indexed in NVD CPE dictionary. PQC-specific products are emerging; re-verify when NVD CPE 2.3 coverage expands. Consider submitting CPE request via https://nvd.nist.gov/products/cpe/request-cpe
I4P Trident HSM,,,,,not_found,,2026-04-01,2026-07-11,not in regen,i4p-trident-hsm,cpe_not_found_pending_nvd,'I4P Trident HSM' not yet indexed in NVD CPE dictionary. PQC-specific products are emerging; re-verify when NVD CPE 2.3 coverage expands. Consider submitting CPE request via https://nvd.nist.gov/products/cpe/request-cpe
IBM Aspera,,,,,not_found,,2026-04-01,2026-07-11,not in regen,ibm-aspera,cpe_not_found_pending_nvd,'IBM Aspera' not yet indexed in NVD CPE dictionary. PQC-specific products are emerging; re-verify when NVD CPE 2.3 coverage expands. Consider submitting CPE request via https://nvd.nist.gov/products/cpe/request-cpe
IBM Cloud HSM (Utimaco),,,,,not_found,,2026-04-01,2026-07-11,not in regen,ibm-cloud-hsm-utimaco,cpe_not_found_pending_nvd,'IBM Cloud HSM (Utimaco)' not yet indexed in NVD CPE dictionary. PQC-specific products are emerging; re-verify when NVD CPE 2.3 coverage expands. Consider submitting CPE request via https://nvd.nist.gov/products/cpe/request-cpe
IBM Db2,cpe:2.3:a:ibm:db2:-:*:*:*:*:*:*:*,ibm,db2,exact,matched,https://nvd.nist.gov/products/cpe/search#results?namingFormat=2.3&keyword=ibm%20db2,2026-04-01,2026-07-11,not in regen,ibm-db2,cpe_matched,"CPE verified. Source: NVD, 2026-05-06."
IBM Guardium Key Lifecycle Manager,cpe:2.3:a:ibm:security_guardium_key_lifecycle_manager:4.1.0:*:*:*:*:*:*:*,ibm,security_guardium_key_lifecycle_manager,exact,matched,https://nvd.nist.gov/products/cpe/search#results?namingFormat=2.3&keyword=ibm%20guardium%20key%20lifecycle%20manager,2026-07-14,2026-07-14,not in regen,,,
IBM Guardium Quantum Safe,,,,,not_found,,2026-04-01,2026-07-11,not in regen,ibm-guardium-quantum-safe,cpe_not_found_pending_nvd,'IBM Guardium Quantum Safe' not yet indexed in NVD CPE dictionary. PQC-specific products are emerging; re-verify when NVD CPE 2.3 coverage expands. Consider submitting CPE request via https://nvd.nist.gov/products/cpe/request-cpe
IBM Guardium Safe,,,,,not_found,,2026-04-01,2026-07-11,not in regen,ibm-guardium-safe,cpe_not_found_pending_nvd,'IBM Guardium Safe' not yet indexed in NVD CPE dictionary. PQC-specific products are emerging; re-verify when NVD CPE 2.3 coverage expands. Consider submitting CPE request via https://nvd.nist.gov/products/cpe/request-cpe
IBM LinuxONE PQC,,,,,not_found,,2026-04-01,2026-07-11,not in regen,ibm-linuxone-pqc,cpe_not_found_pending_nvd,'IBM LinuxONE PQC' not yet indexed in NVD CPE dictionary. PQC-specific products are emerging; re-verify when NVD CPE 2.3 coverage expands. Consider submitting CPE request via https://nvd.nist.gov/products/cpe/request-cpe
IBM MQ,cpe:2.3:a:ibm:websphere_mq:-:*:*:*:*:*:*:*,ibm,websphere_mq,exact,matched,https://nvd.nist.gov/products/cpe/search#results?namingFormat=2.3&keyword=ibm%20mq,2026-04-01,2026-07-11,not in regen,ibm-mq,cpe_matched,"CPE verified. Source: NVD, 2026-05-06."
IBM Quantum Safe Toolkit,,,,,not_found,,2026-04-01,2026-07-11,not in regen,ibm-quantum-safe-toolkit,cpe_not_found_pending_nvd,'IBM Quantum Safe Toolkit' not yet indexed in NVD CPE dictionary. PQC-specific products are emerging; re-verify when NVD CPE 2.3 coverage expands. Consider submitting CPE request via https://nvd.nist.gov/products/cpe/request-cpe
IBM Security Guardium Data Protection,,,,,not_found,,2026-04-01,2026-07-11,not in regen,ibm-security-guardium-data-protection,cpe_not_found_pending_nvd,'IBM Security Guardium Data Protection' not yet indexed in NVD CPE dictionary. PQC-specific products are emerging; re-verify when NVD CPE 2.3 coverage expands. Consider submitting CPE request via https://nvd.nist.gov/products/cpe/request-cpe
IBM Storage Scale 5.2,cpe:2.3:a:ibm:storage_scale:5.2.3.0:*:*:*:*:*:*:*,ibm,storage_scale,exact,matched,https://nvd.nist.gov/products/cpe/search#results?namingFormat=2.3&keyword=ibm%20storage%20scale%205.2,2026-04-01,2026-07-11,not in regen,ibm-storage-scale-5-2,cpe_matched,"CPE verified. Source: NVD, 2026-05-06."
IBM z/OS Cryptographic Services (ICSF),,,,,not_found,,2026-04-01,2026-07-11,not in regen,ibm-z-os-cryptographic-services-icsf,cpe_not_found_pending_nvd,'IBM z/OS Cryptographic Services (ICSF)' not yet indexed in NVD CPE dictionary. PQC-specific products are emerging; re-verify when NVD CPE 2.3 coverage expands. Consider submitting CPE request via https://nvd.nist.gov/products/cpe/request-cpe
IBM z/VSE,,,,,not_found,,2026-04-01,2026-07-11,not in regen,ibm-z-vse,cpe_not_found_pending_nvd,'IBM z/VSE' not yet indexed in NVD CPE dictionary. PQC-specific products are emerging; re-verify when NVD CPE 2.3 coverage expands. Consider submitting CPE request via https://nvd.nist.gov/products/cpe/request-cpe
IBM z17 Quantum Safe,,,,,not_found,,2026-04-01,2026-07-11,not in regen,ibm-z17-quantum-safe,cpe_not_found_pending_nvd,'IBM z17 Quantum Safe' not yet indexed in NVD CPE dictionary. PQC-specific products are emerging; re-verify when NVD CPE 2.3 coverage expands. Consider submitting CPE request via https://nvd.nist.gov/products/cpe/request-cpe
ID Quantique Cerberis XGR QKD,,,,,not_found,,2026-04-01,2026-07-11,not in regen,id-quantique-cerberis-xgr-qkd,cpe_not_found_pending_nvd,'ID Quantique Cerberis XGR QKD' not yet indexed in NVD CPE dictionary. PQC-specific products are emerging; re-verify when NVD CPE 2.3 coverage expands. Consider submitting CPE request via https://nvd.nist.gov/products/cpe/request-cpe
ID Quantique Quantis QRNG,,,,,not_found,,2026-04-01,2026-07-11,not in regen,id-quantique-quantis-qrng,cpe_not_found_pending_nvd,'ID Quantique Quantis QRNG' not yet indexed in NVD CPE dictionary. PQC-specific products are emerging; re-verify when NVD CPE 2.3 coverage expands. Consider submitting CPE request via https://nvd.nist.gov/products/cpe/request-cpe
IDEMIA Digital Identity Platform,,,,,not_found,,2026-04-01,2026-07-11,not in regen,idemia-digital-identity-platform,cpe_not_found_pending_nvd,'IDEMIA Digital Identity Platform' not yet indexed in NVD CPE dictionary. PQC-specific products are emerging; re-verify when NVD CPE 2.3 coverage expands. Consider submitting CPE request via https://nvd.nist.gov/products/cpe/request-cpe
IDEMIA PQC Accelerator,,,,,not_found,,2026-04-01,2026-07-11,not in regen,idemia-pqc-accelerator,cpe_not_found_pending_nvd,'IDEMIA PQC Accelerator' not yet indexed in NVD CPE dictionary. PQC-specific products are emerging; re-verify when NVD CPE 2.3 coverage expands. Consider submitting CPE request via https://nvd.nist.gov/products/cpe/request-cpe
IDEMIA PQC Secure Element,,,,,not_found,,2026-04-01,2026-07-11,not in regen,idemia-pqc-secure-element,cpe_not_found_pending_nvd,'IDEMIA PQC Secure Element' not yet indexed in NVD CPE dictionary. PQC-specific products are emerging; re-verify when NVD CPE 2.3 coverage expands. Consider submitting CPE request via https://nvd.nist.gov/products/cpe/request-cpe
Imperva WAF,,,,,not_found,,2026-04-01,2026-07-11,not in regen,imperva-waf,cpe_not_found_pending_nvd,'Imperva WAF' not yet indexed in NVD CPE dictionary. PQC-specific products are emerging; re-verify when NVD CPE 2.3 coverage expands. Consider submitting CPE request via https://nvd.nist.gov/products/cpe/request-cpe
Infineon AURIX TC49 PQC,,,,,not_found,,2026-04-01,2026-07-11,not in regen,infineon-aurix-tc49-pqc,cpe_not_found_pending_nvd,'Infineon AURIX TC49 PQC' not yet indexed in NVD CPE dictionary. PQC-specific products are emerging; re-verify when NVD CPE 2.3 coverage expands. Consider submitting CPE request via https://nvd.nist.gov/products/cpe/request-cpe
Infineon OPTIGA TPM SLB 9672,,,,,not_found,,2026-04-01,2026-07-11,not in regen,infineon-optiga-tpm-slb-9672,cpe_not_found_pending_nvd,'Infineon OPTIGA TPM SLB 9672' not yet indexed in NVD CPE dictionary. PQC-specific products are emerging; re-verify when NVD CPE 2.3 coverage expands. Consider submitting CPE request via https://nvd.nist.gov/products/cpe/request-cpe
Infineon PSOC Control C3 PQC,,,,,not_found,,2026-04-01,2026-07-11,not in regen,infineon-psoc-control-c3-pqc,cpe_not_found_pending_nvd,'Infineon PSOC Control C3 PQC' not yet indexed in NVD CPE dictionary. PQC-specific products are emerging; re-verify when NVD CPE 2.3 coverage expands. Consider submitting CPE request via https://nvd.nist.gov/products/cpe/request-cpe
Infineon TEGRION SLC27 PQC,,,,,not_found,,2026-04-01,2026-07-11,not in regen,infineon-tegrion-slc27-pqc,cpe_not_found_pending_nvd,'Infineon TEGRION SLC27 PQC' not yet indexed in NVD CPE dictionary. PQC-specific products are emerging; re-verify when NVD CPE 2.3 coverage expands. Consider submitting CPE request via https://nvd.nist.gov/products/cpe/request-cpe
Infineon TEGRION SLI22 Automotive,,,,,not_found,,2026-04-01,2026-07-11,not in regen,infineon-tegrion-sli22-automotive,cpe_not_found_pending_nvd,'Infineon TEGRION SLI22 Automotive' not yet indexed in NVD CPE dictionary. PQC-specific products are emerging; re-verify when NVD CPE 2.3 coverage expands. Consider submitting CPE request via https://nvd.nist.gov/products/cpe/request-cpe
Intel Platform Trust Technology (PTT),,,,,not_found,,2026-04-01,2026-07-11,not in regen,intel-platform-trust-technology-ptt,cpe_not_found_pending_nvd,'Intel Platform Trust Technology (PTT)' not yet indexed in NVD CPE dictionary. PQC-specific products are emerging; re-verify when NVD CPE 2.3 coverage expands. Consider submitting CPE request via https://nvd.nist.gov/products/cpe/request-cpe
Intel TDX (Trust Domain Extensions),,,,,not_found,,2026-04-01,2026-07-11,not in regen,intel-tdx-trust-domain-extensions,cpe_not_found_pending_nvd,'Intel TDX (Trust Domain Extensions)' not yet indexed in NVD CPE dictionary. PQC-specific products are emerging; re-verify when NVD CPE 2.3 coverage expands. Consider submitting CPE request via https://nvd.nist.gov/products/cpe/request-cpe
Internxt Drive PQC,,,,,not_found,,2026-04-01,2026-07-11,not in regen,internxt-drive-pqc,cpe_not_found_pending_nvd,'Internxt Drive PQC' not yet indexed in NVD CPE dictionary. PQC-specific products are emerging; re-verify when NVD CPE 2.3 coverage expands. Consider submitting CPE request via https://nvd.nist.gov/products/cpe/request-cpe
Inturai PQ Station ESP32,,,,,not_found,,2026-04-01,2026-07-11,not in regen,inturai-pq-station-esp32,cpe_not_found_pending_nvd,'Inturai PQ Station ESP32' not yet indexed in NVD CPE dictionary. PQC-specific products are emerging; re-verify when NVD CPE 2.3 coverage expands. Consider submitting CPE request via https://nvd.nist.gov/products/cpe/request-cpe
iOS 26 / macOS 26,,,,,not_found,,2026-04-01,2026-07-11,not in regen,ios-26-macos-26,cpe_not_found_pending_nvd,'iOS 26 / macOS 26' not yet indexed in NVD CPE dictionary. PQC-specific products are emerging; re-verify when NVD CPE 2.3 coverage expands. Consider submitting CPE request via https://nvd.nist.gov/products/cpe/request-cpe
IOTA,,,,,not_found,,2026-04-01,2026-07-11,not in regen,iota,cpe_not_found_pending_nvd,'IOTA' not yet indexed in NVD CPE dictionary. PQC-specific products are emerging; re-verify when NVD CPE 2.3 coverage expands. Consider submitting CPE request via https://nvd.nist.gov/products/cpe/request-cpe
IP Cores PQC1,,,,,not_found,,2026-04-01,2026-07-11,not in regen,ip-cores-pqc1,cpe_not_found_pending_nvd,'IP Cores PQC1' not yet indexed in NVD CPE dictionary. PQC-specific products are emerging; re-verify when NVD CPE 2.3 coverage expands. Consider submitting CPE request via https://nvd.nist.gov/products/cpe/request-cpe
IronCore Labs SaaS Shield,,,,,not_found,,2026-04-01,2026-07-11,not in regen,ironcore-labs-saas-shield,cpe_not_found_pending_nvd,'IronCore Labs SaaS Shield' not yet indexed in NVD CPE dictionary. PQC-specific products are emerging; re-verify when NVD CPE 2.3 coverage expands. Consider submitting CPE request via https://nvd.nist.gov/products/cpe/request-cpe
ISARA Advance,,,,,not_found,,2026-04-01,2026-07-11,not in regen,isara-advance,cpe_not_found_pending_nvd,'ISARA Advance' not yet indexed in NVD CPE dictionary. PQC-specific products are emerging; re-verify when NVD CPE 2.3 coverage expands. Consider submitting CPE request via https://nvd.nist.gov/products/cpe/request-cpe
ISARA Radiate,,,,,not_found,,2026-04-01,2026-07-11,not in regen,isara-radiate,cpe_not_found_pending_nvd,'ISARA Radiate' not yet indexed in NVD CPE dictionary. PQC-specific products are emerging; re-verify when NVD CPE 2.3 coverage expands. Consider submitting CPE request via https://nvd.nist.gov/products/cpe/request-cpe
ISC BIND 9.21,,,,,not_found,,2026-04-01,2026-07-11,not in regen,isc-bind-9-21,cpe_not_found_pending_nvd,'ISC BIND 9.21' not yet indexed in NVD CPE dictionary. PQC-specific products are emerging; re-verify when NVD CPE 2.3 coverage expands. Consider submitting CPE request via https://nvd.nist.gov/products/cpe/request-cpe
Istio Service Mesh,,,,,not_found,,2026-04-01,2026-07-11,not in regen,istio-service-mesh,cpe_not_found_pending_nvd,'Istio Service Mesh' not yet indexed in NVD CPE dictionary. PQC-specific products are emerging; re-verify when NVD CPE 2.3 coverage expands. Consider submitting CPE request via https://nvd.nist.gov/products/cpe/request-cpe
Ivanti Neurons for MDM,,,,,not_found,,2026-04-01,2026-07-11,not in regen,ivanti-neurons-for-mdm,cpe_not_found_pending_nvd,'Ivanti Neurons for MDM' not yet indexed in NVD CPE dictionary. PQC-specific products are emerging; re-verify when NVD CPE 2.3 coverage expands. Consider submitting CPE request via https://nvd.nist.gov/products/cpe/request-cpe
Jamf Pro,cpe:2.3:a:jamf:jamf:8.5:*:*:*:pro:*:*:*,jamf,jamf,partial,partial,https://nvd.nist.gov/products/cpe/search#results?namingFormat=2.3&keyword=jamf%20pro,2026-04-01,2026-07-11,not in regen,jamf-pro,cpe_partial_match,Partial CPE match for 'Jamf Pro'; version qualifier absent. Verify against NVD: https://nvd.nist.gov/products/cpe/search#results?namingFormat=2.3&keyword=jamf%20pro.
Java 24 PQC Runtime,,,,,not_found,,2026-04-01,2026-07-11,not in regen,java-24-pqc-runtime,cpe_not_found_pending_nvd,'Java 24 PQC Runtime' not yet indexed in NVD CPE dictionary. PQC-specific products are emerging; re-verify when NVD CPE 2.3 coverage expands. Consider submitting CPE request via https://nvd.nist.gov/products/cpe/request-cpe
Java jarsigner (JDK),,,,,not_found,,2026-04-01,2026-07-11,not in regen,java-jarsigner-jdk,cpe_not_found_pending_nvd,'Java jarsigner (JDK)' not yet indexed in NVD CPE dictionary. PQC-specific products are emerging; re-verify when NVD CPE 2.3 coverage expands. Consider submitting CPE request via https://nvd.nist.gov/products/cpe/request-cpe
Jenkins,,,,,not_found,,2026-04-01,2026-07-11,not in regen,jenkins,cpe_not_found_pending_nvd,'Jenkins' not yet indexed in NVD CPE dictionary. PQC-specific products are emerging; re-verify when NVD CPE 2.3 coverage expands. Consider submitting CPE request via https://nvd.nist.gov/products/cpe/request-cpe
JetBrains TeamCity 2026.1,,,,,not_found,,2026-04-01,2026-07-11,not in regen,jetbrains-teamcity-2026-1,cpe_not_found_pending_nvd,'JetBrains TeamCity 2026.1' not yet indexed in NVD CPE dictionary. PQC-specific products are emerging; re-verify when NVD CPE 2.3 coverage expands. Consider submitting CPE request via https://nvd.nist.gov/products/cpe/request-cpe
JFrog Artifactory,cpe:2.3:a:jfrog:artifactory:1.0:*:*:*:*:jenkins:*:*,jfrog,artifactory,exact,matched,https://nvd.nist.gov/products/cpe/search#results?namingFormat=2.3&keyword=jfrog%20artifactory,2026-04-01,2026-07-11,not in regen,jfrog-artifactory,cpe_matched,"CPE verified. Source: NVD, 2026-05-06."
jose4j,cpe:2.3:a:jose4j_project:jose4j:0.9.3:*:*:*:*:*:*:*,jose4j_project,jose4j,exact,matched,https://nvd.nist.gov/products/cpe/search#results?namingFormat=2.3&keyword=jose4j%20jose4j,2026-04-01,2026-07-11,not in regen,jose4j,cpe_matched,"CPE verified. Source: NVD, 2026-05-06."
jsonwebtoken (auth0),,,,,not_found,,2026-04-01,2026-07-11,not in regen,jsonwebtoken-auth0,cpe_not_found_pending_nvd,'jsonwebtoken (auth0)' not yet indexed in NVD CPE dictionary. PQC-specific products are emerging; re-verify when NVD CPE 2.3 coverage expands. Consider submitting CPE request via https://nvd.nist.gov/products/cpe/request-cpe
JumpCloud Directory Platform,,,,,not_found,,2026-04-01,2026-07-11,not in regen,jumpcloud-directory-platform,cpe_not_found_pending_nvd,'JumpCloud Directory Platform' not yet indexed in NVD CPE dictionary. PQC-specific products are emerging; re-verify when NVD CPE 2.3 coverage expands. Consider submitting CPE request via https://nvd.nist.gov/products/cpe/request-cpe
Juniper Junos OS,,,,,not_found,,2026-04-01,2026-07-11,not in regen,juniper-junos-os,cpe_not_found_pending_nvd,'Juniper Junos OS' not yet indexed in NVD CPE dictionary. PQC-specific products are emerging; re-verify when NVD CPE 2.3 coverage expands. Consider submitting CPE request via https://nvd.nist.gov/products/cpe/request-cpe
Juniper SRX Series Firewalls,,,,,not_found,,2026-04-01,2026-07-11,not in regen,juniper-srx-series-firewalls,cpe_not_found_pending_nvd,'Juniper SRX Series Firewalls' not yet indexed in NVD CPE dictionary. PQC-specific products are emerging; re-verify when NVD CPE 2.3 coverage expands. Consider submitting CPE request via https://nvd.nist.gov/products/cpe/request-cpe
Keeper Security,cpe:2.3:a:keepersecurity:keeper:16.10.2:*:*:*:*:*:*:*,keepersecurity,keeper,partial,partial,https://nvd.nist.gov/products/cpe/search#results?namingFormat=2.3&keyword=keeper%20security,2026-04-01,2026-07-11,not in regen,keeper-security,cpe_partial_match,Partial CPE match for 'Keeper Security'; version qualifier absent. Verify against NVD: https://nvd.nist.gov/products/cpe/search#results?namingFormat=2.3&keyword=keeper%20security.
Keycloak,cpe:2.3:a:keycloak:keycloak-nodejs-auth-utils:2.5.0:*:*:*:*:*:*:*,keycloak,keycloak-nodejs-auth-utils,exact,matched,https://nvd.nist.gov/products/cpe/search#results?namingFormat=2.3&keyword=keycloak%20keycloak,2026-04-01,2026-07-11,not in regen,keycloak,cpe_matched,"CPE verified. Source: NVD, 2026-05-06."
Keyfactor 2026 Trends,,,,,not_found,,2026-04-01,2026-07-11,not in regen,keyfactor-2026-trends,cpe_not_found_pending_nvd,'Keyfactor 2026 Trends' not yet indexed in NVD CPE dictionary. PQC-specific products are emerging; re-verify when NVD CPE 2.3 coverage expands. Consider submitting CPE request via https://nvd.nist.gov/products/cpe/request-cpe
Keyfactor AgileSec Analytics,,,,,not_found,,2026-04-01,2026-07-11,not in regen,keyfactor-agilesec-analytics,cpe_not_found_pending_nvd,'Keyfactor AgileSec Analytics' not yet indexed in NVD CPE dictionary. PQC-specific products are emerging; re-verify when NVD CPE 2.3 coverage expands. Consider submitting CPE request via https://nvd.nist.gov/products/cpe/request-cpe
Keyfactor Command,,,,,not_found,,2026-04-01,2026-07-11,not in regen,keyfactor-command,cpe_not_found_pending_nvd,'Keyfactor Command' not yet indexed in NVD CPE dictionary. PQC-specific products are emerging; re-verify when NVD CPE 2.3 coverage expands. Consider submitting CPE request via https://nvd.nist.gov/products/cpe/request-cpe
Keyfactor EJBCA,cpe:2.3:a:keyfactor:ejbca:8.0.0:*:*:*:*:*:*:*,keyfactor,ejbca,exact,matched,https://nvd.nist.gov/products/cpe/search#results?namingFormat=2.3&keyword=keyfactor%20ejbca,2026-07-14,2026-07-14,not in regen,,,
Keysight CyPerf,,,,,not_found,,2026-04-01,2026-07-11,not in regen,keysight-cyperf,cpe_not_found_pending_nvd,'Keysight CyPerf' not yet indexed in NVD CPE dictionary. PQC-specific products are emerging; re-verify when NVD CPE 2.3 coverage expands. Consider submitting CPE request via https://nvd.nist.gov/products/cpe/request-cpe
Keysight Inspector,,,,,not_found,,2026-04-01,2026-07-11,not in regen,keysight-inspector,cpe_not_found_pending_nvd,'Keysight Inspector' not yet indexed in NVD CPE dictionary. PQC-specific products are emerging; re-verify when NVD CPE 2.3 coverage expands. Consider submitting CPE request via https://nvd.nist.gov/products/cpe/request-cpe
Kiteworks PQC File Sharing,,,,,not_found,,2026-04-01,2026-07-11,not in regen,kiteworks-pqc-file-sharing,cpe_not_found_pending_nvd,'Kiteworks PQC File Sharing' not yet indexed in NVD CPE dictionary. PQC-specific products are emerging; re-verify when NVD CPE 2.3 coverage expands. Consider submitting CPE request via https://nvd.nist.gov/products/cpe/request-cpe
KiviCore PQC IP Cores,,,,,not_found,,2026-04-01,2026-07-11,not in regen,kivicore-pqc-ip-cores,cpe_not_found_pending_nvd,'KiviCore PQC IP Cores' not yet indexed in NVD CPE dictionary. PQC-specific products are emerging; re-verify when NVD CPE 2.3 coverage expands. Consider submitting CPE request via https://nvd.nist.gov/products/cpe/request-cpe
Kong API Gateway,,,,,not_found,,2026-04-01,2026-07-11,not in regen,kong-api-gateway,cpe_not_found_pending_nvd,'Kong API Gateway' not yet indexed in NVD CPE dictionary. PQC-specific products are emerging; re-verify when NVD CPE 2.3 coverage expands. Consider submitting CPE request via https://nvd.nist.gov/products/cpe/request-cpe
Kryptonite Shipovnik PQC Signature (Russia),,,,,not_found,,2026-04-01,2026-07-11,not in regen,kryptonite-shipovnik-pqc-signature-russia,cpe_not_found_pending_nvd,'Kryptonite Shipovnik PQC Signature (Russia)' not yet indexed in NVD CPE dictionary. PQC-specific products are emerging; re-verify when NVD CPE 2.3 coverage expands. Consider submitting CPE request via https://nvd.nist.gov/products/cpe/request-cpe
Kryptus kNET HSM PQC,,,,,not_found,,2026-04-01,2026-07-11,not in regen,kryptus-knet-hsm-pqc,cpe_not_found_pending_nvd,'Kryptus kNET HSM PQC' not yet indexed in NVD CPE dictionary. PQC-specific products are emerging; re-verify when NVD CPE 2.3 coverage expands. Consider submitting CPE request via https://nvd.nist.gov/products/cpe/request-cpe
Kubernetes,cpe:2.3:a:kubernetes:kubernetes:-:*:*:*:*:*:*:*,kubernetes,kubernetes,exact,matched,https://nvd.nist.gov/products/cpe/search#results?namingFormat=2.3&keyword=kubernetes%20kubernetes,2026-04-01,2026-07-11,not in regen,kubernetes,cpe_matched,"CPE verified. Source: NVD, 2026-05-06."
Kudelski IoT Security Platform,,,,,not_found,,2026-04-01,2026-07-11,not in regen,kudelski-iot-security-platform,cpe_not_found_pending_nvd,'Kudelski IoT Security Platform' not yet indexed in NVD CPE dictionary. PQC-specific products are emerging; re-verify when NVD CPE 2.3 coverage expands. Consider submitting CPE request via https://nvd.nist.gov/products/cpe/request-cpe
Lakera Guard,,,,,not_found,,2026-04-01,2026-07-11,not in regen,lakera-guard,cpe_not_found_pending_nvd,'Lakera Guard' not yet indexed in NVD CPE dictionary. PQC-specific products are emerging; re-verify when NVD CPE 2.3 coverage expands. Consider submitting CPE request via https://nvd.nist.gov/products/cpe/request-cpe
Landis+Gyr SEALSQ Smart Grid PKI,,,,,not_found,,2026-04-01,2026-07-11,not in regen,landis-gyr-sealsq-smart-grid-pki,cpe_not_found_pending_nvd,'Landis+Gyr SEALSQ Smart Grid PKI' not yet indexed in NVD CPE dictionary. PQC-specific products are emerging; re-verify when NVD CPE 2.3 coverage expands. Consider submitting CPE request via https://nvd.nist.gov/products/cpe/request-cpe
Lattice MachXO5-NX,,,,,not_found,,2026-04-01,2026-07-11,not in regen,lattice-machxo5-nx,cpe_not_found_pending_nvd,'Lattice MachXO5-NX' not yet indexed in NVD CPE dictionary. PQC-specific products are emerging; re-verify when NVD CPE 2.3 coverage expands. Consider submitting CPE request via https://nvd.nist.gov/products/cpe/request-cpe
leancrypto,cpe:2.3:a:leancrypto:leancrypto:1.7.1:*:*:*:*:*:*:*,leancrypto,leancrypto,exact,matched,https://nvd.nist.gov/products/cpe/search#results?namingFormat=2.3&keyword=leancrypto%20leancrypto,2026-07-14,2026-07-14,not in regen,,,
Ledger Enterprise,,,,,not_found,,2026-04-01,2026-07-11,not in regen,ledger-enterprise,cpe_not_found_pending_nvd,'Ledger Enterprise' not yet indexed in NVD CPE dictionary. PQC-specific products are emerging; re-verify when NVD CPE 2.3 coverage expands. Consider submitting CPE request via https://nvd.nist.gov/products/cpe/request-cpe
Let's Encrypt,,,,,not_found,,2026-04-01,2026-07-11,not in regen,let-s-encrypt,cpe_not_found_pending_nvd,'Let's Encrypt' not yet indexed in NVD CPE dictionary. PQC-specific products are emerging; re-verify when NVD CPE 2.3 coverage expands. Consider submitting CPE request via https://nvd.nist.gov/products/cpe/request-cpe
liboqs,cpe:2.3:a:openquantumsafe:liboqs:0.10.1:-:*:*:*:*:*:*,openquantumsafe,liboqs,exact,matched,https://nvd.nist.gov/products/cpe/search#results?namingFormat=2.3&keyword=openquantumsafe%20liboqs,2026-07-14,2026-07-14,not in regen,,,
liboqs-rust (oqs crate),,,,,not_found,,2026-07-14,2026-07-14,not in regen,,,
LibreSSL,cpe:2.3:a:openbsd:libressl:2.1.1:*:*:*:*:*:*:*,openbsd,libressl,exact,matched,https://nvd.nist.gov/products/cpe/search#results?namingFormat=2.3&keyword=openbsd%20libressl,2026-07-14,2026-07-14,not in regen,,,
Libreswan,cpe:2.3:a:libreswan:libreswan:3.5:*:*:*:*:*:*:*,libreswan,libreswan,exact,matched,https://nvd.nist.gov/products/cpe/search#results?namingFormat=2.3&keyword=libreswan%20libreswan,2026-04-01,2026-07-11,not in regen,libreswan,cpe_matched,"CPE verified. Source: NVD, 2026-05-06."
libssh,,,,,not_found,,2026-04-01,2026-07-11,not in regen,libssh,cpe_not_found_pending_nvd,'libssh' not yet indexed in NVD CPE dictionary. PQC-specific products are emerging; re-verify when NVD CPE 2.3 coverage expands. Consider submitting CPE request via https://nvd.nist.gov/products/cpe/request-cpe
Linkerd,cpe:2.3:a:linkerd:linkerd:2.13.0:*:*:*:stable:kubernetes:*:*,linkerd,linkerd,exact,matched,https://nvd.nist.gov/products/cpe/search#results?namingFormat=2.3&keyword=linkerd%20linkerd,2026-04-01,2026-07-11,not in regen,linkerd,cpe_matched,"CPE verified. Source: NVD, 2026-05-06."
Linux IMA/EVM,,,,,not_found,,2026-04-01,2026-07-11,not in regen,linux-ima-evm,cpe_not_found_pending_nvd,'Linux IMA/EVM' not yet indexed in NVD CPE dictionary. PQC-specific products are emerging; re-verify when NVD CPE 2.3 coverage expands. Consider submitting CPE request via https://nvd.nist.gov/products/cpe/request-cpe
Linux LUKS / dm-crypt,,,,,not_found,,2026-04-01,2026-07-11,not in regen,linux-luks-dm-crypt,cpe_not_found_pending_nvd,'Linux LUKS / dm-crypt' not yet indexed in NVD CPE dictionary. PQC-specific products are emerging; re-verify when NVD CPE 2.3 coverage expands. Consider submitting CPE request via https://nvd.nist.gov/products/cpe/request-cpe
LTO-10 PQC-Ready Tape,,,,,not_found,,2026-04-01,2026-07-11,not in regen,lto-10-pqc-ready-tape,cpe_not_found_pending_nvd,'LTO-10 PQC-Ready Tape' not yet indexed in NVD CPE dictionary. PQC-specific products are emerging; re-verify when NVD CPE 2.3 coverage expands. Consider submitting CPE request via https://nvd.nist.gov/products/cpe/request-cpe
MadQuantum-CM (Spain),,,,,not_found,,2026-04-01,2026-07-11,not in regen,madquantum-cm-spain,cpe_not_found_pending_nvd,'MadQuantum-CM (Spain)' not yet indexed in NVD CPE dictionary. PQC-specific products are emerging; re-verify when NVD CPE 2.3 coverage expands. Consider submitting CPE request via https://nvd.nist.gov/products/cpe/request-cpe
Mandiant (Google Cloud),,,,,not_found,,2026-04-01,2026-07-11,not in regen,mandiant-google-cloud,cpe_not_found_pending_nvd,'Mandiant (Google Cloud)' not yet indexed in NVD CPE dictionary. PQC-specific products are emerging; re-verify when NVD CPE 2.3 coverage expands. Consider submitting CPE request via https://nvd.nist.gov/products/cpe/request-cpe
MariaDB Server,,,,,not_found,,2026-04-01,2026-07-11,not in regen,mariadb-server,cpe_not_found_pending_nvd,'MariaDB Server' not yet indexed in NVD CPE dictionary. PQC-specific products are emerging; re-verify when NVD CPE 2.3 coverage expands. Consider submitting CPE request via https://nvd.nist.gov/products/cpe/request-cpe
Marvell LiquidSecurity 2,,,,,not_found,,2026-04-01,2026-07-11,not in regen,marvell-liquidsecurity-2,cpe_not_found_pending_nvd,'Marvell LiquidSecurity 2' not yet indexed in NVD CPE dictionary. PQC-specific products are emerging; re-verify when NVD CPE 2.3 coverage expands. Consider submitting CPE request via https://nvd.nist.gov/products/cpe/request-cpe
Mastercard Quantum-Resistant Contactless,,,,,not_found,,2026-04-01,2026-07-11,not in regen,mastercard-quantum-resistant-contactless,cpe_not_found_pending_nvd,'Mastercard Quantum-Resistant Contactless' not yet indexed in NVD CPE dictionary. PQC-specific products are emerging; re-verify when NVD CPE 2.3 coverage expands. Consider submitting CPE request via https://nvd.nist.gov/products/cpe/request-cpe
Mavenir Cloud RAN,,,,,not_found,,2026-04-01,2026-07-11,not in regen,mavenir-cloud-ran,cpe_not_found_pending_nvd,'Mavenir Cloud RAN' not yet indexed in NVD CPE dictionary. PQC-specific products are emerging; re-verify when NVD CPE 2.3 coverage expands. Consider submitting CPE request via https://nvd.nist.gov/products/cpe/request-cpe
Mbed TLS,,,,,not_found,,2026-04-01,2026-07-11,not in regen,mbed-tls,cpe_not_found_pending_nvd,'Mbed TLS' not yet indexed in NVD CPE dictionary. PQC-specific products are emerging; re-verify when NVD CPE 2.3 coverage expands. Consider submitting CPE request via https://nvd.nist.gov/products/cpe/request-cpe
Microchip ATECC608B,,,,,not_found,,2026-04-01,2026-07-11,not in regen,microchip-atecc608b,cpe_not_found_pending_nvd,'Microchip ATECC608B' not yet indexed in NVD CPE dictionary. PQC-specific products are emerging; re-verify when NVD CPE 2.3 coverage expands. Consider submitting CPE request via https://nvd.nist.gov/products/cpe/request-cpe
Microchip CryptoAutomotive TA100,,,,,not_found,,2026-04-01,2026-07-11,not in regen,microchip-cryptoautomotive-ta100,cpe_not_found_pending_nvd,'Microchip CryptoAutomotive TA100' not yet indexed in NVD CPE dictionary. PQC-specific products are emerging; re-verify when NVD CPE 2.3 coverage expands. Consider submitting CPE request via https://nvd.nist.gov/products/cpe/request-cpe
Microchip MEC175xB PQC Controllers,,,,,not_found,,2026-04-01,2026-07-11,not in regen,microchip-mec175xb-pqc-controllers,cpe_not_found_pending_nvd,'Microchip MEC175xB PQC Controllers' not yet indexed in NVD CPE dictionary. PQC-specific products are emerging; re-verify when NVD CPE 2.3 coverage expands. Consider submitting CPE request via https://nvd.nist.gov/products/cpe/request-cpe
Microchip PolarFire,,,,,not_found,,2026-04-01,2026-07-11,not in regen,microchip-polarfire,cpe_not_found_pending_nvd,'Microchip PolarFire' not yet indexed in NVD CPE dictionary. PQC-specific products are emerging; re-verify when NVD CPE 2.3 coverage expands. Consider submitting CPE request via https://nvd.nist.gov/products/cpe/request-cpe
Microsoft AD CS,,,,,not_found,,2026-04-01,2026-07-11,not in regen,microsoft-ad-cs,cpe_not_found_pending_nvd,'Microsoft AD CS' not yet indexed in NVD CPE dictionary. PQC-specific products are emerging; re-verify when NVD CPE 2.3 coverage expands. Consider submitting CPE request via https://nvd.nist.gov/products/cpe/request-cpe
Microsoft Azure,cpe:2.3:a:microsoft:azure_active_directory_connect:1.1.524.0:*:*:*:*:*:*:*,microsoft,azure_active_directory_connect,exact,matched,https://nvd.nist.gov/products/cpe/search#results?namingFormat=2.3&keyword=microsoft%20azure,2026-04-01,2026-07-11,not in regen,microsoft-azure,cpe_matched,"CPE verified. Source: NVD, 2026-05-06."
Microsoft Defender for Endpoint,cpe:2.3:a:microsoft:defender_for_endpoint:-:*:*:*:*:-:*:*,microsoft,defender_for_endpoint,exact,matched,https://nvd.nist.gov/products/cpe/search#results?namingFormat=2.3&keyword=microsoft%20defender%20for%20endpoint,2026-04-01,2026-07-11,not in regen,microsoft-defender-for-endpoint,cpe_matched,"CPE verified. Source: NVD, 2026-05-06."
Microsoft Edge,cpe:2.3:a:microsoft:edge:-:*:*:*:*:*:*:*,microsoft,edge,exact,matched,https://nvd.nist.gov/products/cpe/search#results?namingFormat=2.3&keyword=microsoft%20edge,2026-04-01,2026-07-11,not in regen,microsoft-edge,cpe_matched,"CPE verified. Source: NVD, 2026-05-06."
Microsoft Entra External ID,,,,,not_found,,2026-04-01,2026-07-11,not in regen,microsoft-entra-external-id,cpe_not_found_pending_nvd,'Microsoft Entra External ID' not yet indexed in NVD CPE dictionary. PQC-specific products are emerging; re-verify when NVD CPE 2.3 coverage expands. Consider submitting CPE request via https://nvd.nist.gov/products/cpe/request-cpe
Microsoft Entra ID,,,,,not_found,,2026-04-01,2026-07-11,not in regen,microsoft-entra-id,cpe_not_found_pending_nvd,'Microsoft Entra ID' not yet indexed in NVD CPE dictionary. PQC-specific products are emerging; re-verify when NVD CPE 2.3 coverage expands. Consider submitting CPE request via https://nvd.nist.gov/products/cpe/request-cpe
Microsoft Entra Verified ID,,,,,not_found,,2026-04-01,2026-07-11,not in regen,microsoft-entra-verified-id,cpe_not_found_pending_nvd,'Microsoft Entra Verified ID' not yet indexed in NVD CPE dictionary. PQC-specific products are emerging; re-verify when NVD CPE 2.3 coverage expands. Consider submitting CPE request via https://nvd.nist.gov/products/cpe/request-cpe
Microsoft Hyper-V,cpe:2.3:o:microsoft:windows_server_2008:-:-:*:*:datacenter_without_hyper-v:*:itanium:*,microsoft,windows_server_2008,partial,partial,https://nvd.nist.gov/products/cpe/search#results?namingFormat=2.3&keyword=microsoft%20hyper-v,2026-04-01,2026-07-11,not in regen,microsoft-hyper-v,cpe_partial_match,Partial CPE match for 'Microsoft Hyper-V'; version qualifier absent. Verify against NVD: https://nvd.nist.gov/products/cpe/search#results?namingFormat=2.3&keyword=microsoft%20hyper-v.
Microsoft Intune,cpe:2.3:a:microsoft:intune_endpoint_protection:-:*:*:*:*:*:*:*,microsoft,intune_endpoint_protection,exact,matched,https://nvd.nist.gov/products/cpe/search#results?namingFormat=2.3&keyword=microsoft%20intune,2026-04-01,2026-07-11,not in regen,microsoft-intune,cpe_matched,"CPE verified. Source: NVD, 2026-05-06."
Microsoft RDS,,,,,not_found,,2026-04-01,2026-07-11,not in regen,microsoft-rds,cpe_not_found_pending_nvd,'Microsoft RDS' not yet indexed in NVD CPE dictionary. PQC-specific products are emerging; re-verify when NVD CPE 2.3 coverage expands. Consider submitting CPE request via https://nvd.nist.gov/products/cpe/request-cpe
Microsoft Remote Desktop Services (RDS),,,,,not_found,,2026-04-01,2026-07-11,not in regen,microsoft-remote-desktop-services-rds,cpe_not_found_pending_nvd,'Microsoft Remote Desktop Services (RDS)' not yet indexed in NVD CPE dictionary. PQC-specific products are emerging; re-verify when NVD CPE 2.3 coverage expands. Consider submitting CPE request via https://nvd.nist.gov/products/cpe/request-cpe
Microsoft SignTool,,,,,not_found,,2026-04-01,2026-07-11,not in regen,microsoft-signtool,cpe_not_found_pending_nvd,'Microsoft SignTool' not yet indexed in NVD CPE dictionary. PQC-specific products are emerging; re-verify when NVD CPE 2.3 coverage expands. Consider submitting CPE request via https://nvd.nist.gov/products/cpe/request-cpe
Microsoft SymCrypt,cpe:2.3:a:microsoft:symcrypt:103.11.0:*:*:*:*:*:*:*,microsoft,symcrypt,exact,matched,https://nvd.nist.gov/products/cpe/search#results?namingFormat=2.3&keyword=microsoft%20symcrypt,2026-07-14,2026-07-14,not in regen,,,
MikroTik RouterOS,,,,,not_found,,2026-04-01,2026-07-11,not in regen,mikrotik-routeros,cpe_not_found_pending_nvd,'MikroTik RouterOS' not yet indexed in NVD CPE dictionary. PQC-specific products are emerging; re-verify when NVD CPE 2.3 coverage expands. Consider submitting CPE request via https://nvd.nist.gov/products/cpe/request-cpe
Mimecast Cloud Integrated,,,,,not_found,,2026-04-01,2026-07-11,not in regen,mimecast-cloud-integrated,cpe_not_found_pending_nvd,'Mimecast Cloud Integrated' not yet indexed in NVD CPE dictionary. PQC-specific products are emerging; re-verify when NVD CPE 2.3 coverage expands. Consider submitting CPE request via https://nvd.nist.gov/products/cpe/request-cpe
MinIO Enterprise,cpe:2.3:a:miniorange:oauth_single_sign_on:48.4.9:*:*:*:enterprise:wordpress:*:*,miniorange,oauth_single_sign_on,partial,partial,https://nvd.nist.gov/products/cpe/search#results?namingFormat=2.3&keyword=minio%20enterprise,2026-04-01,2026-07-11,not in regen,minio-enterprise,cpe_partial_match,Partial CPE match for 'MinIO Enterprise'; version qualifier absent. Verify against NVD: https://nvd.nist.gov/products/cpe/search#results?namingFormat=2.3&keyword=minio%20enterprise.
mlkem-native,,,,,not_found,,2026-07-14,2026-07-14,not in regen,,,
MongoDB Queryable Encryption,,,,,not_found,,2026-04-01,2026-07-11,not in regen,mongodb-queryable-encryption,cpe_not_found_pending_nvd,'MongoDB Queryable Encryption' not yet indexed in NVD CPE dictionary. PQC-specific products are emerging; re-verify when NVD CPE 2.3 coverage expands. Consider submitting CPE request via https://nvd.nist.gov/products/cpe/request-cpe
Mozilla Firefox,cpe:2.3:a:mozilla:firefox:-:*:*:*:*:*:*:*,mozilla,firefox,exact,matched,https://nvd.nist.gov/products/cpe/search#results?namingFormat=2.3&keyword=mozilla%20firefox,2026-04-01,2026-07-11,not in regen,mozilla-firefox,cpe_matched,"CPE verified. Source: NVD, 2026-05-06."
MTG AG CARA,,,,,not_found,,2026-04-01,2026-07-11,not in regen,mtg-ag-cara,cpe_not_found_pending_nvd,'MTG AG CARA' not yet indexed in NVD CPE dictionary. PQC-specific products are emerging; re-verify when NVD CPE 2.3 coverage expands. Consider submitting CPE request via https://nvd.nist.gov/products/cpe/request-cpe
MTG AG CLM,,,,,not_found,,2026-04-01,2026-07-11,not in regen,mtg-ag-clm,cpe_not_found_pending_nvd,'MTG AG CLM' not yet indexed in NVD CPE dictionary. PQC-specific products are emerging; re-verify when NVD CPE 2.3 coverage expands. Consider submitting CPE request via https://nvd.nist.gov/products/cpe/request-cpe
MTG AG KMS,,,,,not_found,,2026-04-01,2026-07-11,not in regen,mtg-ag-kms,cpe_not_found_pending_nvd,'MTG AG KMS' not yet indexed in NVD CPE dictionary. PQC-specific products are emerging; re-verify when NVD CPE 2.3 coverage expands. Consider submitting CPE request via https://nvd.nist.gov/products/cpe/request-cpe
Mullvad VPN App,,,,,not_found,,2026-04-01,2026-07-11,not in regen,mullvad-vpn-app,cpe_not_found_pending_nvd,'Mullvad VPN App' not yet indexed in NVD CPE dictionary. PQC-specific products are emerging; re-verify when NVD CPE 2.3 coverage expands. Consider submitting CPE request via https://nvd.nist.gov/products/cpe/request-cpe
MySQL Community Server,cpe:2.3:a:mysql:mysql_community_server:-:*:*:*:*:*:*:*,mysql,mysql_community_server,exact,matched,https://nvd.nist.gov/products/cpe/search#results?namingFormat=2.3&keyword=mysql%20community%20server,2026-04-01,2026-07-11,not in regen,mysql-community-server,cpe_matched,"CPE verified. Source: NVD, 2026-05-06."
MySQL Enterprise Encryption,,,,,not_found,,2026-04-01,2026-07-11,not in regen,mysql-enterprise-encryption,cpe_not_found_pending_nvd,'MySQL Enterprise Encryption' not yet indexed in NVD CPE dictionary. PQC-specific products are emerging; re-verify when NVD CPE 2.3 coverage expands. Consider submitting CPE request via https://nvd.nist.gov/products/cpe/request-cpe
NEC 5G Core,,,,,not_found,,2026-04-01,2026-07-11,not in regen,nec-5g-core,cpe_not_found_pending_nvd,'NEC 5G Core' not yet indexed in NVD CPE dictionary. PQC-specific products are emerging; re-verify when NVD CPE 2.3 coverage expands. Consider submitting CPE request via https://nvd.nist.gov/products/cpe/request-cpe
NetApp ONTAP 9.16,,,,,not_found,,2026-04-01,2026-07-11,not in regen,netapp-ontap-9-16,cpe_not_found_pending_nvd,'NetApp ONTAP 9.16' not yet indexed in NVD CPE dictionary. PQC-specific products are emerging; re-verify when NVD CPE 2.3 coverage expands. Consider submitting CPE request via https://nvd.nist.gov/products/cpe/request-cpe
NetSfere PQC Messaging,,,,,not_found,,2026-04-01,2026-07-11,not in regen,netsfere-pqc-messaging,cpe_not_found_pending_nvd,'NetSfere PQC Messaging' not yet indexed in NVD CPE dictionary. PQC-specific products are emerging; re-verify when NVD CPE 2.3 coverage expands. Consider submitting CPE request via https://nvd.nist.gov/products/cpe/request-cpe
Netskope Intelligent DLP,,,,,not_found,,2026-04-01,2026-07-11,not in regen,netskope-intelligent-dlp,cpe_not_found_pending_nvd,'Netskope Intelligent DLP' not yet indexed in NVD CPE dictionary. PQC-specific products are emerging; re-verify when NVD CPE 2.3 coverage expands. Consider submitting CPE request via https://nvd.nist.gov/products/cpe/request-cpe
Netskope One PQC,,,,,not_found,,2026-04-01,2026-07-11,not in regen,netskope-one-pqc,cpe_not_found_pending_nvd,'Netskope One PQC' not yet indexed in NVD CPE dictionary. PQC-specific products are emerging; re-verify when NVD CPE 2.3 coverage expands. Consider submitting CPE request via https://nvd.nist.gov/products/cpe/request-cpe
Nexus Group Certificate Manager,,,,,not_found,,2026-04-01,2026-07-11,not in regen,nexus-group-certificate-manager,cpe_not_found_pending_nvd,'Nexus Group Certificate Manager' not yet indexed in NVD CPE dictionary. PQC-specific products are emerging; re-verify when NVD CPE 2.3 coverage expands. Consider submitting CPE request via https://nvd.nist.gov/products/cpe/request-cpe
Nginx,,,,,not_found,,2026-04-01,2026-07-11,not in regen,nginx,cpe_not_found_pending_nvd,'Nginx' not yet indexed in NVD CPE dictionary. PQC-specific products are emerging; re-verify when NVD CPE 2.3 coverage expands. Consider submitting CPE request via https://nvd.nist.gov/products/cpe/request-cpe
NGINX Plus,,,,,not_found,,2026-04-01,2026-07-11,not in regen,nginx-plus,cpe_not_found_pending_nvd,'NGINX Plus' not yet indexed in NVD CPE dictionary. PQC-specific products are emerging; re-verify when NVD CPE 2.3 coverage expands. Consider submitting CPE request via https://nvd.nist.gov/products/cpe/request-cpe
NGINX Plus R33 PQC,,,,,not_found,,2026-04-01,2026-07-11,not in regen,nginx-plus-r33-pqc,cpe_not_found_pending_nvd,'NGINX Plus R33 PQC' not yet indexed in NVD CPE dictionary. PQC-specific products are emerging; re-verify when NVD CPE 2.3 coverage expands. Consider submitting CPE request via https://nvd.nist.gov/products/cpe/request-cpe
Nimbus JOSE+JWT,,,,,not_found,,2026-04-01,2026-07-11,not in regen,nimbus-jose-jwt,cpe_not_found_pending_nvd,'Nimbus JOSE+JWT' not yet indexed in NVD CPE dictionary. PQC-specific products are emerging; re-verify when NVD CPE 2.3 coverage expands. Consider submitting CPE request via https://nvd.nist.gov/products/cpe/request-cpe
NixOS,cpe:2.3:o:nixos:nix:0.5:*:*:*:*:*:*:*,nixos,nix,exact,matched,https://nvd.nist.gov/products/cpe/search#results?namingFormat=2.3&keyword=nixos%20nixos,2026-04-01,2026-07-11,not in regen,nixos,cpe_matched,"CPE verified. Source: NVD, 2026-05-06."
noble-post-quantum,,,,,not_found,,2026-04-01,2026-07-11,not in regen,noble-post-quantum,cpe_not_found_pending_nvd,'noble-post-quantum' not yet indexed in NVD CPE dictionary. PQC-specific products are emerging; re-verify when NVD CPE 2.3 coverage expands. Consider submitting CPE request via https://nvd.nist.gov/products/cpe/request-cpe
Node.js,,,,,not_found,,2026-04-01,2026-07-11,not in regen,node-js,cpe_not_found_pending_nvd,'Node.js' not yet indexed in NVD CPE dictionary. PQC-specific products are emerging; re-verify when NVD CPE 2.3 coverage expands. Consider submitting CPE request via https://nvd.nist.gov/products/cpe/request-cpe
Nokia Quantum-Safe Networks,,,,,not_found,,2026-04-01,2026-07-11,not in regen,nokia-quantum-safe-networks,cpe_not_found_pending_nvd,'Nokia Quantum-Safe Networks' not yet indexed in NVD CPE dictionary. PQC-specific products are emerging; re-verify when NVD CPE 2.3 coverage expands. Consider submitting CPE request via https://nvd.nist.gov/products/cpe/request-cpe
Nokia Quantum-Safe Railways,,,,,not_found,,2026-04-01,2026-07-11,not in regen,nokia-quantum-safe-railways,cpe_not_found_pending_nvd,'Nokia Quantum-Safe Railways' not yet indexed in NVD CPE dictionary. PQC-specific products are emerging; re-verify when NVD CPE 2.3 coverage expands. Consider submitting CPE request via https://nvd.nist.gov/products/cpe/request-cpe
NordVPN,cpe:2.3:a:nordvpn:nordvpn:6.14.28.0:*:*:*:*:*:*:*,nordvpn,nordvpn,exact,matched,https://nvd.nist.gov/products/cpe/search#results?namingFormat=2.3&keyword=nordvpn%20nordvpn,2026-04-01,2026-07-11,not in regen,nordvpn,cpe_matched,"CPE verified. Source: NVD, 2026-05-06."
Notary Project,cpe:2.3:a:notaryproject:notation:1.0.0:rc1:*:*:*:go:*:*,notaryproject,notation,partial,partial,https://nvd.nist.gov/products/cpe/search#results?namingFormat=2.3&keyword=notary%20project,2026-04-01,2026-07-11,not in regen,notary-project,cpe_partial_match,Partial CPE match for 'Notary Project'; version qualifier absent. Verify against NVD: https://nvd.nist.gov/products/cpe/search#results?namingFormat=2.3&keyword=notary%20project.
Nozomi Networks Guardian,,,,,not_found,,2026-04-01,2026-07-11,not in regen,nozomi-networks-guardian,cpe_not_found_pending_nvd,'Nozomi Networks Guardian' not yet indexed in NVD CPE dictionary. PQC-specific products are emerging; re-verify when NVD CPE 2.3 coverage expands. Consider submitting CPE request via https://nvd.nist.gov/products/cpe/request-cpe
NSS (Mozilla),,,,,not_found,,2026-04-01,2026-07-11,not in regen,nss-mozilla,cpe_not_found_pending_nvd,'NSS (Mozilla)' not yet indexed in NVD CPE dictionary. PQC-specific products are emerging; re-verify when NVD CPE 2.3 coverage expands. Consider submitting CPE request via https://nvd.nist.gov/products/cpe/request-cpe
NTT PQC Secure Transport,,,,,not_found,,2026-04-01,2026-07-11,not in regen,ntt-pqc-secure-transport,cpe_not_found_pending_nvd,'NTT PQC Secure Transport' not yet indexed in NVD CPE dictionary. PQC-specific products are emerging; re-verify when NVD CPE 2.3 coverage expands. Consider submitting CPE request via https://nvd.nist.gov/products/cpe/request-cpe
Nutanix AHV,cpe:2.3:o:nutanix:ahv:-:*:*:*:*:*:*:*,nutanix,ahv,exact,matched,https://nvd.nist.gov/products/cpe/search#results?namingFormat=2.3&keyword=nutanix%20ahv,2026-04-01,2026-07-11,not in regen,nutanix-ahv,cpe_matched,"CPE verified. Source: NVD, 2026-05-06."
Nvidia cuPQC,,,,,not_found,,2026-07-14,2026-07-14,not in regen,,,
NVIDIA cuPQC SDK,,,,,not_found,,2026-04-01,2026-07-11,not in regen,nvidia-cupqc-sdk,cpe_not_found_pending_nvd,'NVIDIA cuPQC SDK' not yet indexed in NVD CPE dictionary. PQC-specific products are emerging; re-verify when NVD CPE 2.3 coverage expands. Consider submitting CPE request via https://nvd.nist.gov/products/cpe/request-cpe
NXP EdgeLock SE051H,,,,,not_found,,2026-04-01,2026-07-11,not in regen,nxp-edgelock-se051h,cpe_not_found_pending_nvd,'NXP EdgeLock SE051H' not yet indexed in NVD CPE dictionary. PQC-specific products are emerging; re-verify when NVD CPE 2.3 coverage expands. Consider submitting CPE request via https://nvd.nist.gov/products/cpe/request-cpe
NXP i.MX 94 PQC Processor,,,,,not_found,,2026-04-01,2026-07-11,not in regen,nxp-i-mx-94-pqc-processor,cpe_not_found_pending_nvd,'NXP i.MX 94 PQC Processor' not yet indexed in NVD CPE dictionary. PQC-specific products are emerging; re-verify when NVD CPE 2.3 coverage expands. Consider submitting CPE request via https://nvd.nist.gov/products/cpe/request-cpe
NXP JCOP 4.5 P71D600,,,,,not_found,,2026-04-01,2026-07-11,not in regen,nxp-jcop-4-5-p71d600,cpe_not_found_pending_nvd,'NXP JCOP 4.5 P71D600' not yet indexed in NVD CPE dictionary. PQC-specific products are emerging; re-verify when NVD CPE 2.3 coverage expands. Consider submitting CPE request via https://nvd.nist.gov/products/cpe/request-cpe
NXP OrangeBox 2.0 PQC,,,,,not_found,,2026-04-01,2026-07-11,not in regen,nxp-orangebox-2-0-pqc,cpe_not_found_pending_nvd,'NXP OrangeBox 2.0 PQC' not yet indexed in NVD CPE dictionary. PQC-specific products are emerging; re-verify when NVD CPE 2.3 coverage expands. Consider submitting CPE request via https://nvd.nist.gov/products/cpe/request-cpe
NXP S32K5 Automotive PQC MCU,,,,,not_found,,2026-04-01,2026-07-11,not in regen,nxp-s32k5-automotive-pqc-mcu,cpe_not_found_pending_nvd,'NXP S32K5 Automotive PQC MCU' not yet indexed in NVD CPE dictionary. PQC-specific products are emerging; re-verify when NVD CPE 2.3 coverage expands. Consider submitting CPE request via https://nvd.nist.gov/products/cpe/request-cpe
NXP SE051 Secure Element,,,,,not_found,,2026-04-01,2026-07-11,not in regen,nxp-se051-secure-element,cpe_not_found_pending_nvd,'NXP SE051 Secure Element' not yet indexed in NVD CPE dictionary. PQC-specific products are emerging; re-verify when NVD CPE 2.3 coverage expands. Consider submitting CPE request via https://nvd.nist.gov/products/cpe/request-cpe
OAuth 2.0 / OpenID Connect (OIDC),,,,,not_found,,2026-04-01,2026-07-11,not in regen,oauth-2-0-openid-connect-oidc,cpe_not_found_pending_nvd,'OAuth 2.0 / OpenID Connect (OIDC)' not yet indexed in NVD CPE dictionary. PQC-specific products are emerging; re-verify when NVD CPE 2.3 coverage expands. Consider submitting CPE request via https://nvd.nist.gov/products/cpe/request-cpe
Okta Integration Network,,,,,not_found,,2026-04-01,2026-07-11,not in regen,okta-integration-network,cpe_not_found_pending_nvd,'Okta Integration Network' not yet indexed in NVD CPE dictionary. PQC-specific products are emerging; re-verify when NVD CPE 2.3 coverage expands. Consider submitting CPE request via https://nvd.nist.gov/products/cpe/request-cpe
Okta Workforce Identity,,,,,not_found,,2026-04-01,2026-07-11,not in regen,okta-workforce-identity,cpe_not_found_pending_nvd,'Okta Workforce Identity' not yet indexed in NVD CPE dictionary. PQC-specific products are emerging; re-verify when NVD CPE 2.3 coverage expands. Consider submitting CPE request via https://nvd.nist.gov/products/cpe/request-cpe
Open Quantum Safe liboqs,cpe:2.3:a:openquantumsafe:liboqs:0.10.1:-:*:*:*:*:*:*,openquantumsafe,liboqs,exact,matched,https://nvd.nist.gov/products/cpe/search#results?namingFormat=2.3&keyword=open%20quantum%20safe%20liboqs,2026-04-01,2026-07-11,not in regen,open-quantum-safe-liboqs,cpe_matched,"CPE verified. Source: NVD, 2026-05-06."
OpenSSH,cpe:2.3:a:openbsd:openssh:-:*:*:*:*:*:*:*,openbsd,openssh,exact,matched,https://nvd.nist.gov/products/cpe/search#results?namingFormat=2.3&keyword=openbsd%20openssh,2026-07-14,2026-07-14,not in regen,,,
OpenSSL,cpe:2.3:a:openssl:openssl:-:*:*:*:*:*:*:*,openssl,openssl,exact,matched,https://nvd.nist.gov/products/cpe/search#results?namingFormat=2.3&keyword=openssl%20openssl,2026-07-14,2026-07-14,not in regen,,,
openSUSE Leap,cpe:2.3:o:opensuse_project:leap:42.2:*:*:*:*:*:*:*,opensuse_project,leap,exact,matched,https://nvd.nist.gov/products/cpe/search#results?namingFormat=2.3&keyword=opensuse%20leap,2026-04-01,2026-07-11,not in regen,opensuse-leap,cpe_matched,"CPE verified. Source: NVD, 2026-05-06."
OpenText Content Cloud,,,,,not_found,,2026-04-01,2026-07-11,not in regen,opentext-content-cloud,cpe_not_found_pending_nvd,'OpenText Content Cloud' not yet indexed in NVD CPE dictionary. PQC-specific products are emerging; re-verify when NVD CPE 2.3 coverage expands. Consider submitting CPE request via https://nvd.nist.gov/products/cpe/request-cpe
OpenVPN,cpe:2.3:a:openvpn:openvpn:-:*:*:*:*:*:*:*,openvpn,openvpn,exact,matched,https://nvd.nist.gov/products/cpe/search#results?namingFormat=2.3&keyword=openvpn%20openvpn,2026-04-01,2026-07-11,not in regen,openvpn,cpe_matched,"CPE verified. Source: NVD, 2026-05-06."
OpenWrt,cpe:2.3:o:openwrt:lede:17.01:*:*:*:*:*:*:*,openwrt,lede,partial,partial,https://nvd.nist.gov/products/cpe/search#results?namingFormat=2.3&keyword=openwrt%20openwrt,2026-04-01,2026-07-11,not in regen,openwrt,cpe_partial_match,Partial CPE match for 'OpenWrt'; version qualifier absent. Verify against NVD: https://nvd.nist.gov/products/cpe/search#results?namingFormat=2.3&keyword=openwrt%20openwrt.
Opera Browser PQC,,,,,not_found,,2026-04-01,2026-07-11,not in regen,opera-browser-pqc,cpe_not_found_pending_nvd,'Opera Browser PQC' not yet indexed in NVD CPE dictionary. PQC-specific products are emerging; re-verify when NVD CPE 2.3 coverage expands. Consider submitting CPE request via https://nvd.nist.gov/products/cpe/request-cpe
OPNsense,cpe:2.3:a:opnsense:opnsense:16.1.16:*:*:*:*:*:*:*,opnsense,opnsense,exact,matched,https://nvd.nist.gov/products/cpe/search#results?namingFormat=2.3&keyword=opnsense%20opnsense,2026-04-01,2026-07-11,not in regen,opnsense,cpe_matched,"CPE verified. Source: NVD, 2026-05-06."
"OQS Docker Images (nginx, curl, haproxy)",,,,,not_found,,2026-04-01,2026-07-11,not in regen,oqs-docker-images-nginx-curl-haproxy,cpe_not_found_pending_nvd,"'OQS Docker Images (nginx, curl, haproxy)' not yet indexed in NVD CPE dictionary. PQC-specific products are emerging; re-verify when NVD CPE 2.3 coverage expands. Consider submitting CPE request via https://nvd.nist.gov/products/cpe/request-cpe"
OQS-OpenSSL Provider,,,,,not_found,,2026-04-01,2026-07-11,not in regen,oqs-openssl-provider,cpe_not_found_pending_nvd,'OQS-OpenSSL Provider' not yet indexed in NVD CPE dictionary. PQC-specific products are emerging; re-verify when NVD CPE 2.3 coverage expands. Consider submitting CPE request via https://nvd.nist.gov/products/cpe/request-cpe
oqs-provider,,,,,not_found,,2026-07-14,2026-07-14,not in regen,,,
Oracle AI Database 26ai,,,,,not_found,,2026-04-01,2026-07-11,not in regen,oracle-ai-database-26ai,cpe_not_found_pending_nvd,'Oracle AI Database 26ai' not yet indexed in NVD CPE dictionary. PQC-specific products are emerging; re-verify when NVD CPE 2.3 coverage expands. Consider submitting CPE request via https://nvd.nist.gov/products/cpe/request-cpe
Oracle Key Vault,,,,,not_found,,2026-07-14,2026-07-14,not in regen,,,
Oracle Linux 9.7,,,,,not_found,,2026-04-01,2026-07-11,not in regen,oracle-linux-9-7,cpe_not_found_pending_nvd,'Oracle Linux 9.7' not yet indexed in NVD CPE dictionary. PQC-specific products are emerging; re-verify when NVD CPE 2.3 coverage expands. Consider submitting CPE request via https://nvd.nist.gov/products/cpe/request-cpe
Orange Business PQC WAN,,,,,not_found,,2026-04-01,2026-07-11,not in regen,orange-business-pqc-wan,cpe_not_found_pending_nvd,'Orange Business PQC WAN' not yet indexed in NVD CPE dictionary. PQC-specific products are emerging; re-verify when NVD CPE 2.3 coverage expands. Consider submitting CPE request via https://nvd.nist.gov/products/cpe/request-cpe
OVHcloud QRNG SSL,,,,,not_found,,2026-04-01,2026-07-11,not in regen,ovhcloud-qrng-ssl,cpe_not_found_pending_nvd,'OVHcloud QRNG SSL' not yet indexed in NVD CPE dictionary. PQC-specific products are emerging; re-verify when NVD CPE 2.3 coverage expands. Consider submitting CPE request via https://nvd.nist.gov/products/cpe/request-cpe
PacketLight PQC Optical Encryption,,,,,not_found,,2026-04-01,2026-07-11,not in regen,packetlight-pqc-optical-encryption,cpe_not_found_pending_nvd,'PacketLight PQC Optical Encryption' not yet indexed in NVD CPE dictionary. PQC-specific products are emerging; re-verify when NVD CPE 2.3 coverage expands. Consider submitting CPE request via https://nvd.nist.gov/products/cpe/request-cpe
Palo Alto Cortex XDR,cpe:2.3:a:paloaltonetworks:cortex_xdr_agent:5.0:*:*:*:*:*:*:*,paloaltonetworks,cortex_xdr_agent,partial,partial,https://nvd.nist.gov/products/cpe/search#results?namingFormat=2.3&keyword=palo%20alto%20cortex%20xdr,2026-04-01,2026-07-11,not in regen,palo-alto-cortex-xdr,cpe_partial_match,Partial CPE match for 'Palo Alto Cortex XDR'; version qualifier absent. Verify against NVD: https://nvd.nist.gov/products/cpe/search#results?namingFormat=2.3&keyword=palo%20alto%20cortex%20xdr.
Palo Alto GlobalProtect,,,,,not_found,,2026-04-01,2026-07-11,not in regen,palo-alto-globalprotect,cpe_not_found_pending_nvd,'Palo Alto GlobalProtect' not yet indexed in NVD CPE dictionary. PQC-specific products are emerging; re-verify when NVD CPE 2.3 coverage expands. Consider submitting CPE request via https://nvd.nist.gov/products/cpe/request-cpe
Palo Alto PAN-OS,cpe:2.3:o:paloaltonetworks:pan-os:5.1.10:*:*:*:*:*:*:*,paloaltonetworks,pan-os,exact,matched,https://nvd.nist.gov/products/cpe/search#results?namingFormat=2.3&keyword=palo%20alto%20pan-os,2026-04-01,2026-07-11,not in regen,palo-alto-pan-os,cpe_matched,"CPE verified. Source: NVD, 2026-05-06."
Palo Alto Prisma SASE,,,,,not_found,,2026-04-01,2026-07-11,not in regen,palo-alto-prisma-sase,cpe_not_found_pending_nvd,'Palo Alto Prisma SASE' not yet indexed in NVD CPE dictionary. PQC-specific products are emerging; re-verify when NVD CPE 2.3 coverage expands. Consider submitting CPE request via https://nvd.nist.gov/products/cpe/request-cpe
Palo Alto Quantum-Safe Security,,,,,not_found,,2026-04-01,2026-07-11,not in regen,palo-alto-quantum-safe-security,cpe_not_found_pending_nvd,'Palo Alto Quantum-Safe Security' not yet indexed in NVD CPE dictionary. PQC-specific products are emerging; re-verify when NVD CPE 2.3 coverage expands. Consider submitting CPE request via https://nvd.nist.gov/products/cpe/request-cpe
Paradym (Animo Solutions),,,,,not_found,,2026-04-01,2026-07-11,not in regen,paradym-animo-solutions,cpe_not_found_pending_nvd,'Paradym (Animo Solutions)' not yet indexed in NVD CPE dictionary. PQC-specific products are emerging; re-verify when NVD CPE 2.3 coverage expands. Consider submitting CPE request via https://nvd.nist.gov/products/cpe/request-cpe
Paramiko (Python SSH),,,,,not_found,,2026-04-01,2026-07-11,not in regen,paramiko-python-ssh,cpe_not_found_pending_nvd,'Paramiko (Python SSH)' not yet indexed in NVD CPE dictionary. PQC-specific products are emerging; re-verify when NVD CPE 2.3 coverage expands. Consider submitting CPE request via https://nvd.nist.gov/products/cpe/request-cpe
Patero PQC Gateway,,,,,not_found,,2026-04-01,2026-07-11,not in regen,patero-pqc-gateway,cpe_not_found_pending_nvd,'Patero PQC Gateway' not yet indexed in NVD CPE dictionary. PQC-specific products are emerging; re-verify when NVD CPE 2.3 coverage expands. Consider submitting CPE request via https://nvd.nist.gov/products/cpe/request-cpe
Payara Server,,,,,not_found,,2026-04-01,2026-07-11,not in regen,payara-server,cpe_not_found_pending_nvd,'Payara Server' not yet indexed in NVD CPE dictionary. PQC-specific products are emerging; re-verify when NVD CPE 2.3 coverage expands. Consider submitting CPE request via https://nvd.nist.gov/products/cpe/request-cpe
pfSense Community Edition,,,,,not_found,,2026-04-01,2026-07-11,not in regen,pfsense-community-edition,cpe_not_found_pending_nvd,'pfSense Community Edition' not yet indexed in NVD CPE dictionary. PQC-specific products are emerging; re-verify when NVD CPE 2.3 coverage expands. Consider submitting CPE request via https://nvd.nist.gov/products/cpe/request-cpe
Ping Identity PingFederate,cpe:2.3:a:pingidentity:pingfederate:6.10.1:*:*:*:*:*:*:*,pingidentity,pingfederate,exact,matched,https://nvd.nist.gov/products/cpe/search#results?namingFormat=2.3&keyword=ping%20identity%20pingfederate,2026-04-01,2026-07-11,not in regen,ping-identity-pingfederate,cpe_matched,"CPE verified. Source: NVD, 2026-05-06."
Polkadot/Substrate,,,,,not_found,,2026-04-01,2026-07-11,not in regen,polkadot-substrate,cpe_not_found_pending_nvd,'Polkadot/Substrate' not yet indexed in NVD CPE dictionary. PQC-specific products are emerging; re-verify when NVD CPE 2.3 coverage expands. Consider submitting CPE request via https://nvd.nist.gov/products/cpe/request-cpe
Postfix 3.10 PQC,,,,,not_found,,2026-04-01,2026-07-11,not in regen,postfix-3-10-pqc,cpe_not_found_pending_nvd,'Postfix 3.10 PQC' not yet indexed in NVD CPE dictionary. PQC-specific products are emerging; re-verify when NVD CPE 2.3 coverage expands. Consider submitting CPE request via https://nvd.nist.gov/products/cpe/request-cpe
PostgreSQL,,,,,not_found,,2026-04-01,2026-07-11,not in regen,postgresql,cpe_not_found_pending_nvd,'PostgreSQL' not yet indexed in NVD CPE dictionary. PQC-specific products are emerging; re-verify when NVD CPE 2.3 coverage expands. Consider submitting CPE request via https://nvd.nist.gov/products/cpe/request-cpe
PostgreSQL pgcrypto,,,,,not_found,,2026-04-01,2026-07-11,not in regen,postgresql-pgcrypto,cpe_not_found_pending_nvd,'PostgreSQL pgcrypto' not yet indexed in NVD CPE dictionary. PQC-specific products are emerging; re-verify when NVD CPE 2.3 coverage expands. Consider submitting CPE request via https://nvd.nist.gov/products/cpe/request-cpe
PowerDNS PQC DNSSEC,,,,,not_found,,2026-04-01,2026-07-11,not in regen,powerdns-pqc-dnssec,cpe_not_found_pending_nvd,'PowerDNS PQC DNSSEC' not yet indexed in NVD CPE dictionary. PQC-specific products are emerging; re-verify when NVD CPE 2.3 coverage expands. Consider submitting CPE request via https://nvd.nist.gov/products/cpe/request-cpe
PQ Code Package,,,,,not_found,,2026-04-01,2026-07-11,not in regen,pq-code-package,cpe_not_found_pending_nvd,'PQ Code Package' not yet indexed in NVD CPE dictionary. PQC-specific products are emerging; re-verify when NVD CPE 2.3 coverage expands. Consider submitting CPE request via https://nvd.nist.gov/products/cpe/request-cpe
pqc-flow,,,,,not_found,,2026-04-01,2026-07-11,not in regen,pqc-flow,cpe_not_found_pending_nvd,'pqc-flow' not yet indexed in NVD CPE dictionary. PQC-specific products are emerging; re-verify when NVD CPE 2.3 coverage expands. Consider submitting CPE request via https://nvd.nist.gov/products/cpe/request-cpe
PQC-LEO,,,,,not_found,,2026-04-01,2026-07-11,not in regen,pqc-leo,cpe_not_found_pending_nvd,'PQC-LEO' not yet indexed in NVD CPE dictionary. PQC-specific products are emerging; re-verify when NVD CPE 2.3 coverage expands. Consider submitting CPE request via https://nvd.nist.gov/products/cpe/request-cpe
pQCee CNG Provider,,,,,not_found,,2026-04-01,2026-07-11,not in regen,pqcee-cng-provider,cpe_not_found_pending_nvd,'pQCee CNG Provider' not yet indexed in NVD CPE dictionary. PQC-specific products are emerging; re-verify when NVD CPE 2.3 coverage expands. Consider submitting CPE request via https://nvd.nist.gov/products/cpe/request-cpe
PQChat Quantum-Safe Messaging,,,,,not_found,,2026-04-01,2026-07-11,not in regen,pqchat-quantum-safe-messaging,cpe_not_found_pending_nvd,'PQChat Quantum-Safe Messaging' not yet indexed in NVD CPE dictionary. PQC-specific products are emerging; re-verify when NVD CPE 2.3 coverage expands. Consider submitting CPE request via https://nvd.nist.gov/products/cpe/request-cpe
PQClean,cpe:2.3:a:pqclean_project:pqclean:-:*:*:*:*:*:*:*,pqclean_project,pqclean,exact,matched,https://nvd.nist.gov/products/cpe/search#results?namingFormat=2.3&keyword=pqclean%20pqclean,2026-04-01,2026-07-11,not in regen,pqclean,cpe_matched,"CPE verified. Source: NVD, 2026-05-06."
pqcrypto,,,,,not_found,,2026-07-14,2026-07-14,not in regen,,,
pqcrypto Python Library,,,,,not_found,,2026-04-01,2026-07-11,not in regen,pqcrypto-python-library,cpe_not_found_pending_nvd,'pqcrypto Python Library' not yet indexed in NVD CPE dictionary. PQC-specific products are emerging; re-verify when NVD CPE 2.3 coverage expands. Consider submitting CPE request via https://nvd.nist.gov/products/cpe/request-cpe
PQCryptoLib-Core,,,,,not_found,,2026-04-01,2026-07-11,not in regen,pqcryptolib-core,cpe_not_found_pending_nvd,'PQCryptoLib-Core' not yet indexed in NVD CPE dictionary. PQC-specific products are emerging; re-verify when NVD CPE 2.3 coverage expands. Consider submitting CPE request via https://nvd.nist.gov/products/cpe/request-cpe
pqcscan,,,,,not_found,,2026-04-01,2026-07-11,not in regen,pqcscan,cpe_not_found_pending_nvd,'pqcscan' not yet indexed in NVD CPE dictionary. PQC-specific products are emerging; re-verify when NVD CPE 2.3 coverage expands. Consider submitting CPE request via https://nvd.nist.gov/products/cpe/request-cpe
pqm4,,,,,not_found,,2026-07-14,2026-07-14,not in regen,,,
PQMicroLib-Core,,,,,not_found,,2026-04-01,2026-07-11,not in regen,pqmicrolib-core,cpe_not_found_pending_nvd,'PQMicroLib-Core' not yet indexed in NVD CPE dictionary. PQC-specific products are emerging; re-verify when NVD CPE 2.3 coverage expands. Consider submitting CPE request via https://nvd.nist.gov/products/cpe/request-cpe
PQSecure Technologies HW IP,,,,,not_found,,2026-04-01,2026-07-11,not in regen,pqsecure-technologies-hw-ip,cpe_not_found_pending_nvd,'PQSecure Technologies HW IP' not yet indexed in NVD CPE dictionary. PQC-specific products are emerging; re-verify when NVD CPE 2.3 coverage expands. Consider submitting CPE request via https://nvd.nist.gov/products/cpe/request-cpe
PQShield Core,,,,,not_found,,2026-04-01,2026-07-11,not in regen,pqshield-core,cpe_not_found_pending_nvd,'PQShield Core' not yet indexed in NVD CPE dictionary. PQC-specific products are emerging; re-verify when NVD CPE 2.3 coverage expands. Consider submitting CPE request via https://nvd.nist.gov/products/cpe/request-cpe
PQShield PQE2E Messaging SDK,,,,,not_found,,2026-04-01,2026-07-11,not in regen,pqshield-pqe2e-messaging-sdk,cpe_not_found_pending_nvd,'PQShield PQE2E Messaging SDK' not yet indexed in NVD CPE dictionary. PQC-specific products are emerging; re-verify when NVD CPE 2.3 coverage expands. Consider submitting CPE request via https://nvd.nist.gov/products/cpe/request-cpe
PQShield PQSDK,,,,,not_found,,2026-07-14,2026-07-14,not in regen,,,
Procivis One,,,,,not_found,,2026-04-01,2026-07-11,not in regen,procivis-one,cpe_not_found_pending_nvd,'Procivis One' not yet indexed in NVD CPE dictionary. PQC-specific products are emerging; re-verify when NVD CPE 2.3 coverage expands. Consider submitting CPE request via https://nvd.nist.gov/products/cpe/request-cpe
Project Eleven Solana PQC,,,,,not_found,,2026-07-14,,,,,
Proofpoint Aegis,,,,,not_found,,2026-04-01,2026-07-11,not in regen,proofpoint-aegis,cpe_not_found_pending_nvd,'Proofpoint Aegis' not yet indexed in NVD CPE dictionary. PQC-specific products are emerging; re-verify when NVD CPE 2.3 coverage expands. Consider submitting CPE request via https://nvd.nist.gov/products/cpe/request-cpe
Protect AI Guardian,,,,,not_found,,2026-04-01,2026-07-11,not in regen,protect-ai-guardian,cpe_not_found_pending_nvd,'Protect AI Guardian' not yet indexed in NVD CPE dictionary. PQC-specific products are emerging; re-verify when NVD CPE 2.3 coverage expands. Consider submitting CPE request via https://nvd.nist.gov/products/cpe/request-cpe
Proton Mail,,,,,not_found,,2026-04-01,2026-07-11,not in regen,proton-mail,cpe_not_found_pending_nvd,'Proton Mail' not yet indexed in NVD CPE dictionary. PQC-specific products are emerging; re-verify when NVD CPE 2.3 coverage expands. Consider submitting CPE request via https://nvd.nist.gov/products/cpe/request-cpe
Proton Mail PQC OpenPGP,,,,,not_found,,2026-04-01,2026-07-11,not in regen,proton-mail-pqc-openpgp,cpe_not_found_pending_nvd,'Proton Mail PQC OpenPGP' not yet indexed in NVD CPE dictionary. PQC-specific products are emerging; re-verify when NVD CPE 2.3 coverage expands. Consider submitting CPE request via https://nvd.nist.gov/products/cpe/request-cpe
Proton VPN,,,,,not_found,,2026-04-01,2026-07-11,not in regen,proton-vpn,cpe_not_found_pending_nvd,'Proton VPN' not yet indexed in NVD CPE dictionary. PQC-specific products are emerging; re-verify when NVD CPE 2.3 coverage expands. Consider submitting CPE request via https://nvd.nist.gov/products/cpe/request-cpe
Pure Storage Purity//FA 6.6,cpe:2.3:a:purestorage:purity\/\/fa:6.6.0:*:*:*:*:*:*:*,purestorage,purity\/\/fa,partial,partial,https://nvd.nist.gov/products/cpe/search#results?namingFormat=2.3&keyword=pure%20storage%20purity//fa%206.6,2026-04-01,2026-07-11,not in regen,pure-storage-purity-fa-6-6,cpe_partial_match,Partial CPE match for 'Pure Storage Purity//FA 6.6'; version qualifier absent. Verify against NVD: https://nvd.nist.gov/products/cpe/search#results?namingFormat=2.3&keyword=pure%20storage%20purity//fa%206.6.
PuTTY,,,,,not_found,,2026-04-01,2026-07-11,not in regen,putty,cpe_not_found_pending_nvd,'PuTTY' not yet indexed in NVD CPE dictionary. PQC-specific products are emerging; re-verify when NVD CPE 2.3 coverage expands. Consider submitting CPE request via https://nvd.nist.gov/products/cpe/request-cpe
PyCryptodome,,,,,not_found,,2026-04-01,2026-07-11,not in regen,pycryptodome,cpe_not_found_pending_nvd,'PyCryptodome' not yet indexed in NVD CPE dictionary. PQC-specific products are emerging; re-verify when NVD CPE 2.3 coverage expands. Consider submitting CPE request via https://nvd.nist.gov/products/cpe/request-cpe
PyJWT,cpe:2.3:a:pyjwt_project:pyjwt:0.1.6:*:*:*:*:*:*:*,pyjwt_project,pyjwt,exact,matched,https://nvd.nist.gov/products/cpe/search#results?namingFormat=2.3&keyword=pyjwt%20pyjwt,2026-04-01,2026-07-11,not in regen,pyjwt,cpe_matched,"CPE verified. Source: NVD, 2026-05-06."
Q-CORE Q-Scanner,,,,,not_found,,2026-04-01,2026-07-11,not in regen,q-core-q-scanner,cpe_not_found_pending_nvd,'Q-CORE Q-Scanner' not yet indexed in NVD CPE dictionary. PQC-specific products are emerging; re-verify when NVD CPE 2.3 coverage expands. Consider submitting CPE request via https://nvd.nist.gov/products/cpe/request-cpe
QAN XLINK PQC,,,,,not_found,,2026-04-01,2026-07-11,not in regen,qan-xlink-pqc,cpe_not_found_pending_nvd,'QAN XLINK PQC' not yet indexed in NVD CPE dictionary. PQC-specific products are emerging; re-verify when NVD CPE 2.3 coverage expands. Consider submitting CPE request via https://nvd.nist.gov/products/cpe/request-cpe
QApp PQC TLS Gateway (Russia),,,,,not_found,,2026-04-01,2026-07-11,not in regen,qapp-pqc-tls-gateway-russia,cpe_not_found_pending_nvd,'QApp PQC TLS Gateway (Russia)' not yet indexed in NVD CPE dictionary. PQC-specific products are emerging; re-verify when NVD CPE 2.3 coverage expands. Consider submitting CPE request via https://nvd.nist.gov/products/cpe/request-cpe
Qatar QC2 Quantum Center,,,,,not_found,,2026-04-01,2026-07-11,not in regen,qatar-qc2-quantum-center,cpe_not_found_pending_nvd,'Qatar QC2 Quantum Center' not yet indexed in NVD CPE dictionary. PQC-specific products are emerging; re-verify when NVD CPE 2.3 coverage expands. Consider submitting CPE request via https://nvd.nist.gov/products/cpe/request-cpe
QNu Labs QShield,,,,,not_found,,2026-04-01,2026-07-11,not in regen,qnu-labs-qshield,cpe_not_found_pending_nvd,'QNu Labs QShield' not yet indexed in NVD CPE dictionary. PQC-specific products are emerging; re-verify when NVD CPE 2.3 coverage expands. Consider submitting CPE request via https://nvd.nist.gov/products/cpe/request-cpe
QRL,,,,,not_found,,2026-04-01,2026-07-11,not in regen,qrl,cpe_not_found_pending_nvd,'QRL' not yet indexed in NVD CPE dictionary. PQC-specific products are emerging; re-verify when NVD CPE 2.3 coverage expands. Consider submitting CPE request via https://nvd.nist.gov/products/cpe/request-cpe
QRL 2.0 (Quantum Resistant Ledger),,,,,not_found,,2026-04-01,2026-07-11,not in regen,qrl-2-0-quantum-resistant-ledger,cpe_not_found_pending_nvd,'QRL 2.0 (Quantum Resistant Ledger)' not yet indexed in NVD CPE dictionary. PQC-specific products are emerging; re-verify when NVD CPE 2.3 coverage expands. Consider submitting CPE request via https://nvd.nist.gov/products/cpe/request-cpe
Qrypt BLAST SDK,,,,,not_found,,2026-04-01,2026-07-11,not in regen,qrypt-blast-sdk,cpe_not_found_pending_nvd,'Qrypt BLAST SDK' not yet indexed in NVD CPE dictionary. PQC-specific products are emerging; re-verify when NVD CPE 2.3 coverage expands. Consider submitting CPE request via https://nvd.nist.gov/products/cpe/request-cpe
Qrypt VPN for NVIDIA Jetson,,,,,not_found,,2026-04-01,2026-07-11,not in regen,qrypt-vpn-for-nvidia-jetson,cpe_not_found_pending_nvd,'Qrypt VPN for NVIDIA Jetson' not yet indexed in NVD CPE dictionary. PQC-specific products are emerging; re-verify when NVD CPE 2.3 coverage expands. Consider submitting CPE request via https://nvd.nist.gov/products/cpe/request-cpe
Qualcomm Snapdragon SPU,,,,,not_found,,2026-04-01,2026-07-11,not in regen,qualcomm-snapdragon-spu,cpe_not_found_pending_nvd,'Qualcomm Snapdragon SPU' not yet indexed in NVD CPE dictionary. PQC-specific products are emerging; re-verify when NVD CPE 2.3 coverage expands. Consider submitting CPE request via https://nvd.nist.gov/products/cpe/request-cpe
Qualcomm Snapdragon Trusted Execution Environment,,,,,not_found,,2026-04-01,2026-07-11,not in regen,qualcomm-snapdragon-trusted-execution-environment,cpe_not_found_pending_nvd,'Qualcomm Snapdragon Trusted Execution Environment' not yet indexed in NVD CPE dictionary. PQC-specific products are emerging; re-verify when NVD CPE 2.3 coverage expands. Consider submitting CPE request via https://nvd.nist.gov/products/cpe/request-cpe
Qualys Cloud Platform,cpe:2.3:a:qualys:private_cloud_platform:10.24.0.0:*:*:*:*:*:*:*,qualys,private_cloud_platform,exact,matched,https://nvd.nist.gov/products/cpe/search#results?namingFormat=2.3&keyword=qualys%20cloud%20platform,2026-04-01,2026-07-11,not in regen,qualys-cloud-platform,cpe_matched,"CPE verified. Source: NVD, 2026-05-06."
Quantinuum Quantum Origin,,,,,not_found,,2026-04-01,2026-07-11,not in regen,quantinuum-quantum-origin,cpe_not_found_pending_nvd,'Quantinuum Quantum Origin' not yet indexed in NVD CPE dictionary. PQC-specific products are emerging; re-verify when NVD CPE 2.3 coverage expands. Consider submitting CPE request via https://nvd.nist.gov/products/cpe/request-cpe
Quantropi QiSpace STM32,,,,,not_found,,2026-04-01,2026-07-11,not in regen,quantropi-qispace-stm32,cpe_not_found_pending_nvd,'Quantropi QiSpace STM32' not yet indexed in NVD CPE dictionary. PQC-specific products are emerging; re-verify when NVD CPE 2.3 coverage expands. Consider submitting CPE request via https://nvd.nist.gov/products/cpe/request-cpe
Quantum Bridge DSKE,,,,,not_found,,2026-04-01,2026-07-11,not in regen,quantum-bridge-dske,cpe_not_found_pending_nvd,'Quantum Bridge DSKE' not yet indexed in NVD CPE dictionary. PQC-specific products are emerging; re-verify when NVD CPE 2.3 coverage expands. Consider submitting CPE request via https://nvd.nist.gov/products/cpe/request-cpe
Quantum eMotion Sentry-Q,,,,,not_found,,2026-04-01,2026-07-11,not in regen,quantum-emotion-sentry-q,cpe_not_found_pending_nvd,'Quantum eMotion Sentry-Q' not yet indexed in NVD CPE dictionary. PQC-specific products are emerging; re-verify when NVD CPE 2.3 coverage expands. Consider submitting CPE request via https://nvd.nist.gov/products/cpe/request-cpe
Quantum Leap Africa (AIMS),,,,,not_found,,2026-04-01,2026-07-11,not in regen,quantum-leap-africa-aims,cpe_not_found_pending_nvd,'Quantum Leap Africa (AIMS)' not yet indexed in NVD CPE dictionary. PQC-specific products are emerging; re-verify when NVD CPE 2.3 coverage expands. Consider submitting CPE request via https://nvd.nist.gov/products/cpe/request-cpe
Quantum Xchange Platform,,,,,not_found,,2026-04-01,2026-07-11,not in regen,quantum-xchange-platform,cpe_not_found_pending_nvd,'Quantum Xchange Platform' not yet indexed in NVD CPE dictionary. PQC-specific products are emerging; re-verify when NVD CPE 2.3 coverage expands. Consider submitting CPE request via https://nvd.nist.gov/products/cpe/request-cpe
QuantumCTek PQC Chip,,,,,not_found,,2026-04-01,2026-07-11,not in regen,quantumctek-pqc-chip,cpe_not_found_pending_nvd,'QuantumCTek PQC Chip' not yet indexed in NVD CPE dictionary. PQC-specific products are emerging; re-verify when NVD CPE 2.3 coverage expands. Consider submitting CPE request via https://nvd.nist.gov/products/cpe/request-cpe
QuintessenceLabs qSOC,,,,,not_found,,2026-04-01,2026-07-11,not in regen,quintessencelabs-qsoc,cpe_not_found_pending_nvd,'QuintessenceLabs qSOC' not yet indexed in NVD CPE dictionary. PQC-specific products are emerging; re-verify when NVD CPE 2.3 coverage expands. Consider submitting CPE request via https://nvd.nist.gov/products/cpe/request-cpe
QuintessenceLabs qStream,,,,,not_found,,2026-04-01,2026-07-11,not in regen,quintessencelabs-qstream,cpe_not_found_pending_nvd,'QuintessenceLabs qStream' not yet indexed in NVD CPE dictionary. PQC-specific products are emerging; re-verify when NVD CPE 2.3 coverage expands. Consider submitting CPE request via https://nvd.nist.gov/products/cpe/request-cpe
Quranium PQC Blockchain,,,,,not_found,,2026-04-01,2026-07-11,not in regen,quranium-pqc-blockchain,cpe_not_found_pending_nvd,'Quranium PQC Blockchain' not yet indexed in NVD CPE dictionary. PQC-specific products are emerging; re-verify when NVD CPE 2.3 coverage expands. Consider submitting CPE request via https://nvd.nist.gov/products/cpe/request-cpe
QuSecure QuProtect R3,,,,,not_found,,2026-07-14,,,,,
QuSecure QuProtect Tactical,,,,,not_found,,2026-04-01,2026-07-11,not in regen,qusecure-quprotect-tactical,cpe_not_found_pending_nvd,'QuSecure QuProtect Tactical' not yet indexed in NVD CPE dictionary. PQC-specific products are emerging; re-verify when NVD CPE 2.3 coverage expands. Consider submitting CPE request via https://nvd.nist.gov/products/cpe/request-cpe
QVerse,,,,,not_found,,2026-04-01,2026-07-11,not in regen,qverse,cpe_not_found_pending_nvd,'QVerse' not yet indexed in NVD CPE dictionary. PQC-specific products are emerging; re-verify when NVD CPE 2.3 coverage expands. Consider submitting CPE request via https://nvd.nist.gov/products/cpe/request-cpe
R3 Corda,cpe:2.3:a:r3:corda:4.1:*:*:*:open_source:*:*:*,r3,corda,exact,matched,https://nvd.nist.gov/products/cpe/search#results?namingFormat=2.3&keyword=r3%20corda,2026-04-01,2026-07-11,not in regen,r3-corda,cpe_matched,"CPE verified. Source: NVD, 2026-05-06."
Rakuten Symphony (Symworld),,,,,not_found,,2026-04-01,2026-07-11,not in regen,rakuten-symphony-symworld,cpe_not_found_pending_nvd,'Rakuten Symphony (Symworld)' not yet indexed in NVD CPE dictionary. PQC-specific products are emerging; re-verify when NVD CPE 2.3 coverage expands. Consider submitting CPE request via https://nvd.nist.gov/products/cpe/request-cpe
Rambus QSE IP,,,,,not_found,,2026-04-01,2026-07-11,not in regen,rambus-qse-ip,cpe_not_found_pending_nvd,'Rambus QSE IP' not yet indexed in NVD CPE dictionary. PQC-specific products are emerging; re-verify when NVD CPE 2.3 coverage expands. Consider submitting CPE request via https://nvd.nist.gov/products/cpe/request-cpe
Rapid7 InsightVM,cpe:2.3:a:rapid7:insightvm:6.4.31:*:*:*:*:*:*:*,rapid7,insightvm,exact,matched,https://nvd.nist.gov/products/cpe/search#results?namingFormat=2.3&keyword=rapid7%20insightvm,2026-04-01,2026-07-11,not in regen,rapid7-insightvm,cpe_matched,"CPE verified. Source: NVD, 2026-05-06."
Recorded Future,,,,,not_found,,2026-04-01,2026-07-11,not in regen,recorded-future,cpe_not_found_pending_nvd,'Recorded Future' not yet indexed in NVD CPE dictionary. PQC-specific products are emerging; re-verify when NVD CPE 2.3 coverage expands. Consider submitting CPE request via https://nvd.nist.gov/products/cpe/request-cpe
Red Hat Enterprise Linux 10 PQC,,,,,not_found,,2026-04-01,2026-07-11,not in regen,red-hat-enterprise-linux-10-pqc,cpe_not_found_pending_nvd,'Red Hat Enterprise Linux 10 PQC' not yet indexed in NVD CPE dictionary. PQC-specific products are emerging; re-verify when NVD CPE 2.3 coverage expands. Consider submitting CPE request via https://nvd.nist.gov/products/cpe/request-cpe
Red Hat Enterprise Linux 9,cpe:2.3:o:redhat:enterprise_linux:9.0:*:*:*:*:*:*:*,redhat,enterprise_linux,exact,matched,https://nvd.nist.gov/products/cpe/search#results?namingFormat=2.3&keyword=red%20hat%20enterprise%20linux%209,2026-04-01,2026-07-11,not in regen,red-hat-enterprise-linux-9,cpe_matched,"CPE verified. Source: NVD, 2026-05-06."
Red Hat OpenShift,cpe:2.3:a:redhat:openshift:2.0.5:*:enterprise:*:*:*:*:*,redhat,openshift,exact,matched,https://nvd.nist.gov/products/cpe/search#results?namingFormat=2.3&keyword=red%20hat%20openshift,2026-04-01,2026-07-11,not in regen,red-hat-openshift,cpe_matched,"CPE verified. Source: NVD, 2026-05-06."
Red Hat OpenShift Service Mesh PQC,,,,,not_found,,2026-04-01,2026-07-11,not in regen,red-hat-openshift-service-mesh-pqc,cpe_not_found_pending_nvd,'Red Hat OpenShift Service Mesh PQC' not yet indexed in NVD CPE dictionary. PQC-specific products are emerging; re-verify when NVD CPE 2.3 coverage expands. Consider submitting CPE request via https://nvd.nist.gov/products/cpe/request-cpe
Redis,,,,,not_found,,2026-04-01,2026-07-11,not in regen,redis,cpe_not_found_pending_nvd,'Redis' not yet indexed in NVD CPE dictionary. PQC-specific products are emerging; re-verify when NVD CPE 2.3 coverage expands. Consider submitting CPE request via https://nvd.nist.gov/products/cpe/request-cpe
Renesas Veridify PQC for RA MCUs,,,,,not_found,,2026-04-01,2026-07-11,not in regen,renesas-veridify-pqc-for-ra-mcus,cpe_not_found_pending_nvd,'Renesas Veridify PQC for RA MCUs' not yet indexed in NVD CPE dictionary. PQC-specific products are emerging; re-verify when NVD CPE 2.3 coverage expands. Consider submitting CPE request via https://nvd.nist.gov/products/cpe/request-cpe
Resquant Crypto Accelerator,,,,,not_found,,2026-04-01,2026-07-11,not in regen,resquant-crypto-accelerator,cpe_not_found_pending_nvd,'Resquant Crypto Accelerator' not yet indexed in NVD CPE dictionary. PQC-specific products are emerging; re-verify when NVD CPE 2.3 coverage expands. Consider submitting CPE request via https://nvd.nist.gov/products/cpe/request-cpe
Rocky Linux,,,,,not_found,,2026-04-01,2026-07-11,not in regen,rocky-linux,cpe_not_found_pending_nvd,'Rocky Linux' not yet indexed in NVD CPE dictionary. PQC-specific products are emerging; re-verify when NVD CPE 2.3 coverage expands. Consider submitting CPE request via https://nvd.nist.gov/products/cpe/request-cpe
RPM Signing (rpm-sign),,,,,not_found,,2026-04-01,2026-07-11,not in regen,rpm-signing-rpm-sign,cpe_not_found_pending_nvd,'RPM Signing (rpm-sign)' not yet indexed in NVD CPE dictionary. PQC-specific products are emerging; re-verify when NVD CPE 2.3 coverage expands. Consider submitting CPE request via https://nvd.nist.gov/products/cpe/request-cpe
Rubrik Security Cloud,,,,,not_found,,2026-04-01,2026-07-11,not in regen,rubrik-security-cloud,cpe_not_found_pending_nvd,'Rubrik Security Cloud' not yet indexed in NVD CPE dictionary. PQC-specific products are emerging; re-verify when NVD CPE 2.3 coverage expands. Consider submitting CPE request via https://nvd.nist.gov/products/cpe/request-cpe
RustCrypto ml-dsa,,,,,not_found,,2026-07-14,2026-07-14,not in regen,,,
RustCrypto ml-kem,,,,,not_found,,2026-07-14,2026-07-14,not in regen,,,
RustCrypto slh-dsa,,,,,not_found,,2026-07-14,2026-07-14,not in regen,,,
rustls,cpe:2.3:a:rustls_project:rustls:0.1.0:*:*:*:*:*:*:*,rustls_project,rustls,exact,matched,https://nvd.nist.gov/products/cpe/search#results?namingFormat=2.3&keyword=rustls%20rustls,2026-07-14,2026-07-14,not in regen,,,
SafeLogic CryptoComply,,,,,not_found,,2026-07-14,2026-07-14,not in regen,,,
SAML 2.0,,,,,not_found,,2026-04-01,2026-07-11,not in regen,saml-2-0,cpe_not_found_pending_nvd,'SAML 2.0' not yet indexed in NVD CPE dictionary. PQC-specific products are emerging; re-verify when NVD CPE 2.3 coverage expands. Consider submitting CPE request via https://nvd.nist.gov/products/cpe/request-cpe
Samsung Knox Quantum-Safe,,,,,not_found,,2026-04-01,2026-07-11,not in regen,samsung-knox-quantum-safe,cpe_not_found_pending_nvd,'Samsung Knox Quantum-Safe' not yet indexed in NVD CPE dictionary. PQC-specific products are emerging; re-verify when NVD CPE 2.3 coverage expands. Consider submitting CPE request via https://nvd.nist.gov/products/cpe/request-cpe
Samsung Networks 5G Core,,,,,not_found,,2026-04-01,2026-07-11,not in regen,samsung-networks-5g-core,cpe_not_found_pending_nvd,'Samsung Networks 5G Core' not yet indexed in NVD CPE dictionary. PQC-specific products are emerging; re-verify when NVD CPE 2.3 coverage expands. Consider submitting CPE request via https://nvd.nist.gov/products/cpe/request-cpe
Samsung S3SSE2A eSE,,,,,not_found,,2026-04-01,2026-07-11,not in regen,samsung-s3sse2a-ese,cpe_not_found_pending_nvd,'Samsung S3SSE2A eSE' not yet indexed in NVD CPE dictionary. PQC-specific products are emerging; re-verify when NVD CPE 2.3 coverage expands. Consider submitting CPE request via https://nvd.nist.gov/products/cpe/request-cpe
Samsung SDS S-CAPE PQC Platform,,,,,not_found,,2026-04-01,2026-07-11,not in regen,samsung-sds-s-cape-pqc-platform,cpe_not_found_pending_nvd,'Samsung SDS S-CAPE PQC Platform' not yet indexed in NVD CPE dictionary. PQC-specific products are emerging; re-verify when NVD CPE 2.3 coverage expands. Consider submitting CPE request via https://nvd.nist.gov/products/cpe/request-cpe
SandboxAQ AQtive Guard,,,,,not_found,,2026-07-14,,,,,
SandboxAQ Sandwich,,,,,not_found,,2026-04-01,2026-07-11,not in regen,sandboxaq-sandwich,cpe_not_found_pending_nvd,'SandboxAQ Sandwich' not yet indexed in NVD CPE dictionary. PQC-specific products are emerging; re-verify when NVD CPE 2.3 coverage expands. Consider submitting CPE request via https://nvd.nist.gov/products/cpe/request-cpe
SAP Cryptographic Library,,,,,not_found,,2026-07-14,2026-07-14,not in regen,,,
SAP Cryptographic Library 8.6 PQC,,,,,not_found,,2026-04-01,2026-07-11,not in regen,sap-cryptographic-library-8-6-pqc,cpe_not_found_pending_nvd,'SAP Cryptographic Library 8.6 PQC' not yet indexed in NVD CPE dictionary. PQC-specific products are emerging; re-verify when NVD CPE 2.3 coverage expands. Consider submitting CPE request via https://nvd.nist.gov/products/cpe/request-cpe
Scality RING9,,,,,not_found,,2026-04-01,2026-07-11,not in regen,scality-ring9,cpe_not_found_pending_nvd,'Scality RING9' not yet indexed in NVD CPE dictionary. PQC-specific products are emerging; re-verify when NVD CPE 2.3 coverage expands. Consider submitting CPE request via https://nvd.nist.gov/products/cpe/request-cpe
SEALSQ QS7001,,,,,not_found,,2026-04-01,2026-07-11,not in regen,sealsq-qs7001,cpe_not_found_pending_nvd,'SEALSQ QS7001' not yet indexed in NVD CPE dictionary. PQC-specific products are emerging; re-verify when NVD CPE 2.3 coverage expands. Consider submitting CPE request via https://nvd.nist.gov/products/cpe/request-cpe
SEALSQ Quantum Shield,,,,,not_found,,2026-07-14,,,,,
SEALSQ QVault TPM,,,,,not_found,,2026-04-01,2026-07-11,not in regen,sealsq-qvault-tpm,cpe_not_found_pending_nvd,'SEALSQ QVault TPM' not yet indexed in NVD CPE dictionary. PQC-specific products are emerging; re-verify when NVD CPE 2.3 coverage expands. Consider submitting CPE request via https://nvd.nist.gov/products/cpe/request-cpe
SECQAI Q-Locked TPM (Taiwan/TSMC),,,,,not_found,,2026-04-01,2026-07-11,not in regen,secqai-q-locked-tpm-taiwan-tsmc,cpe_not_found_pending_nvd,'SECQAI Q-Locked TPM (Taiwan/TSMC)' not yet indexed in NVD CPE dictionary. PQC-specific products are emerging; re-verify when NVD CPE 2.3 coverage expands. Consider submitting CPE request via https://nvd.nist.gov/products/cpe/request-cpe
Sectigo 2026 Predictions,,,,,not_found,,2026-04-01,2026-07-11,not in regen,sectigo-2026-predictions,cpe_not_found_pending_nvd,'Sectigo 2026 Predictions' not yet indexed in NVD CPE dictionary. PQC-specific products are emerging; re-verify when NVD CPE 2.3 coverage expands. Consider submitting CPE request via https://nvd.nist.gov/products/cpe/request-cpe
Sectigo Cert Manager 2026,,,,,not_found,,2026-04-01,2026-07-11,not in regen,sectigo-cert-manager-2026,cpe_not_found_pending_nvd,'Sectigo Cert Manager 2026' not yet indexed in NVD CPE dictionary. PQC-specific products are emerging; re-verify when NVD CPE 2.3 coverage expands. Consider submitting CPE request via https://nvd.nist.gov/products/cpe/request-cpe
Sectigo Certificate Manager,,,,,not_found,,2026-04-01,2026-07-11,not in regen,sectigo-certificate-manager,cpe_not_found_pending_nvd,'Sectigo Certificate Manager' not yet indexed in NVD CPE dictionary. PQC-specific products are emerging; re-verify when NVD CPE 2.3 coverage expands. Consider submitting CPE request via https://nvd.nist.gov/products/cpe/request-cpe
Sectigo Certificate Manager (SCM),,,,,not_found,,2026-04-01,2026-07-11,not in regen,sectigo-certificate-manager-scm,cpe_not_found_pending_nvd,'Sectigo Certificate Manager (SCM)' not yet indexed in NVD CPE dictionary. PQC-specific products are emerging; re-verify when NVD CPE 2.3 coverage expands. Consider submitting CPE request via https://nvd.nist.gov/products/cpe/request-cpe
Secunet SINA PQC Components,,,,,not_found,,2026-04-01,2026-07-11,not in regen,secunet-sina-pqc-components,cpe_not_found_pending_nvd,'Secunet SINA PQC Components' not yet indexed in NVD CPE dictionary. PQC-specific products are emerging; re-verify when NVD CPE 2.3 coverage expands. Consider submitting CPE request via https://nvd.nist.gov/products/cpe/request-cpe
Secure-IC Securyzr,,,,,not_found,,2026-04-01,2026-07-11,not in regen,secure-ic-securyzr,cpe_not_found_pending_nvd,'Secure-IC Securyzr' not yet indexed in NVD CPE dictionary. PQC-specific products are emerging; re-verify when NVD CPE 2.3 coverage expands. Consider submitting CPE request via https://nvd.nist.gov/products/cpe/request-cpe
Securosys CloudHSM,,,,,not_found,,2026-04-01,2026-07-11,not in regen,securosys-cloudhsm,cpe_not_found_pending_nvd,'Securosys CloudHSM' not yet indexed in NVD CPE dictionary. PQC-specific products are emerging; re-verify when NVD CPE 2.3 coverage expands. Consider submitting CPE request via https://nvd.nist.gov/products/cpe/request-cpe
Securosys Primus CyberVault PQC,,,,,not_found,,2026-04-01,2026-07-11,not in regen,securosys-primus-cybervault-pqc,cpe_not_found_pending_nvd,'Securosys Primus CyberVault PQC' not yet indexed in NVD CPE dictionary. PQC-specific products are emerging; re-verify when NVD CPE 2.3 coverage expands. Consider submitting CPE request via https://nvd.nist.gov/products/cpe/request-cpe
Securosys Primus HSM,,,,,not_found,,2026-04-01,2026-07-11,not in regen,securosys-primus-hsm,cpe_not_found_pending_nvd,'Securosys Primus HSM' not yet indexed in NVD CPE dictionary. PQC-specific products are emerging; re-verify when NVD CPE 2.3 coverage expands. Consider submitting CPE request via https://nvd.nist.gov/products/cpe/request-cpe
Senetas CN7000 Series,,,,,not_found,,2026-04-01,2026-07-11,not in regen,senetas-cn7000-series,cpe_not_found_pending_nvd,'Senetas CN7000 Series' not yet indexed in NVD CPE dictionary. PQC-specific products are emerging; re-verify when NVD CPE 2.3 coverage expands. Consider submitting CPE request via https://nvd.nist.gov/products/cpe/request-cpe
Sequoia-PGP PQC,,,,,not_found,,2026-04-01,2026-07-11,not in regen,sequoia-pgp-pqc,cpe_not_found_pending_nvd,'Sequoia-PGP PQC' not yet indexed in NVD CPE dictionary. PQC-specific products are emerging; re-verify when NVD CPE 2.3 coverage expands. Consider submitting CPE request via https://nvd.nist.gov/products/cpe/request-cpe
Sequre Quantum (Chile),,,,,not_found,,2026-04-01,2026-07-11,not in regen,sequre-quantum-chile,cpe_not_found_pending_nvd,'Sequre Quantum (Chile)' not yet indexed in NVD CPE dictionary. PQC-specific products are emerging; re-verify when NVD CPE 2.3 coverage expands. Consider submitting CPE request via https://nvd.nist.gov/products/cpe/request-cpe
Session Protocol V2 PQC,,,,,not_found,,2026-04-01,2026-07-11,not in regen,session-protocol-v2-pqc,cpe_not_found_pending_nvd,'Session Protocol V2 PQC' not yet indexed in NVD CPE dictionary. PQC-specific products are emerging; re-verify when NVD CPE 2.3 coverage expands. Consider submitting CPE request via https://nvd.nist.gov/products/cpe/request-cpe
Siemens SINEMA Remote Connect,cpe:2.3:a:siemens:sinema_remote_connect:-:*:*:*:*:*:*:*,siemens,sinema_remote_connect,exact,matched,https://nvd.nist.gov/products/cpe/search#results?namingFormat=2.3&keyword=siemens%20sinema%20remote%20connect,2026-04-01,2026-07-11,not in regen,siemens-sinema-remote-connect,cpe_matched,"CPE verified. Source: NVD, 2026-05-06."
Signal,,,,,not_found,,2026-07-14,2026-07-14,not in regen,,,
Signiant Media Shuttle,,,,,not_found,,2026-04-01,2026-07-11,not in regen,signiant-media-shuttle,cpe_not_found_pending_nvd,'Signiant Media Shuttle' not yet indexed in NVD CPE dictionary. PQC-specific products are emerging; re-verify when NVD CPE 2.3 coverage expands. Consider submitting CPE request via https://nvd.nist.gov/products/cpe/request-cpe
SignQuantum PQC E-Signature,,,,,not_found,,2026-04-01,2026-07-11,not in regen,signquantum-pqc-e-signature,cpe_not_found_pending_nvd,'SignQuantum PQC E-Signature' not yet indexed in NVD CPE dictionary. PQC-specific products are emerging; re-verify when NVD CPE 2.3 coverage expands. Consider submitting CPE request via https://nvd.nist.gov/products/cpe/request-cpe
SignServer,,,,,not_found,,2026-07-14,2026-07-14,not in regen,,,
sigstore/cosign,,,,,not_found,,2026-04-01,2026-07-11,not in regen,sigstore-cosign,cpe_not_found_pending_nvd,'sigstore/cosign' not yet indexed in NVD CPE dictionary. PQC-specific products are emerging; re-verify when NVD CPE 2.3 coverage expands. Consider submitting CPE request via https://nvd.nist.gov/products/cpe/request-cpe
SimpleX Chat PQC,,,,,not_found,,2026-04-01,2026-07-11,not in regen,simplex-chat-pqc,cpe_not_found_pending_nvd,'SimpleX Chat PQC' not yet indexed in NVD CPE dictionary. PQC-specific products are emerging; re-verify when NVD CPE 2.3 coverage expands. Consider submitting CPE request via https://nvd.nist.gov/products/cpe/request-cpe
Singtel Quantum-Safe Network,,,,,not_found,,2026-04-01,2026-07-11,not in regen,singtel-quantum-safe-network,cpe_not_found_pending_nvd,'Singtel Quantum-Safe Network' not yet indexed in NVD CPE dictionary. PQC-specific products are emerging; re-verify when NVD CPE 2.3 coverage expands. Consider submitting CPE request via https://nvd.nist.gov/products/cpe/request-cpe
SK Telecom 5G PQC SIM,,,,,not_found,,2026-04-01,2026-07-11,not in regen,sk-telecom-5g-pqc-sim,cpe_not_found_pending_nvd,'SK Telecom 5G PQC SIM' not yet indexed in NVD CPE dictionary. PQC-specific products are emerging; re-verify when NVD CPE 2.3 coverage expands. Consider submitting CPE request via https://nvd.nist.gov/products/cpe/request-cpe
smallstep Certificate Authority,,,,,not_found,,2026-04-01,2026-07-11,not in regen,smallstep-certificate-authority,cpe_not_found_pending_nvd,'smallstep Certificate Authority' not yet indexed in NVD CPE dictionary. PQC-specific products are emerging; re-verify when NVD CPE 2.3 coverage expands. Consider submitting CPE request via https://nvd.nist.gov/products/cpe/request-cpe
Snort IDS/IPS,,,,,not_found,,2026-04-01,2026-07-11,not in regen,snort-ids-ips,cpe_not_found_pending_nvd,'Snort IDS/IPS' not yet indexed in NVD CPE dictionary. PQC-specific products are emerging; re-verify when NVD CPE 2.3 coverage expands. Consider submitting CPE request via https://nvd.nist.gov/products/cpe/request-cpe
SOC 2 (Quantum Trust Criteria),,,,,not_found,,2026-04-01,2026-07-11,not in regen,soc-2-quantum-trust-criteria,cpe_not_found_pending_nvd,'SOC 2 (Quantum Trust Criteria)' not yet indexed in NVD CPE dictionary. PQC-specific products are emerging; re-verify when NVD CPE 2.3 coverage expands. Consider submitting CPE request via https://nvd.nist.gov/products/cpe/request-cpe
SoftHSM2,,,,,not_found,,2026-04-01,2026-07-11,not in regen,softhsm2,cpe_not_found_pending_nvd,'SoftHSM2' not yet indexed in NVD CPE dictionary. PQC-specific products are emerging; re-verify when NVD CPE 2.3 coverage expands. Consider submitting CPE request via https://nvd.nist.gov/products/cpe/request-cpe
Solana,,,,,not_found,,2026-04-01,2026-07-11,not in regen,solana,cpe_not_found_pending_nvd,'Solana' not yet indexed in NVD CPE dictionary. PQC-specific products are emerging; re-verify when NVD CPE 2.3 coverage expands. Consider submitting CPE request via https://nvd.nist.gov/products/cpe/request-cpe
Sonatype Nexus,,,,,not_found,,2026-04-01,2026-07-11,not in regen,sonatype-nexus,cpe_not_found_pending_nvd,'Sonatype Nexus' not yet indexed in NVD CPE dictionary. PQC-specific products are emerging; re-verify when NVD CPE 2.3 coverage expands. Consider submitting CPE request via https://nvd.nist.gov/products/cpe/request-cpe
SOTI MobiControl,,,,,not_found,,2026-04-01,2026-07-11,not in regen,soti-mobicontrol,cpe_not_found_pending_nvd,'SOTI MobiControl' not yet indexed in NVD CPE dictionary. PQC-specific products are emerging; re-verify when NVD CPE 2.3 coverage expands. Consider submitting CPE request via https://nvd.nist.gov/products/cpe/request-cpe
Sphereon SSI SDK,,,,,not_found,,2026-04-01,2026-07-11,not in regen,sphereon-ssi-sdk,cpe_not_found_pending_nvd,'Sphereon SSI SDK' not yet indexed in NVD CPE dictionary. PQC-specific products are emerging; re-verify when NVD CPE 2.3 coverage expands. Consider submitting CPE request via https://nvd.nist.gov/products/cpe/request-cpe
Spherity CARO Pharma PQC,,,,,not_found,,2026-04-01,2026-07-11,not in regen,spherity-caro-pharma-pqc,cpe_not_found_pending_nvd,'Spherity CARO Pharma PQC' not yet indexed in NVD CPE dictionary. PQC-specific products are emerging; re-verify when NVD CPE 2.3 coverage expands. Consider submitting CPE request via https://nvd.nist.gov/products/cpe/request-cpe
Splunk Enterprise,cpe:2.3:a:splunk:splunk:6.1.3:*:*:*:enterprise:*:*:*,splunk,splunk,partial,partial,https://nvd.nist.gov/products/cpe/search#results?namingFormat=2.3&keyword=splunk%20enterprise,2026-04-01,2026-07-11,not in regen,splunk-enterprise,cpe_partial_match,Partial CPE match for 'Splunk Enterprise'; version qualifier absent. Verify against NVD: https://nvd.nist.gov/products/cpe/search#results?namingFormat=2.3&keyword=splunk%20enterprise.
Spring Security OAuth2,,,,,not_found,,2026-04-01,2026-07-11,not in regen,spring-security-oauth2,cpe_not_found_pending_nvd,'Spring Security OAuth2' not yet indexed in NVD CPE dictionary. PQC-specific products are emerging; re-verify when NVD CPE 2.3 coverage expands. Consider submitting CPE request via https://nvd.nist.gov/products/cpe/request-cpe
SpruceID,,,,,not_found,,2026-04-01,2026-07-11,not in regen,spruceid,cpe_not_found_pending_nvd,'SpruceID' not yet indexed in NVD CPE dictionary. PQC-specific products are emerging; re-verify when NVD CPE 2.3 coverage expands. Consider submitting CPE request via https://nvd.nist.gov/products/cpe/request-cpe
SQL Server TDE/Always Encrypted,,,,,not_found,,2026-04-01,2026-07-11,not in regen,sql-server-tde-always-encrypted,cpe_not_found_pending_nvd,'SQL Server TDE/Always Encrypted' not yet indexed in NVD CPE dictionary. PQC-specific products are emerging; re-verify when NVD CPE 2.3 coverage expands. Consider submitting CPE request via https://nvd.nist.gov/products/cpe/request-cpe
SSLyze,,,,,not_found,,2026-07-14,2026-07-14,not in regen,,,
STMicroelectronics ST33KTPM,,,,,not_found,,2026-04-01,2026-07-11,not in regen,stmicroelectronics-st33ktpm,cpe_not_found_pending_nvd,'STMicroelectronics ST33KTPM' not yet indexed in NVD CPE dictionary. PQC-specific products are emerging; re-verify when NVD CPE 2.3 coverage expands. Consider submitting CPE request via https://nvd.nist.gov/products/cpe/request-cpe
STMicroelectronics X-CUBE-PQC,,,,,not_found,,2026-04-01,2026-07-11,not in regen,stmicroelectronics-x-cube-pqc,cpe_not_found_pending_nvd,'STMicroelectronics X-CUBE-PQC' not yet indexed in NVD CPE dictionary. PQC-specific products are emerging; re-verify when NVD CPE 2.3 coverage expands. Consider submitting CPE request via https://nvd.nist.gov/products/cpe/request-cpe
strongSwan,cpe:2.3:a:strongswan:strongswan:2.1.2:*:*:*:*:*:*:*,strongswan,strongswan,exact,matched,https://nvd.nist.gov/products/cpe/search#results?namingFormat=2.3&keyword=strongswan%20strongswan,2026-07-14,2026-07-14,not in regen,,,
STV Post-Quantum Secure Drones,,,,,not_found,,2026-04-01,2026-07-11,not in regen,stv-post-quantum-secure-drones,cpe_not_found_pending_nvd,'STV Post-Quantum Secure Drones' not yet indexed in NVD CPE dictionary. PQC-specific products are emerging; re-verify when NVD CPE 2.3 coverage expands. Consider submitting CPE request via https://nvd.nist.gov/products/cpe/request-cpe
Sui,,,,,not_found,,2026-04-01,2026-07-11,not in regen,sui,cpe_not_found_pending_nvd,'Sui' not yet indexed in NVD CPE dictionary. PQC-specific products are emerging; re-verify when NVD CPE 2.3 coverage expands. Consider submitting CPE request via https://nvd.nist.gov/products/cpe/request-cpe
SUPERCOP,,,,,not_found,,2026-04-01,2026-07-11,not in regen,supercop,cpe_not_found_pending_nvd,'SUPERCOP' not yet indexed in NVD CPE dictionary. PQC-specific products are emerging; re-verify when NVD CPE 2.3 coverage expands. Consider submitting CPE request via https://nvd.nist.gov/products/cpe/request-cpe
Surfshark,,,,,not_found,,2026-04-01,2026-07-11,not in regen,surfshark,cpe_not_found_pending_nvd,'Surfshark' not yet indexed in NVD CPE dictionary. PQC-specific products are emerging; re-verify when NVD CPE 2.3 coverage expands. Consider submitting CPE request via https://nvd.nist.gov/products/cpe/request-cpe
Suricata IDS/IPS,,,,,not_found,,2026-04-01,2026-07-11,not in regen,suricata-ids-ips,cpe_not_found_pending_nvd,'Suricata IDS/IPS' not yet indexed in NVD CPE dictionary. PQC-specific products are emerging; re-verify when NVD CPE 2.3 coverage expands. Consider submitting CPE request via https://nvd.nist.gov/products/cpe/request-cpe
SUSE Linux Enterprise Server (SLES),cpe:2.3:o:suse:linux_enterprise_server:12:*:*:*:ltss:*:*:*,suse,linux_enterprise_server,exact,matched,https://nvd.nist.gov/products/cpe/search#results?namingFormat=2.3&keyword=suse%20linux%20enterprise%20server%20%28sles%29,2026-04-01,2026-07-11,not in regen,suse-linux-enterprise-server-sles,cpe_matched,"CPE verified. Source: NVD, 2026-05-06."
SWIFT Quantum-Safe Messaging,,,,,not_found,,2026-04-01,2026-07-11,not in regen,swift-quantum-safe-messaging,cpe_not_found_pending_nvd,'SWIFT Quantum-Safe Messaging' not yet indexed in NVD CPE dictionary. PQC-specific products are emerging; re-verify when NVD CPE 2.3 coverage expands. Consider submitting CPE request via https://nvd.nist.gov/products/cpe/request-cpe
Tailscale PQC,,,,,not_found,,2026-04-01,2026-07-11,not in regen,tailscale-pqc,cpe_not_found_pending_nvd,'Tailscale PQC' not yet indexed in NVD CPE dictionary. PQC-specific products are emerging; re-verify when NVD CPE 2.3 coverage expands. Consider submitting CPE request via https://nvd.nist.gov/products/cpe/request-cpe
Taurus SA,,,,,not_found,,2026-04-01,2026-07-11,not in regen,taurus-sa,cpe_not_found_pending_nvd,'Taurus SA' not yet indexed in NVD CPE dictionary. PQC-specific products are emerging; re-verify when NVD CPE 2.3 coverage expands. Consider submitting CPE request via https://nvd.nist.gov/products/cpe/request-cpe
Telegram,cpe:2.3:a:telegram_desktop:telegram_desktop:0.10.19:*:*:*:*:*:*:*,telegram_desktop,telegram_desktop,exact,matched,https://nvd.nist.gov/products/cpe/search#results?namingFormat=2.3&keyword=telegram%20telegram,2026-04-01,2026-07-11,not in regen,telegram,cpe_matched,"CPE verified. Source: NVD, 2026-05-06."
Teleport Access Platform,,,,,not_found,,2026-04-01,2026-07-11,not in regen,teleport-access-platform,cpe_not_found_pending_nvd,'Teleport Access Platform' not yet indexed in NVD CPE dictionary. PQC-specific products are emerging; re-verify when NVD CPE 2.3 coverage expands. Consider submitting CPE request via https://nvd.nist.gov/products/cpe/request-cpe
Tenable Nessus Professional,,,,,not_found,,2026-04-01,2026-07-11,not in regen,tenable-nessus-professional,cpe_not_found_pending_nvd,'Tenable Nessus Professional' not yet indexed in NVD CPE dictionary. PQC-specific products are emerging; re-verify when NVD CPE 2.3 coverage expands. Consider submitting CPE request via https://nvd.nist.gov/products/cpe/request-cpe
testssl.sh,,,,,not_found,,2026-07-14,2026-07-14,not in regen,,,
Thales 5G Quantum-Safe SIM,,,,,not_found,,2026-04-01,2026-07-11,not in regen,thales-5g-quantum-safe-sim,cpe_not_found_pending_nvd,'Thales 5G Quantum-Safe SIM' not yet indexed in NVD CPE dictionary. PQC-specific products are emerging; re-verify when NVD CPE 2.3 coverage expands. Consider submitting CPE request via https://nvd.nist.gov/products/cpe/request-cpe
Thales CipherTrust Cloud Key Manager,,,,,not_found,,2026-04-01,2026-07-11,not in regen,thales-ciphertrust-cloud-key-manager,cpe_not_found_pending_nvd,'Thales CipherTrust Cloud Key Manager' not yet indexed in NVD CPE dictionary. PQC-specific products are emerging; re-verify when NVD CPE 2.3 coverage expands. Consider submitting CPE request via https://nvd.nist.gov/products/cpe/request-cpe
Thales CipherTrust Data Security Platform,,,,,not_found,,2026-04-01,2026-07-11,not in regen,thales-ciphertrust-data-security-platform,cpe_not_found_pending_nvd,'Thales CipherTrust Data Security Platform' not yet indexed in NVD CPE dictionary. PQC-specific products are emerging; re-verify when NVD CPE 2.3 coverage expands. Consider submitting CPE request via https://nvd.nist.gov/products/cpe/request-cpe
Thales CipherTrust Manager,,,,,not_found,,2026-04-01,2026-07-11,not in regen,thales-ciphertrust-manager,cpe_not_found_pending_nvd,'Thales CipherTrust Manager' not yet indexed in NVD CPE dictionary. PQC-specific products are emerging; re-verify when NVD CPE 2.3 coverage expands. Consider submitting CPE request via https://nvd.nist.gov/products/cpe/request-cpe
Thales High Speed Encryptor (HSE),,,,,not_found,,2026-04-01,2026-07-11,not in regen,thales-high-speed-encryptor-hse,cpe_not_found_pending_nvd,'Thales High Speed Encryptor (HSE)' not yet indexed in NVD CPE dictionary. PQC-specific products are emerging; re-verify when NVD CPE 2.3 coverage expands. Consider submitting CPE request via https://nvd.nist.gov/products/cpe/request-cpe
Thales Luna Cloud HSM (DPoD),,,,,not_found,,2026-04-01,2026-07-11,not in regen,thales-luna-cloud-hsm-dpod,cpe_not_found_pending_nvd,'Thales Luna Cloud HSM (DPoD)' not yet indexed in NVD CPE dictionary. PQC-specific products are emerging; re-verify when NVD CPE 2.3 coverage expands. Consider submitting CPE request via https://nvd.nist.gov/products/cpe/request-cpe
Thales Luna HSM,,,,,not_found,,2026-07-14,2026-07-14,not in regen,,,
Thales Luna T-Series HSM,,,,,not_found,,2026-04-01,2026-07-11,not in regen,thales-luna-t-series-hsm,cpe_not_found_pending_nvd,'Thales Luna T-Series HSM' not yet indexed in NVD CPE dictionary. PQC-specific products are emerging; re-verify when NVD CPE 2.3 coverage expands. Consider submitting CPE request via https://nvd.nist.gov/products/cpe/request-cpe
Thales MISTRAL Encryptor,,,,,not_found,,2026-04-01,2026-07-11,not in regen,thales-mistral-encryptor,cpe_not_found_pending_nvd,'Thales MISTRAL Encryptor' not yet indexed in NVD CPE dictionary. PQC-specific products are emerging; re-verify when NVD CPE 2.3 coverage expands. Consider submitting CPE request via https://nvd.nist.gov/products/cpe/request-cpe
Thales MultiApp 5.2 Premium PQC,,,,,not_found,,2026-04-01,2026-07-11,not in regen,thales-multiapp-5-2-premium-pqc,cpe_not_found_pending_nvd,'Thales MultiApp 5.2 Premium PQC' not yet indexed in NVD CPE dictionary. PQC-specific products are emerging; re-verify when NVD CPE 2.3 coverage expands. Consider submitting CPE request via https://nvd.nist.gov/products/cpe/request-cpe
Thales payShield 10K,,,,,not_found,,2026-04-01,2026-07-11,not in regen,thales-payshield-10k,cpe_not_found_pending_nvd,'Thales payShield 10K' not yet indexed in NVD CPE dictionary. PQC-specific products are emerging; re-verify when NVD CPE 2.3 coverage expands. Consider submitting CPE request via https://nvd.nist.gov/products/cpe/request-cpe
Threema PQC,,,,,not_found,,2026-04-01,2026-07-11,not in regen,threema-pqc,cpe_not_found_pending_nvd,'Threema PQC' not yet indexed in NVD CPE dictionary. PQC-specific products are emerging; re-verify when NVD CPE 2.3 coverage expands. Consider submitting CPE request via https://nvd.nist.gov/products/cpe/request-cpe
Thunderbird PQC (OpenPGP),,,,,not_found,,2026-04-01,2026-07-11,not in regen,thunderbird-pqc-openpgp,cpe_not_found_pending_nvd,'Thunderbird PQC (OpenPGP)' not yet indexed in NVD CPE dictionary. PQC-specific products are emerging; re-verify when NVD CPE 2.3 coverage expands. Consider submitting CPE request via https://nvd.nist.gov/products/cpe/request-cpe
TianoCore EDK2 (UEFI Firmware),,,,,not_found,,2026-04-01,2026-07-11,not in regen,tianocore-edk2-uefi-firmware,cpe_not_found_pending_nvd,'TianoCore EDK2 (UEFI Firmware)' not yet indexed in NVD CPE dictionary. PQC-specific products are emerging; re-verify when NVD CPE 2.3 coverage expands. Consider submitting CPE request via https://nvd.nist.gov/products/cpe/request-cpe
TII PQC Library (UAE),,,,,not_found,,2026-04-01,2026-07-11,not in regen,tii-pqc-library-uae,cpe_not_found_pending_nvd,'TII PQC Library (UAE)' not yet indexed in NVD CPE dictionary. PQC-specific products are emerging; re-verify when NVD CPE 2.3 coverage expands. Consider submitting CPE request via https://nvd.nist.gov/products/cpe/request-cpe
TikTok PQC Data Protection,,,,,not_found,,2026-04-01,2026-07-11,not in regen,tiktok-pqc-data-protection,cpe_not_found_pending_nvd,'TikTok PQC Data Protection' not yet indexed in NVD CPE dictionary. PQC-specific products are emerging; re-verify when NVD CPE 2.3 coverage expands. Consider submitting CPE request via https://nvd.nist.gov/products/cpe/request-cpe
Toppan PQC CARD,,,,,not_found,,2026-04-01,2026-07-11,not in regen,toppan-pqc-card,cpe_not_found_pending_nvd,'Toppan PQC CARD' not yet indexed in NVD CPE dictionary. PQC-specific products are emerging; re-verify when NVD CPE 2.3 coverage expands. Consider submitting CPE request via https://nvd.nist.gov/products/cpe/request-cpe
TOPPAN SecureBridge HPKI PQC,,,,,not_found,,2026-04-01,2026-07-11,not in regen,toppan-securebridge-hpki-pqc,cpe_not_found_pending_nvd,'TOPPAN SecureBridge HPKI PQC' not yet indexed in NVD CPE dictionary. PQC-specific products are emerging; re-verify when NVD CPE 2.3 coverage expands. Consider submitting CPE request via https://nvd.nist.gov/products/cpe/request-cpe
Tor Browser,cpe:2.3:a:tor_browser_the_short_guide_project:tor_browser_the_short_guide:0.1:*:*:*:*:android:*:*,tor_browser_the_short_guide_project,tor_browser_the_short_guide,exact,matched,https://nvd.nist.gov/products/cpe/search#results?namingFormat=2.3&keyword=tor%20browser,2026-04-01,2026-07-11,not in regen,tor-browser,cpe_matched,"CPE verified. Source: NVD, 2026-05-06."
Toshiba Integrated PQC-QKD Platform,,,,,not_found,,2026-04-01,2026-07-11,not in regen,toshiba-integrated-pqc-qkd-platform,cpe_not_found_pending_nvd,'Toshiba Integrated PQC-QKD Platform' not yet indexed in NVD CPE dictionary. PQC-specific products are emerging; re-verify when NVD CPE 2.3 coverage expands. Consider submitting CPE request via https://nvd.nist.gov/products/cpe/request-cpe
Toshiba QKD System,,,,,not_found,,2026-04-01,2026-07-11,not in regen,toshiba-qkd-system,cpe_not_found_pending_nvd,'Toshiba QKD System' not yet indexed in NVD CPE dictionary. PQC-specific products are emerging; re-verify when NVD CPE 2.3 coverage expands. Consider submitting CPE request via https://nvd.nist.gov/products/cpe/request-cpe
Traefik,,,,,not_found,,2026-04-01,2026-07-11,not in regen,traefik,cpe_not_found_pending_nvd,'Traefik' not yet indexed in NVD CPE dictionary. PQC-specific products are emerging; re-verify when NVD CPE 2.3 coverage expands. Consider submitting CPE request via https://nvd.nist.gov/products/cpe/request-cpe
Trezor Safe 7 PQC,,,,,not_found,,2026-04-01,2026-07-11,not in regen,trezor-safe-7-pqc,cpe_not_found_pending_nvd,'Trezor Safe 7 PQC' not yet indexed in NVD CPE dictionary. PQC-specific products are emerging; re-verify when NVD CPE 2.3 coverage expands. Consider submitting CPE request via https://nvd.nist.gov/products/cpe/request-cpe
TrustCloud Quantum Vault,,,,,not_found,,2026-04-01,2026-07-11,not in regen,trustcloud-quantum-vault,cpe_not_found_pending_nvd,'TrustCloud Quantum Vault' not yet indexed in NVD CPE dictionary. PQC-specific products are emerging; re-verify when NVD CPE 2.3 coverage expands. Consider submitting CPE request via https://nvd.nist.gov/products/cpe/request-cpe
TUBITAK BILGEM PQC (Turkey),,,,,not_found,,2026-04-01,2026-07-11,not in regen,tubitak-bilgem-pqc-turkey,cpe_not_found_pending_nvd,'TUBITAK BILGEM PQC (Turkey)' not yet indexed in NVD CPE dictionary. PQC-specific products are emerging; re-verify when NVD CPE 2.3 coverage expands. Consider submitting CPE request via https://nvd.nist.gov/products/cpe/request-cpe
Turkcell Nokia Quantum-Safe IPsec,,,,,not_found,,2026-04-01,2026-07-11,not in regen,turkcell-nokia-quantum-safe-ipsec,cpe_not_found_pending_nvd,'Turkcell Nokia Quantum-Safe IPsec' not yet indexed in NVD CPE dictionary. PQC-specific products are emerging; re-verify when NVD CPE 2.3 coverage expands. Consider submitting CPE request via https://nvd.nist.gov/products/cpe/request-cpe
Tuta Mail,,,,,not_found,,2026-04-01,2026-07-11,not in regen,tuta-mail,cpe_not_found_pending_nvd,'Tuta Mail' not yet indexed in NVD CPE dictionary. PQC-specific products are emerging; re-verify when NVD CPE 2.3 coverage expands. Consider submitting CPE request via https://nvd.nist.gov/products/cpe/request-cpe
U-Boot,,,,,not_found,,2026-04-01,2026-07-11,not in regen,u-boot,cpe_not_found_pending_nvd,'U-Boot' not yet indexed in NVD CPE dictionary. PQC-specific products are emerging; re-verify when NVD CPE 2.3 coverage expands. Consider submitting CPE request via https://nvd.nist.gov/products/cpe/request-cpe
Ubuntu 24.04 LTS,,,,,not_found,,2026-04-01,2026-07-11,not in regen,ubuntu-24-04-lts,cpe_not_found_pending_nvd,'Ubuntu 24.04 LTS' not yet indexed in NVD CPE dictionary. PQC-specific products are emerging; re-verify when NVD CPE 2.3 coverage expands. Consider submitting CPE request via https://nvd.nist.gov/products/cpe/request-cpe
Ubuntu 26.04 LTS,,,,,not_found,,2026-04-01,2026-07-11,not in regen,ubuntu-26-04-lts,cpe_not_found_pending_nvd,'Ubuntu 26.04 LTS' not yet indexed in NVD CPE dictionary. PQC-specific products are emerging; re-verify when NVD CPE 2.3 coverage expands. Consider submitting CPE request via https://nvd.nist.gov/products/cpe/request-cpe
Unisys ClearPath Forward,,,,,not_found,,2026-04-01,2026-07-11,not in regen,unisys-clearpath-forward,cpe_not_found_pending_nvd,'Unisys ClearPath Forward' not yet indexed in NVD CPE dictionary. PQC-specific products are emerging; re-verify when NVD CPE 2.3 coverage expands. Consider submitting CPE request via https://nvd.nist.gov/products/cpe/request-cpe
Utimaco ESKM,,,,,not_found,,2026-07-14,2026-07-14,not in regen,,,
Utimaco Quantum Protect Suite,,,,,not_found,,2026-04-01,2026-07-11,not in regen,utimaco-quantum-protect-suite,cpe_not_found_pending_nvd,'Utimaco Quantum Protect Suite' not yet indexed in NVD CPE dictionary. PQC-specific products are emerging; re-verify when NVD CPE 2.3 coverage expands. Consider submitting CPE request via https://nvd.nist.gov/products/cpe/request-cpe
Utimaco SecurityServer,,,,,not_found,,2026-04-01,2026-07-11,not in regen,utimaco-securityserver,cpe_not_found_pending_nvd,'Utimaco SecurityServer' not yet indexed in NVD CPE dictionary. PQC-specific products are emerging; re-verify when NVD CPE 2.3 coverage expands. Consider submitting CPE request via https://nvd.nist.gov/products/cpe/request-cpe
Utimaco uTrust HSM,,,,,not_found,,2026-04-01,2026-07-11,not in regen,utimaco-utrust-hsm,cpe_not_found_pending_nvd,'Utimaco uTrust HSM' not yet indexed in NVD CPE dictionary. PQC-specific products are emerging; re-verify when NVD CPE 2.3 coverage expands. Consider submitting CPE request via https://nvd.nist.gov/products/cpe/request-cpe
VanDyke SecureCRT 10.x,,,,,not_found,,2026-04-01,2026-07-11,not in regen,vandyke-securecrt-10-x,cpe_not_found_pending_nvd,'VanDyke SecureCRT 10.x' not yet indexed in NVD CPE dictionary. PQC-specific products are emerging; re-verify when NVD CPE 2.3 coverage expands. Consider submitting CPE request via https://nvd.nist.gov/products/cpe/request-cpe
Veeam Data Platform v13,,,,,not_found,,2026-04-01,2026-07-11,not in regen,veeam-data-platform-v13,cpe_not_found_pending_nvd,'Veeam Data Platform v13' not yet indexed in NVD CPE dictionary. PQC-specific products are emerging; re-verify when NVD CPE 2.3 coverage expands. Consider submitting CPE request via https://nvd.nist.gov/products/cpe/request-cpe
Venafi CodeSign Protect,,,,,not_found,,2026-04-01,2026-07-11,not in regen,venafi-codesign-protect,cpe_not_found_pending_nvd,'Venafi CodeSign Protect' not yet indexed in NVD CPE dictionary. PQC-specific products are emerging; re-verify when NVD CPE 2.3 coverage expands. Consider submitting CPE request via https://nvd.nist.gov/products/cpe/request-cpe
Venafi TLS PQC Continuity,,,,,not_found,,2026-04-01,2026-07-11,not in regen,venafi-tls-pqc-continuity,cpe_not_found_pending_nvd,'Venafi TLS PQC Continuity' not yet indexed in NVD CPE dictionary. PQC-specific products are emerging; re-verify when NVD CPE 2.3 coverage expands. Consider submitting CPE request via https://nvd.nist.gov/products/cpe/request-cpe
Venafi TLS Protect,,,,,not_found,,2026-04-01,2026-07-11,not in regen,venafi-tls-protect,cpe_not_found_pending_nvd,'Venafi TLS Protect' not yet indexed in NVD CPE dictionary. PQC-specific products are emerging; re-verify when NVD CPE 2.3 coverage expands. Consider submitting CPE request via https://nvd.nist.gov/products/cpe/request-cpe
Venafi Trust Protection Platform,,,,,not_found,,2026-07-14,2026-07-14,not in regen,,,
Veracode Platform,,,,,not_found,,2026-04-01,2026-07-11,not in regen,veracode-platform,cpe_not_found_pending_nvd,'Veracode Platform' not yet indexed in NVD CPE dictionary. PQC-specific products are emerging; re-verify when NVD CPE 2.3 coverage expands. Consider submitting CPE request via https://nvd.nist.gov/products/cpe/request-cpe
VeraCrypt,cpe:2.3:a:veracrypt:veracrypt:1.14:*:*:*:*:*:*:*,veracrypt,veracrypt,exact,matched,https://nvd.nist.gov/products/cpe/search#results?namingFormat=2.3&keyword=veracrypt%20veracrypt,2026-04-01,2026-07-11,not in regen,veracrypt,cpe_matched,"CPE verified. Source: NVD, 2026-05-06."
Veritas NetBackup 10.5,,,,,not_found,,2026-04-01,2026-07-11,not in regen,veritas-netbackup-10-5,cpe_not_found_pending_nvd,'Veritas NetBackup 10.5' not yet indexed in NVD CPE dictionary. PQC-specific products are emerging; re-verify when NVD CPE 2.3 coverage expands. Consider submitting CPE request via https://nvd.nist.gov/products/cpe/request-cpe
Veritas NetBackup 11 PQC,,,,,not_found,,2026-04-01,2026-07-11,not in regen,veritas-netbackup-11-pqc,cpe_not_found_pending_nvd,'Veritas NetBackup 11 PQC' not yet indexed in NVD CPE dictionary. PQC-specific products are emerging; re-verify when NVD CPE 2.3 coverage expands. Consider submitting CPE request via https://nvd.nist.gov/products/cpe/request-cpe
Versa Networks SASE PQC,,,,,not_found,,2026-04-01,2026-07-11,not in regen,versa-networks-sase-pqc,cpe_not_found_pending_nvd,'Versa Networks SASE PQC' not yet indexed in NVD CPE dictionary. PQC-specific products are emerging; re-verify when NVD CPE 2.3 coverage expands. Consider submitting CPE request via https://nvd.nist.gov/products/cpe/request-cpe
VIAVI Observer Analyzer,,,,,not_found,,2026-04-01,2026-07-11,not in regen,viavi-observer-analyzer,cpe_not_found_pending_nvd,'VIAVI Observer Analyzer' not yet indexed in NVD CPE dictionary. PQC-specific products are emerging; re-verify when NVD CPE 2.3 coverage expands. Consider submitting CPE request via https://nvd.nist.gov/products/cpe/request-cpe
VIAVI TeraVM Security Test,,,,,not_found,,2026-04-01,2026-07-11,not in regen,viavi-teravm-security-test,cpe_not_found_pending_nvd,'VIAVI TeraVM Security Test' not yet indexed in NVD CPE dictionary. PQC-specific products are emerging; re-verify when NVD CPE 2.3 coverage expands. Consider submitting CPE request via https://nvd.nist.gov/products/cpe/request-cpe
Virtru Data Protection,,,,,not_found,,2026-04-01,2026-07-11,not in regen,virtru-data-protection,cpe_not_found_pending_nvd,'Virtru Data Protection' not yet indexed in NVD CPE dictionary. PQC-specific products are emerging; re-verify when NVD CPE 2.3 coverage expands. Consider submitting CPE request via https://nvd.nist.gov/products/cpe/request-cpe
VMware Avi Load Balancer PQC,,,,,not_found,,2026-04-01,2026-07-11,not in regen,vmware-avi-load-balancer-pqc,cpe_not_found_pending_nvd,'VMware Avi Load Balancer PQC' not yet indexed in NVD CPE dictionary. PQC-specific products are emerging; re-verify when NVD CPE 2.3 coverage expands. Consider submitting CPE request via https://nvd.nist.gov/products/cpe/request-cpe
VMware ESXi 9.0,,,,,not_found,,2026-04-01,2026-07-11,not in regen,vmware-esxi-9-0,cpe_not_found_pending_nvd,'VMware ESXi 9.0' not yet indexed in NVD CPE dictionary. PQC-specific products are emerging; re-verify when NVD CPE 2.3 coverage expands. Consider submitting CPE request via https://nvd.nist.gov/products/cpe/request-cpe
VMware Horizon,,,,,not_found,,2026-04-01,2026-07-11,not in regen,vmware-horizon,cpe_not_found_pending_nvd,'VMware Horizon' not yet indexed in NVD CPE dictionary. PQC-specific products are emerging; re-verify when NVD CPE 2.3 coverage expands. Consider submitting CPE request via https://nvd.nist.gov/products/cpe/request-cpe
VMware Workspace ONE,cpe:2.3:a:vmware:workspace_one:2.5.1:*:*:*:*:iphone_os:*:*,vmware,workspace_one,exact,matched,https://nvd.nist.gov/products/cpe/search#results?namingFormat=2.3&keyword=vmware%20workspace%20one,2026-04-01,2026-07-11,not in regen,vmware-workspace-one,cpe_matched,"CPE verified. Source: NVD, 2026-05-06."
Vodafone Quantum-Safe Network,,,,,not_found,,2026-04-01,2026-07-11,not in regen,vodafone-quantum-safe-network,cpe_not_found_pending_nvd,'Vodafone Quantum-Safe Network' not yet indexed in NVD CPE dictionary. PQC-specific products are emerging; re-verify when NVD CPE 2.3 coverage expands. Consider submitting CPE request via https://nvd.nist.gov/products/cpe/request-cpe
Vox Messenger PQC,,,,,not_found,,2026-04-01,2026-07-11,not in regen,vox-messenger-pqc,cpe_not_found_pending_nvd,'Vox Messenger PQC' not yet indexed in NVD CPE dictionary. PQC-specific products are emerging; re-verify when NVD CPE 2.3 coverage expands. Consider submitting CPE request via https://nvd.nist.gov/products/cpe/request-cpe
Vultr Cloud GPU,,,,,not_found,,2026-04-01,2026-07-11,not in regen,vultr-cloud-gpu,cpe_not_found_pending_nvd,'Vultr Cloud GPU' not yet indexed in NVD CPE dictionary. PQC-specific products are emerging; re-verify when NVD CPE 2.3 coverage expands. Consider submitting CPE request via https://nvd.nist.gov/products/cpe/request-cpe
walt.id,,,,,not_found,,2026-04-01,2026-07-11,not in regen,walt-id,cpe_not_found_pending_nvd,'walt.id' not yet indexed in NVD CPE dictionary. PQC-specific products are emerging; re-verify when NVD CPE 2.3 coverage expands. Consider submitting CPE request via https://nvd.nist.gov/products/cpe/request-cpe
WhatsApp,cpe:2.3:a:whatsapp:whatsapp:2.2.5:*:*:*:*:iphone_os:*:*,whatsapp,whatsapp,exact,matched,https://nvd.nist.gov/products/cpe/search#results?namingFormat=2.3&keyword=whatsapp%20whatsapp,2026-04-01,2026-07-11,not in regen,whatsapp,cpe_matched,"CPE verified. Source: NVD, 2026-05-06."
WildFly (JBoss),,,,,not_found,,2026-04-01,2026-07-11,not in regen,wildfly-jboss,cpe_not_found_pending_nvd,'WildFly (JBoss)' not yet indexed in NVD CPE dictionary. PQC-specific products are emerging; re-verify when NVD CPE 2.3 coverage expands. Consider submitting CPE request via https://nvd.nist.gov/products/cpe/request-cpe
Wind River VxWorks,,,,,not_found,,2026-04-01,2026-07-11,not in regen,wind-river-vxworks,cpe_not_found_pending_nvd,'Wind River VxWorks' not yet indexed in NVD CPE dictionary. PQC-specific products are emerging; re-verify when NVD CPE 2.3 coverage expands. Consider submitting CPE request via https://nvd.nist.gov/products/cpe/request-cpe
Windows 11,,,,,not_found,,2026-04-01,2026-07-11,not in regen,windows-11,cpe_not_found_pending_nvd,'Windows 11' not yet indexed in NVD CPE dictionary. PQC-specific products are emerging; re-verify when NVD CPE 2.3 coverage expands. Consider submitting CPE request via https://nvd.nist.gov/products/cpe/request-cpe
Windows Server 2025,,,,,not_found,,2026-04-01,2026-07-11,not in regen,windows-server-2025,cpe_not_found_pending_nvd,'Windows Server 2025' not yet indexed in NVD CPE dictionary. PQC-specific products are emerging; re-verify when NVD CPE 2.3 coverage expands. Consider submitting CPE request via https://nvd.nist.gov/products/cpe/request-cpe
Windscribe,cpe:2.3:a:windscribe:windscribe:1.81:*:*:*:*:*:*:*,windscribe,windscribe,exact,matched,https://nvd.nist.gov/products/cpe/search#results?namingFormat=2.3&keyword=windscribe%20windscribe,2026-04-01,2026-07-11,not in regen,windscribe,cpe_matched,"CPE verified. Source: NVD, 2026-05-06."
WinSCP PQC File Transfer,,,,,not_found,,2026-04-01,2026-07-11,not in regen,winscp-pqc-file-transfer,cpe_not_found_pending_nvd,'WinSCP PQC File Transfer' not yet indexed in NVD CPE dictionary. PQC-specific products are emerging; re-verify when NVD CPE 2.3 coverage expands. Consider submitting CPE request via https://nvd.nist.gov/products/cpe/request-cpe
Wire,,,,,not_found,,2026-04-01,2026-07-11,not in regen,wire,cpe_not_found_pending_nvd,'Wire' not yet indexed in NVD CPE dictionary. PQC-specific products are emerging; re-verify when NVD CPE 2.3 coverage expands. Consider submitting CPE request via https://nvd.nist.gov/products/cpe/request-cpe
WireGuard,,,,,not_found,,2026-04-01,2026-07-11,not in regen,wireguard,cpe_not_found_pending_nvd,'WireGuard' not yet indexed in NVD CPE dictionary. PQC-specific products are emerging; re-verify when NVD CPE 2.3 coverage expands. Consider submitting CPE request via https://nvd.nist.gov/products/cpe/request-cpe
WISeSat PQC Constellation,,,,,not_found,,2026-04-01,2026-07-11,not in regen,wisesat-pqc-constellation,cpe_not_found_pending_nvd,'WISeSat PQC Constellation' not yet indexed in NVD CPE dictionary. PQC-specific products are emerging; re-verify when NVD CPE 2.3 coverage expands. Consider submitting CPE request via https://nvd.nist.gov/products/cpe/request-cpe
Wiz Cloud Security PQC,,,,,not_found,,2026-04-01,2026-07-11,not in regen,wiz-cloud-security-pqc,cpe_not_found_pending_nvd,'Wiz Cloud Security PQC' not yet indexed in NVD CPE dictionary. PQC-specific products are emerging; re-verify when NVD CPE 2.3 coverage expands. Consider submitting CPE request via https://nvd.nist.gov/products/cpe/request-cpe
wolfBoot,,,,,not_found,,2026-04-01,2026-07-11,not in regen,wolfboot,cpe_not_found_pending_nvd,'wolfBoot' not yet indexed in NVD CPE dictionary. PQC-specific products are emerging; re-verify when NVD CPE 2.3 coverage expands. Consider submitting CPE request via https://nvd.nist.gov/products/cpe/request-cpe
wolfSSH,cpe:2.3:a:wolfssh:wolfssh:1.4.7:*:*:*:*:*:*:*,wolfssh,wolfssh,exact,matched,https://nvd.nist.gov/products/cpe/search#results?namingFormat=2.3&keyword=wolfssh%20wolfssh,2026-07-14,2026-07-14,not in regen,,,
wolfSSL,cpe:2.3:a:wolfssl:wolfssl:3.6.6:*:*:*:*:*:*:*,wolfssl,wolfssl,exact,matched,https://nvd.nist.gov/products/cpe/search#results?namingFormat=2.3&keyword=wolfssl%20wolfssl,2026-07-14,2026-07-14,not in regen,,,
wolfTPM PQC,,,,,not_found,,2026-04-01,2026-07-11,not in regen,wolftpm-pqc,cpe_not_found_pending_nvd,'wolfTPM PQC' not yet indexed in NVD CPE dictionary. PQC-specific products are emerging; re-verify when NVD CPE 2.3 coverage expands. Consider submitting CPE request via https://nvd.nist.gov/products/cpe/request-cpe
Xiphera PQC IP Cores,,,,,not_found,,2026-04-01,2026-07-11,not in regen,xiphera-pqc-ip-cores,cpe_not_found_pending_nvd,'Xiphera PQC IP Cores' not yet indexed in NVD CPE dictionary. PQC-specific products are emerging; re-verify when NVD CPE 2.3 coverage expands. Consider submitting CPE request via https://nvd.nist.gov/products/cpe/request-cpe
Xiphera XIP6110B,,,,,not_found,,2026-04-01,2026-07-11,not in regen,xiphera-xip6110b,cpe_not_found_pending_nvd,'Xiphera XIP6110B' not yet indexed in NVD CPE dictionary. PQC-specific products are emerging; re-verify when NVD CPE 2.3 coverage expands. Consider submitting CPE request via https://nvd.nist.gov/products/cpe/request-cpe
Xiphera xQlave,,,,,not_found,,2026-04-01,2026-07-11,not in regen,xiphera-xqlave,cpe_not_found_pending_nvd,'Xiphera xQlave' not yet indexed in NVD CPE dictionary. PQC-specific products are emerging; re-verify when NVD CPE 2.3 coverage expands. Consider submitting CPE request via https://nvd.nist.gov/products/cpe/request-cpe
XiPKI,,,,,not_found,,2026-04-01,2026-07-11,not in regen,xipki,cpe_not_found_pending_nvd,'XiPKI' not yet indexed in NVD CPE dictionary. PQC-specific products are emerging; re-verify when NVD CPE 2.3 coverage expands. Consider submitting CPE request via https://nvd.nist.gov/products/cpe/request-cpe
xmss-reference,,,,,not_found,,2026-04-01,2026-07-11,not in regen,xmss-reference,cpe_not_found_pending_nvd,'xmss-reference' not yet indexed in NVD CPE dictionary. PQC-specific products are emerging; re-verify when NVD CPE 2.3 coverage expands. Consider submitting CPE request via https://nvd.nist.gov/products/cpe/request-cpe
Yubico YubiHSM 2,,,,,not_found,,2026-04-01,2026-07-11,not in regen,yubico-yubihsm-2,cpe_not_found_pending_nvd,'Yubico YubiHSM 2' not yet indexed in NVD CPE dictionary. PQC-specific products are emerging; re-verify when NVD CPE 2.3 coverage expands. Consider submitting CPE request via https://nvd.nist.gov/products/cpe/request-cpe
Zeek Network Analysis Framework,,,,,not_found,,2026-04-01,2026-07-11,not in regen,zeek-network-analysis-framework,cpe_not_found_pending_nvd,'Zeek Network Analysis Framework' not yet indexed in NVD CPE dictionary. PQC-specific products are emerging; re-verify when NVD CPE 2.3 coverage expands. Consider submitting CPE request via https://nvd.nist.gov/products/cpe/request-cpe
ZeroTier Quantum,,,,,not_found,,2026-04-01,2026-07-11,not in regen,zerotier-quantum,cpe_not_found_pending_nvd,'ZeroTier Quantum' not yet indexed in NVD CPE dictionary. PQC-specific products are emerging; re-verify when NVD CPE 2.3 coverage expands. Consider submitting CPE request via https://nvd.nist.gov/products/cpe/request-cpe
Zerto 11.0,,,,,not_found,,2026-04-01,2026-07-11,not in regen,zerto-11-0,cpe_not_found_pending_nvd,'Zerto 11.0' not yet indexed in NVD CPE dictionary. PQC-specific products are emerging; re-verify when NVD CPE 2.3 coverage expands. Consider submitting CPE request via https://nvd.nist.gov/products/cpe/request-cpe
Zodia Custody,,,,,not_found,,2026-04-01,2026-07-11,not in regen,zodia-custody,cpe_not_found_pending_nvd,'Zodia Custody' not yet indexed in NVD CPE dictionary. PQC-specific products are emerging; re-verify when NVD CPE 2.3 coverage expands. Consider submitting CPE request via https://nvd.nist.gov/products/cpe/request-cpe
Zoom Compliance 2026,,,,,not_found,,2026-04-01,2026-07-11,not in regen,zoom-compliance-2026,cpe_not_found_pending_nvd,'Zoom Compliance 2026' not yet indexed in NVD CPE dictionary. PQC-specific products are emerging; re-verify when NVD CPE 2.3 coverage expands. Consider submitting CPE request via https://nvd.nist.gov/products/cpe/request-cpe
Zscaler Zero Trust Exchange,,,,,not_found,,2026-04-01,2026-07-11,not in regen,zscaler-zero-trust-exchange,cpe_not_found_pending_nvd,'Zscaler Zero Trust Exchange' not yet indexed in NVD CPE dictionary. PQC-specific products are emerging; re-verify when NVD CPE 2.3 coverage expands. Consider submitting CPE request via https://nvd.nist.gov/products/cpe/request-cpe
Zscaler ZTE,,,,,not_found,,2026-04-01,2026-07-11,not in regen,zscaler-zte,cpe_not_found_pending_nvd,'Zscaler ZTE' not yet indexed in NVD CPE dictionary. PQC-specific products are emerging; re-verify when NVD CPE 2.3 coverage expands. Consider submitting CPE request via https://nvd.nist.gov/products/cpe/request-cpe
