ref_id,source_name,category,source_type,pillar,maturity_level,asset_class,requirement,evidence_quote,evidence_location,source_url,confidence,extraction_model,extraction_date,status,deprecated_at,deprecated_reason
ASC-X9-IR-F01-2022,ASC X9 IR 01-2022 — Quantum Computing Risks to the Financial Services Industry,Technical Standards,Industry & Research,governance,2,all,Discuss quantum-safe migration plans with suppliers and partners and coordinate activities as an explicit phase in the migration roadmap.,"At this point, the organization should also discuss with their suppliers and partners what their respective quantumsafe migration plans are and coordinate as appropriate. Again, this should be an explicit phase in the migration roadmap.",Section 13.3 (implied by context of Steps 4-6),https://x9.org/wp-content/uploads/2022/11/X9F-Quantum-Computing-Risk-Study-Group-IR-F01-2022_20221129-Published-PDF.pdf,medium,qwen3.6:27b-q8_0,2026-08-09,active,,
ASC-X9-IR-F01-2022,ASC X9 IR 01-2022 — Quantum Computing Risks to the Financial Services Industry,Technical Standards,Industry & Research,inventory,2,all,Maintain complete and current inventories of cryptographic assets to understand quantum vulnerabilities and assess impact.,"By having complete and current inventories, understanding the quantum-vulnerabilities of those inventoried items, and by assessing the impact of those vulnerabilities being exploited...",Section 13.3 (implied by context of Steps 4-6),https://x9.org/wp-content/uploads/2022/11/X9F-Quantum-Computing-Risk-Study-Group-IR-F01-2022_20221129-Published-PDF.pdf,medium,qwen3.6:27b-q8_0,2026-08-09,active,,
ASC-X9-IR-F01-2022,ASC X9 IR 01-2022 — Quantum Computing Risks to the Financial Services Industry,Technical Standards,Industry & Research,lifecycle,2,all,Map post-quantum solutions to identified vulnerabilities as a specific item on the migration roadmap.,Now that the organization has a current understanding of the quantum-safe solutions landscape and a thorough understanding of their own quantum vulnerabilities... they can undergo the process of mapping the known solutions to their specific vulnerabilities. Doing so should be an item on the migration roadmap.,Step 4) Map post quantum solutions to vulnerabilities,https://x9.org/wp-content/uploads/2022/11/X9F-Quantum-Computing-Risk-Study-Group-IR-F01-2022_20221129-Published-PDF.pdf,medium,qwen3.6:27b-q8_0,2026-08-09,active,,
ASC-X9-IR-F01-2022,ASC X9 IR 01-2022 — Quantum Computing Risks to the Financial Services Industry,Technical Standards,Industry & Research,assurance,2,all,"Validate the suitability of identified quantum-safe solutions, including proof-of-concept projects, as an item in the migration roadmap.","At this step, it can be a good idea to engage in proof-of-concept projects to thoroughly validate the suitability of various solutions. Such validation should be an item in the migration roadmap.",Step 5) Validate the suitability of identified solutions,https://x9.org/wp-content/uploads/2022/11/X9F-Quantum-Computing-Risk-Study-Group-IR-F01-2022_20221129-Published-PDF.pdf,medium,qwen3.6:27b-q8_0,2026-08-09,active,,
ASC-X9-IR-F01-2022,ASC X9 IR 01-2022 — Quantum Computing Risks to the Financial Services Industry,Technical Standards,Industry & Research,governance,2,all,"Update policies, processes, and procedures to reflect changes for developers, users, and other entities affected by the migration.","As appropriate, the organization should update their policies, processes, and procedures to reflect the changes for developers, users, and other entities affected by the migration.",Step 6) Finalize preparations and execute the migration,https://x9.org/wp-content/uploads/2022/11/X9F-Quantum-Computing-Risk-Study-Group-IR-F01-2022_20221129-Published-PDF.pdf,medium,qwen3.6:27b-q8_0,2026-08-09,active,,
ASC-X9-IR-F01-2022,ASC X9 IR 01-2022 — Quantum Computing Risks to the Financial Services Industry,Technical Standards,Industry & Research,assurance,3,keys,Use random number generators certified to comply with BSI AIS.31 or NIST SP 800-90B requirements for cryptographic key generation.,"Whether you use a QRNG or a conventional method for generating random numbers, it is strongly recommended that you use a random number generator that is certified to comply with either the BSI AIS.31 requirements or the NIST SP 800-90B requirements.","Section 9.2.2, Page 66",https://x9.org/wp-content/uploads/2022/11/X9F-Quantum-Computing-Risk-Study-Group-IR-F01-2022_20221129-Published-PDF.pdf,medium,qwen3.6:27b-q8_0,2026-08-09,active,,
ASC-X9-IR-F01-2022,ASC X9 IR 01-2022 — Quantum Computing Risks to the Financial Services Industry,Technical Standards,Industry & Research,governance,2,all,Appoint a person or team to track quantum computing development rates and algorithmic advances to adjust the migration plan accordingly.,"Organizations should appoint someone, whether a single person or a team, to keep track of the rate of quantum computing development, so that the migration plan can be adjusted accordingly.","Section 13.1, Table 6",https://x9.org/wp-content/uploads/2022/11/X9F-Quantum-Computing-Risk-Study-Group-IR-F01-2022_20221129-Published-PDF.pdf,medium,qwen3.6:27b-q8_0,2026-08-09,active,,
ASC-X9-IR-F01-2022,ASC X9 IR 01-2022 — Quantum Computing Risks to the Financial Services Industry,Technical Standards,Industry & Research,inventory,2,all,"Identify where and how the organization consumes quantum-vulnerable cryptography and non-cryptographic vulnerabilities, including within supply chains.",Understand where and how the organization currently consumes quantum-vulnerable cryptography... This step should also include identifying the cryptographic and non-cryptographic vulnerabilities throughout the organization’s supply chains.,"Section 13, Step 3",https://x9.org/wp-content/uploads/2022/11/X9F-Quantum-Computing-Risk-Study-Group-IR-F01-2022_20221129-Published-PDF.pdf,medium,qwen3.6:27b-q8_0,2026-08-09,active,,
ASC-X9-IR-F01-2022,ASC X9 IR 01-2022 — Quantum Computing Risks to the Financial Services Industry,Technical Standards,Industry & Research,lifecycle,2,software,Integrate crypto agility into systems that cannot be immediately upgraded to expedite updates once standards permit.,"In such situations, the organization should consider integrating crypto agility (section 9.4) into the system to expedite the system update once it is permissible to do so.","Section 13.1, Table 6",https://x9.org/wp-content/uploads/2022/11/X9F-Quantum-Computing-Risk-Study-Group-IR-F01-2022_20221129-Published-PDF.pdf,medium,qwen3.6:27b-q8_0,2026-08-09,active,,
ASC-X9-IR-F01-2022,ASC X9 IR 01-2022 — Quantum Computing Risks to the Financial Services Industry,Technical Standards,Industry & Research,lifecycle,2,all,Engage suppliers to learn their plans for implementing quantum-safe migration strategies.,"Additionally, the organization should engage their suppliers to learn what their plans are towards implementing their own quantum-safe migration strategies.","Section 13, Step 4",https://x9.org/wp-content/uploads/2022/11/X9F-Quantum-Computing-Risk-Study-Group-IR-F01-2022_20221129-Published-PDF.pdf,medium,qwen3.6:27b-q8_0,2026-08-09,active,,
ASC-X9-IR-F01-2022,ASC X9 IR 01-2022 — Quantum Computing Risks to the Financial Services Industry,Technical Standards,Industry & Research,inventory,2,all,Maintain a complete and accurate inventory of tangible and intangible assets to mitigate quantum risk.,"An organization cannot reasonably protect an asset it doesn’t know it has... Therefore, a complete and accurate asset inventory is critical to mitigating quantum-risk.","Section 13.2, Table 7",https://x9.org/wp-content/uploads/2022/11/X9F-Quantum-Computing-Risk-Study-Group-IR-F01-2022_20221129-Published-PDF.pdf,high,qwen3.6:27b-q8_0,2026-08-09,active,,
ASC-X9-IR-F01-2022,ASC X9 IR 01-2022 — Quantum Computing Risks to the Financial Services Industry,Technical Standards,Industry & Research,inventory,2,software,Inventory software assets to identify quantum vulnerabilities and plan updates or replacements.,Software assets should be inventoried so that the organization can understand and mitigate their quantum-vulnerabilities.,"Section 13.2, Table 7",https://x9.org/wp-content/uploads/2022/11/X9F-Quantum-Computing-Risk-Study-Group-IR-F01-2022_20221129-Published-PDF.pdf,high,qwen3.6:27b-q8_0,2026-08-09,active,,
ASC-X9-IR-F01-2022,ASC X9 IR 01-2022 — Quantum Computing Risks to the Financial Services Industry,Technical Standards,Industry & Research,inventory,2,all,Inventory information security standards and track progress toward quantum-safe updates.,The organization should also inventory the information security standards they comply with and note the cryptography required by those standards.,"Section 13.2, Table 7",https://x9.org/wp-content/uploads/2022/11/X9F-Quantum-Computing-Risk-Study-Group-IR-F01-2022_20221129-Published-PDF.pdf,high,qwen3.6:27b-q8_0,2026-08-09,active,,
ASC-X9-IR-F01-2022,ASC X9 IR 01-2022 — Quantum Computing Risks to the Financial Services Industry,Technical Standards,Industry & Research,inventory,2,all,Inventory compliance requirements and designate a team to track quantum-safe updates to those requirements.,Organizations should inventory their compliance requirements and designate a person or a team to track the development of quantum-safe updates to those requirements.,"Section 13.2, Table 7",https://x9.org/wp-content/uploads/2022/11/X9F-Quantum-Computing-Risk-Study-Group-IR-F01-2022_20221129-Published-PDF.pdf,high,qwen3.6:27b-q8_0,2026-08-09,active,,
ASC-X9-IR-F01-2022,ASC X9 IR 01-2022 — Quantum Computing Risks to the Financial Services Industry,Technical Standards,Industry & Research,governance,2,all,"Review and update organizational policies, procedures, and guidelines to address quantum vulnerabilities.","The organization should undergo a review of their policies, procedures, guidelines, and processes for quantum vulnerabilities.","Section 13.2, Table 7",https://x9.org/wp-content/uploads/2022/11/X9F-Quantum-Computing-Risk-Study-Group-IR-F01-2022_20221129-Published-PDF.pdf,high,qwen3.6:27b-q8_0,2026-08-09,active,,
ASC-X9-IR-F01-2022,ASC X9 IR 01-2022 — Quantum Computing Risks to the Financial Services Industry,Technical Standards,Industry & Research,governance,2,all,Update policies to require quantum-safe protections where reasonable.,"if organizational policy requires a certain type of cryptographic protection for certain assets, those policies should be updated to require quantum-safe protections, when it is reasonable to do so.","Section 13.2, Table 7",https://x9.org/wp-content/uploads/2022/11/X9F-Quantum-Computing-Risk-Study-Group-IR-F01-2022_20221129-Published-PDF.pdf,high,qwen3.6:27b-q8_0,2026-08-09,active,,
ASC-X9-IR-F01-2022,ASC X9 IR 01-2022 — Quantum Computing Risks to the Financial Services Industry,Technical Standards,Industry & Research,governance,2,all,"Review security policies to make recommended controls, such as multi-factor authentication, mandatory where appropriate.","Current security policies may recommend, but not require, the use of things such as multi-factor authentication. Such policies should be reviewed, and certain suggestions made mandatory, where appropriate.","Section 13.2, Table 7",https://x9.org/wp-content/uploads/2022/11/X9F-Quantum-Computing-Risk-Study-Group-IR-F01-2022_20221129-Published-PDF.pdf,high,qwen3.6:27b-q8_0,2026-08-09,active,,
ASC-X9-IR-F01-2022,ASC X9 IR 01-2022 — Quantum Computing Risks to the Financial Services Industry,Technical Standards,Industry & Research,lifecycle,2,all,"Ensure adequate quantum-safe protections are applied at each stage of the asset lifecycle, including end-of-life.",The organization should ensure that adequate quantum-safe protections are applied at each stage. The organization should also consider the protections needed after the asset reaches the end of its useful life.,"Section 13.2, Table 7",https://x9.org/wp-content/uploads/2022/11/X9F-Quantum-Computing-Risk-Study-Group-IR-F01-2022_20221129-Published-PDF.pdf,high,qwen3.6:27b-q8_0,2026-08-09,active,,
ASC-X9-IR-F01-2022,ASC X9 IR 01-2022 — Quantum Computing Risks to the Financial Services Industry,Technical Standards,Industry & Research,assurance,2,all,Assess the quantum resilience of cryptographic algorithms used to protect assets.,The organization should understand the resilience of AES-128 to quantum attack and may decide to instead use AES-192 or AES-256.,"Section 13.2, Table 7",https://x9.org/wp-content/uploads/2022/11/X9F-Quantum-Computing-Risk-Study-Group-IR-F01-2022_20221129-Published-PDF.pdf,medium,qwen3.6:27b-q8_0,2026-08-09,active,,
ASC-X9-IR-F01-2022,ASC X9 IR 01-2022 — Quantum Computing Risks to the Financial Services Industry,Technical Standards,Industry & Research,governance,2,all,Incorporate quantum-safe technology selection into the general strategy for managing cryptography.,selecting the appropriate quantum-safe technology for a particular new or legacy application is something that should be incorporated as part of a general strategy for managing cryptography.,Section 13.3,https://x9.org/wp-content/uploads/2022/11/X9F-Quantum-Computing-Risk-Study-Group-IR-F01-2022_20221129-Published-PDF.pdf,medium,qwen3.6:27b-q8_0,2026-08-09,active,,
ASC-X9-IR-F01-2022,ASC X9 IR 01-2022 — Quantum Computing Risks to the Financial Services Industry,Technical Standards,Industry & Research,governance,2,all,Formulate and execute a documented quantum-safe migration strategy with a roadmap including milestones and timelines.,"A roadmap for a quantum-safe migration strategy details the specific actions, in a logical order, and with approximate timelines, for forming and executing a quantum-safe migration strategy.",Section 13.4,https://x9.org/wp-content/uploads/2022/11/X9F-Quantum-Computing-Risk-Study-Group-IR-F01-2022_20221129-Published-PDF.pdf,medium,qwen3.6:27b-q8_0,2026-08-09,active,,
ASC-X9-IR-F01-2022,ASC X9 IR 01-2022 — Quantum Computing Risks to the Financial Services Industry,Technical Standards,Industry & Research,governance,2,all,Engage suppliers to learn their plans for implementing quantum-safe migration strategies.,"Additionally, the organization should engage their suppliers to learn what their plans are towards implementing their own quantum-safe migration strategies.","Section 13.4, Step 4",https://x9.org/wp-content/uploads/2022/11/X9F-Quantum-Computing-Risk-Study-Group-IR-F01-2022_20221129-Published-PDF.pdf,medium,qwen3.6:27b-q8_0,2026-08-09,active,,
ASC-X9-IR-F01-2022,ASC X9 IR 01-2022 — Quantum Computing Risks to the Financial Services Industry,Technical Standards,Industry & Research,governance,2,all,Include quantum computing threats in normal information security training and awareness programs.,"the organization should consider adding general information about the quantum computing threats to those programs, if not running specific quantum-awareness programs independently.","Section 13.4, Step 1",https://x9.org/wp-content/uploads/2022/11/X9F-Quantum-Computing-Risk-Study-Group-IR-F01-2022_20221129-Published-PDF.pdf,medium,qwen3.6:27b-q8_0,2026-08-09,active,,
ASC-X9-IR-F01-2022,ASC X9 IR 01-2022 — Quantum Computing Risks to the Financial Services Industry,Technical Standards,Industry & Research,inventory,2,all,"Perform asset, cryptographic, and standards inventories to identify tangible/intangible assets, crypto usage, and compliance requirements.","A good starting place is to perform an asset inventory, a cryptographic inventory, and a standards inventory... the organization should unambiguously know what assets it has... where and how it uses cryptography... and the information security standards it is required to comply with","Step 3) Asset inventories, dependencies, and vulnerability assessments",https://x9.org/wp-content/uploads/2022/11/X9F-Quantum-Computing-Risk-Study-Group-IR-F01-2022_20221129-Published-PDF.pdf,medium,qwen3.6:27b-q8_0,2026-08-09,active,,
ASC-X9-IR-F01-2022,ASC X9 IR 01-2022 — Quantum Computing Risks to the Financial Services Industry,Technical Standards,Industry & Research,inventory,2,all,Understand information security dependencies between different systems and processes.,"Further, the organization should understand the information security dependencies between their different systems and processes.","Step 3) Asset inventories, dependencies, and vulnerability assessments",https://x9.org/wp-content/uploads/2022/11/X9F-Quantum-Computing-Risk-Study-Group-IR-F01-2022_20221129-Published-PDF.pdf,medium,qwen3.6:27b-q8_0,2026-08-09,active,,
ASC-X9-IR-F01-2022,ASC X9 IR 01-2022 — Quantum Computing Risks to the Financial Services Industry,Technical Standards,Industry & Research,lifecycle,2,all,Include explicit timelines for assessing quantum vulnerabilities in the organization's migration roadmap.,Timelines for assessing those vulnerabilities should be explicit items in the organization’s roadmap.,"Step 3) Asset inventories, dependencies, and vulnerability assessments",https://x9.org/wp-content/uploads/2022/11/X9F-Quantum-Computing-Risk-Study-Group-IR-F01-2022_20221129-Published-PDF.pdf,medium,qwen3.6:27b-q8_0,2026-08-09,active,,
ASC-X9-IR-F01-2022,ASC X9 IR 01-2022 — Quantum Computing Risks to the Financial Services Industry,Technical Standards,Industry & Research,lifecycle,2,all,Map known post-quantum solutions to specific vulnerabilities as an item on the migration roadmap.,Doing so should be an item on the migration roadmap. The organization should keep in mind that the solutions they identify in this step might not turn out to be suitable for their needs.,Step 4) Map post quantum solutions to vulnerabilities,https://x9.org/wp-content/uploads/2022/11/X9F-Quantum-Computing-Risk-Study-Group-IR-F01-2022_20221129-Published-PDF.pdf,medium,qwen3.6:27b-q8_0,2026-08-09,active,,
ASC-X9-IR-F01-2022,ASC X9 IR 01-2022 — Quantum Computing Risks to the Financial Services Industry,Technical Standards,Industry & Research,assurance,2,all,Validate the suitability of identified solutions through proof-of-concept projects as an item in the migration roadmap.,"Therefore, it can be a good idea to engage in proof-of-concept projects to thoroughly validate the suitability of various solutions. Such validation should be an item in the migration roadmap.",Step 5) Validate the suitability of identified solutions,https://x9.org/wp-content/uploads/2022/11/X9F-Quantum-Computing-Risk-Study-Group-IR-F01-2022_20221129-Published-PDF.pdf,medium,qwen3.6:27b-q8_0,2026-08-09,active,,
ASC-X9-IR-F01-2022,ASC X9 IR 01-2022 — Quantum Computing Risks to the Financial Services Industry,Technical Standards,Industry & Research,governance,2,all,"Update policies, processes, and procedures to reflect migration changes for developers, users, and other entities.","As appropriate, the organization should update their policies, processes, and procedures to reflect the changes for developers, users, and other entities affected by the migration.",Step 6) Finalize preparations and execute the migration,https://x9.org/wp-content/uploads/2022/11/X9F-Quantum-Computing-Risk-Study-Group-IR-F01-2022_20221129-Published-PDF.pdf,medium,qwen3.6:27b-q8_0,2026-08-09,active,,
ENISA-Crypto-Market-Analysis-2024,Cryptographic Products and Services Market Analysis,Compliance Frameworks,International Frameworks,inventory,2,all,Develop an inventory or catalogue of cryptographic products and services to capture supply-chain information and support risk assessment.,"EU-wide, harmonised guidelines for managing the security of the supply-chain of cryptographic products and services need to be developed by capturing any available good practices, such as an inventory or catalogue of cryptographic products and services","Section R1, Practical proposal",https://www.enisa.europa.eu/publications/cryptographic-products-and-services-market-analysis,medium,qwen3.6:27b-q8_0,2026-08-09,active,,
ENISA-Crypto-Market-Analysis-2024,Cryptographic Products and Services Market Analysis,Compliance Frameworks,International Frameworks,inventory,2,all,Maintain visibility and transferability of Intellectual Property Rights via Bills of Materials (BOMs) to assess risks to economic security.,"In order to increase the security of the EU economy, one important aspect is to have visibility and transferability of the IPR via BOMs, but also to protect the IPR.","Section R3, Practical approach",https://www.enisa.europa.eu/publications/cryptographic-products-and-services-market-analysis,medium,qwen3.6:27b-q8_0,2026-08-09,active,,
ENISA-Crypto-Market-Analysis-2024,Cryptographic Products and Services Market Analysis,Compliance Frameworks,International Frameworks,lifecycle,2,all,"Develop and implement strategic migration plans for post-quantum cryptography, engaging necessary actors and following regulatory roadmaps.",Kick off EU-wide migration strategies for post-quantum (quantum-safe) cryptography by engaging all necessary actors. ... It is advisable that migration and support plans are developed at the EU level.,"Section R4, Practical approach",https://www.enisa.europa.eu/publications/cryptographic-products-and-services-market-analysis,medium,qwen3.6:27b-q8_0,2026-08-09,active,,
ENISA-Crypto-Market-Analysis-2024,Cryptographic Products and Services Market Analysis,Compliance Frameworks,International Frameworks,governance,2,libraries,Utilize harmonized technical specifications and centralized repositories for lightweight cryptographic libraries to ensure secure integration into IoT products.,"Develop an EU OSS repository for lightweight cryptographic libraries that would provide a secure, centralised, clear, controllable and well-documented cryptographic library, together with guidance to further help vendors for integrating OS components into IoT products.","Section R5, Practical approach",https://www.enisa.europa.eu/publications/cryptographic-products-and-services-market-analysis,medium,qwen3.6:27b-q8_0,2026-08-09,active,,
ENISA-Crypto-Market-Analysis-2024,Cryptographic Products and Services Market Analysis,Compliance Frameworks,International Frameworks,assurance,2,all,Adopt harmonized criteria for the risk-based selection of recommended cryptographic mechanisms and utilize publicly available evaluation procedures.,"Development of harmonised criteria at the EU level for the risk-based selection of recommended cryptographic mechanisms, together with harmonised evaluation procedures that are publicly available and, if possible, automated.","Section R2, Practical proposals",https://www.enisa.europa.eu/publications/cryptographic-products-and-services-market-analysis,medium,qwen3.6:27b-q8_0,2026-08-09,active,,
ENISA-Crypto-Market-Analysis-2024,Cryptographic Products and Services Market Analysis,Compliance Frameworks,International Frameworks,governance,2,all,"Establish documented rules and guidelines for cryptographic mechanisms, key sizes, and key management for government-operated information systems.",The RGS defines rules and guidelines to be enforced by information systems that are operated by government or public entities... Annex B1 defines rules and recommendations regarding the selection of cryptographic mechanisms and key sizes. Annex B2 defines rules and recommendations regarding cryptographic key management.,"Section: National legislation from France, RGS",https://www.enisa.europa.eu/publications/cryptographic-products-and-services-market-analysis,high,qwen3.6:27b-q8_0,2026-08-09,active,,
ENISA-Crypto-Market-Analysis-2024,Cryptographic Products and Services Market Analysis,Compliance Frameworks,International Frameworks,governance,2,software,Declare to ANSSI before importing or supplying crypto-enabled items on French territory; obtain export authorization for transfers outside the EU.,"Under the terms of these texts, a company wishing to import or supply a crypto-enabled item on French territory must first make a declaration to ANSSI. If the item is transferred to another Member State or exported outside the EU, an export authorisation must also be issued by the agency.","Section: National legislation from France, LCEN",https://www.enisa.europa.eu/publications/cryptographic-products-and-services-market-analysis,high,qwen3.6:27b-q8_0,2026-08-09,active,,
ENISA-Crypto-Market-Analysis-2024,Cryptographic Products and Services Market Analysis,Compliance Frameworks,International Frameworks,assurance,3,all,Ensure cryptographic products and services comply with the EU cybersecurity certification framework established by the Cybersecurity Act.,The Cybersecurity Act strengthens ENISA and establishes a cybersecurity certification framework for products and services.,Section: Cybersecurity Act (CSA),https://www.enisa.europa.eu/publications/cryptographic-products-and-services-market-analysis,high,qwen3.6:27b-q8_0,2026-08-09,active,,
ENISA-Crypto-Market-Analysis-2024,Cryptographic Products and Services Market Analysis,Compliance Frameworks,International Frameworks,lifecycle,3,software,Implement cybersecurity requirements for products with digital elements to ensure secure hardware and software throughout their lifecycle.,"The proposal for a regulation on cybersecurity requirements for products with digital elements, known as the Cyber Resilience Act, bolsters cybersecurity rules to ensure more secure hardware and software products",Section: Cyber Resilience Act (CRA) (Proposal),https://www.enisa.europa.eu/publications/cryptographic-products-and-services-market-analysis,medium,qwen3.6:27b-q8_0,2026-08-09,active,,
ENISA-State-of-Cybersecurity-2024,2024 Report on the State of Cybersecurity in the Union,Compliance Frameworks,Government & Policy,governance,2,all,"Establish and maintain documented ICT security policies, including measures and procedures, with management review and sign-off to ensure organizational commitment.","Almost one-fifth of SMEs have defined or most recently (within the last 12 months) reviewed their ICT security policy... While almost 80% of large enterprises have document(s) on measures, practices or procedures on ICT security...","Page 50, Section: Enterprises’ Cyber hygiene",https://www.enisa.europa.eu/publications/2024-report-on-the-state-of-the-cybersecurity-in-the-union,medium,qwen3.6:27b-q8_0,2026-08-09,active,,
ENISA-State-of-Cybersecurity-2024,2024 Report on the State of Cybersecurity in the Union,Compliance Frameworks,Government & Policy,governance,2,all,"Implement a third-party risk management policy for supply chain cybersecurity, ensuring top management commitment and dedicated resources for assessment.",77% of OESs and DSPs had a policy related to supply chain cybersecurity risk management from third-parties... The percentage of OESs and DSPs with third-party risk management policies increases from 36% to 87% when management signs-off...,"Page 53, Section: 3.4 SUPPLY CHAIN SECURITY",https://www.enisa.europa.eu/publications/2024-report-on-the-state-of-the-cybersecurity-in-the-union,medium,qwen3.6:27b-q8_0,2026-08-09,active,,
ENISA-State-of-Cybersecurity-2024,2024 Report on the State of Cybersecurity in the Union,Compliance Frameworks,Government & Policy,assurance,2,software,Consider supplier certification and security risk ratings when assessing third-party risks to ensure the cybersecurity of acquired products and services.,"When assessing their third-party risks, 61% of the OESs and DSPs take into account whether a supplier is certified, use security risk rating services (43%) and perform due diligence or risk assessments (37%).","Page 53, Section: 3.4 SUPPLY CHAIN SECURITY",https://www.enisa.europa.eu/publications/2024-report-on-the-state-of-the-cybersecurity-in-the-union,medium,qwen3.6:27b-q8_0,2026-08-09,active,,
ENISA-State-of-Cybersecurity-2024,2024 Report on the State of Cybersecurity in the Union,Compliance Frameworks,Government & Policy,governance,2,all,Implement a risk-based vulnerability management process as a mandatory cybersecurity risk management measure under NIS2.,"When it comes to the entities under NIS2, ‘vulnerability handling and disclosure’ is one of the mandatory cybersecurity risk management measures that they have to apply.",Section 3.4.1 Vulnerability handling and disclosure,https://www.enisa.europa.eu/publications/2024-report-on-the-state-of-the-cybersecurity-in-the-union,high,qwen3.6:27b-q8_0,2026-08-09,active,,
ENISA-State-of-Cybersecurity-2024,2024 Report on the State of Cybersecurity in the Union,Compliance Frameworks,Government & Policy,lifecycle,2,software,"Establish a rigid patching policy covering the majority of assets, ensuring critical vulnerabilities are patched within defined timeframes.",The majority of OESs and DSPs (52%) had a rigid patching policy... 92% of OESs and DSPs patch critical vulnerabilities within at least six months after their discovery.,Section 3.4.1 Vulnerability handling and disclosure,https://www.enisa.europa.eu/publications/2024-report-on-the-state-of-the-cybersecurity-in-the-union,medium,qwen3.6:27b-q8_0,2026-08-09,active,,
ENISA-State-of-Cybersecurity-2024,2024 Report on the State of Cybersecurity in the Union,Compliance Frameworks,Government & Policy,observability,2,all,"Maintain visibility over the patching status of information assets to identify gaps in coverage, particularly for OT systems and wide geographic spreads.",13.5% of the surveyed OESs and DSPs had no visibility over the patching of 40% or more of their information assets. These can be particularly challenging for organisations with wide geographic spreads or with OT systems.,Section 3.4.1 Vulnerability handling and disclosure,https://www.enisa.europa.eu/publications/2024-report-on-the-state-of-the-cybersecurity-in-the-union,medium,qwen3.6:27b-q8_0,2026-08-09,active,,
ENISA-State-of-Cybersecurity-2024,2024 Report on the State of Cybersecurity in the Union,Compliance Frameworks,Government & Policy,governance,2,all,"Adopt vulnerability management and disclosure policies, potentially using templates provided by national competent authorities.",The public sector in MSs is advised to adopt vulnerability management and disclosure policies and could share templates for other entities to use.,Policy Recommendation: Supply chain security,https://www.enisa.europa.eu/publications/2024-report-on-the-state-of-the-cybersecurity-in-the-union,medium,qwen3.6:27b-q8_0,2026-08-09,active,,
PSD2-Directive-EU-2015-2366,Directive (EU) 2015/2366 on payment services in the internal market (PSD2),Technical Standards,Compliance Frameworks,governance,2,all,Submit a security policy document with detailed risk assessment and description of security control and mitigation measures to protect users against fraud and illegal use of data.,"a security policy document, including a detailed risk assessment in relation to its payment services and a description of security control and mitigation measures taken to adequately protect payment service users against the risks identified, including fraud and illegal use of sensitive and personal data",Article 5(1)(j),https://www.legislation.gov.uk/eudr/2015/2366/data.htm,high,qwen3.6:27b-q8_0,2026-08-09,active,,
PSD2-Directive-EU-2015-2366,Directive (EU) 2015/2366 on payment services in the internal market (PSD2),Technical Standards,Compliance Frameworks,governance,2,software,Ensure security control measures indicate how they ensure a high level of technical security and data protection for software and IT systems used by the applicant or outsourced undertakings.,"The security control and mitigation measures referred to in point (j) of the first subparagraph shall indicate how they ensure a high level of technical security and data protection, including for the software and IT systems used by the applicant or the undertakings to which it outsources the whole or part of its operations.",Article 5(1) second paragraph,https://www.legislation.gov.uk/eudr/2015/2366/data.htm,high,qwen3.6:27b-q8_0,2026-08-09,active,,
PSD2-Directive-EU-2015-2366,Directive (EU) 2015/2366 on payment services in the internal market (PSD2),Technical Standards,Compliance Frameworks,governance,2,all,"Provide a description of governance arrangements and internal control mechanisms, including administrative, risk management, and accounting procedures, demonstrating they are proportionate, appropriate, sound, and adequate.","a description of the applicant’s governance arrangements and internal control mechanisms, including administrative, risk management and accounting procedures, which demonstrates that those governance arrangements, control mechanisms and procedures are proportionate, appropriate, sound and adequate",Article 5(1)(e),https://www.legislation.gov.uk/eudr/2015/2366/data.htm,high,qwen3.6:27b-q8_0,2026-08-09,active,,
PSD2-Directive-EU-2015-2366,Directive (EU) 2015/2366 on payment services in the internal market (PSD2),Technical Standards,Compliance Frameworks,governance,2,all,"Describe the procedure in place to monitor, handle, and follow up security incidents and security-related customer complaints, including an incident reporting mechanism.","a description of the procedure in place to monitor, handle and follow up a security incident and security related customer complaints, including an incidents reporting mechanism which takes account of the notification obligations of the payment institution laid down in Article 96",Article 5(1)(f),https://www.legislation.gov.uk/eudr/2015/2366/data.htm,high,qwen3.6:27b-q8_0,2026-08-09,active,,
PSD2-Directive-EU-2015-2366,Directive (EU) 2015/2366 on payment services in the internal market (PSD2),Technical Standards,Compliance Frameworks,governance,2,all,"Describe the process in place to file, monitor, track, and restrict access to sensitive payment data.","a description of the process in place to file, monitor, track and restrict access to sensitive payment data",Article 5(1)(g),https://www.legislation.gov.uk/eudr/2015/2366/data.htm,high,qwen3.6:27b-q8_0,2026-08-09,active,,
PSD2-Directive-EU-2015-2366,Directive (EU) 2015/2366 on payment services in the internal market (PSD2),Technical Standards,Compliance Frameworks,governance,2,all,"Establish robust governance arrangements with clear organisational structure, defined lines of responsibility, and effective risk identification, management, monitoring, and reporting procedures.","the payment institution has robust governance arrangements for its payment services business, which include a clear organisational structure with well-defined, transparent and consistent lines of responsibility, effective procedures to identify, manage, monitor and report the risks",Article 11(4),https://www.legislation.gov.uk/eudr/2015/2366/data.htm,high,qwen3.6:27b-q8_0,2026-08-09,active,,
PSD2-Directive-EU-2015-2366,Directive (EU) 2015/2366 on payment services in the internal market (PSD2),Technical Standards,Compliance Frameworks,governance,2,all,"Implement adequate internal control mechanisms, including sound administrative and accounting procedures, proportionate to the nature, scale, and complexity of payment services.","adequate internal control mechanisms, including sound administrative and accounting procedures; those arrangements, procedures and mechanisms shall be comprehensive and proportionate to the nature, scale and complexity of the payment services",Article 11(4),https://www.legislation.gov.uk/eudr/2015/2366/data.htm,high,qwen3.6:27b-q8_0,2026-08-09,active,,
PSD2-Directive-EU-2015-2366,Directive (EU) 2015/2366 on payment services in the internal market (PSD2),Technical Standards,Compliance Frameworks,governance,2,all,Ensure shareholders or members with qualifying holdings are suitable to ensure sound and prudent management of the payment institution.,The competent authorities shall refuse to grant an authorisation if... they are not satisfied as to the suitability of the shareholders or members that have qualifying holdings.,Article 11(6),https://www.legislation.gov.uk/eudr/2015/2366/data.htm,high,qwen3.6:27b-q8_0,2026-08-09,active,,
PSD2-Directive-EU-2015-2366,Directive (EU) 2015/2366 on payment services in the internal market (PSD2),Technical Standards,Compliance Frameworks,governance,2,all,Inform competent authorities without undue delay of any changes affecting the accuracy of information and evidence provided for authorisation.,"Where any change affects the accuracy of information and evidence provided in accordance with Article 5, the payment institution shall, without undue delay, inform the competent authorities",Article 16,https://www.legislation.gov.uk/eudr/2015/2366/data.htm,high,qwen3.6:27b-q8_0,2026-08-09,active,,
PSD2-Directive-EU-2015-2366,Directive (EU) 2015/2366 on payment services in the internal market (PSD2),Technical Standards,Compliance Frameworks,governance,2,all,"Communicate internal control mechanisms used by agents to comply with money laundering and terrorist financing obligations, updating without delay upon material changes.",a description of the internal control mechanisms that will be used by the agent in order to comply with the obligations in relation to money laundering and terrorist financing... to be updated without delay in the event of material changes,Article 19(1)(b),https://www.legislation.gov.uk/eudr/2015/2366/data.htm,high,qwen3.6:27b-q8_0,2026-08-09,active,,
PSD2-Directive-EU-2015-2366,Directive (EU) 2015/2366 on payment services in the internal market (PSD2),Technical Standards,Compliance Frameworks,governance,2,all,Define internal control mechanisms for agents to ensure compliance with money laundering and terrorist financing obligations.,a description of the internal control mechanisms that will be used by the agent in order to comply with the obligations in relation to money laundering and terrorist financing,Article 19(1)(b),https://www.legislation.gov.uk/eudr/2015/2366/data.htm,high,qwen3.6:27b-q8_0,2026-08-09,active,,
PSD2-Directive-EU-2015-2366,Directive (EU) 2015/2366 on payment services in the internal market (PSD2),Technical Standards,Compliance Frameworks,governance,2,all,Ensure outsourcing of important operational functions does not impair internal control or supervisory monitoring capabilities.,"Outsourcing of important operational functions, including IT systems, shall not be undertaken in such way as to impair materially the quality of the payment institution’s internal control and the ability of the competent authorities to monitor",Article 19(6),https://www.legislation.gov.uk/eudr/2015/2366/data.htm,high,qwen3.6:27b-q8_0,2026-08-09,active,,
PSD2-Directive-EU-2015-2366,Directive (EU) 2015/2366 on payment services in the internal market (PSD2),Technical Standards,Compliance Frameworks,governance,2,all,Maintain senior management responsibility and ensure authorisation conditions are not undermined when outsourcing important functions.,the outsourcing shall not result in the delegation by senior management of its responsibility... the conditions with which the payment institution is to comply in order to be authorised... shall not be undermined,Article 19(6)(a)-(c),https://www.legislation.gov.uk/eudr/2015/2366/data.htm,high,qwen3.6:27b-q8_0,2026-08-09,active,,
PSD2-Directive-EU-2015-2366,Directive (EU) 2015/2366 on payment services in the internal market (PSD2),Technical Standards,Compliance Frameworks,governance,2,all,Take reasonable steps to ensure third-party providers of operational functions comply with directive requirements.,"where payment institutions rely on third parties for the performance of operational functions, those payment institutions take reasonable steps to ensure that the requirements of this Directive are complied with",Article 20(1),https://www.legislation.gov.uk/eudr/2015/2366/data.htm,high,qwen3.6:27b-q8_0,2026-08-09,active,,
PSD2-Directive-EU-2015-2366,Directive (EU) 2015/2366 on payment services in the internal market (PSD2),Technical Standards,Compliance Frameworks,governance,2,all,"Accept full liability for acts of employees, agents, branches, or outsourced entities.","Member States shall require that payment institutions remain fully liable for any acts of their employees, or any agent, branch or entity to which activities are outsourced",Article 20(2),https://www.legislation.gov.uk/eudr/2015/2366/data.htm,high,qwen3.6:27b-q8_0,2026-08-09,active,,
PSD2-Directive-EU-2015-2366,Directive (EU) 2015/2366 on payment services in the internal market (PSD2),Technical Standards,Compliance Frameworks,inventory,2,all,Keep appropriate records for at least 5 years to demonstrate compliance with the directive.,Member States shall require payment institutions to keep all appropriate records for the purpose of this Title for at least 5 years,Article 21,https://www.legislation.gov.uk/eudr/2015/2366/data.htm,high,qwen3.6:27b-q8_0,2026-08-09,active,,
PSD2-Directive-EU-2015-2366,Directive (EU) 2015/2366 on payment services in the internal market (PSD2),Technical Standards,Compliance Frameworks,observability,2,all,"Implement controls that are proportionate, adequate, and responsive to risks to check continued compliance.","Member States shall ensure that the controls exercised by the competent authorities for checking continued compliance with this Title are proportionate, adequate and responsive to the risks",Article 23(1),https://www.legislation.gov.uk/eudr/2015/2366/data.htm,high,qwen3.6:27b-q8_0,2026-08-09,active,,
PSD2-Directive-EU-2015-2366,Directive (EU) 2015/2366 on payment services in the internal market (PSD2),Technical Standards,Compliance Frameworks,governance,2,keys,Ensure personalised security credentials are not accessible to parties other than the user and issuer.,"ensure that the personalised security credentials of the payment service user are not, with the exception of the user and the issuer of the personalised security credentials, accessible to other parties",Article 66(3)(b),https://www.legislation.gov.uk/eudr/2015/2366/data.htm,high,qwen3.6:27b-q8_0,2026-08-09,active,,
PSD2-Directive-EU-2015-2366,Directive (EU) 2015/2366 on payment services in the internal market (PSD2),Technical Standards,Compliance Frameworks,lifecycle,2,keys,Transmit personalised security credentials through safe and efficient channels.,ensure that the personalised security credentials of the payment service user are not... accessible to other parties and that they are transmitted by the payment initiation service provider through safe and efficient channels,Article 66(3)(b),https://www.legislation.gov.uk/eudr/2015/2366/data.htm,high,qwen3.6:27b-q8_0,2026-08-09,active,,
PSD2-Directive-EU-2015-2366,Directive (EU) 2015/2366 on payment services in the internal market (PSD2),Technical Standards,Compliance Frameworks,lifecycle,2,software,Communicate securely with payment initiation service providers.,communicate securely with payment initiation service providers in accordance with point (d) of Article 98(1),Article 66(4)(a),https://www.legislation.gov.uk/eudr/2015/2366/data.htm,high,qwen3.6:27b-q8_0,2026-08-09,active,,
PSD2-Directive-EU-2015-2366,Directive (EU) 2015/2366 on payment services in the internal market (PSD2),Technical Standards,Compliance Frameworks,lifecycle,2,software,Communicate securely with account information service providers.,communicate securely with the account information service providers in accordance with point (d) of Article 98(1),Article 67(3)(a),https://www.legislation.gov.uk/eudr/2015/2366/data.htm,high,qwen3.6:27b-q8_0,2026-08-09,active,,
PSD2-Directive-EU-2015-2366,Directive (EU) 2015/2366 on payment services in the internal market (PSD2),Technical Standards,Compliance Frameworks,lifecycle,2,software,"Identify itself and communicate securely with the account servicing provider, payer, and payee.","identify itself towards the account servicing payment service provider of the payer and communicate with the account servicing payment service provider, the payer and the payee in a secure way",Article 66(3)(d),https://www.legislation.gov.uk/eudr/2015/2366/data.htm,high,qwen3.6:27b-q8_0,2026-08-09,active,,
PSD2-Directive-EU-2015-2366,Directive (EU) 2015/2366 on payment services in the internal market (PSD2),Technical Standards,Compliance Frameworks,lifecycle,2,software,Identify itself and securely communicate with the account servicing provider and user.,identify itself towards the account servicing payment service provider(s) of the payment service user and securely communicate with the account servicing payment service provider(s) and the payment service user,Article 67(2)(c),https://www.legislation.gov.uk/eudr/2015/2366/data.htm,high,qwen3.6:27b-q8_0,2026-08-09,active,,
PSD2-Directive-EU-2015-2366,Directive (EU) 2015/2366 on payment services in the internal market (PSD2),Technical Standards,Compliance Frameworks,lifecycle,2,keys,Unblock or replace the payment instrument once reasons for blocking no longer exist.,The payment service provider shall unblock the payment instrument or replace it with a new payment instrument once the reasons for blocking no longer exist.,Article 68(4),https://www.legislation.gov.uk/eudr/2015/2366/data.htm,high,qwen3.6:27b-q8_0,2026-08-09,active,,
PSD2-Directive-EU-2015-2366,Directive (EU) 2015/2366 on payment services in the internal market (PSD2),Technical Standards,Compliance Frameworks,lifecycle,2,keys,Allow access to the payment account once reasons for denying access no longer exist.,The account servicing payment service provider shall allow access to the payment account once the reasons for denying access no longer exist.,Article 68(5),https://www.legislation.gov.uk/eudr/2015/2366/data.htm,high,qwen3.6:27b-q8_0,2026-08-09,active,,
PSD2-Directive-EU-2015-2366,Directive (EU) 2015/2366 on payment services in the internal market (PSD2),Technical Standards,Compliance Frameworks,lifecycle,2,keys,Prevent all use of the payment instrument once notification of loss/theft is made.,prevent all use of the payment instrument once notification pursuant to point (b) of Article 69(1) has been made.,Article 70(1)(e),https://www.legislation.gov.uk/eudr/2015/2366/data.htm,high,qwen3.6:27b-q8_0,2026-08-09,active,,
PSD2-Directive-EU-2015-2366,Directive (EU) 2015/2366 on payment services in the internal market (PSD2),Technical Standards,Compliance Frameworks,observability,2,software,Immediately report incidents relating to AIS/PISP to the competent authority.,the account servicing payment service provider shall immediately report the incident relating to the account information service provider or the payment initiation service provider to the competent authority.,Article 68(6),https://www.legislation.gov.uk/eudr/2015/2366/data.htm,high,qwen3.6:27b-q8_0,2026-08-09,active,,
PSD2-Directive-EU-2015-2366,Directive (EU) 2015/2366 on payment services in the internal market (PSD2),Technical Standards,Compliance Frameworks,assurance,2,software,Prove that the payment transaction was authenticated and accurately recorded.,"it is for the payment service provider to prove that the payment transaction was authenticated, accurately recorded, entered in the accounts and not affected by a technical breakdown",Article 72(1),https://www.legislation.gov.uk/eudr/2015/2366/data.htm,high,qwen3.6:27b-q8_0,2026-08-09,active,,
PSD2-Directive-EU-2015-2366,Directive (EU) 2015/2366 on payment services in the internal market (PSD2),Technical Standards,Compliance Frameworks,governance,2,all,Establish a framework with mitigation measures and control mechanisms to manage operational and security risks.,"Member States shall ensure that payment service providers establish a framework with appropriate mitigation measures and control mechanisms to manage the operational and security risks, relating to the payment services they provide.",Article 95(1),https://www.legislation.gov.uk/eudr/2015/2366/data.htm,high,qwen3.6:27b-q8_0,2026-08-09,active,,
PSD2-Directive-EU-2015-2366,Directive (EU) 2015/2366 on payment services in the internal market (PSD2),Technical Standards,Compliance Frameworks,governance,2,all,Provide an annual assessment of operational and security risks and the adequacy of mitigation measures to the competent authority.,Member States shall ensure that payment service providers provide to the competent authority on an annual basis... an updated and comprehensive assessment of the operational and security risks... and on the adequacy of the mitigation measures and control mechanisms implemented in response to those risks.,Article 95(2),https://www.legislation.gov.uk/eudr/2015/2366/data.htm,high,qwen3.6:27b-q8_0,2026-08-09,active,,
PSD2-Directive-EU-2015-2366,Directive (EU) 2015/2366 on payment services in the internal market (PSD2),Technical Standards,Compliance Frameworks,governance,2,all,"Establish and maintain effective incident management procedures, including for detection and classification of major incidents.","As part of that framework, payment service providers shall establish and maintain effective incident management procedures, including for the detection and classification of major operational and security incidents.",Article 95(1),https://www.legislation.gov.uk/eudr/2015/2366/data.htm,high,qwen3.6:27b-q8_0,2026-08-09,active,,
PSD2-Directive-EU-2015-2366,Directive (EU) 2015/2366 on payment services in the internal market (PSD2),Technical Standards,Compliance Frameworks,observability,2,all,Notify the competent authority without undue delay in the case of a major operational or security incident.,"In the case of a major operational or security incident, payment service providers shall, without undue delay, notify the competent authority in the home Member State of the payment service provider.",Article 96(1),https://www.legislation.gov.uk/eudr/2015/2366/data.htm,high,qwen3.6:27b-q8_0,2026-08-09,active,,
PSD2-Directive-EU-2015-2366,Directive (EU) 2015/2366 on payment services in the internal market (PSD2),Technical Standards,Compliance Frameworks,observability,2,all,Inform payment service users without undue delay if an incident impacts their financial interests.,"Where the incident has or may have an impact on the financial interests of its payment service users, the payment service provider shall, without undue delay, inform its payment service users of the incident and of all measures that they can take to mitigate the adverse effects of the incident.",Article 96(1),https://www.legislation.gov.uk/eudr/2015/2366/data.htm,high,qwen3.6:27b-q8_0,2026-08-09,active,,
PSD2-Directive-EU-2015-2366,Directive (EU) 2015/2366 on payment services in the internal market (PSD2),Technical Standards,Compliance Frameworks,governance,2,all,Provide statistical data on fraud relating to different means of payment to competent authorities at least annually.,"Member States shall ensure that payment service providers provide, at least on an annual basis, statistical data on fraud relating to different means of payment to their competent authorities.",Article 96(6),https://www.legislation.gov.uk/eudr/2015/2366/data.htm,high,qwen3.6:27b-q8_0,2026-08-09,active,,
PSD2-Directive-EU-2015-2366,Directive (EU) 2015/2366 on payment services in the internal market (PSD2),Technical Standards,Compliance Frameworks,assurance,2,all,"Apply strong customer authentication for online account access, electronic payment initiation, and remote actions implying fraud risk.",Member States shall ensure that a payment service provider applies strong customer authentication where the payer: (a) accesses its payment account online; (b) initiates an electronic payment transaction; (c) carries out any action through a remote channel which may imply a risk of payment fraud or other abuses.,Article 97(1),https://www.legislation.gov.uk/eudr/2015/2366/data.htm,high,qwen3.6:27b-q8_0,2026-08-09,active,,
PSD2-Directive-EU-2015-2366,Directive (EU) 2015/2366 on payment services in the internal market (PSD2),Technical Standards,Compliance Frameworks,assurance,2,all,Implement strong customer authentication that dynamically links the transaction to a specific amount and payee for remote payments.,"Member States shall ensure that, for electronic remote payment transactions, payment service providers apply strong customer authentication that includes elements which dynamically link the transaction to a specific amount and a specific payee.",Article 97(2),https://www.legislation.gov.uk/eudr/2015/2366/data.htm,high,qwen3.6:27b-q8_0,2026-08-09,active,,
PSD2-Directive-EU-2015-2366,Directive (EU) 2015/2366 on payment services in the internal market (PSD2),Technical Standards,Compliance Frameworks,assurance,2,all,Maintain adequate security measures to protect the confidentiality and integrity of users' personalised security credentials.,Member States shall ensure that payment service providers have in place adequate security measures to protect the confidentiality and integrity of payment service users’ personalised security credentials.,Article 97(3),https://www.legislation.gov.uk/eudr/2015/2366/data.htm,high,qwen3.6:27b-q8_0,2026-08-09,active,,
KMIP-V2-1-OASIS,Key Management Interoperability Protocol (KMIP) Version 2.1,Technical Standards,Protocols,governance,2,all,"Define server policies to restrict attribute characteristics and manage object lifecycle states, ensuring management-approved rules govern attribute retention and modification.",The server policy MAY further restrict these attribute characteristics... A server SHALL NOT delete attributes without receiving a request from a client until the object is destroyed.,Section 4 Object Attributes,https://docs.oasis-open.org/kmip/kmip-spec/v2.1/os/kmip-spec-v2.1-os.html,medium,qwen3.6:27b-q8_0,2026-08-09,active,,
KMIP-V2-1-OASIS,Key Management Interoperability Protocol (KMIP) Version 2.1,Technical Standards,Protocols,inventory,3,all,"Maintain a complete inventory of managed cryptographic objects by enforcing mandatory attributes (e.g., Unique Identifier, Cryptographic Algorithm) upon creation or registration.","SHALL always have a value All Managed Objects... SHALL always have this attribute set once the object has been created or registered, up until the object has been destroyed.",Section 4 Object Attributes,https://docs.oasis-open.org/kmip/kmip-spec/v2.1/os/kmip-spec-v2.1-os.html,high,qwen3.6:27b-q8_0,2026-08-09,active,,
KMIP-V2-1-OASIS,Key Management Interoperability Protocol (KMIP) Version 2.1,Technical Standards,Protocols,lifecycle,3,all,"Enforce automated lifecycle management by requiring explicit client requests for attribute deletion and object destruction, preventing unauthorized or accidental removal.",A server SHALL NOT delete attributes without receiving a request from a client until the object is destroyed.,Section 4 Object Attributes,https://docs.oasis-open.org/kmip/kmip-spec/v2.1/os/kmip-spec-v2.1-os.html,high,qwen3.6:27b-q8_0,2026-08-09,active,,
KMIP-V2-1-OASIS,Key Management Interoperability Protocol (KMIP) Version 2.1,Technical Standards,Protocols,inventory,3,all,Maintain immutable records of cryptographic algorithm and key length for all managed objects from creation to destruction to ensure complete estate visibility.,This attribute SHALL be set by the server when the object is created or registered and then SHALL NOT be changed or deleted before the object is destroyed.,Section 4.13 Cryptographic Algorithm,https://docs.oasis-open.org/kmip/kmip-spec/v2.1/os/kmip-spec-v2.1-os.html,high,qwen3.6:27b-q8_0,2026-08-09,active,,
KMIP-V2-1-OASIS,Key Management Interoperability Protocol (KMIP) Version 2.1,Technical Standards,Protocols,inventory,3,all,Record and preserve the cryptographic length of keys and certificates as an immutable attribute throughout the object's lifecycle.,"This attribute SHALL be set by the server when the object is created or registered, and then SHALL NOT be changed or deleted before the object is destroyed.",Section 4.15 Cryptographic Length,https://docs.oasis-open.org/kmip/kmip-spec/v2.1/os/kmip-spec-v2.1-os.html,high,qwen3.6:27b-q8_0,2026-08-09,active,,
KMIP-V2-1-OASIS,Key Management Interoperability Protocol (KMIP) Version 2.1,Technical Standards,Protocols,lifecycle,3,all,Enforce activation dates by preventing cryptographic usage of objects before the designated activation time has been reached.,The object SHALL NOT be used for any cryptographic purpose before the Activation Date has been reached.,Section 4.1 Activation Date,https://docs.oasis-open.org/kmip/kmip-spec/v2.1/os/kmip-spec-v2.1-os.html,high,qwen3.6:27b-q8_0,2026-08-09,active,,
KMIP-V2-1-OASIS,Key Management Interoperability Protocol (KMIP) Version 2.1,Technical Standards,Protocols,lifecycle,3,all,Automatically record the date and time of compromise upon revocation to support incident response and lifecycle state tracking.,This attribute is set by the server when it receives a Revoke operation with a Revocation Reason containing a Revocation Reason Code of Compromised code,Section 4.10 Compromise Date,https://docs.oasis-open.org/kmip/kmip-spec/v2.1/os/kmip-spec-v2.1-os.html,high,qwen3.6:27b-q8_0,2026-08-09,active,,
KMIP-V2-1-OASIS,Key Management Interoperability Protocol (KMIP) Version 2.1,Technical Standards,Protocols,lifecycle,3,all,Track archival status by setting the Archive Date when objects are placed in archival storage and deleting it upon recovery.,The server SHALL delete this attribute whenever a Recover operation is performed.,Section 4.5 Archive Date,https://docs.oasis-open.org/kmip/kmip-spec/v2.1/os/kmip-spec-v2.1-os.html,high,qwen3.6:27b-q8_0,2026-08-09,active,,
KMIP-V2-1-OASIS,Key Management Interoperability Protocol (KMIP) Version 2.1,Technical Standards,Protocols,governance,2,all,Define server policies regarding attribute retention after object destruction to ensure consistent data handling practices.,"After an object is destroyed, the server MAY retain all, some or none of the object attributes, depending on the object type and server policy.",Section 4.0 (Introductory text),https://docs.oasis-open.org/kmip/kmip-spec/v2.1/os/kmip-spec-v2.1-os.html,medium,qwen3.6:27b-q8_0,2026-08-09,active,,
KMIP-V2-1-OASIS,Key Management Interoperability Protocol (KMIP) Version 2.1,Technical Standards,Protocols,inventory,3,all,Automatically record and lock the initial creation or registration timestamp for every managed cryptographic object to establish an immutable audit trail of asset origin.,"The Initial Date attribute contains the date and time when the Managed Object was first created or registered at the server... This attribute SHALL be set by the server when the object is created or registered, and then SHALL NOT be changed or deleted before the object is destroyed.",Section 4.25 Initial Date,https://docs.oasis-open.org/kmip/kmip-spec/v2.1/os/kmip-spec-v2.1-os.html,high,qwen3.6:27b-q8_0,2026-08-09,active,,
KMIP-V2-1-OASIS,Key Management Interoperability Protocol (KMIP) Version 2.1,Technical Standards,Protocols,inventory,3,all,Automatically record and lock the destruction timestamp for every managed cryptographic object to ensure accurate lifecycle termination logging.,The Destroy Date attribute is the date and time when the Managed Object was destroyed... This value is set by the server when the object is destroyed... Modifiable by server No,Section 4.20 Destroy Date,https://docs.oasis-open.org/kmip/kmip-spec/v2.1/os/kmip-spec-v2.1-os.html,high,qwen3.6:27b-q8_0,2026-08-09,active,,
KMIP-V2-1-OASIS,Key Management Interoperability Protocol (KMIP) Version 2.1,Technical Standards,Protocols,inventory,3,all,Enforce server-side generation of SHA-256 digests for all managed objects upon creation or registration to maintain a verifiable inventory of cryptographic material integrity.,"If this attribute exists, then it SHALL have a mandatory attribute instance computed with the SHA-256 hashing algorithm... The digest(s) are static and SHALL be set by the server when the object is created or registered",Section 4.21 Digest,https://docs.oasis-open.org/kmip/kmip-spec/v2.1/os/kmip-spec-v2.1-os.html,high,qwen3.6:27b-q8_0,2026-08-09,active,,
KMIP-V2-1-OASIS,Key Management Interoperability Protocol (KMIP) Version 2.1,Technical Standards,Protocols,lifecycle,3,all,"Enforce strict state transitions by locking the deactivation date attribute once set, preventing unauthorized modification until object destruction to ensure compliant retirement.","The Deactivation Date attribute is the date and time when the Managed Object SHALL NOT be used for any purpose... This attribute SHALL NOT be changed or deleted before the object is destroyed, unless the object is in the Pre-Active or Active state.",Section 4.18 Deactivation Date,https://docs.oasis-open.org/kmip/kmip-spec/v2.1/os/kmip-spec-v2.1-os.html,high,qwen3.6:27b-q8_0,2026-08-09,active,,
KMIP-V2-1-OASIS,Key Management Interoperability Protocol (KMIP) Version 2.1,Technical Standards,Protocols,lifecycle,3,all,"Enforce cryptographic usage policies by locking the usage mask attribute after initial setup, preventing clients from altering permitted operations on managed keys.",The Cryptographic Usage Mask attribute defines the cryptographic usage of a key... Modifiable by client No... Deletable by client No,Section 4.17 Cryptographic Usage Mask,https://docs.oasis-open.org/kmip/kmip-spec/v2.1/os/kmip-spec-v2.1-os.html,high,qwen3.6:27b-q8_0,2026-08-09,active,,
KMIP-V2-1-OASIS,Key Management Interoperability Protocol (KMIP) Version 2.1,Technical Standards,Protocols,assurance,3,all,"Enforce non-extraction of key material by defaulting the extractable attribute to true only if explicitly allowed, otherwise preventing retrieval to assure key confinement.",If False then the server SHALL prevent the object value being retrieved. The server SHALL set its value to True if not provided by the client.,Section 4.23 Extractable,https://docs.oasis-open.org/kmip/kmip-spec/v2.1/os/kmip-spec-v2.1-os.html,high,qwen3.6:27b-q8_0,2026-08-09,active,,
KMIP-V2-1-OASIS,Key Management Interoperability Protocol (KMIP) Version 2.1,Technical Standards,Protocols,observability,3,all,"Track key distribution status by automatically flagging objects as 'fresh' until served, enabling detection of whether key material has been exposed to clients.",The Fresh attribute is a Boolean attribute that indicates that the object has not yet been served to a client using a Get operation... The server SHALL change the attribute value to False as soon as the object has been served,Section 4.24 Fresh,https://docs.oasis-open.org/kmip/kmip-spec/v2.1/os/kmip-spec-v2.1-os.html,high,qwen3.6:27b-q8_0,2026-08-09,active,,
KMIP-V2-1-OASIS,Key Management Interoperability Protocol (KMIP) Version 2.1,Technical Standards,Protocols,inventory,3,all,Maintain immutable records of object creation dates and last modification timestamps to support complete audit trails and estate visibility.,The Last Change Date attribute contains the date and time of the last change of the specified object... Initially set by Server... Modifiable by server Yes,Section 4.29,https://docs.oasis-open.org/kmip/kmip-spec/v2.1/os/kmip-spec-v2.1-os.html,high,qwen3.6:27b-q8_0,2026-08-09,active,,
KMIP-V2-1-OASIS,Key Management Interoperability Protocol (KMIP) Version 2.1,Technical Standards,Protocols,inventory,3,all,"Record the original creation date of cryptographic objects, ensuring it is immutable once set, to distinguish between generation and registration events.","The Original Creation Date attribute contains the date and time the object was originally created... once the Original Creation Date is set, it SHALL NOT be deleted or updated.",Section 4.38,https://docs.oasis-open.org/kmip/kmip-spec/v2.1/os/kmip-spec-v2.1-os.html,high,qwen3.6:27b-q8_0,2026-08-09,active,,
KMIP-V2-1-OASIS,Key Management Interoperability Protocol (KMIP) Version 2.1,Technical Standards,Protocols,inventory,3,all,Enforce unique naming conventions for cryptographic objects within the key management server to ensure unambiguous identification and retrieval.,"Names SHALL be unique within a given key management server, but are NOT REQUIRED to be globally unique.",Section 4.32,https://docs.oasis-open.org/kmip/kmip-spec/v2.1/os/kmip-spec-v2.1-os.html,high,qwen3.6:27b-q8_0,2026-08-09,active,,
KMIP-V2-1-OASIS,Key Management Interoperability Protocol (KMIP) Version 2.1,Technical Standards,Protocols,inventory,3,all,"Maintain explicit linkage attributes between related cryptographic objects (e.g., keys and certificates) to map dependencies and chain of trust.",The Link attribute is a structure used to create a link from one Managed Cryptographic Object to another... The Link attribute SHOULD be present for private keys and public keys for which a certificate chain is stored,Section 4.31,https://docs.oasis-open.org/kmip/kmip-spec/v2.1/os/kmip-spec-v2.1-os.html,high,qwen3.6:27b-q8_0,2026-08-09,active,,
KMIP-V2-1-OASIS,Key Management Interoperability Protocol (KMIP) Version 2.1,Technical Standards,Protocols,lifecycle,3,all,Enforce process start dates to prevent the use of cryptographic objects for processing protected information before their designated activation time.,The object SHALL NOT be used for these cryptographic purposes before the Process Start Date has been reached.,Section 4.40,https://docs.oasis-open.org/kmip/kmip-spec/v2.1/os/kmip-spec-v2.1-os.html,high,qwen3.6:27b-q8_0,2026-08-09,active,,
KMIP-V2-1-OASIS,Key Management Interoperability Protocol (KMIP) Version 2.1,Technical Standards,Protocols,lifecycle,3,all,Enforce protect stop dates to automatically prohibit the use of cryptographic objects for applying protection after their designated expiration time.,The Protect Stop Date attribute is the date and time after which a valid Managed Object SHALL NOT be used for applying cryptographic protection,Section 4.41,https://docs.oasis-open.org/kmip/kmip-spec/v2.1/os/kmip-spec-v2.1-os.html,high,qwen3.6:27b-q8_0,2026-08-09,active,,
KMIP-V2-1-OASIS,Key Management Interoperability Protocol (KMIP) Version 2.1,Technical Standards,Protocols,lifecycle,3,all,Implement lease-based access controls requiring clients to renew leases via protocol calls before continuing to use managed objects.,"Once its lease expires, the client is only able to renew the lease by calling Obtain Lease... client SHALL NOT use the object without obtaining another lease.",Section 4.30,https://docs.oasis-open.org/kmip/kmip-spec/v2.1/os/kmip-spec-v2.1-os.html,high,qwen3.6:27b-q8_0,2026-08-09,active,,
KMIP-V2-1-OASIS,Key Management Interoperability Protocol (KMIP) Version 2.1,Technical Standards,Protocols,assurance,3,all,Maintain immutable server-side records of whether key material has ever been extractable to support security posture verification and compliance auditing.,The server SHALL create this attribute [Never Extractable]... The server SHALL set it to False if the Extractable attribute has ever been set to True.,Section 4.33,https://docs.oasis-open.org/kmip/kmip-spec/v2.1/os/kmip-spec-v2.1-os.html,high,qwen3.6:27b-q8_0,2026-08-09,active,,
KMIP-V2-1-OASIS,Key Management Interoperability Protocol (KMIP) Version 2.1,Technical Standards,Protocols,governance,2,all,"Optionally classify keys according to NIST SP 800-57 key types to align with standard cryptographic material definitions, ensuring immutability once set.","The NIST SP800-57 Key Type is an attribute... MAY be set by the client... once set, MAY NOT be deleted or modified by either the client or the server.",Section 4.34,https://docs.oasis-open.org/kmip/kmip-spec/v2.1/os/kmip-spec-v2.1-os.html,medium,qwen3.6:27b-q8_0,2026-08-09,active,,
KMIP-V2-1-OASIS,Key Management Interoperability Protocol (KMIP) Version 2.1,Technical Standards,Protocols,lifecycle,3,keys,"Enforce automated key rotation based on configured intervals and offsets, tracking generation counts and latest status to ensure continuous renewal without manual intervention.","If set to True, specifies the Managed Object will be automatically rotated by the server using the Rotate Interval... The Rotate Generation... count from zero of the number of automatic rotates... Rotate Latest... specifies the Managed Object is the most recent object","Sections 4.48, 4.49, 4.50, 4.51, 4.52, 4.54",https://docs.oasis-open.org/kmip/kmip-spec/v2.1/os/kmip-spec-v2.1-os.html,high,qwen3.6:27b-q8_0,2026-08-09,active,,
KMIP-V2-1-OASIS,Key Management Interoperability Protocol (KMIP) Version 2.1,Technical Standards,Protocols,lifecycle,3,keys,"Enforce strict state transitions for cryptographic objects, preventing usage in Pre-Active or Deactivated states and restricting operations based on Process Start and Protect Stop dates.",The State SHALL only be changed by the server... Pre-Active: The object... SHALL NOT be used for any cryptographic purpose... Active: The object SHALL be transitioned to the Active state prior to being used... Deactivated: The object SHALL NOT be used for applying cryptographic protection,Section 4.57,https://docs.oasis-open.org/kmip/kmip-spec/v2.1/os/kmip-spec-v2.1-os.html,high,qwen3.6:27b-q8_0,2026-08-09,active,,
KMIP-V2-1-OASIS,Key Management Interoperability Protocol (KMIP) Version 2.1,Technical Standards,Protocols,observability,3,keys,"Record and maintain immutable audit trails for key revocation, including specific reason codes and optional messages, to enable detection of policy drift or compromise events.",The Revocation Reason attribute is a structure used to indicate why the Managed Cryptographic Object was revoked... Revocation Message... is used exclusively for audit trail/logging purposes,Section 4.47,https://docs.oasis-open.org/kmip/kmip-spec/v2.1/os/kmip-spec-v2.1-os.html,high,qwen3.6:27b-q8_0,2026-08-09,active,,
KMIP-V2-1-OASIS,Key Management Interoperability Protocol (KMIP) Version 2.1,Technical Standards,Protocols,assurance,3,keys,Record and preserve the specific Random Number Generator details used during key creation to provide evidence of cryptographic material generation quality and compliance.,"The Random Number Generator attribute contains the details of the random number generator used during the creation... once the Random Number Generator attribute is set, it SHALL NOT be deleted or updated",Section 4.46,https://docs.oasis-open.org/kmip/kmip-spec/v2.1/os/kmip-spec-v2.1-os.html,high,qwen3.6:27b-q8_0,2026-08-09,active,,
KMIP-V2-1-OASIS,Key Management Interoperability Protocol (KMIP) Version 2.1,Technical Standards,Protocols,inventory,3,keys,Assign and maintain immutable unique identifiers for all managed cryptographic objects to ensure complete inventory tracking and prevent unauthorized modification of object identity.,The Short Unique Identifier... SHALL be assigned by the key management system upon creation or registration... and then SHALL NOT be changed or deleted before the object is destroyed,Section 4.56,https://docs.oasis-open.org/kmip/kmip-spec/v2.1/os/kmip-spec-v2.1-os.html,high,qwen3.6:27b-q8_0,2026-08-09,active,,
KMIP-V2-1-OASIS,Key Management Interoperability Protocol (KMIP) Version 2.1,Technical Standards,Protocols,governance,3,keys,"Enforce sensitivity controls that prevent retrieval of key values unless wrapped, ensuring that access policies are strictly applied to protect sensitive cryptographic material.",If True then the server SHALL prevent the object value being retrieved (via the Get operation) unless it is wrapped by another key,Section 4.55,https://docs.oasis-open.org/kmip/kmip-spec/v2.1/os/kmip-spec-v2.1-os.html,high,qwen3.6:27b-q8_0,2026-08-09,active,,
KMIP-V2-1-OASIS,Key Management Interoperability Protocol (KMIP) Version 2.1,Technical Standards,Protocols,lifecycle,3,keys,"Enforce automated state transitions for cryptographic objects based on defined dates (Activation, Deactivation) or explicit operations (Activate, Revoke, Destroy) to manage lifecycle without manual intervention.",The transition from Pre-Active to Active SHALL occur in one of three ways: The Activation Date is reached... A client issues an Activate operation... The transition from Active to Deactivated SHALL occur... The object's Deactivation Date is reached,"Section 4.57, State Attribute Rules",https://docs.oasis-open.org/kmip/kmip-spec/v2.1/os/kmip-spec-v2.1-os.html,high,qwen3.6:27b-q8_0,2026-08-09,active,,
KMIP-V2-1-OASIS,Key Management Interoperability Protocol (KMIP) Version 2.1,Technical Standards,Protocols,lifecycle,3,keys,Automatically restrict cryptographic usage based on object state; prohibit protection operations for Deactivated or Compromised objects and allow only processing operations under strict conditions.,Deactivated: The object SHALL NOT be used for applying cryptographic protection... Compromised: The object SHALL NOT be used for applying cryptographic protection... The object SHALL only be used for cryptographic purposes permitted by the Cryptographic Usage Mask attribute.,"Section 4.57, Cryptographic Object States",https://docs.oasis-open.org/kmip/kmip-spec/v2.1/os/kmip-spec-v2.1-os.html,high,qwen3.6:27b-q8_0,2026-08-09,active,,
KMIP-V2-1-OASIS,Key Management Interoperability Protocol (KMIP) Version 2.1,Technical Standards,Protocols,inventory,3,all,"Assign a unique, immutable identifier to every managed cryptographic object at creation or registration to ensure distinct tracking within the key management system.","The Unique Identifier is generated by the key management system to uniquely identify a Managed Object... This attribute SHALL be assigned by the key management system at creation or registration time, and then SHALL NOT be changed or deleted before the object is destroyed.","Section 4.58, Unique Identifier",https://docs.oasis-open.org/kmip/kmip-spec/v2.1/os/kmip-spec-v2.1-os.html,high,qwen3.6:27b-q8_0,2026-08-09,active,,
KMIP-V2-1-OASIS,Key Management Interoperability Protocol (KMIP) Version 2.1,Technical Standards,Protocols,observability,3,keys,"Implement usage limits that automatically decrement upon cryptographic protection operations and prevent modification once usage begins, ensuring accurate tracking of object consumption.",Usage Limits Count... are decremented when the object is used... The Usage Limits Total value... SHALL NOT be changed once the object begins to be used for applying cryptographic protection... The Usage Limits Count value SHALL NOT be set or modified by the client,"Section 4.59, Usage Limits",https://docs.oasis-open.org/kmip/kmip-spec/v2.1/os/kmip-spec-v2.1-os.html,high,qwen3.6:27b-q8_0,2026-08-09,active,,
KMIP-V2-1-OASIS,Key Management Interoperability Protocol (KMIP) Version 2.1,Technical Standards,Protocols,inventory,3,certificates,"Automatically extract and lock X.509 certificate identifiers (Issuer DN, Serial Number) and subject details at registration to maintain immutable inventory records.",The X.509 Certificate Identifier SHALL be set by the server when the X.509 certificate is created or registered and then SHALL NOT be changed or deleted before the object is destroyed.,"Section 4.61, X.509 Certificate Identifier",https://docs.oasis-open.org/kmip/kmip-spec/v2.1/os/kmip-spec-v2.1-os.html,high,qwen3.6:27b-q8_0,2026-08-09,active,,
KMIP-V2-1-OASIS,Key Management Interoperability Protocol (KMIP) Version 2.1,Technical Standards,Protocols,governance,2,all,"Define server policies that dictate when objects are destroyed or state transitions occur, ensuring management-approved rules govern lifecycle actions.",The server destroys the object when (and if) server policy dictates... depending on server policy.,"Section 4.57, State transitions 2, 4, 7, 9",https://docs.oasis-open.org/kmip/kmip-spec/v2.1/os/kmip-spec-v2.1-os.html,medium,qwen3.6:27b-q8_0,2026-08-09,active,,
KMIP-V2-1-OASIS,Key Management Interoperability Protocol (KMIP) Version 2.1,Technical Standards,Protocols,lifecycle,3,keys,"Implement automated state transitions for cryptographic objects, specifically enforcing the change from Pre-Active to Active state upon activation to ensure controlled lifecycle progression.","The operation SHALL only be performed on an object in the Pre-Active state and has the effect of changing its state to Active, and setting its Activation Date to the current date and time.",Section 6.1.1 Activate,https://docs.oasis-open.org/kmip/kmip-spec/v2.1/os/kmip-spec-v2.1-os.html,high,qwen3.6:27b-q8_0,2026-08-09,active,,
KMIP-V2-1-OASIS,Key Management Interoperability Protocol (KMIP) Version 2.1,Technical Standards,Protocols,lifecycle,3,keys,"Enforce policy-driven archival of managed objects, where the timing and location of archiving are determined by system policies rather than manual client specification.","The actual time when the object is archived, the location of the archive, or level of archive hierarchy is determined by the policies within the key management system and is not specified by the client.",Section 6.1.4 Archive,https://docs.oasis-open.org/kmip/kmip-spec/v2.1/os/kmip-spec-v2.1-os.html,high,qwen3.6:27b-q8_0,2026-08-09,active,,
KMIP-V2-1-OASIS,Key Management Interoperability Protocol (KMIP) Version 2.1,Technical Standards,Protocols,inventory,3,keys,Maintain immutable audit trails for object identity by ensuring the Subject Distinguished Name is set by the server and cannot be changed or deleted before object destruction.,Subject SHALL be set by the server... and SHALL NOT be changed or deleted before the object is destroyed.,Section 5.1 Attributes (X.509 Certificate Subject),https://docs.oasis-open.org/kmip/kmip-spec/v2.1/os/kmip-spec-v2.1-os.html,high,qwen3.6:27b-q8_0,2026-08-09,active,,
KMIP-V2-1-OASIS,Key Management Interoperability Protocol (KMIP) Version 2.1,Technical Standards,Protocols,assurance,3,all,"Enforce attestation checks during key management operations, rejecting requests if attestation fails or is required but not provided, to ensure operational integrity.","Result Reason... Attestation Failed, Attestation Required... SHALL be returned for errors detected in a Activate Operation.",Section 6.1.1.1 Error Handling - Activate,https://docs.oasis-open.org/kmip/kmip-spec/v2.1/os/kmip-spec-v2.1-os.html,medium,qwen3.6:27b-q8_0,2026-08-09,active,,
KMIP-V2-1-OASIS,Key Management Interoperability Protocol (KMIP) Version 2.1,Technical Standards,Protocols,governance,3,keys,"Enforce server-side policy checks on cryptographic usage masks and lease times before granting object access, returning specific policy violation attributes to the client.","If the server determines that the client is not allowed to use the object according to the specified attributes, then the server empties the ID Placeholder... and the operation returns the set of attributes specified in the request that caused the server policy denial.",Section 6.1.7 Check,https://docs.oasis-open.org/kmip/kmip-spec/v2.1/os/kmip-spec-v2.1-os.html,high,qwen3.6:27b-q8_0,2026-08-09,active,,
KMIP-V2-1-OASIS,Key Management Interoperability Protocol (KMIP) Version 2.1,Technical Standards,Protocols,observability,3,keys,"Log and report specific policy denial reasons (e.g., Usage Limit Exceeded, Incompatible Cryptographic Usage Mask) when access checks fail to enable drift detection.",Result Reason... Incompatible Cryptographic Usage Mask... Usage Limit Exceeded... Permission Denied,Table 185: Check Errors,https://docs.oasis-open.org/kmip/kmip-spec/v2.1/os/kmip-spec-v2.1-os.html,high,qwen3.6:27b-q8_0,2026-08-09,active,,
KMIP-V2-1-OASIS,Key Management Interoperability Protocol (KMIP) Version 2.1,Technical Standards,Protocols,lifecycle,3,keys,Automate the creation of linked attributes between private keys and public keys upon generation to maintain accurate key pair inventory relationships.,"For the Private Key, the server SHALL create a Link attribute of Link Type Public Key pointing to the Public Key. For the Public Key, the server SHALL create a Link attribute of Link Type Private Key pointing to the Private Key.",Section 6.1.9 Create Key Pair,https://docs.oasis-open.org/kmip/kmip-spec/v2.1/os/kmip-spec-v2.1-os.html,high,qwen3.6:27b-q8_0,2026-08-09,active,,
KMIP-V2-1-OASIS,Key Management Interoperability Protocol (KMIP) Version 2.1,Technical Standards,Protocols,lifecycle,3,certificates,Automate the creation of bidirectional links between generated certificates and their corresponding public keys to ensure traceability in the inventory.,"For the public key, the server SHALL create a Link attribute of Link Type Certificate pointing to the generated certificate. For the generated certificate, the server SHALL create a Link attribute of Link Type Public Key pointing to the Public Key.",Section 6.1.6 Certify,https://docs.oasis-open.org/kmip/kmip-spec/v2.1/os/kmip-spec-v2.1-os.html,high,qwen3.6:27b-q8_0,2026-08-09,active,,
KMIP-V2-1-OASIS,Key Management Interoperability Protocol (KMIP) Version 2.1,Technical Standards,Protocols,assurance,2,all,"Support attestation requirements by returning specific error codes when attestation fails or is required, enabling integration with external validation systems.","Result Reason... Attestation Failed, Attestation Required","Table 175, 178, 181, 185, 188, 192",https://docs.oasis-open.org/kmip/kmip-spec/v2.1/os/kmip-spec-v2.1-os.html,medium,qwen3.6:27b-q8_0,2026-08-09,active,,
KMIP-V2-1-OASIS,Key Management Interoperability Protocol (KMIP) Version 2.1,Technical Standards,Protocols,lifecycle,3,keys,Enforce state-based access controls to prevent cryptographic operations on keys that are not in an active lifecycle state.,Wrong Key Lifecycle State... The operation SHALL return with a Result Status of Operation Failed.,"Section 6.1.11.1, 6.1.13.1, 6.1.14.1, 6.1.15.1",https://docs.oasis-open.org/kmip/kmip-spec/v2.1/os/kmip-spec-v2.1-os.html,high,qwen3.6:27b-q8_0,2026-08-09,active,,
KMIP-V2-1-OASIS,Key Management Interoperability Protocol (KMIP) Version 2.1,Technical Standards,Protocols,lifecycle,3,keys,"Automate the destruction of key material while retaining metadata for audit purposes, restricted to specific lifecycle states.",The key material for the specified Managed Object SHALL be destroyed or rendered inaccessible. The meta-data for the key material SHALL be retained by the server. Objects SHALL only be destroyed if they are in either Pre-Active or Deactivated state.,Section 6.1.15,https://docs.oasis-open.org/kmip/kmip-spec/v2.1/os/kmip-spec-v2.1-os.html,high,qwen3.6:27b-q8_0,2026-08-09,active,,
KMIP-V2-1-OASIS,Key Management Interoperability Protocol (KMIP) Version 2.1,Technical Standards,Protocols,inventory,3,keys,Maintain automated lineage records linking derived keys to their base objects to ensure complete traceability of key derivation.,"For the keys or Secret Data objects from which the key or Secret Data object is derived, the server SHALL create a Link attribute of Link Type Derived Key... For the Symmetric Key or Secret Data object derived... the server SHALL create a Link attribute of Link Type Derivation Base Object",Section 6.1.14,https://docs.oasis-open.org/kmip/kmip-spec/v2.1/os/kmip-spec-v2.1-os.html,high,qwen3.6:27b-q8_0,2026-08-09,active,,
KMIP-V2-1-OASIS,Key Management Interoperability Protocol (KMIP) Version 2.1,Technical Standards,Protocols,governance,3,all,Enforce strict authorization policies by validating operation rights against delegated credentials before executing cryptographic functions.,Requests using the ticket MUST only be permitted to perform the operations specified in the Rights section... Permission Denied,"Section 6.1.12, 6.1.12.1",https://docs.oasis-open.org/kmip/kmip-spec/v2.1/os/kmip-spec-v2.1-os.html,high,qwen3.6:27b-q8_0,2026-08-09,active,,
KMIP-V2-1-OASIS,Key Management Interoperability Protocol (KMIP) Version 2.1,Technical Standards,Protocols,assurance,3,all,Implement attestation checks that block cryptographic operations if the server or module fails validation requirements.,"Attestation Failed, Attestation Required... Result Status Operation Failed","Section 6.1.9.1, 6.1.10.1, 6.1.11.1, 6.1.12.1, 6.1.13.1, 6.1.14.1, 6.1.15.1",https://docs.oasis-open.org/kmip/kmip-spec/v2.1/os/kmip-spec-v2.1-os.html,high,qwen3.6:27b-q8_0,2026-08-09,active,,
KMIP-V2-1-OASIS,Key Management Interoperability Protocol (KMIP) Version 2.1,Technical Standards,Protocols,lifecycle,3,keys,"Enforce state-based destruction controls; keys SHALL only be destroyed if in Pre-Active or Deactivated state, ensuring metadata retention and preventing accidental deletion of active keys.",Objects SHALL only be destroyed if they are in either Pre-Active or Deactivated state. The meta-data for the key material SHALL be retained by the server.,Section 6.1.15 Destroy,https://docs.oasis-open.org/kmip/kmip-spec/v2.1/os/kmip-spec-v2.1-os.html,high,qwen3.6:27b-q8_0,2026-08-09,active,,
KMIP-V2-1-OASIS,Key Management Interoperability Protocol (KMIP) Version 2.1,Technical Standards,Protocols,lifecycle,3,keys,"Enforce usage limits on cryptographic operations; the server SHALL obtain an allocation from Usage Limits before encryption, failing with Permission Denied if limits are exceeded.",If the Managed Cryptographic Object referenced has a Usage Limits attribute then the server SHALL obtain an allocation from the current Usage Limits value prior to performing the encryption operation.,Section 6.1.17 Encrypt,https://docs.oasis-open.org/kmip/kmip-spec/v2.1/os/kmip-spec-v2.1-os.html,high,qwen3.6:27b-q8_0,2026-08-09,active,,
KMIP-V2-1-OASIS,Key Management Interoperability Protocol (KMIP) Version 2.1,Technical Standards,Protocols,assurance,3,all,Implement attestation checks for protocol operations; servers SHALL return 'Attestation Failed' or 'Attestation Required' errors when attestation conditions are not met during operations like Destroy or Discover Versions.,"Result Reason ... Attestation Failed, Attestation Required ... Table 210: Destroy Errors ... Table 213: Discover Versions Errors","Section 6.1.15.1, 6.1.16.1",https://docs.oasis-open.org/kmip/kmip-spec/v2.1/os/kmip-spec-v2.1-os.html,medium,qwen3.6:27b-q8_0,2026-08-09,active,,
KMIP-V2-1-OASIS,Key Management Interoperability Protocol (KMIP) Version 2.1,Technical Standards,Protocols,inventory,3,keys,"Maintain retrievable metadata for all managed objects; servers SHALL return all attributes or specific attribute lists upon request, enabling complete inventory visibility of key properties.","If no Attribute Reference is provided, the server SHALL return all attributes. ... The response SHALL consist only of the Unique Identifier [if none exist].","Section 6.1.20 Get Attributes, 6.1.21 Get Attribute List",https://docs.oasis-open.org/kmip/kmip-spec/v2.1/os/kmip-spec-v2.1-os.html,high,qwen3.6:27b-q8_0,2026-08-09,active,,
KMIP-V2-1-OASIS,Key Management Interoperability Protocol (KMIP) Version 2.1,Technical Standards,Protocols,governance,3,keys,"Enforce access controls and permission checks; operations SHALL return 'Permission Denied' if the client lacks authorization, ensuring that only authorized entities can manage or use cryptographic objects.",Result Reason ... Permission Denied ... Table 210: Destroy Errors ... Table 216: Encrypt Errors ... Table 219: Export Errors,"Section 6.1.15.1, 6.1.17.1, 6.1.18.1",https://docs.oasis-open.org/kmip/kmip-spec/v2.1/os/kmip-spec-v2.1-os.html,high,qwen3.6:27b-q8_0,2026-08-09,active,,
KMIP-V2-1-OASIS,Key Management Interoperability Protocol (KMIP) Version 2.1,Technical Standards,Protocols,lifecycle,3,keys,Enforce usage limits by requiring explicit allocation requests before applying cryptographic protection with managed objects possessing Usage Limits attributes.,A Managed Object that has a Usage Limits attribute SHALL NOT be used by a client for applying cryptographic protection unless an allocation has been obtained using this operation.,Section 6.1.23 Get Usage Allocation,https://docs.oasis-open.org/kmip/kmip-spec/v2.1/os/kmip-spec-v2.1-os.html,high,qwen3.6:27b-q8_0,2026-08-09,active,,
KMIP-V2-1-OASIS,Key Management Interoperability Protocol (KMIP) Version 2.1,Technical Standards,Protocols,lifecycle,3,keys,Automate enforcement of usage allocations by prohibiting further cryptographic protection operations once the allocated amount is consumed until a new allocation is obtained.,"Once the entire allocated amount has been consumed, the client SHALL NOT continue to use the Managed Object for applying cryptographic protection until a new allocation is obtained.",Section 6.1.23 Get Usage Allocation,https://docs.oasis-open.org/kmip/kmip-spec/v2.1/os/kmip-spec-v2.1-os.html,high,qwen3.6:27b-q8_0,2026-08-09,active,,
KMIP-V2-1-OASIS,Key Management Interoperability Protocol (KMIP) Version 2.1,Technical Standards,Protocols,inventory,3,all,"Implement server-side search capabilities to locate managed objects based on specified attributes, supporting pagination via Maximum Items and Offset Items fields.","This operation requests that the server search for one or more Managed Objects, depending on the attributes specified in the request... The request MAY contain a Maximum Items field... The request MAY contain an Offset Items field",Section 6.1.28 Locate,https://docs.oasis-open.org/kmip/kmip-spec/v2.1/os/kmip-spec-v2.1-os.html,high,qwen3.6:27b-q8_0,2026-08-09,active,,
KMIP-V2-1-OASIS,Key Management Interoperability Protocol (KMIP) Version 2.1,Technical Standards,Protocols,governance,3,all,"Enforce strict attribute integrity during object import by requiring all attributes to be explicitly set to supplied values, bypassing server-generated defaults.",The attribute rules for each attribute for 'Initially set by' and 'When implicitly set' SHALL NOT be enforced as all attributes MUST be set to the supplied values rather than any server generated values.,Section 6.1.25 Import,https://docs.oasis-open.org/kmip/kmip-spec/v2.1/os/kmip-spec-v2.1-os.html,high,qwen3.6:27b-q8_0,2026-08-09,active,,
KMIP-V2-1-OASIS,Key Management Interoperability Protocol (KMIP) Version 2.1,Technical Standards,Protocols,assurance,3,all,"Support attestation checks by returning specific error codes (Attestation Failed, Attestation Required) when operations fail due to attestation issues.","Result Reason... Attestation Failed, Attestation Required... Table 225: Get Attributes Errors",Section 6.1.20.1 Error Handling - Get Attributes,https://docs.oasis-open.org/kmip/kmip-spec/v2.1/os/kmip-spec-v2.1-os.html,medium,qwen3.6:27b-q8_0,2026-08-09,active,,
KMIP-V2-1-OASIS,Key Management Interoperability Protocol (KMIP) Version 2.1,Technical Standards,Protocols,inventory,3,keys,"Implement Locate operations to query and retrieve unique identifiers of managed cryptographic objects based on specific attributes, usage masks, and storage status.","The server returns a list of Unique Identifiers of the found objects, which then MAY be retrieved using the Get operation. Returned objects SHALL match all of the attributes in the request.",Section 6.1.27 (Locate),https://docs.oasis-open.org/kmip/kmip-spec/v2.1/os/kmip-spec-v2.1-os.html,high,qwen3.6:27b-q8_0,2026-08-09,active,,
KMIP-V2-1-OASIS,Key Management Interoperability Protocol (KMIP) Version 2.1,Technical Standards,Protocols,inventory,3,keys,"Enforce strict filtering of inventory queries to exclude destroyed or archived objects unless explicitly requested via Storage Status Mask, ensuring accurate current-state visibility.",The server SHALL NOT return unique identifiers for objects that are destroyed unless the Storage Status Mask field includes the Destroyed Storage indicator. The server SHALL NOT return unique identifiers for objects that are archived unless the Storage Status Mask field includes the Archived Storage indicator.,Section 6.1.27 (Locate),https://docs.oasis-open.org/kmip/kmip-spec/v2.1/os/kmip-spec-v2.1-os.html,high,qwen3.6:27b-q8_0,2026-08-09,active,,
KMIP-V2-1-OASIS,Key Management Interoperability Protocol (KMIP) Version 2.1,Technical Standards,Protocols,observability,3,keys,"Monitor and enforce usage limits on cryptographic objects, returning specific error codes when usage limits are exceeded during operations.","Result Reason: Usage Limit Exceeded... When the Usage Limits attribute is specified in the request, matching candidate objects SHALL have a Usage Limits Count and Usage Limits Total equal to or larger than the values specified in the request.",Section 6.1.32.1 (MAC Errors) and Section 6.1.27 (Locate),https://docs.oasis-open.org/kmip/kmip-spec/v2.1/os/kmip-spec-v2.1-os.html,high,qwen3.6:27b-q8_0,2026-08-09,active,,
KMIP-V2-1-OASIS,Key Management Interoperability Protocol (KMIP) Version 2.1,Technical Standards,Protocols,observability,3,keys,"Detect and report invalid key lifecycle states during cryptographic operations to prevent usage of keys in inappropriate states (e.g., pre-activation or post-destruction).",Result Reason: Wrong Key Lifecycle State... The success or failure of the operation is indicated by the Result Status (and if failure the Result Reason) in the response header.,Section 6.1.32.1 (MAC Errors),https://docs.oasis-open.org/kmip/kmip-spec/v2.1/os/kmip-spec-v2.1-os.html,high,qwen3.6:27b-q8_0,2026-08-09,active,,
KMIP-V2-1-OASIS,Key Management Interoperability Protocol (KMIP) Version 2.1,Technical Standards,Protocols,governance,3,all,Enforce access control policies by returning Permission Denied errors when unauthorized clients attempt to perform operations on managed objects.,Result Reason: Permission Denied... This section details the specific Result Reasons that SHALL be returned for errors detected in a Locate Operation.,Section 6.1.27.1 (Locate Errors),https://docs.oasis-open.org/kmip/kmip-spec/v2.1/os/kmip-spec-v2.1-os.html,high,qwen3.6:27b-q8_0,2026-08-09,active,,
KMIP-V2-1-OASIS,Key Management Interoperability Protocol (KMIP) Version 2.1,Technical Standards,Protocols,assurance,3,all,"Support attestation checks during operations, failing requests with specific error codes if attestation requirements are not met or fail validation.","Result Reason: Attestation Failed, Attestation Required... This section details the specific Result Reasons that SHALL be returned for errors detected in a Locate Operation.",Section 6.1.27.1 (Locate Errors),https://docs.oasis-open.org/kmip/kmip-spec/v2.1/os/kmip-spec-v2.1-os.html,high,qwen3.6:27b-q8_0,2026-08-09,active,,
KMIP-V2-1-OASIS,Key Management Interoperability Protocol (KMIP) Version 2.1,Technical Standards,Protocols,lifecycle,3,keys,Enforce lease-based access control: clients MUST NOT use cryptographic objects after lease expiration until a new lease is obtained from the server.,"If a client's lease expires, then the client SHALL NOT use the associated cryptographic object until a new lease is obtained.",Section 6.1.35 Obtain Lease,https://docs.oasis-open.org/kmip/kmip-spec/v2.1/os/kmip-spec-v2.1-os.html,high,qwen3.6:27b-q8_0,2026-08-09,active,,
KMIP-V2-1-OASIS,Key Management Interoperability Protocol (KMIP) Version 2.1,Technical Standards,Protocols,observability,3,keys,Implement cache consistency checks by comparing the server-provided Last Change Date against locally cached attribute timestamps to detect drift.,The response payload for the operation contains the current value of the Last Change Date attribute for the object. This MAY be used by the client to determine if any of the attributes cached by the client need to be refreshed,Section 6.1.35 Obtain Lease,https://docs.oasis-open.org/kmip/kmip-spec/v2.1/os/kmip-spec-v2.1-os.html,medium,qwen3.6:27b-q8_0,2026-08-09,active,,
KMIP-V2-1-OASIS,Key Management Interoperability Protocol (KMIP) Version 2.1,Technical Standards,Protocols,assurance,3,all,Query and record server-asserted formal validation details and supported attestation types to verify cryptographic module compliance.,Validation Information A structure containing details of each formal validation which the server asserts... Extension Map Attestation Type Contains Attestation Type enumerated values,Section 6.1.40 Query,https://docs.oasis-open.org/kmip/kmip-spec/v2.1/os/kmip-spec-v2.1-os.html,high,qwen3.6:27b-q8_0,2026-08-09,active,,
KMIP-V2-1-OASIS,Key Management Interoperability Protocol (KMIP) Version 2.1,Technical Standards,Protocols,inventory,3,all,"Interrogate the server to obtain a complete inventory of supported object types, operations, and application namespaces for asset discovery.","This operation is used by the client to interrogate the server to determine its capabilities... Object Type Contains Object Type enumerated values, which SHALL list all the object types that the server supports.",Section 6.1.40 Query,https://docs.oasis-open.org/kmip/kmip-spec/v2.1/os/kmip-spec-v2.1-os.html,high,qwen3.6:27b-q8_0,2026-08-09,active,,
KMIP-V2-1-OASIS,Key Management Interoperability Protocol (KMIP) Version 2.1,Technical Standards,Protocols,lifecycle,3,keys,Automate the transition of compromised keys to a 'compromised' state and record the exact compromise occurrence date upon revocation.,If the revocation reason is 'key compromise' ... the object is placed into the 'compromised' state; the Compromise Occurrence Date is set to the value ... in the Revoke request,Section 6.1.44 Revoke,https://docs.oasis-open.org/kmip/kmip-spec/v2.1/os/kmip-spec-v2.1-os.html,high,qwen3.6:27b-q8_0,2026-08-09,active,,
KMIP-V2-1-OASIS,Key Management Interoperability Protocol (KMIP) Version 2.1,Technical Standards,Protocols,lifecycle,3,keys,Automate the transition of non-compromised keys to a 'deactivated' state and record the deactivation date upon revocation.,"If the revocation reason is neither 'key compromise' nor 'CA compromise', the object is placed into the 'deactivated' state, and the Deactivation Date is set to the current date and time.",Section 6.1.44 Revoke,https://docs.oasis-open.org/kmip/kmip-spec/v2.1/os/kmip-spec-v2.1-os.html,high,qwen3.6:27b-q8_0,2026-08-09,active,,
KMIP-V2-1-OASIS,Key Management Interoperability Protocol (KMIP) Version 2.1,Technical Standards,Protocols,lifecycle,3,certificates,Automate certificate renewal by linking the new certificate to the replaced one and updating the public key's certificate link attribute.,"For the existing certificate, the server SHALL create a Link attribute of Link Type Replacement pointing to the new certificate. ... For the public key, the server SHALL change the Link attribute ... to point to the new certificate.",Section 6.1.45 Re-certify,https://docs.oasis-open.org/kmip/kmip-spec/v2.1/os/kmip-spec-v2.1-os.html,high,qwen3.6:27b-q8_0,2026-08-09,active,,
KMIP-V2-1-OASIS,Key Management Interoperability Protocol (KMIP) Version 2.1,Technical Standards,Protocols,inventory,3,all,"Enforce mandatory registration of cryptographic objects with specific attributes (algorithm, length, usage mask) to maintain a complete inventory.",This information SHALL be specified by the use of a Attributes object. ... Cryptographic Algorithm Yes ... Cryptographic Length Yes ... Cryptographic Usage Mask Yes.,Section 6.1.43 Register,https://docs.oasis-open.org/kmip/kmip-spec/v2.1/os/kmip-spec-v2.1-os.html,high,qwen3.6:27b-q8_0,2026-08-09,active,,
KMIP-V2-1-OASIS,Key Management Interoperability Protocol (KMIP) Version 2.1,Technical Standards,Protocols,observability,3,all,"Enable querying of server capabilities, supported profiles, and validation information to monitor compliance and feature support.","Profile Information No, MAY be repeated Specifies the Profiles that are supported by the server. Validation Information No, MAY be repeated Specifies the validations that are supported by the server.",Section 6.1.40 Query Response Payload,https://docs.oasis-open.org/kmip/kmip-spec/v2.1/os/kmip-spec-v2.1-os.html,medium,qwen3.6:27b-q8_0,2026-08-09,active,,
KMIP-V2-1-OASIS,Key Management Interoperability Protocol (KMIP) Version 2.1,Technical Standards,Protocols,assurance,3,all,Support attestation checks during operations to ensure cryptographic modules meet validation requirements.,"Result Reason ... Attestation Failed, Attestation Required ... Table 284: Query Errors ... Table 290: Recover Errors ... Table 294: Register Errors","Sections 6.1.40.1, 6.1.42.1, 6.1.43.1",https://docs.oasis-open.org/kmip/kmip-spec/v2.1/os/kmip-spec-v2.1-os.html,medium,qwen3.6:27b-q8_0,2026-08-09,active,,
KMIP-V2-1-OASIS,Key Management Interoperability Protocol (KMIP) Version 2.1,Technical Standards,Protocols,lifecycle,3,keys,Automatically link replacement keys to original keys using Link attributes to maintain lineage during rotation.,"For the existing key, the server SHALL create a Link attribute of Link Type Replacement Object pointing to the replacement key. For the replacement key, the server SHALL create a Link attribute of Link Type Replaced Key pointing to the existing key.",Section 6.1.46 Re-key,https://docs.oasis-open.org/kmip/kmip-spec/v2.1/os/kmip-spec-v2.1-os.html,high,qwen3.6:27b-q8_0,2026-08-09,active,,
KMIP-V2-1-OASIS,Key Management Interoperability Protocol (KMIP) Version 2.1,Technical Standards,Protocols,lifecycle,3,keys,"Automatically propagate lifecycle dates (Activation, Protect Stop, Deactivation) from original to replacement keys during rotation.","If Offset is set and dates exist for the existing key, then the dates of the replacement key SHALL be set based on the dates of the existing key as follows... Activation Date... Process Start Date... Protect Stop Date... Deactivation Date","Section 6.1.46 Re-key, Table 303",https://docs.oasis-open.org/kmip/kmip-spec/v2.1/os/kmip-spec-v2.1-os.html,high,qwen3.6:27b-q8_0,2026-08-09,active,,
KMIP-V2-1-OASIS,Key Management Interoperability Protocol (KMIP) Version 2.1,Technical Standards,Protocols,lifecycle,3,keys,Automatically link replacement asymmetric key pairs to original keys to maintain lineage during rotation.,"For both the existing public key and private key, the server SHALL create a Link attribute of Link Type Replacement Key pointing to the replacement public and private key... For both the replacement public and private key, the server SHALL create a Link attribute of Link Type Replaced Key pointing to the existing public and private key",Section 6.1.47 Re-key Key Pair,https://docs.oasis-open.org/kmip/kmip-spec/v2.1/os/kmip-spec-v2.1-os.html,high,qwen3.6:27b-q8_0,2026-08-09,active,,
KMIP-V2-1-OASIS,Key Management Interoperability Protocol (KMIP) Version 2.1,Technical Standards,Protocols,lifecycle,3,keys,Automatically propagate lifecycle dates from original asymmetric key pairs to replacements during rotation.,"If Offset is set and dates exist for the existing key pair, then the dates of the replacement key pair SHALL be set based on the dates of the existing key pair as follows... Activation Date... Deactivation Date","Section 6.1.47 Re-key Key Pair, Table 308",https://docs.oasis-open.org/kmip/kmip-spec/v2.1/os/kmip-spec-v2.1-os.html,high,qwen3.6:27b-q8_0,2026-08-09,active,,
KMIP-V2-1-OASIS,Key Management Interoperability Protocol (KMIP) Version 2.1,Technical Standards,Protocols,lifecycle,3,certificates,Automatically invalidate the current client credential upon successful re-provisioning to prevent concurrent usage.,The current client credential SHALL be made invalid and cannot be used in future KMIP requests.,Section 6.1.48 Re-Provision,https://docs.oasis-open.org/kmip/kmip-spec/v2.1/os/kmip-spec-v2.1-os.html,high,qwen3.6:27b-q8_0,2026-08-09,active,,
KMIP-V2-1-OASIS,Key Management Interoperability Protocol (KMIP) Version 2.1,Technical Standards,Protocols,assurance,3,all,"Enforce attestation checks during key and certificate operations, failing requests if attestation is required but fails.","Result Reason... Attestation Failed, Attestation Required... Table 302: Re-certify Errors... Table 307: Re-key Errors... Table 312: Re-key Key Pair Errors","Sections 6.1.45.1, 6.1.46.1, 6.1.47.1",https://docs.oasis-open.org/kmip/kmip-spec/v2.1/os/kmip-spec-v2.1-os.html,high,qwen3.6:27b-q8_0,2026-08-09,active,,
KMIP-V2-1-OASIS,Key Management Interoperability Protocol (KMIP) Version 2.1,Technical Standards,Protocols,governance,3,all,"Enforce permission controls on cryptographic operations, returning Permission Denied if access is not authorized.",Result Reason... Permission Denied... Table 302: Re-certify Errors... Table 307: Re-key Errors... Table 312: Re-key Key Pair Errors,"Sections 6.1.45.1, 6.1.46.1, 6.1.47.1",https://docs.oasis-open.org/kmip/kmip-spec/v2.1/os/kmip-spec-v2.1-os.html,high,qwen3.6:27b-q8_0,2026-08-09,active,,
KMIP-V2-1-OASIS,Key Management Interoperability Protocol (KMIP) Version 2.1,Technical Standards,Protocols,lifecycle,3,keys,Enforce usage limits on cryptographic objects by allocating usage counts prior to operations and denying access when limits are exceeded.,If the Managed Cryptographic Object referenced has a Usage Limits attribute then the server SHALL obtain an allocation from the current Usage Limits value prior to performing the signing operation. If the allocation is unable to be obtained the operation SHALL return with a result status of Operation Failed and result reason of Permission Denied.,Section 6.1.55 Sign,https://docs.oasis-open.org/kmip/kmip-spec/v2.1/os/kmip-spec-v2.1-os.html,high,qwen3.6:27b-q8_0,2026-08-09,active,,
KMIP-V2-1-OASIS,Key Management Interoperability Protocol (KMIP) Version 2.1,Technical Standards,Protocols,observability,3,certificates,Validate certificate chains against defined trust anchors and validity dates to detect invalid or expired certificates in real-time.,This operation requests the server to validate a certificate chain and return information on its validity... The request MAY also contain a date for which all certificates in the certificate chain are REQUIRED to be valid.,Section 6.1.57 Validate,https://docs.oasis-open.org/kmip/kmip-spec/v2.1/os/kmip-spec-v2.1-os.html,high,qwen3.6:27b-q8_0,2026-08-09,active,,
KMIP-V2-1-OASIS,Key Management Interoperability Protocol (KMIP) Version 2.1,Technical Standards,Protocols,assurance,3,all,"Enforce attestation checks for cryptographic operations, failing requests if attestation is required but fails or is missing.","Result Reason Operation Failed ... Attestation Failed, Attestation Required ... Table 336: Sign Errors",Section 6.1.55.1 Error Handling - Sign,https://docs.oasis-open.org/kmip/kmip-spec/v2.1/os/kmip-spec-v2.1-os.html,medium,qwen3.6:27b-q8_0,2026-08-09,active,,
KMIP-V2-1-OASIS,Key Management Interoperability Protocol (KMIP) Version 2.1,Technical Standards,Protocols,governance,3,all,"Enforce permission controls on cryptographic operations, denying access if the client lacks the necessary permissions.",Result Reason Operation Failed ... Permission Denied ... Table 336: Sign Errors,Section 6.1.55.1 Error Handling - Sign,https://docs.oasis-open.org/kmip/kmip-spec/v2.1/os/kmip-spec-v2.1-os.html,medium,qwen3.6:27b-q8_0,2026-08-09,active,,
KMIP-V2-1-OASIS,Key Management Interoperability Protocol (KMIP) Version 2.1,Technical Standards,Protocols,observability,3,all,"Implement server-to-client notifications to detect attribute changes or deletions on managed objects in real-time, ensuring immediate awareness of state drift.","This operation is used to notify a client of events that resulted in changes to attributes of an object... It contains the Unique Identifier of the object to which the notification applies, and a list of the attributes whose changed values or deletion have triggered the notification.",Section 6.2.2 Notify,https://docs.oasis-open.org/kmip/kmip-spec/v2.1/os/kmip-spec-v2.1-os.html,high,qwen3.6:27b-q8_0,2026-08-09,active,,
KMIP-V2-1-OASIS,Key Management Interoperability Protocol (KMIP) Version 2.1,Technical Standards,Protocols,lifecycle,3,certificates,"Support automated replacement of expiring certificates via server-push mechanisms, allowing the server to push new objects as replacements for existing ones.","The Put Function field indicates whether the object being “pushed” is a new object, or is a replacement for an object already known to the client (e.g., when pushing a certificate to replace one that is about to expire...)",Section 6.2.3 Put,https://docs.oasis-open.org/kmip/kmip-spec/v2.1/os/kmip-spec-v2.1-os.html,high,qwen3.6:27b-q8_0,2026-08-09,active,,
KMIP-V2-1-OASIS,Key Management Interoperability Protocol (KMIP) Version 2.1,Technical Standards,Protocols,assurance,3,all,Enable querying of client-supported attestation types and formal validation details to verify the security posture and compliance status of managed endpoints.,"The Attestation Type fields in the response contain Attestation Type enumerated values, which SHALL list all the attestation types that the client supports... The Validation Information field in the response is a structure containing details of each formal validation which the client asserts.",Section 6.2.4 Query,https://docs.oasis-open.org/kmip/kmip-spec/v2.1/os/kmip-spec-v2.1-os.html,high,qwen3.6:27b-q8_0,2026-08-09,active,,
KMIP-V2-1-OASIS,Key Management Interoperability Protocol (KMIP) Version 2.1,Technical Standards,Protocols,inventory,3,all,"Maintain a discoverable inventory of supported operations, object types, and capabilities by responding to server queries with complete lists of supported features.","The Operation fields in the response contain Operation enumerated values, which SHALL list all the operations that the client supports... The Object Type fields in the response contain Object Type enumerated values, which SHALL list all the object types that the client supports.",Section 6.2.4 Query,https://docs.oasis-open.org/kmip/kmip-spec/v2.1/os/kmip-spec-v2.1-os.html,high,qwen3.6:27b-q8_0,2026-08-09,active,,
KMIP-V2-1-OASIS,Key Management Interoperability Protocol (KMIP) Version 2.1,Technical Standards,Protocols,assurance,3,all,"Record and transmit formal validation details (authority, version, type, level) for cryptographic modules to prove compliance status.","The Validation Authority along with the Validation Version Major, Validation Type and Validation Level SHALL be provided to uniquely identify a validation for a given validation authority.",Section 7.41 Validation Information,https://docs.oasis-open.org/kmip/kmip-spec/v2.1/os/kmip-spec-v2.1-os.html,high,qwen3.6:27b-q8_0,2026-08-09,active,,
KMIP-V2-1-OASIS,Key Management Interoperability Protocol (KMIP) Version 2.1,Technical Standards,Protocols,observability,3,all,Log client correlation values provided in requests to enable tracing and auditing of cryptographic operations.,"The server SHOULD log this information. For client to server operations, the Client Correlation Value is provided in the request.",Section 9.9 Correlation Value (Client),https://docs.oasis-open.org/kmip/kmip-spec/v2.1/os/kmip-spec-v2.1-os.html,medium,qwen3.6:27b-q8_0,2026-08-09,active,,
KMIP-V2-1-OASIS,Key Management Interoperability Protocol (KMIP) Version 2.1,Technical Standards,Protocols,governance,2,all,Define and enforce server policies regarding authentication requirements for different types of requests.,"Servers MAY require authentication on no requests, a subset of the requests, or all requests, depending on policy.",Section 9.4 Authentication,https://docs.oasis-open.org/kmip/kmip-spec/v2.1/os/kmip-spec-v2.1-os.html,medium,qwen3.6:27b-q8_0,2026-08-09,active,,
KMIP-V2-1-OASIS,Key Management Interoperability Protocol (KMIP) Version 2.1,Technical Standards,Protocols,assurance,3,all,Support attestation capabilities by indicating client ability to create attestation credentials and handling failures if attestation is required but not supported.,"If a client indicates that it is not able to create an Attestation Credential Object, and the client has issued an operation that requires attestation such as Get, then the server SHALL respond to the request with a failure.",Section 9.3 Attestation Capable Indicator,https://docs.oasis-open.org/kmip/kmip-spec/v2.1/os/kmip-spec-v2.1-os.html,high,qwen3.6:27b-q8_0,2026-08-09,active,,
KMIP-V2-1-OASIS,Key Management Interoperability Protocol (KMIP) Version 2.1,Technical Standards,Protocols,observability,2,all,Log server correlation values with each request to enable audit trails and traceability of cryptographic operations.,"The Server Correlation Value SHOULD be provided by the server and SHOULD be globally unique, and SHOULD be logged by the server with each request.",Section 9.10,https://docs.oasis-open.org/kmip/kmip-spec/v2.1/os/kmip-spec-v2.1-os.html,high,qwen3.6:27b-q8_0,2026-08-09,active,,
KMIP-V2-1-OASIS,Key Management Interoperability Protocol (KMIP) Version 2.1,Technical Standards,Protocols,observability,2,all,Log client correlation values to support debugging and auditing of client-initiated cryptographic requests.,"The server SHOULD log this information. For client to server operations, the Client Correlation Value is provided in the request.",Section 9.9,https://docs.oasis-open.org/kmip/kmip-spec/v2.1/os/kmip-spec-v2.1-os.html,high,qwen3.6:27b-q8_0,2026-08-09,active,,
KMIP-V2-1-OASIS,Key Management Interoperability Protocol (KMIP) Version 2.1,Technical Standards,Protocols,assurance,3,software,Implement attestation credentials using nonces and measurements to verify the integrity of client software before granting access.,The Nonce Value is obtained from the key management server... The Attestation Credential Object can contain a measurement from the client... the client SHALL provide attestation data,Section 9.11,https://docs.oasis-open.org/kmip/kmip-spec/v2.1/os/kmip-spec-v2.1-os.html,high,qwen3.6:27b-q8_0,2026-08-09,active,,
KMIP-V2-1-OASIS,Key Management Interoperability Protocol (KMIP) Version 2.1,Technical Standards,Protocols,governance,3,all,Enforce strict error handling for unknown protocol extensions based on criticality indicators to maintain protocol integrity.,"If the indicator is True (i.e., Critical), and the receiver does not understand the extension, then the receiver SHALL reject the entire message.",Section 9.13,https://docs.oasis-open.org/kmip/kmip-spec/v2.1/os/kmip-spec-v2.1-os.html,medium,qwen3.6:27b-q8_0,2026-08-09,active,,
KMIP-V2-1-OASIS,Key Management Interoperability Protocol (KMIP) Version 2.1,Technical Standards,Protocols,assurance,3,software,Implementers SHALL NOT use Tag Values marked as Reserved in enumerations to ensure protocol compliance and prevent undefined behavior.,Implementations SHALL NOT use Tag Values marked as Reserved.,Section 11 Enumerations,https://docs.oasis-open.org/kmip/kmip-spec/v2.1/os/kmip-spec-v2.1-os.html,high,qwen3.6:27b-q8_0,2026-08-09,active,,
KMIP-V2-1-OASIS,Key Management Interoperability Protocol (KMIP) Version 2.1,Technical Standards,Protocols,observability,3,software,KMIP Servers SHALL support authentication mechanisms as defined in the KMIP Profile to ensure client and server identity verification.,The KMIP Server SHALL support authentication as defined in [KMIP-Prof] .,Section 10.3 Authentication,https://docs.oasis-open.org/kmip/kmip-spec/v2.1/os/kmip-spec-v2.1-os.html,high,qwen3.6:27b-q8_0,2026-08-09,active,,
KMIP-V2-1-OASIS,Key Management Interoperability Protocol (KMIP) Version 2.1,Technical Standards,Protocols,assurance,3,software,"KMIP Servers and Clients SHALL establish and maintain channel confidentiality and integrity, and provide assurance of authenticity for KMIP messaging.","KMIP Servers and Clients SHALL establish and maintain channel confidentiality and integrity, and provide assurance of authenticity for KMIP messaging as specified in [KMIP-Prof] .",Section 10.4 Transport,https://docs.oasis-open.org/kmip/kmip-spec/v2.1/os/kmip-spec-v2.1-os.html,high,qwen3.6:27b-q8_0,2026-08-09,active,,
KMIP-V2-1-OASIS,Key Management Interoperability Protocol (KMIP) Version 2.1,Technical Standards,Protocols,assurance,3,all,"Record and manage cryptographic module validation details, including authority type, country, URI, version, and certificate identifiers, to prove compliance status.",Validation Authority Type... Validation Authority Country... Validation Authority URI... Validation Version Major... Validation Certificate Identifier... Validation Certificate URI,"Section 11.63, 11.64, Tags 4200DF-4200E7",https://docs.oasis-open.org/kmip/kmip-spec/v2.1/os/kmip-spec-v2.1-os.html,high,qwen3.6:27b-q8_0,2026-08-09,active,,
KMIP-V2-1-OASIS,Key Management Interoperability Protocol (KMIP) Version 2.1,Technical Standards,Protocols,lifecycle,3,keys,"Configure and enforce automated key rotation policies by specifying rotation intervals, offsets, dates, and generation rules within the key management system.",Rotate Interval... Rotate Automatic... Rotate Offset... Rotate Date... Rotate Generation,Tags 0x42016A-0x42016E,https://docs.oasis-open.org/kmip/kmip-spec/v2.1/os/kmip-spec-v2.1-os.html,high,qwen3.6:27b-q8_0,2026-08-09,active,,
KMIP-V2-1-OASIS,Key Management Interoperability Protocol (KMIP) Version 2.1,Technical Standards,Protocols,inventory,3,keys,"Maintain precise inventory records of key lifecycle events by tracking activation, deactivation, destruction, compromise, and last change dates for all managed keys.",Activation Date... Deactivation Date... Destroy Date... Compromise Date... Last Change Date,"Tags 420001, 42002E, 420032, 42001F, 420048",https://docs.oasis-open.org/kmip/kmip-spec/v2.1/os/kmip-spec-v2.1-os.html,high,qwen3.6:27b-q8_0,2026-08-09,active,,
KMIP-V2-1-OASIS,Key Management Interoperability Protocol (KMIP) Version 2.1,Technical Standards,Protocols,governance,3,keys,"Enforce strict usage controls by defining and applying cryptographic usage masks that restrict keys to specific operations such as sign, verify, encrypt, decrypt, and wrap.",Cryptographic Usage Mask... Sign... Verify... Encrypt... Decrypt... Wrap Key... Unwrap Key... MAC Generate... MAC Verify,"Section 12.1, Table 495",https://docs.oasis-open.org/kmip/kmip-spec/v2.1/os/kmip-spec-v2.1-os.html,high,qwen3.6:27b-q8_0,2026-08-09,active,,
KMIP-V2-1-OASIS,Key Management Interoperability Protocol (KMIP) Version 2.1,Technical Standards,Protocols,observability,3,keys,Monitor key validity status and usage limits by tracking validity indicators and counting usage against defined limits to detect policy drift or exhaustion.,Validity Indicator... Valid... Invalid... Unknown... Usage Limits... Usage Limits Count... Usage Limits Total,"Section 11.61, Tags 42009A, 420095-420098",https://docs.oasis-open.org/kmip/kmip-spec/v2.1/os/kmip-spec-v2.1-os.html,high,qwen3.6:27b-q8_0,2026-08-09,active,,
KMIP-V2-1-OASIS,Key Management Interoperability Protocol (KMIP) Version 2.1,Technical Standards,Protocols,assurance,3,keys,Enforce conformance to defined server profiles for all KMIP server implementations to ensure standardized cryptographic management behavior.,"A KMIP server implementation SHALL be a conforming KMIP Server. If a KMIP server implementation claims support for a particular server profile, then the implementation SHALL conform to all normative statements within the clauses specified for that profile",Section 14.2 KMIP Server Implementation Conformance,https://docs.oasis-open.org/kmip/kmip-spec/v2.1/os/kmip-spec-v2.1-os.html,high,qwen3.6:27b-q8_0,2026-08-09,active,,
KMIP-V2-1-OASIS,Key Management Interoperability Protocol (KMIP) Version 2.1,Technical Standards,Protocols,assurance,3,software,Enforce conformance to defined client profiles for all KMIP client implementations to ensure standardized cryptographic management behavior.,"A KMIP client implementation SHALL be a conforming KMIP Client. If a KMIP client implementation claims support for a particular client profile, then the implementation SHALL conform to all normative statements within the clauses specified for that profile",Section 14.1 KMIP Client Implementation Conformance,https://docs.oasis-open.org/kmip/kmip-spec/v2.1/os/kmip-spec-v2.1-os.html,high,qwen3.6:27b-q8_0,2026-08-09,active,,
KMIP-V2-1-OASIS,Key Management Interoperability Protocol (KMIP) Version 2.1,Technical Standards,Protocols,inventory,2,keys,"Maintain inventory attributes for key storage status (online, archival, destroyed) and protection storage location (hardware, software, on-premises, etc.).",Storage Status Mask Name Value On-line storage 00000001 Archival storage 00000002 Destroyed storage 00000004 ... Protection Storage Mask Name Value Software 00000001 Hardware 00000002 ... On Premises 00000100 Off Premises 00000200,"Section 12.2 Protection Storage Mask, Section 12.3 Storage Status Mask",https://docs.oasis-open.org/kmip/kmip-spec/v2.1/os/kmip-spec-v2.1-os.html,medium,qwen3.6:27b-q8_0,2026-08-09,active,,
QCCPA-2022,Quantum Computing Cybersecurity Preparedness Act (H.R.7535),Compliance Frameworks,Government & Policy,inventory,3,software,"Establish and maintain a current inventory of IT vulnerable to quantum decryption, prioritized per OMB criteria.","requirement for each agency to establish and maintain a current inventory of information technology in use by the agency that is vulnerable to decryption by quantum computers, prioritized using the criteria described in subparagraph (B)",Sec. 4(a)(1)(A),https://www.congress.gov/bill/117th-congress/house-bill/7535/text/statute,high,qwen3.6:27b-q8_0,2026-08-09,active,,
QCCPA-2022,Quantum Computing Cybersecurity Preparedness Act (H.R.7535),Compliance Frameworks,Government & Policy,governance,3,all,Develop a plan to migrate agency IT to post-quantum cryptography consistent with OMB prioritization guidance.,develop a plan to migrate information technology of the agency to post-quantum cryptography consistent with the prioritization under paragraph (1),Sec. 4(c)(2),https://www.congress.gov/bill/117th-congress/house-bill/7535/text/statute,high,qwen3.6:27b-q8_0,2026-08-09,active,,
QCCPA-2022,Quantum Computing Cybersecurity Preparedness Act (H.R.7535),Compliance Frameworks,Government & Policy,observability,3,all,"Report inventory and migration progress to OMB, CISA, and National Cyber Director annually and on an ongoing basis.","Not later than 1 year after the date of enactment of this Act, and on an ongoing basis thereafter, the head of each agency shall provide to the Director of OMB, the Director of CISA, and the National Cyber Director... the inventory described in subsection (a)(1)",Sec. 4(b),https://www.congress.gov/bill/117th-congress/house-bill/7535/text/statute,high,qwen3.6:27b-q8_0,2026-08-09,active,,
QCCPA-2022,Quantum Computing Cybersecurity Preparedness Act (H.R.7535),Compliance Frameworks,Government & Policy,lifecycle,3,software,Prioritize IT for migration to post-quantum cryptography within one year of NIST issuing standards.,"Not later than 1 year after the date on which the Director of NIST has issued post-quantum cryptography standards, the Director of OMB shall issue guidance requiring each agency to... prioritize information technology... for migration to post-quantum cryptography",Sec. 4(c)(1),https://www.congress.gov/bill/117th-congress/house-bill/7535/text/statute,high,qwen3.6:27b-q8_0,2026-08-09,active,,
NIST-SP-800-90C,SP 800-90C: Recommendation for Random Bit Generator (RBG) Constructions,Certification Schemes,Standard,assurance,3,libraries,Validate RBG constructions against SP 800-90C via CMVP/CAVP to prove compliance with specified security strengths and operational tests.,SP 800-90C has been developed in coordination with NIST’s Cryptographic Algorithm Validation Program (CAVP) and Cryptographic Module Validation Program (CMVP)... The term “shall” is used when a requirement is testable by a testing lab during implementation validation.,Section 1,https://csrc.nist.gov/pubs/sp/800/90/c/final,high,qwen3.6:27b-q8_0,2026-08-09,active,,
NIST-SP-800-90C,SP 800-90C: Recommendation for Random Bit Generator (RBG) Constructions,Certification Schemes,Standard,observability,3,libraries,Implement health tests for entropy sources and non-entropy components; halt output and trigger failure handling upon test failure.,Section 8 discusses health and implementation validation testing... 8.1.2. Handling Failures... 8.1.2.1. Entropy-Source Failures... 8.1.2.2. Failures by Non-Entropy-Source Components.,"Section 8, 8.1.2",https://csrc.nist.gov/pubs/sp/800/90/c/final,high,qwen3.6:27b-q8_0,2026-08-09,active,,
NIST-SP-800-90C,SP 800-90C: Recommendation for Random Bit Generator (RBG) Constructions,Certification Schemes,Standard,lifecycle,3,libraries,Manage RBG instantiation and reseeding lifecycles using validated randomness sources (SP 800-90B/90C compliant) to maintain security strength.,Each RBG includes a DRBG from SP 800-90A and is based on the use of a randomness source that is validated for compliance with SP 800-90B or SP 800-90C.,Section 2.2,https://csrc.nist.gov/pubs/sp/800/90/c/final,high,qwen3.6:27b-q8_0,2026-08-09,active,,
NIST-SP-800-90C,SP 800-90C: Recommendation for Random Bit Generator (RBG) Constructions,Certification Schemes,Standard,assurance,3,libraries,Ensure entropy sources used in RBG constructions are validated for compliance with SP 800-90B to guarantee sufficient min-entropy.,SP 800-90B... provides guidance for the development and validation of entropy sources... SP 800-90C... specifies constructions for random bit generators (RBGs) using 1) randomness sources (either entropy sources that comply with SP 800-90B or RBGs that comply with SP 800-90C).,Section 1,https://csrc.nist.gov/pubs/sp/800/90/c/final,high,qwen3.6:27b-q8_0,2026-08-09,active,,
NIST-SP-800-90C,SP 800-90C: Recommendation for Random Bit Generator (RBG) Constructions,Certification Schemes,Standard,governance,2,all,"Adopt SP 800-90C requirements for RBG design and implementation, distinguishing between testable 'shall' requirements and administrative 'must' requirements.",The document uses “shall” and “must” to indicate requirements... The term “shall” is used when a requirement is testable by a testing lab... The term “must” is used for requirements that may not be testable by the CAVP or CMVP... demands certain actions and/or considerations from a system administrator.,Section 1,https://csrc.nist.gov/pubs/sp/800/90/c/final,high,qwen3.6:27b-q8_0,2026-08-09,active,,
Malaysia-NACSA-PQC-2025,Malaysia National Cryptography Policy and PQC Migration Plan 2025-2030,Compliance Frameworks,Compliance/Policy,governance,3,all,Mandate the use of National Trusted Cryptographic Products (PKTN) for all transactions involving Official Secrets and classified data for National Critical Information Infrastructure (NCII) entities.,Penggunaan PKTN adalah terpakai kepada pengendalian data dan maklumat seperti yang berikut: Mandatori dalam urusan yang melibatkan data dan maklumat Rahsia Rasmi. Mandatori bagi urusan yang melibatkan data dan maklumat Rahsia bagi entiti NCII,BAHAGIAN 7 : PEMAKAIAN DASAR / Page 31-32,https://www.nacsa.gov.my/doc/MyKriptografi.pdf,high,qwen3.6:27b-q8_0,2026-08-09,active,,
Malaysia-NACSA-PQC-2025,Malaysia National Cryptography Policy and PQC Migration Plan 2025-2030,Compliance Frameworks,Compliance/Policy,governance,3,all,"Establish and enforce a governance framework for cryptographic technology management, including policy structures, legal guidelines, and compliance enforcement mechanisms.","Pengukuhan struktur tadbir urus dasar berkenaan kriptografi. Pemantapan perundangan dan garis panduan berkenaan kriptografi. Pelaksanaan dasar ini bukan sahaja melibatkan penggunaan teknologi kriptografi yang canggih, tetapi juga menekankan aspek tadbir urus, pemantauan, pelaporan dan penguatkuasaan",BAHAGIAN 6 : KERANGKA DASAR / Page 25-26,https://www.nacsa.gov.my/doc/MyKriptografi.pdf,high,qwen3.6:27b-q8_0,2026-08-09,active,,
Malaysia-NACSA-PQC-2025,Malaysia National Cryptography Policy and PQC Migration Plan 2025-2030,Compliance Frameworks,Compliance/Policy,assurance,3,libraries,"Implement a national scheme for the assessment, verification, and certification of cryptographic products to ensure they meet government-defined security standards before deployment.","Pembangunan dan pelaksanaan skim penilaian dan pensijilan produk kriptografi. Skim Penilaian dan Pensijilan Produk Kriptografi Terpercaya Negara (SPPPKTN) ditakrifkan sebagai sebuah skim tempatan yang diiktiraf oleh Kerajaan untuk melaksanakan proses penilaian, pengesahan dan pensijilan sesuatu produk kriptografi",BAHAGIAN 6 : KERANGKA DASAR / Page 27; BAHAGIAN 1 : TAKRIFAN / Page 11,https://www.nacsa.gov.my/doc/MyKriptografi.pdf,high,qwen3.6:27b-q8_0,2026-08-09,active,,
Malaysia-NACSA-PQC-2025,Malaysia National Cryptography Policy and PQC Migration Plan 2025-2030,Compliance Frameworks,Compliance/Policy,governance,3,all,Develop and maintain a national Post-Quantum Cryptography (PQC) readiness plan to address emerging cryptographic threats and ensure long-term security resilience.,"Pembangunan pelan kesiapsiagaan kriptografi pasca kuantum. MyKriptografi memastikan Malaysia memiliki dasar terarah dalam mengurus teknologi kriptografi, termasuk kesiapsiagaan terhadap ancaman masa depan seperti kriptografi pasca-kuantum (post-quantum cryptography, PQC).",BAHAGIAN 6 : KERANGKA DASAR / Page 29; BAHAGIAN 2 : PENGENALAN / Page 6,https://www.nacsa.gov.my/doc/MyKriptografi.pdf,high,qwen3.6:27b-q8_0,2026-08-09,active,,
