ref_id,source_name,category,source_type,pillar,maturity_level,asset_class,requirement,evidence_quote,evidence_location,source_url,confidence,extraction_model,extraction_date,status,deprecated_at,deprecated_reason
NIST-SP-800-140E,NIST SP 800-140E — CMVP Approved Authentication Mechanisms,Certification Schemes,Standard,governance,2,all,"Define roles for vendors, testing labs, and CMVP to address authentication issues in cryptographic module design, manufacture, and testing.","This document is focused toward the vendors, testing labs, and CMVP for the purpose of addressing authentication issues in cryptographic module design, manufacture, and testing.",Audience,https://nvlpubs.nist.gov/nistpubs/SpecialPublications/NIST.SP.800-140E.pdf,high,mlx-community/Qwen3.8-27B-8bit,2026-09-11,active,,
NIST-SP-800-140E,NIST SP 800-140E — CMVP Approved Authentication Mechanisms,Certification Schemes,Standard,assurance,3,all,Ensure operator authentication acceptance is performed by the module or Operating Environment for all FIPS 140-3 levels above Level 1.,"Except at level 1, operator authentication acceptance is required to be performed by the module or by the Operating Environment as defined in ISO/IEC 19790.",6.2 Approved authentication mechanisms,https://nvlpubs.nist.gov/nistpubs/SpecialPublications/NIST.SP.800-140E.pdf,high,mlx-community/Qwen3.8-27B-8bit,2026-09-11,active,,
NIST-SP-800-140E,NIST SP 800-140E — CMVP Approved Authentication Mechanisms,Certification Schemes,Standard,assurance,3,all,Use SP 800-63B as the framework for authentication requirements and provide justification whenever SP 800-63B requirements cannot be met.,Vendors should use SP 800-63B as a framework for authentication requirements and should provide justification whenever SP 800-63B requirements cannot be met.,6.2 Approved authentication mechanisms,https://nvlpubs.nist.gov/nistpubs/SpecialPublications/NIST.SP.800-140E.pdf,high,mlx-community/Qwen3.8-27B-8bit,2026-09-11,active,,
NIST-SP-800-140E,NIST SP 800-140E — CMVP Approved Authentication Mechanisms,Certification Schemes,Standard,assurance,3,all,Require testers to review and affirm vendor documentation regarding authentication mechanisms and SP 800-63B compliance.,Testers should review and affirm the vendor documentation.,6.2 Approved authentication mechanisms,https://nvlpubs.nist.gov/nistpubs/SpecialPublications/NIST.SP.800-140E.pdf,high,mlx-community/Qwen3.8-27B-8bit,2026-09-11,active,,
NIST-SP-800-140E,NIST SP 800-140E — CMVP Approved Authentication Mechanisms,Certification Schemes,Standard,assurance,3,all,"Assess normative SP 800-63B sections 5, 6, and 7, and informative sections 8 and 10 for each authenticator used in the module.","Normative SP 800-63B sections include ● Section 5, Detailed requirements specific to each type of authenticator; ● Section 6, Lifecycle management; ● Section 7, Session Management; Informative information to be assessed for each authenticator includes: ● Section 8, Threats and Security Considerations; and ● Section 10, Usability Considerations.",6.2 Approved authentication mechanisms,https://nvlpubs.nist.gov/nistpubs/SpecialPublications/NIST.SP.800-140E.pdf,high,mlx-community/Qwen3.8-27B-8bit,2026-09-11,active,,
NIST-SP-800-140E,NIST SP 800-140E — CMVP Approved Authentication Mechanisms,Certification Schemes,Standard,lifecycle,2,all,Apply SP 800-63B Section 6 lifecycle management requirements to the authentication mechanisms employed by the cryptographic module.,"Normative SP 800-63B sections include ... ● Section 6, Lifecycle management;",6.2 Approved authentication mechanisms,https://nvlpubs.nist.gov/nistpubs/SpecialPublications/NIST.SP.800-140E.pdf,medium,mlx-community/Qwen3.8-27B-8bit,2026-09-11,active,,
NIST-SP-800-140F,NIST SP 800-140F — CMVP Approved Non-Invasive Attack Mitigation Test Methods,Certification Schemes,Standard,assurance,3,all,"Utilize CMVP-approved non-invasive attack mitigation test metrics to demonstrate cryptographic module conformance, superseding ISO/IEC 19790 Annex F and ISO/IEC 24759 paragraph 6.18.",This document specifies the Cryptographic Module Validation Program (CMVP) modifications of the methods to be used by a Cryptographic and Security Testing Laboratory (CSTL) to demonstrate conformance. This document also specifies the modification of methods for evidence that a vendor or testing laboratory provides to demonstrate conformity.,Section 1 Scope,https://nvlpubs.nist.gov/nistpubs/SpecialPublications/NIST.SP.800-140F.pdf,high,mlx-community/Qwen3.8-27B-8bit,2026-09-11,active,,
NIST-SP-800-140F,NIST SP 800-140F — CMVP Approved Non-Invasive Attack Mitigation Test Methods,Certification Schemes,Standard,assurance,3,all,Provide vendor evidence and testing laboratory evidence to demonstrate conformity with the specified non-invasive attack mitigation test metrics.,This document also specifies the modification of methods for evidence that a vendor or testing laboratory provides to demonstrate conformity.,Section 1 Scope,https://nvlpubs.nist.gov/nistpubs/SpecialPublications/NIST.SP.800-140F.pdf,high,mlx-community/Qwen3.8-27B-8bit,2026-09-11,active,,
NIST-SP-800-140F,NIST SP 800-140F — CMVP Approved Non-Invasive Attack Mitigation Test Methods,Certification Schemes,Standard,governance,2,all,Adhere to the specific normative references ISO/IEC 19790:2012 (including 2015 corrections) and ISO/IEC 24759:2017 for validation testing procedures.,This section identifies the normative references cited as ISO/IEC 19790 and ISO/IEC 24759. The specific editions to be used are ISO/IEC 19790:2012 and ISO/IEC 24759:2017. Please note that the version 19790:2012 referenced here includes the corrections made in 2015.,Section 2 Normative references,https://nvlpubs.nist.gov/nistpubs/SpecialPublications/NIST.SP.800-140F.pdf,high,mlx-community/Qwen3.8-27B-8bit,2026-09-11,active,,
NIST-ACVP,NIST Automated Cryptographic Validation Protocol (ACVP),Certification Schemes,Compliance Framework,governance,2,all,"Define and agree upon an authentication scheme between the client and server owning entities, including validation authorities, to secure ACVP communication.","Definition of an authentication scheme will not be discussed here, but should be agreed upon between the client and server owning entities including the servers owned by the validation authorities.",Section 7.1. Authentication,https://pages.nist.gov/ACVP/draft-fussell-acvp-spec.html,high,mlx-community/Qwen3.8-27B-8bit,2026-09-11,active,,
NIST-ACVP,NIST Automated Cryptographic Validation Protocol (ACVP),Certification Schemes,Compliance Framework,assurance,3,all,Control access to the ACVP client so that only an administrator or other authorized user can send and receive ACVP messages to prevent probing for weaknesses.,"When an ACVP client is attached to a cryptographic module that is in use, access to ACVP MUST be controlled so that only an administrator or other authorized user can send and receive ACVP messages.",Section 19. Other Considerations,https://pages.nist.gov/ACVP/draft-fussell-acvp-spec.html,high,mlx-community/Qwen3.8-27B-8bit,2026-09-11,active,,
NIST-ACVP,NIST Automated Cryptographic Validation Protocol (ACVP),Certification Schemes,Compliance Framework,observability,2,all,"Implement client-side error handling that triggers an indication of the failed operation and a detailed error description, logging this to a local facility for traceability.",Errors detected by the client SHOULD trigger an indication of the operation that failed and a detailed error description. This information can be sent to the clients local logging facility to provide traceability of communication issues,Section 22. Error Messages,https://pages.nist.gov/ACVP/draft-fussell-acvp-spec.html,high,mlx-community/Qwen3.8-27B-8bit,2026-09-11,active,,
NIST-ACVP,NIST Automated Cryptographic Validation Protocol (ACVP),Certification Schemes,Compliance Framework,inventory,2,software,Maintain software identification (SWID) tags and Common Platform Enumeration (CPE) names for cryptographic modules to support dependency tracking and validation registration.,A Software identification (SWID) tag as described in ISO/IEC 19770-2:2015... A Common Platform Enumeration (CPE) formatted name according to Version 2.3 of the CPE Naming Specification,Section 12.13.3.1. Example Dependency Property Elements,https://pages.nist.gov/ACVP/draft-fussell-acvp-spec.html,medium,mlx-community/Qwen3.8-27B-8bit,2026-09-11,active,,
NIST-SP-800-90B,SP 800-90B: Recommendation for the Entropy Sources Used for Random Bit Generation,Certification Schemes,Standard,assurance,3,all,Conduct conformance testing for entropy source implementations within the framework of the Cryptographic Algorithm Validation Program (CAVP) and the Cryptographic Module Validation Program (CMVP).,Conformance testing for implementations of this Recommendation will be conducted within the framework of the Cryptographic Algorithm Validation Program (CAVP) and the Cryptographic Module Validation Program (CMVP).,"Conformance Testing, page ii",https://csrc.nist.gov/pubs/sp/800/90/b/final,high,mlx-community/Qwen3.8-27B-8bit,2026-09-11,active,,
NIST-SP-800-90B,SP 800-90B: Recommendation for the Entropy Sources Used for Random Bit Generation,Certification Schemes,Standard,assurance,2,all,"Assign responsibility for requirements out-of-scope for CAVP or CMVP validation to entities using, implementing, installing, or configuring applications that incorporate the Recommendation.","Some of these requirements may be out-of-scope for CAVP or CMVP validation testing, and thus are the responsibility of entities using, implementing, installing or configuring applications that incorporate this Recommendation.","Conformance Testing, page ii",https://csrc.nist.gov/pubs/sp/800/90/b/final,high,mlx-community/Qwen3.8-27B-8bit,2026-09-11,active,,
NIST-SP-800-90B,SP 800-90B: Recommendation for the Entropy Sources Used for Random Bit Generation,Certification Schemes,Standard,observability,3,all,"Implement a HealthTest interface that allows requests to the entropy source to conduct tests of its health, ensuring test execution is acceptable to FIPS 140 validation.",A HealthTest call is a request to the entropy source to conduct a test of its health. Note that it may not be necessary to include a separate HealthTest interface if the execution of the tests can be initiated in another manner that is acceptable to FIPS 140 [FIPS140] validation.,"Section 2.3.3, page 7",https://csrc.nist.gov/pubs/sp/800/90/b/final,high,mlx-community/Qwen3.8-27B-8bit,2026-09-11,active,,
NIST-SP-800-90B,SP 800-90B: Recommendation for the Entropy Sources Used for Random Bit Generation,Certification Schemes,Standard,assurance,3,all,"Provide an interface to obtain raw, digitized noise source data for validation testing or external health testing without harm to the entropy source, potentially restricted to test mode.",It is expected that an interface be available that allows noise source data to be obtained without harm to the entropy source. This interface is meant to provide test data to credit a noise source with an entropy estimate during validation or for external health testing. It is permitted that such an interface be available only in “test mode” and that it is disabled when the source is operational.,"Section 2.3.2, page 6",https://csrc.nist.gov/pubs/sp/800/90/b/final,high,mlx-community/Qwen3.8-27B-8bit,2026-09-11,active,,
NIST-SP-800-90B,SP 800-90B: Recommendation for the Entropy Sources Used for Random Bit Generation,Certification Schemes,Standard,governance,2,all,Utilize only vetted conditioning components (keyed or unkeyed) as specified in the Recommendation for entropy source design to ensure compliance with approved algorithms.,Both keyed and unkeyed algorithms have been vetted for conditioning. Section 3.1.5.1.1 provides a list of vetted conditioning components. Section 3.1.5.1.2 discusses the method for determining the entropy provided by a vetted conditioning component.,"Section 3.1.5.1, page 15",https://csrc.nist.gov/pubs/sp/800/90/b/final,medium,mlx-community/Qwen3.8-27B-8bit,2026-09-11,active,,
CC-2022-PART2,Common Criteria 2022 Part 2 — Security Functional Components (R1),Certification Schemes,Standard,lifecycle,2,keys,"Define and enforce a lifecycle for cryptographic keys covering generation, distribution, access, derivation, and destruction.",Cryptographic keys must be managed throughout their life cycle. This family is intended to support that lifecycle and consequently defines requirements for the following activities: — cryptographic key generation; — cryptographic key distribution; — cryptographic key access; — cryptographic key derivation; — timing and event of cryptographic key destruction.,"Section 10.2.1 Family behaviour, Page 51",https://www.commoncriteriaportal.org/files/ccfiles/CC2022PART2R1.pdf,high,mlx-community/Qwen3.8-27B-8bit,2026-09-11,active,,
CC-2022-PART2,Common Criteria 2022 Part 2 — Security Functional Components (R1),Certification Schemes,Standard,lifecycle,2,keys,Specify the timing and events for cryptographic key destruction and the method used to destroy them.,"FCS_CKM.6.1 The TSF shall destroy [assignment: list of cryptographic keys (including keying material)] when [selection: no longer needed, [assignment: other circumstances for key or keying material destruction]]. FCS_CKM.6.2 The TSF shall destroy cryptographic keys and keying material specified by FCS_CKM.6.1 in accordance with a specified cryptographic key destruction method","Section 10.2.10 FCS_CKM.6, Page 54",https://www.commoncriteriaportal.org/files/ccfiles/CC2022PART2R1.pdf,high,mlx-community/Qwen3.8-27B-8bit,2026-09-11,active,,
CC-2022-PART2,Common Criteria 2022 Part 2 — Security Functional Components (R1),Certification Schemes,Standard,assurance,2,keys,Ensure cryptographic key generation algorithms and key sizes meet assigned standards.,FCS_CKM.1.1 The TSF shall generate cryptographic keys in accordance with a specified cryptographic key generation algorithm [assignment: cryptographic key generation algorithm] and specified cryptographic key sizes [assignment: cryptographic key sizes] that meet the following: [assignment: list of standards].,"Section 10.2.5 FCS_CKM.1, Page 53",https://www.commoncriteriaportal.org/files/ccfiles/CC2022PART2R1.pdf,high,mlx-community/Qwen3.8-27B-8bit,2026-09-11,active,,
CC-2022-PART2,Common Criteria 2022 Part 2 — Security Functional Components (R1),Certification Schemes,Standard,assurance,2,keys,Ensure cryptographic key distribution methods meet assigned standards.,FCS_CKM.2.1 The TSF shall distribute cryptographic keys in accordance with a specified cryptographic key distribution method [assignment: cryptographic key distribution method] that meets the following: [assignment: list of standards].,"Section 10.2.6 FCS_CKM.2, Page 53",https://www.commoncriteriaportal.org/files/ccfiles/CC2022PART2R1.pdf,high,mlx-community/Qwen3.8-27B-8bit,2026-09-11,active,,
CC-2022-PART2,Common Criteria 2022 Part 2 — Security Functional Components (R1),Certification Schemes,Standard,assurance,2,keys,Ensure cryptographic key access methods meet assigned standards.,FCS_CKM.3.1 The TSF shall perform [assignment: type of cryptographic key access] in accordance with a specified cryptographic key access method [assignment: cryptographic key access method] that meets the following: [assignment: list of standards].,"Section 10.2.7 FCS_CKM.3, Page 53",https://www.commoncriteriaportal.org/files/ccfiles/CC2022PART2R1.pdf,high,mlx-community/Qwen3.8-27B-8bit,2026-09-11,active,,
CC-2022-PART2,Common Criteria 2022 Part 2 — Security Functional Components (R1),Certification Schemes,Standard,assurance,2,keys,Ensure cryptographic key derivation algorithms and key sizes meet assigned standards.,FCS_CKM.5.1 The TSF shall derive cryptographic keys [assignment: key type] from [assignment: input parameters] in accordance with a specified key derivation algorithm [assignment: key derivation algorithm] and specified cryptographic key sizes [assignment: list of key sizes] that meet the following: [assignment: list of standards].,"Section 10.2.9 FCS_CKM.5, Page 54",https://www.commoncriteriaportal.org/files/ccfiles/CC2022PART2R1.pdf,high,mlx-community/Qwen3.8-27B-8bit,2026-09-11,active,,
CC-2022-PART2,Common Criteria 2022 Part 2 — Security Functional Components (R1),Certification Schemes,Standard,assurance,2,software,Ensure cryptographic operations are performed using specified algorithms and key sizes that meet assigned standards.,FCS_COP.1.1 The TSF shall perform [assignment: list of cryptographic operations] in accordance with a specified cryptographic algorithm [assignment: cryptographic algorithm] and cryptographic key sizes [assignment: cryptographic key sizes] that meet the following: [assignment: list of standards].,"Section 10.3.5 FCS_COP.1, Page 55",https://www.commoncriteriaportal.org/files/ccfiles/CC2022PART2R1.pdf,high,mlx-community/Qwen3.8-27B-8bit,2026-09-11,active,,
CC-2022-PART2,Common Criteria 2022 Part 2 — Security Functional Components (R1),Certification Schemes,Standard,assurance,2,software,Ensure the Random Bit Generator (RBG) is seeded with a minimum specified amount of min-entropy from a defined noise source.,"FCS_RBG.3.1 The TSF shall be able to seed the RBG using a [selection: choose one of: TSF software-based noise source, TSF hardware-based noise source][assignment: name of noise source] with a minimum of [assignment: number of bits] bits of min-entropy.","Section 10.4.8 FCS_RBG.3, Page 58",https://www.commoncriteriaportal.org/files/ccfiles/CC2022PART2R1.pdf,high,mlx-community/Qwen3.8-27B-8bit,2026-09-11,active,,
CC-2022-PART2,Common Criteria 2022 Part 2 — Security Functional Components (R1),Certification Schemes,Standard,assurance,2,software,Ensure the combination of noise sources for RBG seeding results in a minimum specified amount of min-entropy as defined by standards.,"FCS_RBG.5.1 The TSF shall [assignment: combining operation] [selection: output from TSF noise source(s), input from TSF interface(s) for seeding)] to create the entropy input into the derivation function as defined in [assignment: list of standards], resulting in a minimum of [assignment: number of bits] bits of min-entropy.","Section 10.4.10 FCS_RBG.5, Page 58",https://www.commoncriteriaportal.org/files/ccfiles/CC2022PART2R1.pdf,high,mlx-community/Qwen3.8-27B-8bit,2026-09-11,active,,
CC-2022-PART2,Common Criteria 2022 Part 2 — Security Functional Components (R1),Certification Schemes,Standard,observability,2,keys,"Audit the success and failure of cryptographic key management activities including generation, distribution, access, derivation, and destruction.","The following actions should be auditable if FAU_GEN Security audit data generation is included in the PP, PP-Module, functional package or ST: a) minimal: Success and failure of the activity; b) basic: The object attribute(s), and object value(s) excluding any sensitive information.","Section 10.2.4 Audit of FCS_CKM, Page 52",https://www.commoncriteriaportal.org/files/ccfiles/CC2022PART2R1.pdf,high,mlx-community/Qwen3.8-27B-8bit,2026-09-11,active,,
CC-2022-PART2,Common Criteria 2022 Part 2 — Security Functional Components (R1),Certification Schemes,Standard,observability,2,software,"Audit the success and failure of cryptographic operations, including the type of operation and applicable modes.","The following actions should be auditable if FAU_GEN Security audit data generation is included in the PP, PP-Module, functional package or ST: a) minimal: Success and failure, and the type of cryptographic operation; b) basic: Any applicable cryptographic mode(s) of operation, subject attributes and object attributes.","Section 10.3.4 Audit of FCS_COP.1, Page 55",https://www.commoncriteriaportal.org/files/ccfiles/CC2022PART2R1.pdf,high,mlx-community/Qwen3.8-27B-8bit,2026-09-11,active,,
IN-CERTIN-QBOM-Guidelines-2025,"India CERT-In Technical Guidelines on SBOM, QBOM, CBOM, AIBOM, and HBOM v2.0",Compliance Frameworks,Government Guidance,governance,2,all,"Establish cross-functional collaboration across cybersecurity, engineering, legal, compliance, and vendor management teams to govern the CBOM/QBOM lifecycle.","Establish collaboration across cybersecurity, engineering, legal, compliance, and vendor management teams to ensure the CBOM/QBOM lifecycle is comprehensively governed.",Section 8.4.2.9,"https://www.cert-in.org.in/PDF/TechnicalGuidelines-on-SBOM,QBOM&CBOM,AIBOM_and_HBOM_ver2.0.pdf",high,mlx-community/Qwen3.8-27B-8bit,2026-09-11,active,,
IN-CERTIN-QBOM-Guidelines-2025,"India CERT-In Technical Guidelines on SBOM, QBOM, CBOM, AIBOM, and HBOM v2.0",Compliance Frameworks,Government Guidance,governance,2,all,Define roles and responsibilities and assign ownership for SBOM-related activities to key stakeholders.,Define SBOM-Related Assign Roles and Identify Key Stakeholders Responsibilities Ownership,Section 5.1 / Process and Practices,"https://www.cert-in.org.in/PDF/TechnicalGuidelines-on-SBOM,QBOM&CBOM,AIBOM_and_HBOM_ver2.0.pdf",medium,mlx-community/Qwen3.8-27B-8bit,2026-09-11,active,,
IN-CERTIN-QBOM-Guidelines-2025,"India CERT-In Technical Guidelines on SBOM, QBOM, CBOM, AIBOM, and HBOM v2.0",Compliance Frameworks,Government Guidance,governance,2,all,"Implement tiered vendor Post-Quantum Cryptography (PQC) contractual requirements, mandating documentation of cryptographic implementations.","Implement tiered vendor Post-Quantum Cryptography (PQC) contractual requirements. Service providers must document all cryptographic implementations (e.g., RSA data encryption, ECC certificate management)",Section 8.5.4,"https://www.cert-in.org.in/PDF/TechnicalGuidelines-on-SBOM,QBOM&CBOM,AIBOM_and_HBOM_ver2.0.pdf",high,mlx-community/Qwen3.8-27B-8bit,2026-09-11,active,,
IN-CERTIN-QBOM-Guidelines-2025,"India CERT-In Technical Guidelines on SBOM, QBOM, CBOM, AIBOM, and HBOM v2.0",Compliance Frameworks,Government Guidance,inventory,3,software,Maintain a complete internal SBOM at the 'complete' level to identify and share vulnerability updates with consumers on a mandatory basis.,"Concurrently, they should maintain an internal SBOM at the ""complete"" level to identify and share vulnerability updates specific to that software in detail with the consumer periodically on a mandatory basis.",Section 3.1,"https://www.cert-in.org.in/PDF/TechnicalGuidelines-on-SBOM,QBOM&CBOM,AIBOM_and_HBOM_ver2.0.pdf",high,mlx-community/Qwen3.8-27B-8bit,2026-09-11,active,,
IN-CERTIN-QBOM-Guidelines-2025,"India CERT-In Technical Guidelines on SBOM, QBOM, CBOM, AIBOM, and HBOM v2.0",Compliance Frameworks,Government Guidance,inventory,2,all,"Document baseline information for each component including name, version, supplier, license, origin, dependencies, vulnerabilities, and checksums.","Document baseline information about each component that should be tracked. This baseline component information includes: Component Name, Component Version, Component Description, Component Supplier, Component License, Component Origin, Component Dependencies, Vulnerabilities, Patch Status, Release Date, End-of-Life (EOL) Date, Criticality, Usage Restrictions, Checksums or Hashes",Section 4.1 Table 5,"https://www.cert-in.org.in/PDF/TechnicalGuidelines-on-SBOM,QBOM&CBOM,AIBOM_and_HBOM_ver2.0.pdf",high,mlx-community/Qwen3.8-27B-8bit,2026-09-11,active,,
IN-CERTIN-QBOM-Guidelines-2025,"India CERT-In Technical Guidelines on SBOM, QBOM, CBOM, AIBOM, and HBOM v2.0",Compliance Frameworks,Government Guidance,inventory,2,all,"Compile a comprehensive inventory of all critical components that make up the AI system, ensuring all dependencies are accounted for.",Maintain a Comprehensive Inventory: The first step in creating AIBOM is to compile a comprehensive inventory of all the critical components that make up AI system. It ensures that all components and their dependencies are thoroughly accounted for,Section 9.4.2.1,"https://www.cert-in.org.in/PDF/TechnicalGuidelines-on-SBOM,QBOM&CBOM,AIBOM_and_HBOM_ver2.0.pdf",high,mlx-community/Qwen3.8-27B-8bit,2026-09-11,active,,
IN-CERTIN-QBOM-Guidelines-2025,"India CERT-In Technical Guidelines on SBOM, QBOM, CBOM, AIBOM, and HBOM v2.0",Compliance Frameworks,Government Guidance,lifecycle,3,all,"Conduct scheduled reviews at least quarterly to verify the accuracy and completeness of the CBOM/QBOM, reflecting any additions or deprecations.","Ensure that any additions, modifications, or deprecations of components, configurations, or cryptographic dependencies are promptly reflected in the CBOM/QBOM. Conduct scheduled reviews, at least quarterly, to verify accuracy and completeness.",Section 8.4.2.8,"https://www.cert-in.org.in/PDF/TechnicalGuidelines-on-SBOM,QBOM&CBOM,AIBOM_and_HBOM_ver2.0.pdf",high,mlx-community/Qwen3.8-27B-8bit,2026-09-11,active,,
IN-CERTIN-QBOM-Guidelines-2025,"India CERT-In Technical Guidelines on SBOM, QBOM, CBOM, AIBOM, and HBOM v2.0",Compliance Frameworks,Government Guidance,lifecycle,3,all,Automate the generation of AIBOM as part of model development and deployment pipelines to ensure consistency and up-to-date records.,"Automate the AIBOM Generation: To improve efficiency, consider automating the AIBOM creation process as part of model development and deployment pipelines. Automation ensures consistency and helps keep AIBOM up to date with every iteration of your models.",Section 9.4.2.3,"https://www.cert-in.org.in/PDF/TechnicalGuidelines-on-SBOM,QBOM&CBOM,AIBOM_and_HBOM_ver2.0.pdf",high,mlx-community/Qwen3.8-27B-8bit,2026-09-11,active,,
IN-CERTIN-QBOM-Guidelines-2025,"India CERT-In Technical Guidelines on SBOM, QBOM, CBOM, AIBOM, and HBOM v2.0",Compliance Frameworks,Government Guidance,lifecycle,2,all,"Track model lineage by maintaining clear records of model versions, retraining activities, and modifications to ensure accountability.","Track Model Lineage: As models evolve, it’s essential to maintain clear records of their development. This includes tracking: Model Versions, Retraining Activities, Modifications and Enhancements",Section 9.4.2.6,"https://www.cert-in.org.in/PDF/TechnicalGuidelines-on-SBOM,QBOM&CBOM,AIBOM_and_HBOM_ver2.0.pdf",high,mlx-community/Qwen3.8-27B-8bit,2026-09-11,active,,
IN-CERTIN-QBOM-Guidelines-2025,"India CERT-In Technical Guidelines on SBOM, QBOM, CBOM, AIBOM, and HBOM v2.0",Compliance Frameworks,Government Guidance,observability,3,all,Integrate security tools into the software development pipeline to automatically analyze SBOM data and identify vulnerabilities during build and packaging phases.,"Suppliers should implement shift-left vulnerability scanning by integrating security tools into their software development pipeline. This involves automatically analyzing the SBOM data to identify vulnerabilities in the software components during the early stages of the SDLC, such as the build and packaging phases.",Section 6,"https://www.cert-in.org.in/PDF/TechnicalGuidelines-on-SBOM,QBOM&CBOM,AIBOM_and_HBOM_ver2.0.pdf",high,mlx-community/Qwen3.8-27B-8bit,2026-09-11,active,,
IN-CERTIN-QBOM-Guidelines-2025,"India CERT-In Technical Guidelines on SBOM, QBOM, CBOM, AIBOM, and HBOM v2.0",Compliance Frameworks,Government Guidance,observability,3,all,Utilize automation to support real-time audit compliance with security policies and vulnerability management procedures.,"Organizations may include this feature in their current vulnerability management procedures and audit compliance with security policies in real time. Both will depend heavily on automation, which calls for standard, machine-readable data formats.",Section 4.3,"https://www.cert-in.org.in/PDF/TechnicalGuidelines-on-SBOM,QBOM&CBOM,AIBOM_and_HBOM_ver2.0.pdf",high,mlx-community/Qwen3.8-27B-8bit,2026-09-11,active,,
IN-CERTIN-QBOM-Guidelines-2025,"India CERT-In Technical Guidelines on SBOM, QBOM, CBOM, AIBOM, and HBOM v2.0",Compliance Frameworks,Government Guidance,assurance,2,all,"Adopt a risk-based approach for quantum readiness assessment involving cryptographic validation testing, independent security assessments, and adversarial simulations.","To assess quantum readiness, organizations should adopt a risk-based approach involving cryptographic validation testing, independent security assessments, adversarial simulations, and continuous integration of threat intelligence related to quantum advancements.",Section 8.5.2,"https://www.cert-in.org.in/PDF/TechnicalGuidelines-on-SBOM,QBOM&CBOM,AIBOM_and_HBOM_ver2.0.pdf",high,mlx-community/Qwen3.8-27B-8bit,2026-09-11,active,,
IN-CERTIN-QBOM-Guidelines-2025,"India CERT-In Technical Guidelines on SBOM, QBOM, CBOM, AIBOM, and HBOM v2.0",Compliance Frameworks,Government Guidance,assurance,2,all,Require service providers to provide quarterly migration progress reports regarding Post-Quantum Cryptography implementation.,"Service providers must document all cryptographic implementations (e.g., RSA data encryption, ECC certificate management), provide quarterly migration progress reports",Section 8.5.4,"https://www.cert-in.org.in/PDF/TechnicalGuidelines-on-SBOM,QBOM&CBOM,AIBOM_and_HBOM_ver2.0.pdf",high,mlx-community/Qwen3.8-27B-8bit,2026-09-11,active,,
IN-CERTIN-QBOM-Guidelines-2025,"India CERT-In Technical Guidelines on SBOM, QBOM, CBOM, AIBOM, and HBOM v2.0",Compliance Frameworks,Government Guidance,assurance,2,all,Include digital signatures for the model or AIBOM to ensure authenticity and integrity.,Digital signature for the model or AIBOM to ensure authenticity and integrity.,Section 9.3 Table,"https://www.cert-in.org.in/PDF/TechnicalGuidelines-on-SBOM,QBOM&CBOM,AIBOM_and_HBOM_ver2.0.pdf",high,mlx-community/Qwen3.8-27B-8bit,2026-09-11,active,,
UK-CMORG-PQC-Guidance-2025,CMORG Guidance for Post-Quantum Cryptography (UK Financial Sector),Compliance Frameworks,Government Guidance,inventory,2,all,"Create a comprehensive inventory of all cryptographic assets, identifying usage across data-in-transit, at-rest, and in-use, including algorithm and key details.","Financial Institutions should create a comprehensive inventory of all cryptographic assets within their organisation. This involves identifying where cryptography (encryption, digital signature) is used across data-in-transit, data-at-rest, and data-in-use.","Section 5, Step 1: Cryptographic Inventory",https://www.cmorg.org.uk/sites/default/files/2025-06/CMORG%20-%20Guidance%20for%20Post-Quantum%20Cryptography%20-%20April%202025%20-%20TLP%20CLEAR%20(1).pdf,high,mlx-community/Qwen3.8-27B-8bit,2026-09-11,active,,
UK-CMORG-PQC-Guidance-2025,CMORG Guidance for Post-Quantum Cryptography (UK Financial Sector),Compliance Frameworks,Government Guidance,inventory,2,all,"Capture metadata for cryptographic assets including ownership, usage, and lifecycle management to ensure a full picture of the cryptographic landscape.","The inventory should not only track cryptographic algorithm and keys, but also capture metadata like ownership, usage, and lifecycle management. By documenting both known assets and conducting detailed scans, institutions can ensure they have a full picture of their cryptographic landscape","Section 5, Step 1: Cryptographic Inventory",https://www.cmorg.org.uk/sites/default/files/2025-06/CMORG%20-%20Guidance%20for%20Post-Quantum%20Cryptography%20-%20April%202025%20-%20TLP%20CLEAR%20(1).pdf,high,mlx-community/Qwen3.8-27B-8bit,2026-09-11,active,,
UK-CMORG-PQC-Guidance-2025,CMORG Guidance for Post-Quantum Cryptography (UK Financial Sector),Compliance Frameworks,Government Guidance,governance,2,all,"Conduct a risk assessment to evaluate the quantum vulnerability of each cryptographic asset, accounting for data longevity and migration timelines.","Next, a risk assessment should be conducted to evaluate the quantum vulnerability of each cryptographic asset. This process should account for variability in timelines across different algorithms... Factors to consider include the shelf life of encrypted data and the timeline for quantum computers becoming capable of breaking current cryptographic algorithms.","Section 5, Step 2: Risk Assessment",https://www.cmorg.org.uk/sites/default/files/2025-06/CMORG%20-%20Guidance%20for%20Post-Quantum%20Cryptography%20-%20April%202025%20-%20TLP%20CLEAR%20(1).pdf,high,mlx-community/Qwen3.8-27B-8bit,2026-09-11,active,,
UK-CMORG-PQC-Guidance-2025,CMORG Guidance for Post-Quantum Cryptography (UK Financial Sector),Compliance Frameworks,Government Guidance,governance,2,all,Develop a prioritisation framework to address high-risk areas where data has long-term value or where cryptographic mechanisms are critical to operations.,"Given that the timelines for quantum threats may differ significantly across algorithms, high-risk areas where data has long-term value or where cryptographic mechanisms are critical to operations should be prioritised... Developing a prioritisation framework helps in managing resources effectively","Section 5, Step 3: Prioritisation",https://www.cmorg.org.uk/sites/default/files/2025-06/CMORG%20-%20Guidance%20for%20Post-Quantum%20Cryptography%20-%20April%202025%20-%20TLP%20CLEAR%20(1).pdf,high,mlx-community/Qwen3.8-27B-8bit,2026-09-11,active,,
UK-CMORG-PQC-Guidance-2025,CMORG Guidance for Post-Quantum Cryptography (UK Financial Sector),Compliance Frameworks,Government Guidance,lifecycle,2,all,Implement crypto-agile systems that can quickly adapt to future cryptographic requirements and quantum threats to facilitate migration to quantum-safe algorithms.,"Additionally, financial institutions must ensure they have crypto-agile systems that can quickly adapt to future cryptographic requirements and quantum threat. Collaboration with vendors and implementing a phased approach for integrating PQC will be key to minimising disruptions","Section 5, Step 4: Remediation",https://www.cmorg.org.uk/sites/default/files/2025-06/CMORG%20-%20Guidance%20for%20Post-Quantum%20Cryptography%20-%20April%202025%20-%20TLP%20CLEAR%20(1).pdf,high,mlx-community/Qwen3.8-27B-8bit,2026-09-11,active,,
UK-CMORG-PQC-Guidance-2025,CMORG Guidance for Post-Quantum Cryptography (UK Financial Sector),Compliance Frameworks,Government Guidance,governance,2,all,"Assess third-party vendors' cryptographic protocols and readiness to adopt quantum-resistant algorithms, including SaaS, cloud, and hardware providers.","Firms should assess each vendor’s cryptographic protocols, their ability to support new PQC standards, and their readiness to adopt quantum-resistant algorithms. This assessment should consider various types of vendors, including Software as a Service (SaaS) providers, cloud service providers, and hardware manufacturers",Section 6: Vendor Readiness Incorporated Into Planning,https://www.cmorg.org.uk/sites/default/files/2025-06/CMORG%20-%20Guidance%20for%20Post-Quantum%20Cryptography%20-%20April%202025%20-%20TLP%20CLEAR%20(1).pdf,high,mlx-community/Qwen3.8-27B-8bit,2026-09-11,active,,
UK-CMORG-PQC-Guidance-2025,CMORG Guidance for Post-Quantum Cryptography (UK Financial Sector),Compliance Frameworks,Government Guidance,governance,2,all,Incorporate requirements for post-quantum cryptography in new contracts and service-level agreements to ensure vendor relationships align with quantum migration strategies.,"Additionally, firms should consider incorporating requirements for PQC in new contracts and service-level agreements to ensure all vendor relationships align with their quantum migration strategies.",Section 6: Vendor Readiness Incorporated Into Planning,https://www.cmorg.org.uk/sites/default/files/2025-06/CMORG%20-%20Guidance%20for%20Post-Quantum%20Cryptography%20-%20April%202025%20-%20TLP%20CLEAR%20(1).pdf,high,mlx-community/Qwen3.8-27B-8bit,2026-09-11,active,,
TCG-TPM-V185-Part0,TCG TPM 2.0 Library Specification V185 — Part 0: Introduction,Technical Standards,Algorithm Specifications,governance,2,keys,"Maintain a documented hierarchy of attestations (Endorsement, Platform, Attestation Key) to verify the authenticity and compliance of TPMs and platform roots of trust.",Trusted platforms employ a hierarchy of attestations: 1. An external entity attests to a TPM... 2. An external entity attests to a platform... 3. An external entity called an “Attestation Certificate Authority (Attestation CA)” attests to an asymmetric key pair in a TPM...,"Section 4.5.3.1 Types of Attestation, page 30",https://trustedcomputinggroup.org/wp-content/uploads/Trusted-Platform-Module-2.0-Library-Part-0-Introduction_Version-185_pub.pdf,high,mlx-community/Qwen3.8-27B-8bit,2026-09-11,active,,
TCG-TPM-V185-Part0,TCG TPM 2.0 Library Specification V185 — Part 0: Introduction,Technical Standards,Algorithm Specifications,assurance,2,keys,"Verify that TPMs and platforms are certified by external entities to ensure they are genuine, compliant with specifications, and that roots of trust are properly implemented.","A certificate can identify the manufacturer and evaluated assurance level (EAL) of a TPM. This certification provides confidence in the Roots of Trust implemented in the TPM. In addition, a certificate from a platform manufacturer can provide assurance that the TPM was properly installed...","Section 4.4.1 Introduction, page 28",https://trustedcomputinggroup.org/wp-content/uploads/Trusted-Platform-Module-2.0-Library-Part-0-Introduction_Version-185_pub.pdf,high,mlx-community/Qwen3.8-27B-8bit,2026-09-11,active,,
TCG-TPM-V185-Part0,TCG TPM 2.0 Library Specification V185 — Part 0: Introduction,Technical Standards,Algorithm Specifications,lifecycle,2,libraries,"Monitor and plan for the deprecation of cryptographic algorithms (e.g., TDES, SHA1) and commands, migrating to modern alternatives before they are removed from future specification versions.","The following features are deprecated in this version of the TPM 2.0 specification, and may be removed from a future version. ... TPM_ALG_TDES was deprecated... Users should prefer a more modern block cipher, such as AES, instead. ... TPM_ALG_SHA1 was deprecated... Users should prefer a more modern hash algorithm, such as SHA256, instead.","Section 3.1 Introduction, page 23",https://trustedcomputinggroup.org/wp-content/uploads/Trusted-Platform-Module-2.0-Library-Part-0-Introduction_Version-185_pub.pdf,high,mlx-community/Qwen3.8-27B-8bit,2026-09-11,active,,
TCG-TPM-V185-Part0,TCG TPM 2.0 Library Specification V185 — Part 0: Introduction,Technical Standards,Algorithm Specifications,inventory,2,software,"Query TPM capabilities (algorithms, commands, parameters) using standard commands to maintain an accurate inventory of supported cryptographic features and key creation capabilities.",Users can query the TPM for general support for a given algorithm ID... with TPM2_GetCapability(capability = TPM_CAP_ALGS). ... Users can query the TPM for support for a given command code... with TPM2_GetCapability(capability = TPM_CAP_COMMANDS). Users can query the TPM for whether a key with specific parameters can be created... using TPM2_TestParms().,"Section 3.1.2.1 TPMA_ALGORITHM, page 23",https://trustedcomputinggroup.org/wp-content/uploads/Trusted-Platform-Module-2.0-Library-Part-0-Introduction_Version-185_pub.pdf,medium,mlx-community/Qwen3.8-27B-8bit,2026-09-11,active,,
EO-14306,Executive Order 14306 — Sustaining Select Cybersecurity Efforts (PQC Provisions),Compliance Frameworks,Government & Policy,lifecycle,3,software,Support Transport Layer Security protocol version 1.3 or a successor version to prepare for the transition to post-quantum cryptography.,"shall each issue requirements for agencies to support, as soon as practicable, but not later than January 2, 2030, Transport Layer Security protocol version 1.3 or a successor version.",Sec. 2(d)(ii),https://www.whitehouse.gov/presidential-actions/2025/06/sustaining-select-efforts-to-strengthen-the-nations-cybersecurity-and-amending-executive-order-13694-and-executive-order-14144/,high,mlx-community/Qwen3.8-27B-8bit,2026-09-11,active,,
EO-14306,Executive Order 14306 — Sustaining Select Cybersecurity Efforts (PQC Provisions),Compliance Frameworks,Government & Policy,governance,2,all,Establish a pilot program for a rules-as-code approach to create machine-readable versions of cybersecurity policy and guidance.,"shall establish a pilot program of a rules-as-code approach for machine-readable versions of policy and guidance that OMB, NIST, and CISA publish and manage regarding cybersecurity.",Sec. 2(f)(b),https://www.whitehouse.gov/presidential-actions/2025/06/sustaining-select-efforts-to-strengthen-the-nations-cybersecurity-and-amending-executive-order-13694-and-executive-order-14144/,high,mlx-community/Qwen3.8-27B-8bit,2026-09-11,active,,
EO-14306,Executive Order 14306 — Sustaining Select Cybersecurity Efforts (PQC Provisions),Compliance Frameworks,Government & Policy,governance,2,software,"Incorporate management of AI software vulnerabilities and compromises into existing vulnerability management processes, including incident tracking and response.","shall incorporate management of AI software vulnerabilities and compromises into their respective agencies’ existing processes and interagency coordination mechanisms for vulnerability management, including through incident tracking, response, and reporting",Sec. 2(e)(b),https://www.whitehouse.gov/presidential-actions/2025/06/sustaining-select-efforts-to-strengthen-the-nations-cybersecurity-and-amending-executive-order-13694-and-executive-order-14144/,high,mlx-community/Qwen3.8-27B-8bit,2026-09-11,active,,
EUDI-Wallet-ARF,EUDI Wallet ARF v3.0.0,Compliance Frameworks,International Frameworks,governance,3,keys,Ensure Wallet Secure Cryptographic Devices (WSCD) are assessed against assurance level high requirements as a prerequisite for certification under national schemes.,"As a prerequisite to the certification under national certification schemes, the WSCD shall be assessed against the requirements of assurance level high as set out in Implementing Regulation (EU) 2015/1502",Section 4.3.2 Components of a Wallet Unit,https://raw.githubusercontent.com/eu-digital-identity-wallet/eudi-doc-architecture-and-reference-framework/v2.9.0/docs/architecture-and-reference-framework-main.md,high,mlx-community/Qwen3.8-27B-8bit,2026-09-11,active,,
EUDI-Wallet-ARF,EUDI Wallet ARF v3.0.0,Compliance Frameworks,International Frameworks,governance,2,keys,"Manage PID private keys exclusively on Level of Assurance High using WSCA/WSCD, prohibiting their use in standard keystores.","A keystore cannot be used for PID private keys, since these must be managed on Level of Assurance High, which can only be done using a WSCA/WSCD.",Section 4.3.2 Components of a Wallet Unit,https://raw.githubusercontent.com/eu-digital-identity-wallet/eudi-doc-architecture-and-reference-framework/v2.9.0/docs/architecture-and-reference-framework-main.md,high,mlx-community/Qwen3.8-27B-8bit,2026-09-11,active,,
EUDI-Wallet-ARF,EUDI Wallet ARF v3.0.0,Compliance Frameworks,International Frameworks,lifecycle,3,certificates,"Implement state transitions for PIDs and attestations to handle expiration and revocation, ensuring they cannot transition back to Valid once expired or revoked.","There are two possible transitions for a valid PID or attestation: it expires by passing through the validity end date and transitions to the Expired state, or it is revoked by its PID Provider or Attestation Provider, ending up in the Revoked state. Expiration and revocation are independent transitions. Once a PID or attestation is expired or revoked, it cannot transition back to Valid.",Section 4.6.6 PID or attestation,https://raw.githubusercontent.com/eu-digital-identity-wallet/eudi-doc-architecture-and-reference-framework/v2.9.0/docs/architecture-and-reference-framework-main.md,high,mlx-community/Qwen3.8-27B-8bit,2026-09-11,active,,
EUDI-Wallet-ARF,EUDI Wallet ARF v3.0.0,Compliance Frameworks,International Frameworks,governance,2,software,Support mandatory attestation formats (ISO/IEC 18013-5 and SD-JWT VC) in Wallet Units to ensure interoperability and compliance with ecosystem standards.,"Within the EUDI Wallet ecosystem, Wallet Units will support the first two formats above. Support for the third format is optional and meant for non-qualified EAAs only.",Section 5.4.1 Overview,https://raw.githubusercontent.com/eu-digital-identity-wallet/eudi-doc-architecture-and-reference-framework/v2.9.0/docs/architecture-and-reference-framework-main.md,high,mlx-community/Qwen3.8-27B-8bit,2026-09-11,active,,
EUDI-Wallet-ARF,EUDI Wallet ARF v3.0.0,Compliance Frameworks,International Frameworks,governance,2,software,Apply the HAIP profile for SD-JWT VCs to ensure interoperability between Wallet Units and Relying Parties by resolving specification options.,"Since [SD-JWT VC] contains a number of options, the use of the profile for SD-JWT VCs specified in [HAIP] is necessary to ensure interoperability between Wallet Units and Relying Parties.",Section 5.4.3 SD-JWT VC,https://raw.githubusercontent.com/eu-digital-identity-wallet/eudi-doc-architecture-and-reference-framework/v2.9.0/docs/architecture-and-reference-framework-main.md,high,mlx-community/Qwen3.8-27B-8bit,2026-09-11,active,,
EUDI-Wallet-ARF,EUDI Wallet ARF v3.0.0,Compliance Frameworks,International Frameworks,governance,2,keys,"Implement access control measures for remote WSCDs (HSMs) to ensure only legitimate Wallet Instances can access critical assets, evaluated during certification.","If a remote HSM is used as the WSCA/WSCD, the Wallet Provider takes appropriate measures to ensure that only the legitimate Wallet Instance can access the remote HSM and use the critical assets of the Wallet Unit... During the certification process, the security of the HSM access control solution will be evaluated.",Section 4.5.2 Remote WSCD,https://raw.githubusercontent.com/eu-digital-identity-wallet/eudi-doc-architecture-and-reference-framework/v2.9.0/docs/architecture-and-reference-framework-main.md,high,mlx-community/Qwen3.8-27B-8bit,2026-09-11,active,,
QCCPA-2022,Quantum Computing Cybersecurity Preparedness Act (H.R.7535),Compliance Frameworks,Government & Policy,inventory,2,all,Maintain an inventory of all information technology in use that is vulnerable to decryption by quantum computers.,Each executive agency must maintain an inventory of all information technology in use by the executive agency that is vulnerable to decryption by quantum computers.,Summary,https://www.congress.gov/bill/117th-congress/house-bill/7535,high,mlx-community/Qwen3.8-27B-8bit,2026-09-11,active,,
QCCPA-2022,Quantum Computing Cybersecurity Preparedness Act (H.R.7535),Compliance Frameworks,Government & Policy,governance,2,all,Develop a plan to migrate information technology to post-quantum cryptography following NIST standards issuance.,"After the National Institutes of Standards and Technology (NIST) has issued post-quantum cryptography standards, the OMB shall issue guidance requiring each executive agency to develop a plan to migrate information technology of the agency to post-quantum cryptography.",Summary,https://www.congress.gov/bill/117th-congress/house-bill/7535,high,mlx-community/Qwen3.8-27B-8bit,2026-09-11,active,,
EO-14144,Executive Order 14144 — Strengthening and Promoting Innovation in the Nation's Cybersecurity,Compliance Frameworks,Government & Policy,governance,3,software,Submit machine-readable secure software development attestations and high-level validation artifacts to CISA's RSAA repository.,contract language requiring software providers to submit to CISA through CISA's Repository for Software Attestation and Artifacts (RSAA): (A) machine-readable secure software development attestations; (B) high-level artifacts to validate those attestations,Sec. 2(b)(i),https://www.federalregister.gov/documents/2025/01/17/2025-01470/strengthening-and-promoting-innovation-in-the-nations-cybersecurity,high,mlx-community/Qwen3.8-27B-8bit,2026-09-11,active,,
EO-14144,Executive Order 14144 — Strengthening and Promoting Innovation in the Nation's Cybersecurity,Compliance Frameworks,Government & Policy,governance,3,software,Provide a list of Federal Civilian Executive Branch agency software customers as part of the attestation submission.,(C) a list of the providers' Federal Civilian Executive Branch (FCEB) agency software customers.,Sec. 2(b)(i)(C),https://www.federalregister.gov/documents/2025/01/17/2025-01470/strengthening-and-promoting-innovation-in-the-nations-cybersecurity,high,mlx-community/Qwen3.8-27B-8bit,2026-09-11,active,,
EO-14144,Executive Order 14144 — Strengthening and Promoting Innovation in the Nation's Cybersecurity,Compliance Frameworks,Government & Policy,governance,3,software,"Implement secure software development, security, and operations practices based on NIST SP 800-218 (SSDF) as guided by the NIST consortium.","develop guidance, informed by the consortium as appropriate, that demonstrates the implementation of secure software development, security, and operations practices based on NIST Special Publication 800-218 ( Secure Software Development Framework (SSDF)).",Sec. 2(c)(i),https://www.federalregister.gov/documents/2025/01/17/2025-01470/strengthening-and-promoting-innovation-in-the-nations-cybersecurity,high,mlx-community/Qwen3.8-27B-8bit,2026-09-11,active,,
EO-14144,Executive Order 14144 — Strengthening and Promoting Innovation in the Nation's Cybersecurity,Compliance Frameworks,Government & Policy,governance,3,all,Integrate cybersecurity supply chain risk management into enterprise-wide risk management activities per NIST SP 800-161 Revision 1.,"take steps to require, as the Director deems appropriate, that agencies comply with the guidance in NIST Special Publication 800-161 ( Cybersecurity Supply Chain Risk Management Practices for Systems and Organizations (SP 800-161 Revision 1)).",Sec. 2(d),https://www.federalregister.gov/documents/2025/01/17/2025-01470/strengthening-and-promoting-innovation-in-the-nations-cybersecurity,high,mlx-community/Qwen3.8-27B-8bit,2026-09-11,active,,
EO-14144,Executive Order 14144 — Strengthening and Promoting Innovation in the Nation's Cybersecurity,Compliance Frameworks,Government & Policy,governance,3,all,Provide annual updates to OMB regarding the completion of cybersecurity supply chain risk management implementation.,OMB shall require agencies to provide annual updates to OMB as they complete implementation.,Sec. 2(d),https://www.federalregister.gov/documents/2025/01/17/2025-01470/strengthening-and-promoting-innovation-in-the-nations-cybersecurity,high,mlx-community/Qwen3.8-27B-8bit,2026-09-11,active,,
EO-14144,Executive Order 14144 — Strengthening and Promoting Innovation in the Nation's Cybersecurity,Compliance Frameworks,Government & Policy,governance,3,software,Adopt security assessments and patching practices for open source software in accordance with joint CISA and OMB recommendations.,jointly issue recommendations to agencies on the use of security assessments and patching of open source software and best practices for contributing to open source software projects.,Sec. 2(e),https://www.federalregister.gov/documents/2025/01/17/2025-01470/strengthening-and-promoting-innovation-in-the-nations-cybersecurity,high,mlx-community/Qwen3.8-27B-8bit,2026-09-11,active,,
EO-14144,Executive Order 14144 — Strengthening and Promoting Innovation in the Nation's Cybersecurity,Compliance Frameworks,Government & Policy,governance,3,all,"Implement role-based access controls, least privilege, and separation of duties to govern CISA access to agency EDR solutions.","high-level technical and policy control requirements to govern CISA access to agency EDR solutions that conform with widely accepted cybersecurity principles, including role-based access controls, “least privilege,” and separation of duties",Sec. 3(c)(ii)(D),https://www.federalregister.gov/documents/2025/01/17/2025-01470/strengthening-and-promoting-innovation-in-the-nations-cybersecurity,high,mlx-community/Qwen3.8-27B-8bit,2026-09-11,active,,
EO-14144,Executive Order 14144 — Strengthening and Promoting Innovation in the Nation's Cybersecurity,Compliance Frameworks,Government & Policy,inventory,3,all,"Provide CISA with a list of systems, endpoints, and data sets requiring additional controls or non-disruption periods for threat hunting.","the heads of FCEB agencies shall provide to CISA a list of systems, endpoints, and data sets that require additional controls or periods of non-disruption to ensure that CISA's threat-hunting activities do not disrupt mission-critical operations",Sec. 3(c)(vi),https://www.federalregister.gov/documents/2025/01/17/2025-01470/strengthening-and-promoting-innovation-in-the-nations-cybersecurity,high,mlx-community/Qwen3.8-27B-8bit,2026-09-11,active,,
EO-14144,Executive Order 14144 — Strengthening and Promoting Innovation in the Nation's Cybersecurity,Compliance Frameworks,Government & Policy,lifecycle,3,software,Securely and reliably deploy patches and updates in accordance with updated NIST SP 800-53 guidance.,update NIST Special Publication 800-53 ( Security and Privacy Controls for Information Systems and Organizations ) to provide guidance on how to securely and reliably deploy patches and updates.,Sec. 2(c)(ii),https://www.federalregister.gov/documents/2025/01/17/2025-01470/strengthening-and-promoting-innovation-in-the-nations-cybersecurity,high,mlx-community/Qwen3.8-27B-8bit,2026-09-11,active,,
EO-14144,Executive Order 14144 — Strengthening and Promoting Innovation in the Nation's Cybersecurity,Compliance Frameworks,Government & Policy,lifecycle,3,software,Incorporate select practices for secure development and delivery of software from the updated NIST SSDF into OMB M-22-18 requirements.,the Director of OMB shall incorporate select practices for the secure development and delivery of software contained in NIST's updated SSDF into the requirements of OMB Memorandum M-22-18,Sec. 2(c)(iv),https://www.federalregister.gov/documents/2025/01/17/2025-01470/strengthening-and-promoting-innovation-in-the-nations-cybersecurity,high,mlx-community/Qwen3.8-27B-8bit,2026-09-11,active,,
EO-14144,Executive Order 14144 — Strengthening and Promoting Innovation in the Nation's Cybersecurity,Compliance Frameworks,Government & Policy,observability,3,all,Enroll endpoints using authorized EDR solutions in the CISA Persistent Access Capability program to enable timely threat hunting.,the heads of FCEB agencies shall enroll endpoints using an EDR solution covered by those controls in the CISA Persistent Access Capability program.,Sec. 3(c)(v),https://www.federalregister.gov/documents/2025/01/17/2025-01470/strengthening-and-promoting-innovation-in-the-nations-cybersecurity,high,mlx-community/Qwen3.8-27B-8bit,2026-09-11,active,,
EO-14144,Executive Order 14144 — Strengthening and Promoting Innovation in the Nation's Cybersecurity,Compliance Frameworks,Government & Policy,observability,3,all,Provide CISA with data of sufficient completeness and on required timelines to enable timely hunting and identification of novel cyber threats.,requirements for FCEB agencies to provide CISA with data of sufficient completeness and on the timeline required to enable CISA to achieve the objectives described in subsection (c)(i) of this section,Sec. 3(c)(ii)(A),https://www.federalregister.gov/documents/2025/01/17/2025-01470/strengthening-and-promoting-innovation-in-the-nations-cybersecurity,high,mlx-community/Qwen3.8-27B-8bit,2026-09-11,active,,
EO-14144,Executive Order 14144 — Strengthening and Promoting Innovation in the Nation's Cybersecurity,Compliance Frameworks,Government & Policy,assurance,3,software,Allow CISA to centrally verify the completeness of attestation forms and validate a sample of attestations using high-level artifacts.,CISA shall continuously validate a sample of the complete attestations using high-level artifacts in the RSAA.,Sec. 2(b)(iv),https://www.federalregister.gov/documents/2025/01/17/2025-01470/strengthening-and-promoting-innovation-in-the-nations-cybersecurity,high,mlx-community/Qwen3.8-27B-8bit,2026-09-11,active,,
EO-14144,Executive Order 14144 — Strengthening and Promoting Innovation in the Nation's Cybersecurity,Compliance Frameworks,Government & Policy,assurance,3,software,Respond to CISA notifications regarding incomplete attestations or insufficient artifacts and allow for public posting of validation results.,"the Director of CISA shall notify the software provider and the contracting agency... the Director of CISA shall inform the National Cyber Director, who shall publicly post the results",Sec. 2(b)(v)-(vi),https://www.federalregister.gov/documents/2025/01/17/2025-01470/strengthening-and-promoting-innovation-in-the-nations-cybersecurity,high,mlx-community/Qwen3.8-27B-8bit,2026-09-11,active,,
draft-ietf-uta-pqc-app-01,Post-Quantum Cryptography Recommendations for TLS-based Applications,Technical Standards,Migration Guidance,lifecycle,3,software,"Transition vulnerable TLS applications to TLS 1.3 and adopt hybrid or pure post-quantum key exchange strategies to mitigate Harvest Now, Decrypt Later risks.","Applications utilizing (D)TLS that are vulnerable to ""Harvest Now, Decrypt Later"" attacks MUST transition to (D)TLS 1.3 and adopt one of the following strategies: * Hybrid Key Exchange... * Pure Post-Quantum Key Exchange",Section 4,https://datatracker.ietf.org/doc/draft-ietf-uta-pqc-app/01/,high,mlx-community/Qwen3.8-27B-8bit,2026-09-11,active,,
draft-ietf-uta-pqc-app-01,Post-Quantum Cryptography Recommendations for TLS-based Applications,Technical Standards,Migration Guidance,lifecycle,3,libraries,Upgrade TLS libraries to versions supporting TLS 1.3 and PQC key exchange extensions as a necessary first step in the migration process.,"Upgrading to a library version that supports TLS 1.3 and PQC key exchange extensions is a necessary first step, but it may not be sufficient, as it is not known whether PQC groups are enabled by default across different implementations.",Section 4,https://datatracker.ietf.org/doc/draft-ietf-uta-pqc-app/01/,high,mlx-community/Qwen3.8-27B-8bit,2026-09-11,active,,
draft-ietf-uta-pqc-app-01,Post-Quantum Cryptography Recommendations for TLS-based Applications,Technical Standards,Migration Guidance,lifecycle,3,software,Update explicit protocol version and cipher suite configurations to ensure hybrid or pure PQC key exchange groups are enabled.,Applications that configure protocol versions or cipher suites explicitly MUST update these settings to ensure that hybrid or pure PQC key exchange groups are enabled.,Section 4,https://datatracker.ietf.org/doc/draft-ietf-uta-pqc-app/01/,high,mlx-community/Qwen3.8-27B-8bit,2026-09-11,active,,
draft-ietf-uta-pqc-app-01,Post-Quantum Cryptography Recommendations for TLS-based Applications,Technical Standards,Migration Guidance,observability,2,software,Review library documentation or perform interoperability testing to confirm that PQC groups are negotiated as intended when relying on library defaults.,Applications that rely on library defaults SHOULD review the library documentation or perform interoperability testing to confirm that PQC groups are negotiated as intended.,Section 4,https://datatracker.ietf.org/doc/draft-ietf-uta-pqc-app/01/,medium,mlx-community/Qwen3.8-27B-8bit,2026-09-11,active,,
draft-ietf-uta-pqc-app-01,Post-Quantum Cryptography Recommendations for TLS-based Applications,Technical Standards,Migration Guidance,lifecycle,2,all,"Prioritize hybrid key exchange over pure PQC to provide defense-in-depth during the transitional period, unless regulatory mandates require exclusive PQC use.","Hybrid Key Exchange is generally preferred over pure PQC key exchange because it provides defense-in-depth by combining the strengths of both classical and PQC algorithms. This ensures continued security, even if one algorithm is compromised during the transitional period.",Section 4,https://datatracker.ietf.org/doc/draft-ietf-uta-pqc-app/01/,medium,mlx-community/Qwen3.8-27B-8bit,2026-09-11,active,,
draft-ietf-uta-pqc-app-01,Post-Quantum Cryptography Recommendations for TLS-based Applications,Technical Standards,Migration Guidance,governance,2,all,Assess data sensitivity and security lifetime to determine the urgency of adopting quantum-resistant measures for confidentiality versus authentication.,"The window of vulnerability—the effective security lifetime of the encrypted data—can range from seconds to decades, depending on the sensitivity of the data and how long it remains valuable. This highlights the immediate need to adopt quantum-resistant cryptographic measures to ensure long-term confidentiality.",Section 3,https://datatracker.ietf.org/doc/draft-ietf-uta-pqc-app/01/,medium,mlx-community/Qwen3.8-27B-8bit,2026-09-11,active,,
draft-kwiatkowski-pquip-pqc-migration-00,Guidance for migration to Post-Quantum Cryptography,Technical Standards,Migration Guidance,inventory,2,all,Build a comprehensive inventory of cryptographic use and associated assets to understand PQC relevancy and budget for discovery initiatives.,"A key aspect of PQC migration involves identifying and budgeting for discovery initiatives, which aim to understand the organization's cryptographic assets and their PQC relevancy. This includes building a comprehensive inventory of cryptographic use and associated assets.",Section 5. Infrastructure costs,https://www.ietf.org/archive/id/draft-kwiatkowski-pquip-pqc-migration-00.html,medium,mlx-community/Qwen3.8-27B-8bit,2026-09-11,active,,
draft-kwiatkowski-pquip-pqc-migration-00,Guidance for migration to Post-Quantum Cryptography,Technical Standards,Migration Guidance,governance,2,all,"Define PQC migration objectives starting with an assessment of risk tolerance to shape the choice of algorithms, protocols, and implementation paths.","To guide this process, organizations should clearly define their PQC migration objectives, starting with an assessment of their risk tolerance - how much risk they are willing to accept in safeguarding data and assets. This assessment will shape the choice of PQC algorithms, protocols, and implementation paths.",Section 2. Awareness,https://www.ietf.org/archive/id/draft-kwiatkowski-pquip-pqc-migration-00.html,medium,mlx-community/Qwen3.8-27B-8bit,2026-09-11,active,,
draft-kwiatkowski-pquip-pqc-migration-00,Guidance for migration to Post-Quantum Cryptography,Technical Standards,Migration Guidance,governance,2,all,"Evaluate whether to begin migration immediately or adopt a phased timeline based on data shelf-life, migration duration, and projected quantum threat timelines.","Before embarking on the transition to post-quantum cryptography (PQC), organizations must first evaluate whether to begin the migration immediately or adopt a phased timeline. This decision depends on factors such as the duration required for migration, the expected shelf-life of sensitive data, and the projected timeline for quantum threats.",Section 2. Awareness,https://www.ietf.org/archive/id/draft-kwiatkowski-pquip-pqc-migration-00.html,high,mlx-community/Qwen3.8-27B-8bit,2026-09-11,active,,
draft-kwiatkowski-pquip-pqc-migration-00,Guidance for migration to Post-Quantum Cryptography,Technical Standards,Migration Guidance,lifecycle,3,keys,Prioritize cryptographic agility by embedding algorithm identifiers in keys and supporting efficient key rollover rather than relying solely on hybrid schemes.,"Instead of relying solely on hybrids, protocols should prioritize cryptographic agility-embedding algorithm identifiers in keys and supporting efficient key rollover. While signature migration should be planned proactively, broad deployment of PQC signature schemes can be aligned with infrastructure readiness and the availability of well-vetted, efficient standards.",Section 4.1. PQ/T hybrid digital signatures,https://www.ietf.org/archive/id/draft-kwiatkowski-pquip-pqc-migration-00.html,medium,mlx-community/Qwen3.8-27B-8bit,2026-09-11,active,,
draft-kwiatkowski-pquip-pqc-migration-00,Guidance for migration to Post-Quantum Cryptography,Technical Standards,Migration Guidance,lifecycle,3,keys,Avoid reusing keypairs across PQ/T hybrid and traditional signature modes to prevent downgrade attacks during the transition period.,Key reuse across modes: Using the same keypair for PQ/T hybrid and traditional signatures risks downgrade attacks.,Section 7. Migration Pitfalls,https://www.ietf.org/archive/id/draft-kwiatkowski-pquip-pqc-migration-00.html,high,mlx-community/Qwen3.8-27B-8bit,2026-09-11,active,,
draft-kwiatkowski-pquip-pqc-migration-00,Guidance for migration to Post-Quantum Cryptography,Technical Standards,Migration Guidance,lifecycle,3,software,Avoid dynamic algorithm negotiation at runtime to prevent downgrade or confusion attacks; algorithm identifiers must be part of the public key structure.,"Dynamic algorithm negotiation: Negotiating algorithm types at runtime (e.g., in TLS) can allow downgrade or confusion attacks. Algorithm identifiers should be part of the public key structure.",Section 7. Migration Pitfalls,https://www.ietf.org/archive/id/draft-kwiatkowski-pquip-pqc-migration-00.html,high,mlx-community/Qwen3.8-27B-8bit,2026-09-11,active,,
draft-kwiatkowski-pquip-pqc-migration-00,Guidance for migration to Post-Quantum Cryptography,Technical Standards,Migration Guidance,assurance,2,libraries,"Align migration strategies with FIPS and CMVP guidance, anticipating the certification process for post-quantum algorithms to ensure regulatory compatibility.","Protocol designers are encouraged to prioritize solutions that conform to established, widely trusted standards such as FIPS. This helps ensure compatibility with regulatory requirements and facilitates future certification. Migration strategies should align with guidance such as CMVP, and anticipate the certification process for post-quantum algorithms.",Section 6. Standards Compliance,https://www.ietf.org/archive/id/draft-kwiatkowski-pquip-pqc-migration-00.html,medium,mlx-community/Qwen3.8-27B-8bit,2026-09-11,active,,
draft-kwiatkowski-pquip-pqc-migration-00,Guidance for migration to Post-Quantum Cryptography,Technical Standards,Migration Guidance,assurance,2,libraries,Utilize already-certified traditional implementations alongside post-quantum algorithms during the transitional period to satisfy requirements for approved component schemes.,"Since the certification process is typically lengthy, using already-certified traditional implementations alongside post-quantum algorithms still undergoing certification is a practical approach for deployments that require approved component schemes.",Section 6. Standards Compliance,https://www.ietf.org/archive/id/draft-kwiatkowski-pquip-pqc-migration-00.html,medium,mlx-community/Qwen3.8-27B-8bit,2026-09-11,active,,
draft-kwiatkowski-pquip-pqc-migration-00,Guidance for migration to Post-Quantum Cryptography,Technical Standards,Migration Guidance,observability,2,all,"Implement continuous monitoring and evaluation to track migration progress and adapt to evolving quantum capabilities, requiring ongoing resource commitment.","Continuous monitoring and evaluation are also necessary to track migration progress and adapt to evolving quantum capabilities, requiring ongoing resource commitment and increasing hardware cost.",Section 5. Infrastructure costs,https://www.ietf.org/archive/id/draft-kwiatkowski-pquip-pqc-migration-00.html,medium,mlx-community/Qwen3.8-27B-8bit,2026-09-11,active,,
EU PQC Recommendation,Recommendation on Coordinated Implementation Roadmap for PQC Transition,Technical Standards,Migration Guidance,governance,2,all,"Develop a comprehensive national strategy for PQC adoption defining clear goals, milestones, and timelines to ensure a coordinated transition.","This Commission Recommendation encourages Member States to develop a comprehensive strategy for the adoption of Post-Quantum Cryptography, to ensure a coordinated and synchronized transition among the different Member States and their public sectors. The strategy should define clear goals, milestones, and timelines",Recital (6),https://ec.europa.eu/newsroom/dae/redirection/document/104249,medium,mlx-community/Qwen3.8-27B-8bit,2026-09-11,active,,
EU PQC Recommendation,Recommendation on Coordinated Implementation Roadmap for PQC Transition,Technical Standards,Migration Guidance,governance,2,all,Establish a dedicated sub-group of the NIS Cooperation Group to coordinate PQC transition efforts and develop the Coordinated Implementation Roadmap.,The Commission recommends that Member States take advantage of existing structures at Union level in the area of cybersecurity and establish a sub-group of the NIS Cooperation Group. Such sub-group could include representatives of national security agencies and cybersecurity experts,"Section 2, Paragraph (4)",https://ec.europa.eu/newsroom/dae/redirection/document/104249,medium,mlx-community/Qwen3.8-27B-8bit,2026-09-11,active,,
EU PQC Recommendation,Recommendation on Coordinated Implementation Roadmap for PQC Transition,Technical Standards,Migration Guidance,governance,2,all,Align national transition plans with the common Post-Quantum Cryptography Coordinated Implementation Roadmap once agreed by Member States.,"Once agreed by the Member States, the Post-Quantum Cryptography Coordinated Implementation Roadmap should serve as blueprint for the definition of the national transition plans towards Post Quantum Cryptography, or, where national plans exist, their alignment with the common Post-Quantum Cryptography Coordinated Implementation Roadmap.",Recital (10),https://ec.europa.eu/newsroom/dae/redirection/document/104249,medium,mlx-community/Qwen3.8-27B-8bit,2026-09-11,active,,
EU PQC Recommendation,Recommendation on Coordinated Implementation Roadmap for PQC Transition,Technical Standards,Migration Guidance,lifecycle,2,all,Deploy PQC technologies into existing public administration systems and critical infrastructures via hybrid schemes combining PQC with existing cryptographic approaches.,This should lead to the deployment across the Union of Post-Quantum Cryptography technologies into existing public administration systems and critical infrastructures via hybrid schemes that may combine Post-Quantum Cryptography with existing cryptographic approaches or with Quantum Key Distribution.,Recital (6),https://ec.europa.eu/newsroom/dae/redirection/document/104249,medium,mlx-community/Qwen3.8-27B-8bit,2026-09-11,active,,
EU PQC Recommendation,Recommendation on Coordinated Implementation Roadmap for PQC Transition,Technical Standards,Migration Guidance,lifecycle,2,all,Migrate current digital infrastructures and services for public administrations and critical infrastructures to PQC as soon as possible.,"Member States should consider migrating their current digital infrastructures and services for public administrations and other critical infrastructures to Post-Quantum Cryptography as soon as possible, inducing a fundamental shift in cryptographic algorithms, protocols and systems.",Recital (5),https://ec.europa.eu/newsroom/dae/redirection/document/104249,medium,mlx-community/Qwen3.8-27B-8bit,2026-09-11,active,,
EU PQC Recommendation,Recommendation on Coordinated Implementation Roadmap for PQC Transition,Technical Standards,Migration Guidance,lifecycle,2,all,Ensure the Post-Quantum Cryptography Coordinated Implementation Roadmap is available within two years of the Recommendation's publication.,"The Post-Quantum Cryptography Coordinated Implementation Roadmap should be available after a period of two years following the publication of this Recommendation, which will be followed by the development and further adaptation of Post-Quantum Cryptography transition plans of individual Member States","Section 2, Paragraph (7)",https://ec.europa.eu/newsroom/dae/redirection/document/104249,medium,mlx-community/Qwen3.8-27B-8bit,2026-09-11,active,,
EU PQC Recommendation,Recommendation on Coordinated Implementation Roadmap for PQC Transition,Technical Standards,Migration Guidance,assurance,2,all,Submit relevant information to the Commission upon request to enable monitoring of progress and assessment of the Recommendation's effects.,"Member States are therefore encouraged to submit to the Commission, upon its request, all relevant information, which they can reasonably be expected to provide, to ensure such monitoring. On the basis of the information thus obtained and all other available information, the Commission will assess the effects of this Recommendation",Recital (11),https://ec.europa.eu/newsroom/dae/redirection/document/104249,medium,mlx-community/Qwen3.8-27B-8bit,2026-09-11,active,,
EU PQC Recommendation,Recommendation on Coordinated Implementation Roadmap for PQC Transition,Technical Standards,Migration Guidance,assurance,2,all,Cooperate with the Commission to assess the effects of the Recommendation within three years of its publication to determine appropriate ways forward.,"Member States should cooperate with the Commission to assess the effects of this Recommendation maximum three years after its publication, with a view to determine appropriate ways forward. This assessment should take into account the outcome of the work by the sub-group on Post-Quantum Cryptography of national experts.","Section 4, Paragraph (11)",https://ec.europa.eu/newsroom/dae/redirection/document/104249,medium,mlx-community/Qwen3.8-27B-8bit,2026-09-11,active,,
BIP-32,BIP-32: Hierarchical Deterministic Wallets,Technical Standards,Industry & Research,lifecycle,3,keys,Verify that the X coordinate in imported extended public key data corresponds to a point on the curve; reject the key if invalid.,"When importing a serialized extended public key, implementations must verify whether the X coordinate in the public key data corresponds to a point on the curve. If not, the extended public key is invalid.",Serialization format,https://raw.githubusercontent.com/bitcoin/bips/master/bip-0032.mediawiki,high,mlx-community/Qwen3.8-27B-8bit,2026-09-11,active,,
BIP-32,BIP-32: Hierarchical Deterministic Wallets,Technical Standards,Industry & Research,lifecycle,3,keys,"Generate master keys from a seed byte sequence of 128 to 512 bits (256 bits advised) using a (P)RNG, rather than generating keys directly.","Therefore, master keys are not generated directly, but instead from a potentially short seed value. * Generate a seed byte sequence S of a chosen length (between 128 and 512 bits; 256 bits is advised) from a (P)RNG.",Master key generation,https://raw.githubusercontent.com/bitcoin/bips/master/bip-0032.mediawiki,medium,mlx-community/Qwen3.8-27B-8bit,2026-09-11,active,,
BIP-32,BIP-32: Hierarchical Deterministic Wallets,Technical Standards,Industry & Research,lifecycle,3,keys,Use hardened derivation for account-level keys to ensure that leakage of account-specific private keys does not compromise the master key or other accounts.,"It is also the reason for the existence of hardened keys, and why they are used for the account level in the tree. This way, a leak of account-specific (or below) private keys never risks compromising the master or other accounts.",Security > Implications,https://raw.githubusercontent.com/bitcoin/bips/master/bip-0032.mediawiki,medium,mlx-community/Qwen3.8-27B-8bit,2026-09-11,active,,
CC-2022-PART3,Common Criteria 2022 Part 3 — Security Assurance Components (R1),Certification Schemes,Standard,governance,2,all,"Define and document the conformance claim for the security target, specifying whether it is CC Part 2 conformant or extended, and CC Part 3 conformant or extended.",The conformance claim shall describe the conformance of the PP to CC Part 2 as either CC Part 2 conformant or CC Part 2 extended. APE_CCL.1.3C The conformance claim shall describe the conformance of the PP as either “CC Part 3 conformant” or “CC Part 3 extended”.,"Section 7.3.2 APE_CCL.1, Page 30",https://www.commoncriteriaportal.org/files/ccfiles/CC2022PART3R1.pdf,high,mlx-community/Qwen3.8-27B-8bit,2026-09-11,active,,
CC-2022-PART3,Common Criteria 2022 Part 3 — Security Assurance Components (R1),Certification Schemes,Standard,governance,2,all,Provide a rationale for the conformance claim to justify the selected conformance type and scope.,APE_CCL.1.2D The developer shall provide a conformance claim rationale.,"Section 7.3.2 APE_CCL.1, Page 30",https://www.commoncriteriaportal.org/files/ccfiles/CC2022PART3R1.pdf,high,mlx-community/Qwen3.8-27B-8bit,2026-09-11,active,,
CC-2022-PART3,Common Criteria 2022 Part 3 — Security Assurance Components (R1),Certification Schemes,Standard,assurance,3,all,Ensure the conformance claim is consistent with the extended components definition to maintain evaluation integrity.,APE_CCL.1.4C The conformance claim shall be consistent with the extended components definition.,"Section 7.3.2 APE_CCL.1, Page 30",https://www.commoncriteriaportal.org/files/ccfiles/CC2022PART3R1.pdf,high,mlx-community/Qwen3.8-27B-8bit,2026-09-11,active,,
CC-2022-PART3,Common Criteria 2022 Part 3 — Security Assurance Components (R1),Certification Schemes,Standard,inventory,2,all,Identify all Protection Profiles and packages to which the security target claims conformance to establish a complete inventory of dependencies.,APE_CCL.1.5C The conformance claim shall identify all PPs and packages to which the PP claims conformance.,"Section 7.3.2 APE_CCL.1, Page 30",https://www.commoncriteriaportal.org/files/ccfiles/CC2022PART3R1.pdf,high,mlx-community/Qwen3.8-27B-8bit,2026-09-11,active,,
CC-2022-PART3,Common Criteria 2022 Part 3 — Security Assurance Components (R1),Certification Schemes,Standard,governance,2,all,"Specify the conformance type (exact, strict, or demonstrable) required for any Security Target to the PP-Module within a PP-Configuration.","ACE_CCL.1.3C The conformance statement shall describe the conformance type required of any ST to the PP-Module (as part of a PP-Configuration) as one of exact, strict, or demonstrable.","Section 8.3.2 ACE_CCL.1, Page 40",https://www.commoncriteriaportal.org/files/ccfiles/CC2022PART3R1.pdf,high,mlx-community/Qwen3.8-27B-8bit,2026-09-11,active,,
CC-2022-PART3,Common Criteria 2022 Part 3 — Security Assurance Components (R1),Certification Schemes,Standard,inventory,2,all,"Identify all functional and assurance packages to which the PP-Module claims conformance, detailing if they are conformant, augmented, or tailored.","ACE_CCL.1.6C The conformance claim shall identify all functional packages to which the PP-Module claims conformance. ACE_CCL.1.7C The conformance claim shall describe any conformance of the PP-Module to a functional package as either package-conformant, package-augmented or package-tailored.","Section 8.3.2 ACE_CCL.1, Page 40",https://www.commoncriteriaportal.org/files/ccfiles/CC2022PART3R1.pdf,high,mlx-community/Qwen3.8-27B-8bit,2026-09-11,active,,
CC-2022-PART3,Common Criteria 2022 Part 3 — Security Assurance Components (R1),Certification Schemes,Standard,assurance,3,all,"Provide a description of the security architecture of the TSF to allow analysis of domain separation, self-protection, and non-bypassability.","The objective of this family is for the developer to provide a description of the security architecture of the TSF. This will allow analysis of the information that, when coupled with the other evidence presented for the TSF, will confirm the TSF achieves the desired properties.","Section 10.2.1 Objectives, Page 69",https://www.commoncriteriaportal.org/files/ccfiles/CC2022PART3R1.pdf,high,mlx-community/Qwen3.8-27B-8bit,2026-09-11,active,,
CC-2022-PART3,Common Criteria 2022 Part 3 — Security Assurance Components (R1),Certification Schemes,Standard,assurance,3,software,"Design and implement specific subsets of the TSF with well-structured internals, providing justification for the characteristics used to judge structure.",ADV_INT.1.1D The developer shall design and implement [assignment: subset of the TSF] such that it has well-structured internals. ADV_INT.1.2D The developer shall provide an internals description and justification.,"Section 10.5.4 ADV_INT.1, Page 83",https://www.commoncriteriaportal.org/files/ccfiles/CC2022PART3R1.pdf,high,mlx-community/Qwen3.8-27B-8bit,2026-09-11,active,,
CC-2022-CEM,Common Evaluation Methodology (CEM) 2022 R1,Certification Schemes,Standard,governance,2,all,"Define and document the roles and responsibilities of the sponsor, developer, evaluator, and evaluation authority within the certification scheme.",9.1.2 Responsibilities of the roles,"Section 9.1.2, Table of Contents",https://www.commoncriteriaportal.org/files/ccfiles/CEM2022R1.pdf,medium,mlx-community/Qwen3.8-27B-8bit,2026-09-11,active,,
CC-2022-CEM,Common Evaluation Methodology (CEM) 2022 R1,Certification Schemes,Standard,assurance,3,all,Verify that the conformance claim explicitly identifies the specific edition of the Common Criteria standard to which the product claims conformance.,The evaluator shall check that the conformance claim identifies the edition of the CC to which the PP claims conformance. The evaluator determines that the CC conformance claim identifies the edition of the CC that was used to develop this PP.,"Section 10.4.1.3.2, Work unit APE_CCL.1-1",https://www.commoncriteriaportal.org/files/ccfiles/CEM2022R1.pdf,high,mlx-community/Qwen3.8-27B-8bit,2026-09-11,active,,
CC-2022-CEM,Common Evaluation Methodology (CEM) 2022 R1,Certification Schemes,Standard,assurance,3,all,Validate that the conformance claim states whether the product is 'CC Part 2 conformant' or 'CC Part 2 extended' and 'CC Part 3 conformant' or 'CC Part 3 extended'.,The evaluator shall check that the CC conformance claim states a claim of either CC Part 2 conformant or CC Part 2 extended for the PP. ... The evaluator shall check that the CC conformance claim states a claim of either CC Part 3 conformant or CC Part 3 extended for the PP.,"Section 10.4.1.3.3-10.4.1.3.4, Work units APE_CCL.1-2 to APE_CCL.1-3",https://www.commoncriteriaportal.org/files/ccfiles/CEM2022R1.pdf,high,mlx-community/Qwen3.8-27B-8bit,2026-09-11,active,,
CC-2022-CEM,Common Evaluation Methodology (CEM) 2022 R1,Certification Schemes,Standard,assurance,3,all,Examine the conformance claim to ensure it is consistent with the definition of any extended functional or assurance components.,The evaluator shall examine the CC conformance claim for CC Part 2 to determine that it is consistent with the extended components definition.,"Section 10.4.1.3.5, Work unit APE_CCL.1-4",https://www.commoncriteriaportal.org/files/ccfiles/CEM2022R1.pdf,high,mlx-community/Qwen3.8-27B-8bit,2026-09-11,active,,
CC-2022-CEM,Common Evaluation Methodology (CEM) 2022 R1,Certification Schemes,Standard,assurance,3,all,Check that the conformance claim identifies all functional packages to which the product claims conformance and verify the completeness of each package definition.,"The evaluator shall check, for each identified functional package, that the package definition is complete.","Section 11.3.1.3.6, Work unit ACE_CCL.1-6",https://www.commoncriteriaportal.org/files/ccfiles/CEM2022R1.pdf,high,mlx-community/Qwen3.8-27B-8bit,2026-09-11,active,,
CC-2022-CEM,Common Evaluation Methodology (CEM) 2022 R1,Certification Schemes,Standard,assurance,3,all,Verify that the conformance claim for a PP-Configuration identifies the specific CC edition(s) to which the configuration and its components claim conformance.,The evaluator shall check that the conformance claim identifies the CC edition(s) to which the PP-Configuration and its components claim conformance.,"Section 11.9.1.3.11, Work unit ACE_CCO.1-10",https://www.commoncriteriaportal.org/files/ccfiles/CEM2022R1.pdf,high,mlx-community/Qwen3.8-27B-8bit,2026-09-11,active,,
CC-2022-CEM,Common Evaluation Methodology (CEM) 2022 R1,Certification Schemes,Standard,assurance,3,all,Examine the PP-Configuration conformance claim to determine compatibility between all CC versions related to the configuration and its constituent components.,The evaluator shall examine the PP-Configuration conformance claim to determine the compatibility between all CC versions that are related to the PP-Configuration and its components. CC versions used in a PP-Configuration and its components have to be compatible.,"Section 11.9.1.3.14, Work unit ACE_CCO.1-13",https://www.commoncriteriaportal.org/files/ccfiles/CEM2022R1.pdf,high,mlx-community/Qwen3.8-27B-8bit,2026-09-11,active,,
CC-2022-CEM,Common Evaluation Methodology (CEM) 2022 R1,Certification Schemes,Standard,observability,3,all,"Report a complete list of all Observation Reports (ORs) raised during the evaluation, including unique identifiers, titles, and current status.","The evaluator shall report a complete list that uniquely identifies the ORs raised during the evaluation and their status. For each OR, the list should contain its identifier as well as its title or a brief summary of its content.","Section 9.4.5.4.9, Observation reports",https://www.commoncriteriaportal.org/files/ccfiles/CEM2022R1.pdf,high,mlx-community/Qwen3.8-27B-8bit,2026-09-11,active,,
CC-2022-CEM,Common Evaluation Methodology (CEM) 2022 R1,Certification Schemes,Standard,observability,3,all,"Document the issuing body, title, and unique reference (e.g., issue date and version number) for every item of evaluation evidence submitted.","The evaluator shall report for each item of evaluation evidence the following information: a) the issuing body (e.g. the developer, the sponsor); b) the title; c) the unique reference (e.g. issue date and version number).","Section 9.4.5.4.7, List of evaluation evidence",https://www.commoncriteriaportal.org/files/ccfiles/CEM2022R1.pdf,high,mlx-community/Qwen3.8-27B-8bit,2026-09-11,active,,
CC-2022-CEM,Common Evaluation Methodology (CEM) 2022 R1,Certification Schemes,Standard,lifecycle,3,all,"Identify and document all non-TOE hardware, software, and firmware available to the TOE to ensure the operational environment is fully specified for re-evaluation or deployment.","The evaluator shall examine the TOE overview to determine that it identifies any non-TOE hardware/software/firmware available to the TOE. ... This identification should be detailed enough for potential consumers and TOE developers to determine whether their TOE may operate with the listed hardware, software and firmware.","Section 11.9.1.3.10, Work unit ACE_CCO.1-9",https://www.commoncriteriaportal.org/files/ccfiles/CEM2022R1.pdf,high,mlx-community/Qwen3.8-27B-8bit,2026-09-11,active,,
EU-NIS-CG-Roadmap-v1.1,EU NIS Cooperation Group — Coordinated Implementation Roadmap for PQC Transition v1.1,Compliance Frameworks,International Frameworks,governance,2,all,"Establish a national PQC transition strategy and roadmap by the end of 2026, including a defined timeline and implementation plan.",it is recommended that all Member States initiate a national PQC transition strategy following First Steps by the end of 2026... Develop a timeline and an implementation plan.,Section 1 Executive Summary; Section 4.2 Milestone 1,https://ec.europa.eu/newsroom/dae/redirection/document/117507,high,mlx-community/Qwen3.8-27B-8bit,2026-09-11,active,,
EU-NIS-CG-Roadmap-v1.1,EU NIS Cooperation Group — Coordinated Implementation Roadmap for PQC Transition v1.1,Compliance Frameworks,International Frameworks,governance,2,all,Integrate the quantum threat into the risk management processes of all relevant entities.,It is recommended to ensure that the quantum threat becomes a part of risk management of all relevant enti- ties,Section 1 Executive Summary,https://ec.europa.eu/newsroom/dae/redirection/document/117507,medium,mlx-community/Qwen3.8-27B-8bit,2026-09-11,active,,
EU-NIS-CG-Roadmap-v1.1,EU NIS Cooperation Group — Coordinated Implementation Roadmap for PQC Transition v1.1,Compliance Frameworks,International Frameworks,inventory,2,all,Establish mature cryptographic asset management to facilitate the transition to PQC and improve cryptographic agility.,establish mature cryptographic asset management to facilitate the transition to PQC and to improve cryptographic agility in general,Section 1 Executive Summary,https://ec.europa.eu/newsroom/dae/redirection/document/117507,medium,mlx-community/Qwen3.8-27B-8bit,2026-09-11,active,,
EU-NIS-CG-Roadmap-v1.1,EU NIS Cooperation Group — Coordinated Implementation Roadmap for PQC Transition v1.1,Compliance Frameworks,International Frameworks,inventory,2,all,Create dependency maps of cryptographic assets as part of the initial steps for the PQC transition.,First Steps: ... Create dependency maps.,Section 4.2 Milestone 1,https://ec.europa.eu/newsroom/dae/redirection/document/117507,high,mlx-community/Qwen3.8-27B-8bit,2026-09-11,active,,
EU-NIS-CG-Roadmap-v1.1,EU NIS Cooperation Group — Coordinated Implementation Roadmap for PQC Transition v1.1,Compliance Frameworks,International Frameworks,lifecycle,3,all,Complete the PQC transition for high-risk use cases by the end of 2030.,By 31.12.2030: ... The PQC transition for high-risk use cases has been completed.,Section 4.1 Overview,https://ec.europa.eu/newsroom/dae/redirection/document/117507,high,mlx-community/Qwen3.8-27B-8bit,2026-09-11,active,,
EU-NIS-CG-Roadmap-v1.1,EU NIS Cooperation Group — Coordinated Implementation Roadmap for PQC Transition v1.1,Compliance Frameworks,International Frameworks,lifecycle,3,all,Complete the PQC transition for medium-risk use cases by the end of 2035.,By 31.12.2035: ... The PQC transition for medium-risk use cases has been completed.,Section 4.1 Overview,https://ec.europa.eu/newsroom/dae/redirection/document/117507,high,mlx-community/Qwen3.8-27B-8bit,2026-09-11,active,,
EU-NIS-CG-Roadmap-v1.1,EU NIS Cooperation Group — Coordinated Implementation Roadmap for PQC Transition v1.1,Compliance Frameworks,International Frameworks,lifecycle,3,all,Prohibit the standalone use of quantum-vulnerable public-key mechanisms for high-risk use cases after the end of 2030.,"For high-risk use cases, quantum-vulnerable public-key mechanisms shall not be used stand-alone after the end of 2030",Section 4.1 Overview,https://ec.europa.eu/newsroom/dae/redirection/document/117507,high,mlx-community/Qwen3.8-27B-8bit,2026-09-11,active,,
EU-NIS-CG-Roadmap-v1.1,EU NIS Cooperation Group — Coordinated Implementation Roadmap for PQC Transition v1.1,Compliance Frameworks,International Frameworks,lifecycle,3,all,Prohibit the standalone use of quantum-vulnerable public-key mechanisms for medium-risk use cases after the end of 2035.,analogously after the end of 2035 for medium-risk use cases,Section 4.1 Overview,https://ec.europa.eu/newsroom/dae/redirection/document/117507,high,mlx-community/Qwen3.8-27B-8bit,2026-09-11,active,,
EU-NIS-CG-Roadmap-v1.1,EU NIS Cooperation Group — Coordinated Implementation Roadmap for PQC Transition v1.1,Compliance Frameworks,International Frameworks,lifecycle,3,software,Enable quantum-safe software and firmware upgrades by default by the end of 2030.,By 31.12.2030: ... Quantum-safe software and ﬁrmware upgrades are enabled by default.,Section 4.1 Overview,https://ec.europa.eu/newsroom/dae/redirection/document/117507,high,mlx-community/Qwen3.8-27B-8bit,2026-09-11,active,,
EU-NIS-CG-Roadmap-v1.1,EU NIS Cooperation Group — Coordinated Implementation Roadmap for PQC Transition v1.1,Compliance Frameworks,International Frameworks,lifecycle,3,all,Use standardized and tested hybrid cryptographic solutions whenever feasible and suitable during the migration.,"it is recommended to use standardised and tested hybrid solutions, whenever feasible and suitable.",Section 1 Executive Summary; Section 4.1 Overview,https://ec.europa.eu/newsroom/dae/redirection/document/117507,medium,mlx-community/Qwen3.8-27B-8bit,2026-09-11,active,,
EU-NIS-CG-Roadmap-v1.1,EU NIS Cooperation Group — Coordinated Implementation Roadmap for PQC Transition v1.1,Compliance Frameworks,International Frameworks,observability,2,all,Provide regular status updates to the NIS CG work stream on PQC to ensure harmonized implementation.,Member States should ensure the measures listed in First Steps are accomplished before the end of 2026 and are encouraged to provide regular status updates to the work stream on PQC,Section 4.2 The timeline in detail,https://ec.europa.eu/newsroom/dae/redirection/document/117507,medium,mlx-community/Qwen3.8-27B-8bit,2026-09-11,active,,
MICA-REG-2023-1114,Markets in Crypto-Assets Regulation (MiCA) — Regulation EU 2023/1114,Compliance Frameworks,Regulation,governance,2,keys,Establish a custody policy with internal rules and procedures to ensure the safekeeping or control of crypto-assets or the means of access to them.,"Crypto-asset service providers providing custody and administration of crypto-assets on behalf of clients shall establish a custody policy with internal rules and procedures to ensure the safekeeping or the control of such crypto- assets, or the means of access to the crypto-assets.","Article 75, paragraph 3",https://eur-lex.europa.eu/legal-content/EN/TXT/PDF/?uri=CELEX:32023R1114,high,mlx-community/Qwen3.8-27B-8bit,2026-09-11,active,,
MICA-REG-2023-1114,Markets in Crypto-Assets Regulation (MiCA) — Regulation EU 2023/1114,Compliance Frameworks,Regulation,governance,2,keys,Ensure internal procedures evidence that any movement affecting the registration of crypto-assets is evidenced by a transaction regularly registered in the client’s register of positions.,"In such cases, their internal procedures shall ensure that any movement affecting the registration of the crypto-assets is evidenced by a transaction regularly registered in the client’s register of positions.","Article 75, paragraph 2",https://eur-lex.europa.eu/legal-content/EN/TXT/PDF/?uri=CELEX:32023R1114,high,mlx-community/Qwen3.8-27B-8bit,2026-09-11,active,,
MICA-REG-2023-1114,Markets in Crypto-Assets Regulation (MiCA) — Regulation EU 2023/1114,Compliance Frameworks,Regulation,governance,2,keys,"Ensure necessary procedures are in place to return crypto-assets held on behalf of clients, or the means of access, as soon as possible to those clients.","Crypto-asset service providers providing custody and administration of crypto-assets on behalf of clients shall ensure that necessary procedures are in place to return crypto-assets held on behalf of their clients, or the means of access, as soon as possible to those clients.","Article 75, paragraph 6",https://eur-lex.europa.eu/legal-content/EN/TXT/PDF/?uri=CELEX:32023R1114,high,mlx-community/Qwen3.8-27B-8bit,2026-09-11,active,,
MICA-REG-2023-1114,Markets in Crypto-Assets Regulation (MiCA) — Regulation EU 2023/1114,Compliance Frameworks,Regulation,governance,2,keys,"Lay down, maintain, and implement clear and transparent operating rules for the trading platform.","Crypto-asset service providers operating a trading platform for crypto-assets shall lay down, maintain and implement clear and transparent operating rules for the trading platform.","Article 76, paragraph 1",https://eur-lex.europa.eu/legal-content/EN/TXT/PDF/?uri=CELEX:32023R1114,high,mlx-community/Qwen3.8-27B-8bit,2026-09-11,active,,
MICA-REG-2023-1114,Markets in Crypto-Assets Regulation (MiCA) — Regulation EU 2023/1114,Compliance Frameworks,Regulation,inventory,2,keys,"Keep a register of positions opened in the name of each client, corresponding to each client’s rights to the crypto-assets, and record movements as soon as possible.","Crypto-asset service providers providing custody and administration of crypto-assets on behalf of clients shall keep a register of positions, opened in the name of each client, corresponding to each client’s rights to the crypto-assets. Where relevant, crypto-asset service providers shall record as soon as possible in that register any movements following instructions from their clients.","Article 75, paragraph 2",https://eur-lex.europa.eu/legal-content/EN/TXT/PDF/?uri=CELEX:32023R1114,high,mlx-community/Qwen3.8-27B-8bit,2026-09-11,active,,
MICA-REG-2023-1114,Markets in Crypto-Assets Regulation (MiCA) — Regulation EU 2023/1114,Compliance Frameworks,Regulation,inventory,2,keys,Segregate holdings of crypto-assets on behalf of clients from own holdings and ensure means of access to client crypto-assets are clearly identified as such.,Crypto-asset service providers providing custody and administration of crypto-assets on behalf of clients shall segregate holdings of crypto-assets on behalf of their clients from their own holdings and ensure that the means of access to crypto-assets of their clients is clearly identified as such.,"Article 75, paragraph 7",https://eur-lex.europa.eu/legal-content/EN/TXT/PDF/?uri=CELEX:32023R1114,high,mlx-community/Qwen3.8-27B-8bit,2026-09-11,active,,
MICA-REG-2023-1114,Markets in Crypto-Assets Regulation (MiCA) — Regulation EU 2023/1114,Compliance Frameworks,Regulation,assurance,2,keys,"Provide clients, at least once every three months and upon request, with a statement of position identifying crypto-assets, balance, value, and transfers during the period.","Crypto-asset service providers providing custody and administration of crypto-assets on behalf of clients shall provide their clients, at least once every three months and at the request of the client concerned, with a statement of position of the crypto-assets recorded in the name of those clients. That statement of position shall be made in an electronic format. The statement of position shall…","Article 75, paragraph 5",https://eur-lex.europa.eu/legal-content/EN/TXT/PDF/?uri=CELEX:32023R1114,high,mlx-community/Qwen3.8-27B-8bit,2026-09-11,active,,
CMMC-2.0-MODEL,Cybersecurity Maturity Model Certification (CMMC) Model Overview v2.13,Compliance Frameworks,Standard,governance,2,all,"Inform managers, systems administrators, and users of organizational systems of the security risks associated with their activities and of the applicable policies, standards, and procedures related to the security of those systems.","Inform managers, systems administrators, and users of organizational systems of the security risks associated with their activities and of the applicable policies, standards, and procedures related to the security of those systems.","Section 2.4.1, AWARENESS AND TRAINING (AT), Level 2, AT.L2-3.2.1",https://dodcio.defense.gov/CMMC/Documentation/,high,mlx-community/Qwen3.8-27B-8bit,2026-09-11,active,,
CMMC-2.0-MODEL,Cybersecurity Maturity Model Certification (CMMC) Model Overview v2.13,Compliance Frameworks,Standard,governance,2,all,Train personnel to carry out their assigned information security-related duties and responsibilities.,Train personnel to carry out their assigned information security-related duties and responsibilities.,"Section 2.4.1, AWARENESS AND TRAINING (AT), Level 2, AT.L2-3.2.2",https://dodcio.defense.gov/CMMC/Documentation/,high,mlx-community/Qwen3.8-27B-8bit,2026-09-11,active,,
CMMC-2.0-MODEL,Cybersecurity Maturity Model Certification (CMMC) Model Overview v2.13,Compliance Frameworks,Standard,governance,3,all,"Provide awareness training upon initial hire, following a significant cyber event, and at least annually, focused on recognizing and responding to threats from social engineering, advanced persistent threat actors, breaches, and suspicious…","Provide awareness training upon initial hire, following a significant cyber event, and at least annually, focused on recognizing and responding to threats from social engineering, advanced persistent threat actors, breaches, and suspicious behaviors; update the training at least annually or when there are significant changes to the threat.","Section 2.4.1, AWARENESS AND TRAINING (AT), Level 3, AT.L3-3.2.1e",https://dodcio.defense.gov/CMMC/Documentation/,high,mlx-community/Qwen3.8-27B-8bit,2026-09-11,active,,
CMMC-2.0-MODEL,Cybersecurity Maturity Model Certification (CMMC) Model Overview v2.13,Compliance Frameworks,Standard,governance,3,all,"Include practical exercises in awareness training for all users, tailored by roles, to include general users, users with specialized roles, and privileged users, that are aligned with current threat scenarios and provide feedback to indivi…","Include practical exercises in awareness training for all users, tailored by roles, to include general users, users with specialized roles, and privileged users, that are aligned with current threat scenarios and provide feedback to individuals involved in the training and their supervisors.","Section 2.4.1, AWARENESS AND TRAINING (AT), Level 3, AT.L3-3.2.2e",https://dodcio.defense.gov/CMMC/Documentation/,high,mlx-community/Qwen3.8-27B-8bit,2026-09-11,active,,
CMMC-2.0-MODEL,Cybersecurity Maturity Model Certification (CMMC) Model Overview v2.13,Compliance Frameworks,Standard,assurance,2,all,"Create and retain system audit logs and records to the extent needed to enable the monitoring, analysis, investigation, and reporting of unlawful or unauthorized system activity.","Create and retain system audit logs and records to the extent needed to enable the monitoring, analysis, investigation, and reporting of unlawful or unauthorized system activity.","Section 2.4.1, AUDIT AND ACCOUNTABILITY (AU), Level 2, AU.L2-3.3.1",https://dodcio.defense.gov/CMMC/Documentation/,high,mlx-community/Qwen3.8-27B-8bit,2026-09-11,active,,
CMMC-2.0-MODEL,Cybersecurity Maturity Model Certification (CMMC) Model Overview v2.13,Compliance Frameworks,Standard,assurance,2,all,"Uniquely trace the actions of individual system users, so they can be held accountable for their actions.","Uniquely trace the actions of individual system users, so they can be held accountable for their actions.","Section 2.4.1, AUDIT AND ACCOUNTABILITY (AU), Level 2, AU.L2-3.3.2",https://dodcio.defense.gov/CMMC/Documentation/,high,mlx-community/Qwen3.8-27B-8bit,2026-09-11,active,,
CMMC-2.0-MODEL,Cybersecurity Maturity Model Certification (CMMC) Model Overview v2.13,Compliance Frameworks,Standard,assurance,2,all,Review and update logged events.,Review and update logged events.,"Section 2.4.1, AUDIT AND ACCOUNTABILITY (AU), Level 2, AU.L2-3.3.3",https://dodcio.defense.gov/CMMC/Documentation/,high,mlx-community/Qwen3.8-27B-8bit,2026-09-11,active,,
CMMC-2.0-MODEL,Cybersecurity Maturity Model Certification (CMMC) Model Overview v2.13,Compliance Frameworks,Standard,assurance,2,all,Alert in the event of an audit logging process failure.,Alert in the event of an audit logging process failure.,"Section 2.4.1, AUDIT AND ACCOUNTABILITY (AU), Level 2, AU.L2-3.3.4",https://dodcio.defense.gov/CMMC/Documentation/,high,mlx-community/Qwen3.8-27B-8bit,2026-09-11,active,,
CMMC-2.0-MODEL,Cybersecurity Maturity Model Certification (CMMC) Model Overview v2.13,Compliance Frameworks,Standard,assurance,2,all,"Correlate audit record review, analysis, and reporting processes for investigation and response to indications of unlawful, unauthorized, suspicious, or unusual activity.","Correlate audit record review, analysis, and reporting processes for investigation and response to indications of unlawful, unauthorized, suspicious, or unusual activity.","Section 2.4.1, AUDIT AND ACCOUNTABILITY (AU), Level 2, AU.L2-3.3.5",https://dodcio.defense.gov/CMMC/Documentation/,high,mlx-community/Qwen3.8-27B-8bit,2026-09-11,active,,
CMMC-2.0-MODEL,Cybersecurity Maturity Model Certification (CMMC) Model Overview v2.13,Compliance Frameworks,Standard,assurance,2,all,Provide audit record reduction and report generation to support on-demand analysis and reporting.,Provide audit record reduction and report generation to support on-demand analysis and reporting.,"Section 2.4.1, AUDIT AND ACCOUNTABILITY (AU), Level 2, AU.L2-3.3.6",https://dodcio.defense.gov/CMMC/Documentation/,high,mlx-community/Qwen3.8-27B-8bit,2026-09-11,active,,
CMMC-2.0-MODEL,Cybersecurity Maturity Model Certification (CMMC) Model Overview v2.13,Compliance Frameworks,Standard,assurance,2,all,Provide a system capability that compares and synchronizes internal system clocks with an authoritative source to generate time stamps for audit records.,Provide a system capability that compares and synchronizes internal system clocks with an authoritative source to generate time stamps for audit records.,"Section 2.4.1, AUDIT AND ACCOUNTABILITY (AU), Level 2, AU.L2-3.3.7",https://dodcio.defense.gov/CMMC/Documentation/,high,mlx-community/Qwen3.8-27B-8bit,2026-09-11,active,,
CMMC-2.0-MODEL,Cybersecurity Maturity Model Certification (CMMC) Model Overview v2.13,Compliance Frameworks,Standard,assurance,2,all,"Protect audit information and audit logging tools from unauthorized access, modification, and deletion.","Protect audit information and audit logging tools from unauthorized access, modification, and deletion.","Section 2.4.1, AUDIT AND ACCOUNTABILITY (AU), Level 2, AU.L2-3.3.8",https://dodcio.defense.gov/CMMC/Documentation/,high,mlx-community/Qwen3.8-27B-8bit,2026-09-11,active,,
CMMC-2.0-MODEL,Cybersecurity Maturity Model Certification (CMMC) Model Overview v2.13,Compliance Frameworks,Standard,assurance,2,all,Limit management of audit logging functionality to a subset of privileged users.,Limit management of audit logging functionality to a subset of privileged users.,"Section 2.4.1, AUDIT AND ACCOUNTABILITY (AU), Level 2, AU.L2-3.3.9",https://dodcio.defense.gov/CMMC/Documentation/,high,mlx-community/Qwen3.8-27B-8bit,2026-09-11,active,,
CMMC-2.0-MODEL,Cybersecurity Maturity Model Certification (CMMC) Model Overview v2.13,Compliance Frameworks,Standard,inventory,2,all,"Establish and maintain baseline configurations and inventories of organizational systems (including hardware, software, firmware, and documentation) throughout the respective system development life cycles.","Establish and maintain baseline configurations and inventories of organizational systems (including hardware, software, firmware, and documentation) throughout the respective system development life cycles.","Section 2.4.1, CONFIGURATION MANAGEMENT (CM), Level 2, CM.L2-3.4.1",https://dodcio.defense.gov/CMMC/Documentation/,high,mlx-community/Qwen3.8-27B-8bit,2026-09-11,active,,
CMMC-2.0-MODEL,Cybersecurity Maturity Model Certification (CMMC) Model Overview v2.13,Compliance Frameworks,Standard,inventory,3,all,Establish and maintain an authoritative source and repository to provide a trusted source and accountability for approved and implemented system components.,Establish and maintain an authoritative source and repository to provide a trusted source and accountability for approved and implemented system components.,"Section 2.4.1, CONFIGURATION MANAGEMENT (CM), Level 3, CM.L3-3.4.1e",https://dodcio.defense.gov/CMMC/Documentation/,high,mlx-community/Qwen3.8-27B-8bit,2026-09-11,active,,
CMMC-2.0-MODEL,Cybersecurity Maturity Model Certification (CMMC) Model Overview v2.13,Compliance Frameworks,Standard,inventory,3,all,"Employ automated discovery and management tools to maintain an up-to-date, complete, accurate, and readily available inventory of system components.","Employ automated discovery and management tools to maintain an up-to-date, complete, accurate, and readily available inventory of system components.","Section 2.4.1, CONFIGURATION MANAGEMENT (CM), Level 3, CM.L3-3.4.3e",https://dodcio.defense.gov/CMMC/Documentation/,high,mlx-community/Qwen3.8-27B-8bit,2026-09-11,active,,
CMMC-2.0-MODEL,Cybersecurity Maturity Model Certification (CMMC) Model Overview v2.13,Compliance Frameworks,Standard,lifecycle,2,all,"Track, review, approve or disapprove, and log changes to organizational systems.","Track, review, approve or disapprove, and log changes to organizational systems.","Section 2.4.1, CONFIGURATION MANAGEMENT (CM), Level 2, CM.L2-3.4.3",https://dodcio.defense.gov/CMMC/Documentation/,high,mlx-community/Qwen3.8-27B-8bit,2026-09-11,active,,
CMMC-2.0-MODEL,Cybersecurity Maturity Model Certification (CMMC) Model Overview v2.13,Compliance Frameworks,Standard,lifecycle,2,all,Analyze the security impact of changes prior to implementation.,Analyze the security impact of changes prior to implementation.,"Section 2.4.1, CONFIGURATION MANAGEMENT (CM), Level 2, CM.L2-3.4.4",https://dodcio.defense.gov/CMMC/Documentation/,high,mlx-community/Qwen3.8-27B-8bit,2026-09-11,active,,
CMMC-2.0-MODEL,Cybersecurity Maturity Model Certification (CMMC) Model Overview v2.13,Compliance Frameworks,Standard,lifecycle,2,all,"Define, document, approve, and enforce physical and logical access restrictions associated with changes to organizational systems.","Define, document, approve, and enforce physical and logical access restrictions associated with changes to organizational systems.","Section 2.4.1, CONFIGURATION MANAGEMENT (CM), Level 2, CM.L2-3.4.5",https://dodcio.defense.gov/CMMC/Documentation/,high,mlx-community/Qwen3.8-27B-8bit,2026-09-11,active,,
CMMC-2.0-MODEL,Cybersecurity Maturity Model Certification (CMMC) Model Overview v2.13,Compliance Frameworks,Standard,lifecycle,3,all,"Employ automated mechanisms to detect misconfigured or unauthorized system components; after detection, remove the components or place the components in a quarantine or remediation network to facilitate patching, re-configuration, or other…","Employ automated mechanisms to detect misconfigured or unauthorized system components; after detection, remove the components or place the components in a quarantine or remediation network to facilitate patching, re-configuration, or other mitigations.","Section 2.4.1, CONFIGURATION MANAGEMENT (CM), Level 3, CM.L3-3.4.2e",https://dodcio.defense.gov/CMMC/Documentation/,high,mlx-community/Qwen3.8-27B-8bit,2026-09-11,active,,
HQC Specification,Hamming Quasi-Cyclic (HQC) Algorithm Specification,Technical Standards,KEM,assurance,3,keys,Verify the integrity of received decapsulation keys by checking the seedKEM component to ensure the keypair is valid and unaltered.,We have updated HQC keypair format by adding seedKEM in the decapsulation key dkKEM so that the keypair can be easily checked if it is received from a third party,"Changelog, 2025/08/22",https://pqc-hqc.org/doc/hqc_specifications_2025_08_22.pdf,high,mlx-community/Qwen3.8-27B-8bit,2026-09-11,active,,
RFC 9629,Using Key Encapsulation Mechanism (KEM) Algorithms in CMS,Technical Standards,Protocols,governance,2,certificates,Ensure recipient X.509 certificates used for KEM operations assert the keyEncipherment bit in the key usage extension to validate key purpose.,"Therefore, a recipient X.509 version 3 certificate that contains a key usage extension MUST assert the keyEncipherment bit.",Section 3,https://www.rfc-editor.org/rfc/rfc9629.html,high,mlx-community/Qwen3.8-27B-8bit,2026-09-11,active,,
RFC 9629,Using Key Encapsulation Mechanism (KEM) Algorithms in CMS,Technical Standards,Protocols,lifecycle,2,keys,"Recipients must generate KEM key pairs in advance and make the public key available to originators, typically via a certificate, to support store-and-forward encryption.","In advance, each recipient uses the KEM KeyGen() function to create a key pair. The recipient will often obtain a certificate [ RFC5280 ] that includes the newly generated public key. Whether the public key is certified or not, the newly generated public key is made available to potential originators.",Section 2,https://www.rfc-editor.org/rfc/rfc9629.html,high,mlx-community/Qwen3.8-27B-8bit,2026-09-11,active,,
RFC 9629,Using Key Encapsulation Mechanism (KEM) Algorithms in CMS,Technical Standards,Protocols,assurance,2,software,Implementations must verify that the kekLength value in KEMRecipientInfo is consistent with the key-encryption algorithm identified in the wrap field.,Implementations MUST confirm that the value provided is consistent with the key-encryption algorithm identified in the wrap field below.,Section 3,https://www.rfc-editor.org/rfc/rfc9629.html,high,mlx-community/Qwen3.8-27B-8bit,2026-09-11,active,,
RFC 9629,Using Key Encapsulation Mechanism (KEM) Algorithms in CMS,Technical Standards,Protocols,assurance,2,software,"Implementations must ensure that all KDF inputs (IKM, L, info) influence the output of the key derivation function to prevent weak key derivation.",All of these inputs MUST influence the output of the KDF.,Section 5,https://www.rfc-editor.org/rfc/rfc9629.html,high,mlx-community/Qwen3.8-27B-8bit,2026-09-11,active,,
RFC 9708,Use of the HSS/LMS Hash-Based Signature Algorithm in CMS,Technical Standards,Protocols,lifecycle,3,keys,Track which leaf nodes in the HSS/LMS tree have been used to prevent one-time key reuse; ensure integrity of this tracking data during storage and virtual machine operations.,"Along with the private key, the implementation MUST keep track of which leaf nodes in the tree have been used. Loss of integrity of this tracking data can cause a one-time key to be used more than once.",Section 6. Security Considerations,https://www.rfc-editor.org/rfc/rfc9708.html,high,mlx-community/Qwen3.8-27B-8bit,2026-09-11,active,,
RFC 9708,Use of the HSS/LMS Hash-Based Signature Algorithm in CMS,Technical Standards,Protocols,lifecycle,3,keys,Ensure that each LM-OTS private key is used to generate a signature only one time and cannot be used for any other purpose.,An implementation MUST ensure that an LM-OTS private key is used to generate a signature only one time and ensure that it cannot be used for any other purpose.,Section 6. Security Considerations,https://www.rfc-editor.org/rfc/rfc9708.html,high,mlx-community/Qwen3.8-27B-8bit,2026-09-11,active,,
RFC 9708,Use of the HSS/LMS Hash-Based Signature Algorithm in CMS,Technical Standards,Protocols,lifecycle,2,keys,Generate each LMS key pair independently of all other key pairs in the HSS tree to maintain cryptographic isolation.,"When generating an LMS key pair, an implementation MUST generate each key pair independently of all other key pairs in the HSS tree.",Section 6. Security Considerations,https://www.rfc-editor.org/rfc/rfc9708.html,high,mlx-community/Qwen3.8-27B-8bit,2026-09-11,active,,
RFC 9708,Use of the HSS/LMS Hash-Based Signature Algorithm in CMS,Technical Standards,Protocols,assurance,2,keys,"Use adequate pseudorandom number generators (PRNGs) for private key and signature generation, adhering to RFC 4086 guidance to prevent key reproduction attacks.","The use of inadequate pseudorandom number generators (PRNGs) to generate these values can result in little or no security... The generation of quality random numbers is difficult, and [ RFC4086 ] offers important guidance in this area.",Section 6. Security Considerations,https://www.rfc-editor.org/rfc/rfc9708.html,high,mlx-community/Qwen3.8-27B-8bit,2026-09-11,active,,
RFC 9708,Use of the HSS/LMS Hash-Based Signature Algorithm in CMS,Technical Standards,Protocols,governance,2,certificates,"Configure X.509 certificate key usage extensions for HSS/LMS public keys to include only permitted values (digitalSignature, nonRepudiation, keyCertSign, cRLSign) and exclude others.","When this AlgorithmIdentifier appears in the SubjectPublicKeyInfo field of a certification authority (CA) X.509 certificate [ RFC5280 ] , the certificate key usage extension MUST contain at least one of the following values: digitalSignature, nonRepudiation, keyCertSign, and cRLSign. However, it MUST NOT contain other values.",Section 4. HSS/LMS Public Key Identifier,https://www.rfc-editor.org/rfc/rfc9708.html,high,mlx-community/Qwen3.8-27B-8bit,2026-09-11,active,,
RFC 9810,Certificate Management Protocol (CMP),Technical Standards,PKI Certificate Management,lifecycle,3,keys,Implement mechanisms to regularly update any key pair without affecting other key pairs to ensure independent rotation capabilities.,It must be possible to regularly update any key pair without affecting any other key pair.,Section 3.1.2,https://www.rfc-editor.org/rfc/rfc9810.html,high,mlx-community/Qwen3.8-27B-8bit,2026-09-11,active,,
RFC 9810,Certificate Management Protocol (CMP),Technical Standards,PKI Certificate Management,lifecycle,3,certificates,Support the production of Certificate Revocation Lists (CRLs) by allowing certified end entities to make requests for the revocation of certificates.,PKI management protocols must support the production of Certificate Revocation Lists (CRLs) by allowing certified end entities to make requests for the revocation of certificates.,Section 3.1.2,https://www.rfc-editor.org/rfc/rfc9810.html,high,mlx-community/Qwen3.8-27B-8bit,2026-09-11,active,,
RFC 9810,Certificate Management Protocol (CMP),Technical Standards,PKI Certificate Management,lifecycle,3,certificates,Produce empty versions of each CRL before issuing any certificates to ensure periodic revocation data availability for newly established CAs.,"Before issuing any certificates, a newly established CA (which issues CRLs) must produce ""empty"" versions of each CRL, which are to be periodically produced.",Section 6.4,https://www.rfc-editor.org/rfc/rfc9810.html,high,mlx-community/Qwen3.8-27B-8bit,2026-09-11,active,,
RFC 9810,Certificate Management Protocol (CMP),Technical Standards,PKI Certificate Management,governance,2,keys,Ensure the entropy of shared secret information protecting centrally generated key pairs is not less than the security strength of that key pair.,"If the entropy of shared secret information protecting the delivery of a centrally generated key pair is known, it should not be less than the security strength of that key pair",Section 8.7,https://www.rfc-editor.org/rfc/rfc9810.html,high,mlx-community/Qwen3.8-27B-8bit,2026-09-11,active,,
RFC 9810,Certificate Management Protocol (CMP),Technical Standards,PKI Certificate Management,governance,2,keys,"Limit shared secret information with low security strength, such as human-generated passwords, to a single PKI management operation.",It is RECOMMENDED that such secret information be limited to a single PKI management operation.,Section 8.7,https://www.rfc-editor.org/rfc/rfc9810.html,high,mlx-community/Qwen3.8-27B-8bit,2026-09-11,active,,
RFC 9810,Certificate Management Protocol (CMP),Technical Standards,PKI Certificate Management,governance,2,keys,"Avoid reusing the CA certificate signing key for other purposes, such as protecting CMP responses or TLS connections, to minimize exposure.","A CA should not reuse its certificate signing key for other purposes, such as protecting CMP responses and TLS connections. This way, exposure to other parts of the system and the number of uses of this particularly critical key are reduced to a minimum.",Section 8.6,https://www.rfc-editor.org/rfc/rfc9810.html,high,mlx-community/Qwen3.8-27B-8bit,2026-09-11,active,,
RFC 9810,Certificate Management Protocol (CMP),Technical Standards,PKI Certificate Management,assurance,3,keys,Generate nonces and private keys from cryptographically secure random input to prevent security failures caused by inadequate PRNGs.,Implementations must generate nonces and private keys from random input. The use of inadequate pseudorandom number generators (PRNGs) to generate cryptographic keys can result in little or no security.,Section 8.7,https://www.rfc-editor.org/rfc/rfc9810.html,high,mlx-community/Qwen3.8-27B-8bit,2026-09-11,active,,
RFC 9810,Certificate Management Protocol (CMP),Technical Standards,PKI Certificate Management,assurance,3,keys,Verify that key pair parameters received from the CA are acceptable and that the response message is authenticated to prevent substitution attacks.,End entities MUST ensure that the parameters are acceptable to it and that the GenRep message is authenticated (to avoid substitution attacks).,Section 5.3.19.8,https://www.rfc-editor.org/rfc/rfc9810.html,high,mlx-community/Qwen3.8-27B-8bit,2026-09-11,active,,
RFC 9810,Certificate Management Protocol (CMP),Technical Standards,PKI Certificate Management,governance,2,certificates,Exercise special care and strict authorization controls when approving certificate requests containing Extended Key Usage (EKU) extensions due to the sensitive nature of authorization delegation.,"When a CA issues a certificate containing EKU extensions as defined in Section 4.5, this expresses delegation of an authorization that originally is only with the CA certificate itself. Such delegation is a very sensitive action in a PKI, and therefore, special care must be taken when approving such certifica",Section 8.10,https://www.rfc-editor.org/rfc/rfc9810.html,high,mlx-community/Qwen3.8-27B-8bit,2026-09-11,active,,
PQCC-Inventory-Workbook-2025,Post-Quantum Cryptography Coalition (PQCC) PQC Inventory Workbook,Compliance Frameworks,International Frameworks,inventory,2,all,"Create a centralized inventory to track cryptographic migration efforts at the system or asset level, identifying and defining systems to track.",A critical step in this process is creating a centralized inventory to track cryptographic migration efforts at the system or asset level... 1. Identify and define systems or assets to track.,Overview,https://pqcc.org/pqc-inventory-workbook/,high,mlx-community/Qwen3.8-27B-8bit,2026-09-11,active,,
PQCC-Inventory-Workbook-2025,Post-Quantum Cryptography Coalition (PQCC) PQC Inventory Workbook,Compliance Frameworks,International Frameworks,inventory,2,all,"Categorize assets by priority (high, medium, or low) to support PQC planning and resource allocation.","2. Categorize assets by priority (e.g., high, medium, or low).",Overview,https://pqcc.org/pqc-inventory-workbook/,high,mlx-community/Qwen3.8-27B-8bit,2026-09-11,active,,
PQCC-Inventory-Workbook-2025,Post-Quantum Cryptography Coalition (PQCC) PQC Inventory Workbook,Compliance Frameworks,International Frameworks,inventory,2,all,"Populate the inventory with available information, including asset type, POC details, and PQC status.",3. Populate the inventory tab with available information.,Overview,https://pqcc.org/pqc-inventory-workbook/,high,mlx-community/Qwen3.8-27B-8bit,2026-09-11,active,,
PQCC-Inventory-Workbook-2025,Post-Quantum Cryptography Coalition (PQCC) PQC Inventory Workbook,Compliance Frameworks,International Frameworks,inventory,2,all,Update the inventory as new data or systems are identified to maintain currency.,4. Update the inventory as new data or systems are identified.,Overview,https://pqcc.org/pqc-inventory-workbook/,high,mlx-community/Qwen3.8-27B-8bit,2026-09-11,active,,
PQCC-Inventory-Workbook-2025,Post-Quantum Cryptography Coalition (PQCC) PQC Inventory Workbook,Compliance Frameworks,International Frameworks,inventory,2,all,"Record the current post-quantum status of each asset, distinguishing between 'Needs Attention', 'Unknown', and 'Resolved' states.",Asset PQC Needs Current post-quantum status of the asset. Use the dropdown to choose one of the following: 1. Needs Attention... 2. Unknown / May Need Attenton... 3. Resolved / Doesn't Need Attention,Baseline Inventory,https://pqcc.org/pqc-inventory-workbook/,high,mlx-community/Qwen3.8-27B-8bit,2026-09-11,active,,
PQCC-Inventory-Workbook-2025,Post-Quantum Cryptography Coalition (PQCC) PQC Inventory Workbook,Compliance Frameworks,International Frameworks,governance,2,all,Assign a Point of Contact (POC) responsible for the cybersecurity risk associated with the organization's use of each system.,POC Name Name of the person responsible for the cybersecurity risk associated with the organization's use of the system.,Baseline Inventory,https://pqcc.org/pqc-inventory-workbook/,high,mlx-community/Qwen3.8-27B-8bit,2026-09-11,active,,
PQCC-Inventory-Workbook-2025,Post-Quantum Cryptography Coalition (PQCC) PQC Inventory Workbook,Compliance Frameworks,International Frameworks,governance,2,all,Document the organization or sub-team responsible for each asset to track migration progress across subdivisions.,POC Org/Sub-Org(s) The organization or sub-team responsible for this asset. Helps organizations understand how PQC migration progress varies across subdivisions.,Baseline Inventory,https://pqcc.org/pqc-inventory-workbook/,high,mlx-community/Qwen3.8-27B-8bit,2026-09-11,active,,
PQCC-Inventory-Workbook-2025,Post-Quantum Cryptography Coalition (PQCC) PQC Inventory Workbook,Compliance Frameworks,International Frameworks,governance,2,all,Identify external vendor organizations and their Points of Contact to support vendor engagement during PQC migration.,"External Vendor Org The external vendor organization that manufactures, supplies, or supports the system... Supports vendor engagement during the PQC migration progress",Baseline Inventory,https://pqcc.org/pqc-inventory-workbook/,high,mlx-community/Qwen3.8-27B-8bit,2026-09-11,active,,
PQCC-Inventory-Workbook-2025,Post-Quantum Cryptography Coalition (PQCC) PQC Inventory Workbook,Compliance Frameworks,International Frameworks,lifecycle,2,all,"Define the planned disposition for each asset (refresh, replacement, decommission, or none) to synchronize PQC migration with lifecycle decisions.",Planned Disposition Lifecycle planned for the asset... Allows organizations to efficiently address PQC migration by synchronizing PQC migration-related changes with existing/planned lifecycle decisions.,Baseline Inventory,https://pqcc.org/pqc-inventory-workbook/,high,mlx-community/Qwen3.8-27B-8bit,2026-09-11,active,,
PQCC-Inventory-Workbook-2025,Post-Quantum Cryptography Coalition (PQCC) PQC Inventory Workbook,Compliance Frameworks,International Frameworks,lifecycle,2,all,Record the estimated or planned date for the asset's disposition action to track upcoming changes.,"Disposition Date Estimated or planned year/month for the action specified in ""Planned Disposition"", if known... Helps keep track of when asset changes are upcoming.",Baseline Inventory,https://pqcc.org/pqc-inventory-workbook/,high,mlx-community/Qwen3.8-27B-8bit,2026-09-11,active,,
PQCC-Inventory-Workbook-2025,Post-Quantum Cryptography Coalition (PQCC) PQC Inventory Workbook,Compliance Frameworks,International Frameworks,observability,2,all,Track the currency of inventory data by recording the most recent date each row was reviewed or modified.,Last Updated (Date) Most recent date this row was reviewed or modified. Tracks currency of inventory data and periodic reviews.,Baseline Inventory,https://pqcc.org/pqc-inventory-workbook/,high,mlx-community/Qwen3.8-27B-8bit,2026-09-11,active,,
UK-DSIT-CNI-PQC-Perspectives-2025,UK DSIT — Perspectives on the Plan for PQC Transition from CNI Sectors,Compliance Frameworks,Government & Policy,inventory,2,all,Identify cryptographic services that require upgrades and develop a migration plan by 2028.,"By 2028 – define migration goal, identify cryptographic services that require upgrades and develop a migration plan.","Table 1.2, Section 1.7.1",https://assets.publishing.service.gov.uk/media/692820edb3b9afff34e960f6/Regulator_and_industry_perspectives_on_the_current_plan_for_PQC_transition.pdf,high,mlx-community/Qwen3.8-27B-8bit,2026-09-11,active,,
UK-DSIT-CNI-PQC-Perspectives-2025,UK DSIT — Perspectives on the Plan for PQC Transition from CNI Sectors,Compliance Frameworks,Government & Policy,inventory,2,all,Survey the existing cryptographic situation to establish a baseline for migration planning.,Preparation: survey the existing situation and develop a migration plan,"Table 1.3, Section 1.7.2 (Germany/BSI)",https://assets.publishing.service.gov.uk/media/692820edb3b9afff34e960f6/Regulator_and_industry_perspectives_on_the_current_plan_for_PQC_transition.pdf,medium,mlx-community/Qwen3.8-27B-8bit,2026-09-11,active,,
UK-DSIT-CNI-PQC-Perspectives-2025,UK DSIT — Perspectives on the Plan for PQC Transition from CNI Sectors,Compliance Frameworks,Government & Policy,governance,2,all,Develop a prioritised migration plan within one year of adopting the first set of NIST standards for PQC.,requiring the Office of Management and Budget (OMB) to release guidance directing agencies to develop a prioritised migration plan within one year of adopting the first set of NIST standards for PQC.,"Table 1.3, Section 1.7.2 (US)",https://assets.publishing.service.gov.uk/media/692820edb3b9afff34e960f6/Regulator_and_industry_perspectives_on_the_current_plan_for_PQC_transition.pdf,high,mlx-community/Qwen3.8-27B-8bit,2026-09-11,active,,
UK-DSIT-CNI-PQC-Perspectives-2025,UK DSIT — Perspectives on the Plan for PQC Transition from CNI Sectors,Compliance Frameworks,Government & Policy,governance,2,all,Formulate a comprehensive strategy for adopting PQC to ensure a coordinated and synchronised transition.,"urged member states to formulate a comprehensive strategy for adopting PQC, ensuring a coordinated and synchronised transition.","Table 1.3, Section 1.7.2 (European Union)",https://assets.publishing.service.gov.uk/media/692820edb3b9afff34e960f6/Regulator_and_industry_perspectives_on_the_current_plan_for_PQC_transition.pdf,high,mlx-community/Qwen3.8-27B-8bit,2026-09-11,active,,
UK-DSIT-CNI-PQC-Perspectives-2025,UK DSIT — Perspectives on the Plan for PQC Transition from CNI Sectors,Compliance Frameworks,Government & Policy,governance,2,all,Develop a gradual transition strategy towards quantum-resistant cryptography for applicable cryptographic products.,advises all industries to develop a gradual transition strategy towards quantum-resistant cryptography for applicable cryptographic products.,"Table 1.3, Section 1.7.2 (France/ANSSI)",https://assets.publishing.service.gov.uk/media/692820edb3b9afff34e960f6/Regulator_and_industry_perspectives_on_the_current_plan_for_PQC_transition.pdf,medium,mlx-community/Qwen3.8-27B-8bit,2026-09-11,active,,
UK-DSIT-CNI-PQC-Perspectives-2025,UK DSIT — Perspectives on the Plan for PQC Transition from CNI Sectors,Compliance Frameworks,Government & Policy,lifecycle,3,all,Execute highest-priority PQC migration activities and refine plans as PQC evolves by 2031.,By 2031 – execute highest-priority PQC migration activities and refine plans as PQC evolves.,"Table 1.2, Section 1.7.1",https://assets.publishing.service.gov.uk/media/692820edb3b9afff34e960f6/Regulator_and_industry_perspectives_on_the_current_plan_for_PQC_transition.pdf,high,mlx-community/Qwen3.8-27B-8bit,2026-09-11,active,,
UK-DSIT-CNI-PQC-Perspectives-2025,UK DSIT — Perspectives on the Plan for PQC Transition from CNI Sectors,Compliance Frameworks,Government & Policy,lifecycle,3,all,"Complete migration to PQC for all systems, services and products by 2035.","By 2035 – complete migration to PQC for all systems, services and products.","Table 1.2, Section 1.7.1",https://assets.publishing.service.gov.uk/media/692820edb3b9afff34e960f6/Regulator_and_industry_perspectives_on_the_current_plan_for_PQC_transition.pdf,high,mlx-community/Qwen3.8-27B-8bit,2026-09-11,active,,
UK-DSIT-CNI-PQC-Perspectives-2025,UK DSIT — Perspectives on the Plan for PQC Transition from CNI Sectors,Compliance Frameworks,Government & Policy,lifecycle,3,software,"Begin transitioning software and firmware signing immediately, support and prefer CNSA 2.0 by 2025, and exclusively use CNSA 2.0 by 2030.","Software and firmware signing: begin transitioning immediately, support and prefer CNSA 2.0 by 2025, and exclusively use CNSA 2.0 by 2030","Table 1.3, Section 1.7.2 (US/NSA)",https://assets.publishing.service.gov.uk/media/692820edb3b9afff34e960f6/Regulator_and_industry_perspectives_on_the_current_plan_for_PQC_transition.pdf,high,mlx-community/Qwen3.8-27B-8bit,2026-09-11,active,,
UK-DSIT-CNI-PQC-Perspectives-2025,UK DSIT — Perspectives on the Plan for PQC Transition from CNI Sectors,Compliance Frameworks,Government & Policy,lifecycle,3,software,"Support and prefer CNSA 2.0 for web browsers, servers, and cloud services by 2025, and exclusively use CNSA 2.0 by 2033.",Web browsers/servers and cloud services: support and prefer CNSA 2.0 by 2025 and exclusively use CNSA 2.0 by 2033,"Table 1.3, Section 1.7.2 (US/NSA)",https://assets.publishing.service.gov.uk/media/692820edb3b9afff34e960f6/Regulator_and_industry_perspectives_on_the_current_plan_for_PQC_transition.pdf,high,mlx-community/Qwen3.8-27B-8bit,2026-09-11,active,,
UK-DSIT-CNI-PQC-Perspectives-2025,UK DSIT — Perspectives on the Plan for PQC Transition from CNI Sectors,Compliance Frameworks,Government & Policy,lifecycle,3,software,"Support and prefer CNSA 2.0 for traditional networking equipment by 2026, and exclusively use CNSA 2.0 by 2030.","Traditional networking equipment (e.g. VPNs, routers): support and prefer CNSA 2.0 by 2026 and exclusively use CNSA 2.0 by 2030","Table 1.3, Section 1.7.2 (US/NSA)",https://assets.publishing.service.gov.uk/media/692820edb3b9afff34e960f6/Regulator_and_industry_perspectives_on_the_current_plan_for_PQC_transition.pdf,high,mlx-community/Qwen3.8-27B-8bit,2026-09-11,active,,
UK-DSIT-CNI-PQC-Perspectives-2025,UK DSIT — Perspectives on the Plan for PQC Transition from CNI Sectors,Compliance Frameworks,Government & Policy,lifecycle,3,software,"Support and prefer CNSA 2.0 for operating systems by 2027, and exclusively use CNSA 2.0 by 2033.",Operating systems: support and prefer CNSA 2.0 by 2027 and exclusively use CNSA 2.0 by 2033,"Table 1.3, Section 1.7.2 (US/NSA)",https://assets.publishing.service.gov.uk/media/692820edb3b9afff34e960f6/Regulator_and_industry_perspectives_on_the_current_plan_for_PQC_transition.pdf,high,mlx-community/Qwen3.8-27B-8bit,2026-09-11,active,,
UK-DSIT-CNI-PQC-Perspectives-2025,UK DSIT — Perspectives on the Plan for PQC Transition from CNI Sectors,Compliance Frameworks,Government & Policy,lifecycle,3,software,"Support and prefer CNSA 2.0 for niche equipment by 2030, and exclusively use CNSA 2.0 by 2033.","Niche equipment (e.g. constrained devices, large public-key infrastructure systems): support and prefer CNSA 2.0 by 2030 and exclusively use CNSA 2.0 by 2033","Table 1.3, Section 1.7.2 (US/NSA)",https://assets.publishing.service.gov.uk/media/692820edb3b9afff34e960f6/Regulator_and_industry_perspectives_on_the_current_plan_for_PQC_transition.pdf,high,mlx-community/Qwen3.8-27B-8bit,2026-09-11,active,,
UK-DSIT-CNI-PQC-Perspectives-2025,UK DSIT — Perspectives on the Plan for PQC Transition from CNI Sectors,Compliance Frameworks,Government & Policy,lifecycle,3,software,Update or replace custom applications and legacy equipment by 2033.,Custom applications and legacy equipment: update or replace by 2033,"Table 1.3, Section 1.7.2 (US/NSA)",https://assets.publishing.service.gov.uk/media/692820edb3b9afff34e960f6/Regulator_and_industry_perspectives_on_the_current_plan_for_PQC_transition.pdf,high,mlx-community/Qwen3.8-27B-8bit,2026-09-11,active,,
UK-DSIT-CNI-PQC-Perspectives-2025,UK DSIT — Perspectives on the Plan for PQC Transition from CNI Sectors,Compliance Frameworks,Government & Policy,lifecycle,3,all,Make cryptographic mechanisms adaptable to new advancements and standards and able to replace outdated algorithms.,Cryptographic agility: make cryptographic mechanisms adaptable to new advancements and standards and able to replace outdated algorithms,"Table 1.3, Section 1.7.2 (Germany/BSI)",https://assets.publishing.service.gov.uk/media/692820edb3b9afff34e960f6/Regulator_and_industry_perspectives_on_the_current_plan_for_PQC_transition.pdf,medium,mlx-community/Qwen3.8-27B-8bit,2026-09-11,active,,
UK-DSIT-CNI-PQC-Perspectives-2025,UK DSIT — Perspectives on the Plan for PQC Transition from CNI Sectors,Compliance Frameworks,Government & Policy,lifecycle,3,all,Use PQC in hybrid mode in combination with classical algorithms rather than in isolation.,"Hybrid solutions: PQC should be used in hybrid mode (in combination with classical algorithms), rather than in isolation","Table 1.3, Section 1.7.2 (Germany/BSI)",https://assets.publishing.service.gov.uk/media/692820edb3b9afff34e960f6/Regulator_and_industry_perspectives_on_the_current_plan_for_PQC_transition.pdf,medium,mlx-community/Qwen3.8-27B-8bit,2026-09-11,active,,
UK-DSIT-CNI-PQC-Perspectives-2025,UK DSIT — Perspectives on the Plan for PQC Transition from CNI Sectors,Compliance Frameworks,Government & Policy,lifecycle,3,all,Use hybrid post-quantum mitigation for security products needing long-term protection or use beyond 2030.,They also advice companies on using hybrid post-quantum mitigation for security products needing long-term protection or use beyond 2030,"Table 1.3, Section 1.7.2 (France/ANSSI)",https://assets.publishing.service.gov.uk/media/692820edb3b9afff34e960f6/Regulator_and_industry_perspectives_on_the_current_plan_for_PQC_transition.pdf,medium,mlx-community/Qwen3.8-27B-8bit,2026-09-11,active,,
CISA-Bad-Practices-PQC-2025,CISA/FBI Product Security Bad Practices (Updated — PQC Recommendation),Compliance Frameworks,Government & Policy,governance,2,software,Publish a memory safety roadmap by end of 2025 outlining prioritized approach to eliminating memory safety vulnerabilities in priority code components.,"For existing products, software manufacturers should publish a memory safety roadmap by the end of 2025, outlining their prioritized approach to eliminating memory safety vulnerabilities in priority code components written in memory unsafe languages.","Product Properties, Item 1",https://www.cisa.gov/resources-tools/resources/product-security-bad-practices,medium,mlx-community/Qwen3.8-27B-8bit,2026-09-11,active,,
CISA-Bad-Practices-PQC-2025,CISA/FBI Product Security Bad Practices (Updated — PQC Recommendation),Compliance Frameworks,Government & Policy,governance,2,software,"Establish a process for managing open source software incorporation, including security scanning, maintenance evaluation, and dependency monitoring.","Having an established process for managing the incorporation of open source software, including taking reasonable steps to: Run security scanning tools on each open source software component when selected... Routinely monitor for Common Vulnerabilities and Exposures (CVEs)...","Product Properties, Item 6",https://www.cisa.gov/resources-tools/resources/product-security-bad-practices,medium,mlx-community/Qwen3.8-27B-8bit,2026-09-11,active,,
CISA-Bad-Practices-PQC-2025,CISA/FBI Product Security Bad Practices (Updated — PQC Recommendation),Compliance Frameworks,Government & Policy,governance,2,software,Integrate scanning for the presence of secrets or credentials in code into development processes to prevent hardcoded credentials.,"Additionally, software manufacturers should integrate scanning for presence of secrets or credentials in their code into their development processes.","Product Properties, Item 8",https://www.cisa.gov/resources-tools/resources/product-security-bad-practices,medium,mlx-community/Qwen3.8-27B-8bit,2026-09-11,active,,
CISA-Bad-Practices-PQC-2025,CISA/FBI Product Security Bad Practices (Updated — PQC Recommendation),Compliance Frameworks,Government & Policy,inventory,3,software,"Maintain a software bill of materials (SBOM) in an industry-standard, machine-readable format describing all first- and third-party dependencies and provide it to customers.","Maintaining a software bill of materials (SBOM) in an industry-standard, machine-readable format describing all first- and third-party software dependencies, both open source and proprietary, and providing this to customers.","Product Properties, Item 6",https://www.cisa.gov/resources-tools/resources/product-security-bad-practices,medium,mlx-community/Qwen3.8-27B-8bit,2026-09-11,active,,
CISA-Bad-Practices-PQC-2025,CISA/FBI Product Security Bad Practices (Updated — PQC Recommendation),Compliance Frameworks,Government & Policy,lifecycle,3,software,Issue a patch at no cost to users within 30 days of a patch becoming available for a component containing a Known Exploited Vulnerability (KEV).,the manufacturer should issue a patch at no cost to its users in a timely manner (no longer than 30 days from the date of which a patch for the component containing the KEV is made available) and clearly warn users of the associated risks of not installing the patch.,"Product Properties, Item 5",https://www.cisa.gov/resources-tools/resources/product-security-bad-practices,medium,mlx-community/Qwen3.8-27B-8bit,2026-09-11,active,,
CISA-Bad-Practices-PQC-2025,CISA/FBI Product Security Bad Practices (Updated — PQC Recommendation),Compliance Frameworks,Government & Policy,lifecycle,2,software,Include the cost of updating to new major versions of third-party open source dependencies in business planning to ensure security fixes for the product life.,Including the cost of updating to new major versions of third-party open source software dependencies in business planning activities and ensuring that such dependencies continue to receive necessary security fixes for the expected product life.,"Product Properties, Item 6",https://www.cisa.gov/resources-tools/resources/product-security-bad-practices,medium,mlx-community/Qwen3.8-27B-8bit,2026-09-11,active,,
CISA-Bad-Practices-PQC-2025,CISA/FBI Product Security Bad Practices (Updated — PQC Recommendation),Compliance Frameworks,Government & Policy,lifecycle,2,libraries,"Begin supporting standardized post-quantum cryptographic algorithms consistent with NIST guidance and avoid known insecure algorithms like TLS 1.0/1.1, MD5, SHA-1, and DES.","Additionally, software manufacturers should begin supporting standardized post-quantum cryptographic algorithms consistent with NIST guidance . All websites should use modern TLS encryption.","Product Properties, Item 7",https://www.cisa.gov/resources-tools/resources/product-security-bad-practices,medium,mlx-community/Qwen3.8-27B-8bit,2026-09-11,active,,
CISA-Bad-Practices-PQC-2025,CISA/FBI Product Security Bad Practices (Updated — PQC Recommendation),Compliance Frameworks,Government & Policy,observability,3,software,"Routinely monitor for Common Vulnerabilities and Exposures (CVEs) or other security-relevant alerts, such as end-of-life, in all open source software dependencies.","Routinely monitor for Common Vulnerabilities and Exposures (CVEs) or other security-relevant alerts, such as end-of-life, in all open source software dependencies and update them as necessary.","Product Properties, Item 6",https://www.cisa.gov/resources-tools/resources/product-security-bad-practices,medium,mlx-community/Qwen3.8-27B-8bit,2026-09-11,active,,
CISA-Bad-Practices-PQC-2025,CISA/FBI Product Security Bad Practices (Updated — PQC Recommendation),Compliance Frameworks,Government & Policy,observability,2,software,"Provide customers with current and historical artifacts and capabilities sufficient to gather evidence of intrusion, including configuration changes, identity flows, and data access.",It is dangerous... for products used in service of critical infrastructure or NCFs to not provide customers with current and historical artifacts and capabilities in the product baseline version sufficient to gather evidence of intrusion types...,"Security Features, Item 10",https://www.cisa.gov/resources-tools/resources/product-security-bad-practices,medium,mlx-community/Qwen3.8-27B-8bit,2026-09-11,active,,
Cloudflare-MTC-Blog,Keeping the Internet fast and secure: introducing Merkle Tree Certificates,Technical Standards,Migration Guidance,lifecycle,2,certificates,Deploy Merkle Tree Certificates on an experimental basis in collaboration with industry partners to validate the transition to post-quantum authentication.,"Today we're announcing our intent to deploy MTCs on an experimental basis in collaboration with Chrome Security. In this post, we'll describe the scope of this experiment, what we hope to learn from it, and how we'll make sure it's done safely.",Introduction,https://blog.cloudflare.com/bootstrap-mtc/,high,mlx-community/Qwen3.8-27B-8bit,2026-09-11,active,,
Cloudflare-MTC-Blog,Keeping the Internet fast and secure: introducing Merkle Tree Certificates,Technical Standards,Migration Guidance,lifecycle,2,certificates,"Initiate migration to post-quantum cryptography immediately rather than waiting for Q-day, as migrations take longer than expected and delay risks security.","We could sit and wait until Q-day is a year away, but that’s playing with fire. Migrations always take longer than expected, and by waiting we risk the security and privacy of the Internet, which is dear to us.",Introduction,https://blog.cloudflare.com/bootstrap-mtc/,medium,mlx-community/Qwen3.8-27B-8bit,2026-09-11,active,,
Cloudflare-MTC-Blog,Keeping the Internet fast and secure: introducing Merkle Tree Certificates,Technical Standards,Migration Guidance,governance,2,certificates,Ensure certificate transparency by requiring certificates to be logged in at least two trusted logs before they are accepted by major browsers.,"Major browsers, including Firefox and Chrome and its derivatives, require certificates to be logged before they can be trusted. For example, Chrome, Safari, and Firefox will only accept the server's certificate if it appears in at least two logs the browser is configured to trust.",Trust but verify,https://blog.cloudflare.com/bootstrap-mtc/,high,mlx-community/Qwen3.8-27B-8bit,2026-09-11,active,,
Cloudflare-MTC-Blog,Keeping the Internet fast and secure: introducing Merkle Tree Certificates,Technical Standards,Migration Guidance,observability,2,certificates,Audit public certificate transparency logs to detect and prove unauthorized certificate issuance for the organization's domains.,"Servers can audit these logs for certificates issued in their name. If ever a certificate is issued that they didn't request itself, the server operator can prove the issuance happened, and the PKI ecosystem can take action to prevent the certificate from being trusted by clients.",Trust but verify,https://blog.cloudflare.com/bootstrap-mtc/,medium,mlx-community/Qwen3.8-27B-8bit,2026-09-11,active,,
Cloudflare-PQ-Internet-2025,State of the Post-Quantum Internet in 2025,Technical Standards,Migration Guidance,lifecycle,2,keys,"Prioritize the migration of key agreement mechanisms to post-quantum algorithms immediately to mitigate harvest-now/decrypt-later attacks, as this is more urgent than signature migration.","This makes it urgent to upgrade key agreement today. Luckily post-quantum key agreement is relatively straight-forward to deploy, and as we saw before, half the requests with Cloudflare end 2025 are already secured with post-quantum key agreement!",First migration: key agreement,https://blog.cloudflare.com/pq-2025/,high,mlx-community/Qwen3.8-27B-8bit,2026-09-11,active,,
Cloudflare-PQ-Internet-2025,State of the Post-Quantum Internet in 2025,Technical Standards,Migration Guidance,lifecycle,2,certificates,"Plan for the migration of signature schemes and certificates to post-quantum standards, acknowledging that this process is more difficult and requires more time than key agreement migration.","Unfortunately, we will see that migration to post-quantum signatures is much more difficult , and will require more time.",Second migration: signatures / certificates,https://blog.cloudflare.com/pq-2025/,medium,mlx-community/Qwen3.8-27B-8bit,2026-09-11,active,,
Cloudflare-PQ-Internet-2025,State of the Post-Quantum Internet in 2025,Technical Standards,Migration Guidance,governance,2,all,"Align post-quantum migration deadlines with regulatory timelines, specifically targeting the 2030-2035 window established by NSA, US federal, Australian, UK, and EU regulators.","In 2022, the National Security Agency (NSA) released their CNSA 2.0 guidelines , which has deadlines between 2030 and 2033 for migrating to post-quantum cryptography. Also in 2022, the US federal government set 2035 as the target to have the United States fully migrated... In 2024 Australia set 2030 as their aggressive deadline to migrate. Early 2025, the UK NCSC matched the common 2035 as the de…",What action do regulators take?,https://blog.cloudflare.com/pq-2025/,medium,mlx-community/Qwen3.8-27B-8bit,2026-09-11,active,,
Cloudflare-PQ-Internet-2025,State of the Post-Quantum Internet in 2025,Technical Standards,Migration Guidance,governance,2,all,"Prioritize upgrading quantum-vulnerable public key cryptography (RSA/ECC) over increasing symmetric key lengths, as resources are limited and public key migration is the critical path to security.","But more importantly, organizations only have limited resources. We wouldn’t want an organization to prioritize upgrading AES-128 at the cost of leaving the definitely quantum-vulnerable RSA around.",Already post-quantum secure: symmetric cryptography,https://blog.cloudflare.com/pq-2025/,medium,mlx-community/Qwen3.8-27B-8bit,2026-09-11,active,,
RFC-9901-SD-JWT-VC,RFC 9901 — Selective Disclosure for JWTs (SD-JWT),Technical Standards,Migration Guidance,lifecycle,2,keys,"Publish issuer signature verification keys in a manner that enables efficient and secure key rotation and revocation, such as via JWKS.","it is RECOMMENDED that Issuers publish their keys in a way that allows for efficient and secure key rotation and revocation, for example, by publishing keys at a predefined location using the JSON Web Key Set (JWKS) format [ RFC7517 ] .",Section 9.8,https://www.rfc-editor.org/rfc/rfc9901,medium,mlx-community/Qwen3.8-27B-8bit,2026-09-11,active,,
RFC-9901-SD-JWT-VC,RFC 9901 — Selective Disclosure for JWTs (SD-JWT),Technical Standards,Migration Guidance,lifecycle,2,keys,"Ensure secure key pair generation, handling, storage, and lifecycle management, including rotation, revocation, and disposal, following NIST SP 800-57 Part 1.","implementers should follow established best practices, such as those outlined in NIST SP 800-57 Part 1 [ NIST .SP .800 -57pt1r5 ] . This includes: ... Lifecycle Management: Ensuring secure key rotation, revocation, and disposal as needed.",Section 9.12,https://www.rfc-editor.org/rfc/rfc9901,medium,mlx-community/Qwen3.8-27B-8bit,2026-09-11,active,,
RFC-9901-SD-JWT-VC,RFC 9901 — Selective Disclosure for JWTs (SD-JWT),Technical Standards,Migration Guidance,governance,2,software,"Select JWS signature algorithms, including post-quantum algorithms when ready, based on application-specific security decisions.","Per the last paragraph of Section 5.2 of [ RFC7515 ] , it is an application -specific decision to choose the appropriate JWS algorithm from [ JWS.Algs ] , including post-quantum algorithms, when they are ready.",Section 9.1,https://www.rfc-editor.org/rfc/rfc9901,medium,mlx-community/Qwen3.8-27B-8bit,2026-09-11,active,,
RFC-9901-SD-JWT-VC,RFC 9901 — Selective Disclosure for JWTs (SD-JWT),Technical Standards,Migration Guidance,governance,2,software,"Select hash algorithms for SD-JWT digests that are preimage resistant, second-preimage resistant, and collision resistant, matching the signature scheme's strength.",The hash function MUST be preimage resistant... The hash function MUST be second-preimage resistant... The collision resistance of the hash function used to generate digests SHOULD match the collision resistance of the hash function used by the signature scheme.,Section 9.4,https://www.rfc-editor.org/rfc/rfc9901,high,mlx-community/Qwen3.8-27B-8bit,2026-09-11,active,,
